"logFC","AveExpr","t","P.Value","adj.P.Val","B","ProbeID"
912.8845,554.933444444444,22.8275481280695,1.84445742517124e-08,0.000538839792189526,-3.43396168890453,"10740869"
-208.67485,335.199222222222,-20.3837031788736,4.42751547397758e-08,0.000646727185283906,-3.43969729932078,"10830561"
282.55341,248.099633333333,19.2410587211025,6.90840436078701e-08,0.000672740416653439,-3.44313429105716,"10750848"
298.40425,401.920111111111,18.4515261021799,9.53790551759196e-08,0.000695501814008593,-3.44587809849013,"10794829"
494.22414,285.288533333333,17.9031695003906,1.20272758855498e-07,0.000695501814008593,-3.4479931207535,"10719616"
551.559,1123.25333333333,17.1831796026378,1.64809837047449e-07,0.000695501814008593,-3.45107107977716,"10813007"
142.81542,102.2151,16.0212388698492,2.81672250120962e-07,0.000695501814008593,-3.45690061331146,"10711575"
1084.2403,744.466777777778,15.8084452048169,3.11960479695587e-07,0.000695501814008593,-3.45810313268225,"10821698"
480.94553,283.060288888889,15.6891016447234,3.30539786691673e-07,0.000695501814008593,-3.45879804271028,"10896814"
-270.6163,726.557888888889,-15.6222150970801,3.4149451782037e-07,0.000695501814008593,-3.45919415233855,"10873260"
161.31065,256.678222222222,15.5903976899441,3.46848353527163e-07,0.000695501814008593,-3.45938428324845,"10868017"
-401.73925,1196.32122222222,-15.5898777403544,3.46936623936071e-07,0.000695501814008593,-3.45938739950444,"10736288"
245.6683,248.333111111111,15.5296770604895,3.57329484944552e-07,0.000695501814008593,-3.4597502200203,"10893918"
723.84395,685.892222222222,15.4882726874755,3.64680420699469e-07,0.000695501814008593,-3.46000209603198,"10877907"
456.7537,620.304444444444,15.2024430762812,4.20318019103443e-07,0.000695501814008593,-3.46179453406806,"10889716"
320.9111,499.940555555556,14.8947635595896,4.91121517796092e-07,0.000695501814008593,-3.46383433694811,"10821959"
370.28048,209.361122222222,14.8424987045741,5.04433677254094e-07,0.000695501814008593,-3.46419282062137,"10749372"
618.9522,1336.84266666667,14.7823137580753,5.20267797948824e-07,0.000695501814008593,-3.46461009320061,"10913940"
-169.46405,264.711444444444,-14.7519013815573,5.28480826739234e-07,0.000695501814008593,-3.46482278718142,"10842193"
148.16475,276.021,14.7059551408474,5.41166541927197e-07,0.000695501814008593,-3.4651464894793,"10920422"
-93.0407,126.815777777778,-14.7031011869286,5.41965727593349e-07,0.000695501814008593,-3.46516669096928,"10760749"
346.5371,461.319888888889,14.6396209419581,5.60089204909892e-07,0.000695501814008593,-3.4656189214442,"10821924"
579.28595,640.992222222222,14.5952569163803,5.73159133786755e-07,0.000695501814008593,-3.46593828395237,"10858967"
120.5495,280.293555555556,14.5327457380724,5.92160736849879e-07,0.000695501814008593,-3.46639297869732,"10870845"
-200.0385,361.181,-14.4855462314863,6.06977173792895e-07,0.000695501814008593,-3.46673998758613,"10809581"
-297.2835,954.884,-14.4482314459437,6.18985663182838e-07,0.000695501814008593,-3.46701659904768,"10712955"
280.11425,302.632222222222,14.372914754465,6.44045406428159e-07,0.000696857129755268,-3.46758111858372,"10835652"
400.49595,690.413,13.8801070377295,8.39108897518469e-07,0.000875490261860877,-3.47149069901394,"10900592"
60.925805,68.1946555555556,13.6112906294526,9.72982582427791e-07,0.000980162522863638,-3.47379320778627,"10737824"
-143.8958,160.827111111111,-13.4391987729755,1.07122693510553e-06,0.000984430071220811,-3.47533562478983,"10854463"
92.17757,129.297488888889,13.399030914687,1.09573052235171e-06,0.000984430071220811,-3.47570366356239,"10901536"
156.27057,176.455766666667,13.383160705894,1.10558470349271e-06,0.000984430071220811,-3.47584992913871,"10736795"
112.510008,60.15949,13.3327070440738,1.13757947068233e-06,0.000984430071220811,-3.47631817491268,"10823057"
-142.4521,258.645555555556,-13.3201471789021,1.14570488195754e-06,0.000984430071220811,-3.47643551280456,"10789670"
-105.3084,300.616666666667,-13.1717793341852,1.2467852338631e-06,0.00103223223487229,-3.47784540009697,"10787935"
188.75415,394.244333333333,13.1012029644447,1.29835189788826e-06,0.00103223223487229,-3.47853179308202,"10829780"
-423.92655,703.539,-13.044279098009,1.34169012577085e-06,0.00103223223487229,-3.47909298774069,"10867882"
-365.31605,880.656111111111,-13.0430132064892,1.34267217516078e-06,0.00103223223487229,-3.47910554562492,"10757862"
-121.9477,390.915222222222,-12.9161168392465,1.44533525704232e-06,0.00108266728715986,-3.48038187116597,"10812532"
161.95765,373.343777777778,12.8606948627176,1.49291402169896e-06,0.00109034975574784,-3.48095036158718,"10818998"
-185.6571,453.491333333333,-12.8117933021111,1.53635802995241e-06,0.0010947113045617,-3.48145767327602,"10754077"
72.97726,92.1065777777778,12.7617680372364,1.58227364849218e-06,0.00110058434207263,-3.48198225741661,"10852177"
-140.4691,349.034888888889,-12.499279117454,1.84991042668455e-06,0.00124684883218733,-3.48483116752342,"10881771"
419.31235,461.631444444444,12.434767154675,1.92322673936401e-06,0.00124684883218733,-3.48555703525574,"10927699"
245.87235,382.777,12.4309179203353,1.92770326255853e-06,0.00124684883218733,-3.48560067637941,"10909446"
58.43517,74.0702666666667,12.3688199950704,2.0015603412589e-06,0.00124684883218733,-3.48630993210421,"10719486"
114.45164,81.0797555555556,12.3652084495226,2.00595245816405e-06,0.00124684883218733,-3.48635148579457,"10880293"
120.61324,128.952644444444,12.3223608925911,2.05889405683604e-06,0.00125309439534184,-3.48684705950532,"10749886"
491.5604,860.070888888889,12.2645633069823,2.13280769517721e-06,0.0012604183260902,-3.48752315739943,"10801541"
363.96625,446.708777777778,12.2288762882035,2.17992958752963e-06,0.0012604183260902,-3.48794503750535,"10908089"
787.7056,1423.63577777778,12.2136711290019,2.20036060212912e-06,0.0012604183260902,-3.48812582514739,"10747506"
266.9179,430.784777777778,12.0559291771917,2.42547561295476e-06,0.0013626508568627,-3.4900386915057,"10854357"
-254.4145,679.467888888889,-11.9591143184281,2.57638242298146e-06,0.00140307484412922,-3.49124736291553,"10773521"
609.2735,645.876222222222,11.9485454775664,2.59348400023885e-06,0.00140307484412922,-3.49138094587883,"10853797"
139.78205,154.501555555556,11.865044739929,2.73316230999017e-06,0.00142703620752209,-3.49244789225629,"10801531"
-128.73965,392.829777777778,-11.8309546059191,2.79259618234789e-06,0.00142703620752209,-3.49288945827978,"10834043"
345.26428,162.434261111111,11.8133621292826,2.82383330135142e-06,0.00142703620752209,-3.49311870512357,"10713045"
219.00645,255.42,11.8081485499892,2.83316560677351e-06,0.00142703620752209,-3.49318682368444,"10922826"
161.7665,527.085222222222,11.7162862692768,3.00340413765898e-06,0.00148714319453507,-3.4944007650394,"10936753"
1085.1174,696.957,11.6323022373001,3.16912785963063e-06,0.00154304835485415,-3.49553371604281,"10840791"
656.4108,775.162333333333,11.5614982021625,3.31683143897971e-06,0.00154949956901774,-3.49650646161927,"10901413"
-117.63285,340.080333333333,-11.5603747245339,3.31923648520183e-06,0.00154949956901774,-3.49652202839396,"10886280"
368.99715,755.775333333333,11.5334860728606,3.37738468991242e-06,0.00154949956901774,-3.49689583549773,"10853171"
461.3825,912.993888888889,11.5256540535341,3.39453592172026e-06,0.00154949956901774,-3.49700516627204,"10936365"
266.6755,555.577444444444,11.3576272883611,3.78706685322757e-06,0.00170208263154139,-3.49940063631546,"10776459"
-138.53175,275.141333333333,-11.3244293481958,3.87049839237881e-06,0.00170819397380275,-3.49988545206865,"10912412"
-246.109,599.342222222222,-11.3060364842635,3.91760786762457e-06,0.00170819397380275,-3.50015573310789,"10888917"
148.7331,242.187,11.1801806010587,4.25774426321667e-06,0.00180346638180183,-3.50203782967257,"10715787"
497.1125,947.773888888889,11.1795345673857,4.25957350394765e-06,0.00180346638180183,-3.50204763997399,"10754983"
204.6886,331.522111111111,10.9976733768454,4.81133919123594e-06,0.00197940615234032,-3.50487191332267,"10710166"
981.3089,672.145888888889,10.9750193147439,4.88551275321785e-06,0.00197940615234032,-3.50523266248856,"10752839"
-189.07235,467.937444444444,-10.9590618380068,4.93852926454003e-06,0.00197940615234032,-3.50548798991363,"10792196"
55.534505,56.5581222222222,10.9567856566822,4.94614394197451e-06,0.00197940615234032,-3.50552449222374,"10718283"
165.3822,297.387,10.9364545727656,5.01474538661015e-06,0.00197974015843823,-3.50585144975816,"10842475"
91.6157,169.693888888889,10.8463958319823,5.33171500065788e-06,0.00207680962705626,-3.5073197797451,"10882523"
-355.0394,791.621111111111,-10.7845171758549,5.56249958621618e-06,0.00213819556462789,-3.50834796087077,"10911510"
388.5871,863.585777777778,10.7335065573339,5.76117942484579e-06,0.00217449174043429,-3.50920764276919,"10802601"
-59.075775,96.9191,-10.7223235374239,5.80579022913241e-06,0.00217449174043429,-3.50939758955492,"10932343"
-162.10395,452.272,-10.6447429328951,6.12613537005275e-06,0.00226542935064204,-3.51073019023602,"10743235"
142.43556,132.515633333333,10.5969177596458,6.33345417076835e-06,0.0022806367896787,-3.51156482969565,"10823605"
132.99439,176.545477777778,10.5825560858831,6.39723586742112e-06,0.0022806367896787,-3.51181745590214,"10732657"
203.2431,403.379666666667,10.5727262873481,6.44130550355775e-06,0.0022806367896787,-3.51199089854044,"10800491"
681.3565,1162.66611111111,10.5445195983506,6.56966215851111e-06,0.0022806367896787,-3.51249101454496,"10774100"
186.56391,194.707133333333,10.5344269726669,6.61628295422408e-06,0.0022806367896787,-3.51267083772068,"10768814"
-280.6065,442.859,-10.5302558858488,6.63565848985723e-06,0.0022806367896787,-3.51274529075108,"10840043"
104.80563,93.1979,10.4907261773118,6.82246891223445e-06,0.00231757682327927,-3.51345484828292,"10745931"
247.0432,360.908777777778,10.4258643870081,7.14188721966156e-06,0.00238784277152886,-3.51463482734396,"10709844"
634.82815,680.118444444444,10.4130425037866,7.20699206603127e-06,0.00238784277152886,-3.51487042704813,"10908521"
133.5544,293.758111111111,10.376292489336,7.39730561347958e-06,0.00238784277152886,-3.51555003873128,"10712349"
356.78305,604.434444444444,10.3706959211919,7.42677851799296e-06,0.00238784277152886,-3.51565410278529,"10872003"
393.6702,697.881333333333,10.3400562636073,7.5904821100234e-06,0.00238784277152886,-3.51622650577727,"10828364"
124.82226,96.3733,10.3295524620871,7.64752892706818e-06,0.00238784277152886,-3.51642378445182,"10887947"
-93.92935,124.755622222222,-10.319440901585,7.70289907749826e-06,0.00238784277152886,-3.51661420512438,"10711163"
1643.557,2493.43777777778,10.3176334002649,7.71284401129598e-06,0.00238784277152886,-3.51664829667727,"10930560"
138.4772,301.186222222222,10.3082066715453,7.7649436330267e-06,0.00238784277152886,-3.51682635544192,"10927728"
-222.30545,454.527777777778,-10.2623603595942,8.0240077673604e-06,0.00241246208082392,-3.51769859030869,"10868509"
530.5044,732.358333333333,10.2582915019427,8.04746303299039e-06,0.00241246208082392,-3.5177765059382,"10923270"
143.9831,226.795888888889,10.2386604460144,8.16171127300499e-06,0.00241246208082392,-3.51815359173704,"10790002"
229.7454,233.482666666667,10.2228747274426,8.25489772717329e-06,0.00241246208082392,-3.51845822065534,"10919226"
-116.6624,204.444444444444,-10.2223699400578,8.25789717540879e-06,0.00241246208082392,-3.51846798269404,"10830285"
-136.00815,340.364333333333,-10.1868883262785,8.47181656453159e-06,0.00245045197144778,-3.51915740331078,"10905078"
-176.8361,345.202777777778,-10.1041703231542,8.99502211975293e-06,0.00252248095214212,-3.520789826611,"10842344"
183.5802,235.73,10.0995846651894,9.02506757978278e-06,0.00252248095214212,-3.52088136920892,"10869253"
260.75405,364.825888888889,10.0677924300304,9.23648600096222e-06,0.00252248095214212,-3.52151909288491,"10824322"
432.37395,595.504,10.0656509417861,9.25092484385984e-06,0.00252248095214212,-3.52156224242115,"10748336"
227.4794,461.295555555556,10.063579717871,9.26491395914589e-06,0.00252248095214212,-3.52160399947255,"10826918"
-159.9621,255.992333333333,-10.0624230712451,9.27273628551228e-06,0.00252248095214212,-3.52162732809912,"10912959"
-87.1876,251.910555555556,-10.0546858443261,9.32525305782669e-06,0.00252248095214212,-3.5217835657553,"10908617"
-113.98255,187.998888888889,-10.0307605702692,9.48976382636919e-06,0.00253444112842723,-3.5222687219927,"10795093"
-115.3151,181.401444444444,-10.0231208257836,9.54297679629614e-06,0.00253444112842723,-3.52242429088274,"10705494"
185.1768,466.098,9.99993350599815,9.70653787019807e-06,0.00255465583189159,-3.52289839628664,"10760816"
91.83417,152.544766666667,9.98227018983233,9.83323807082453e-06,0.00256489479465239,-3.52326152264684,"10911925"
277.661,317.607888888889,9.95370225381413,1.00420924030335e-05,0.00259619192444442,-3.52385246118571,"10872291"
-486.7385,930.899777777778,-9.91975988316847,1.02967145243268e-05,0.00261625429444676,-3.52456046158476,"10791474"
96.7549,108.358777777778,9.91948531588629,1.02988034456554e-05,0.00261625429444676,-3.5245662150225,"10770577"
546.445,1365.64444444444,9.87506524171285,1.06430795026617e-05,0.00268040452233413,-3.52550261960147,"10733980"
513.2047,1162.78377777778,9.82577602309108,1.10402404537928e-05,0.00273734789386073,-3.52655484241106,"10918672"
696.7864,1262.01144444444,9.82224466838993,1.1069325360397e-05,0.00273734789386073,-3.52663076752235,"10927195"
208.3354,213.261111111111,9.81246941218954,1.11502840887734e-05,0.00273734789386073,-3.5268413161537,"10704505"
-175.2606,445.312,-9.79315936459047,1.131216327645e-05,0.00275394614965175,-3.52725887191423,"10836973"
81.19695,90.9998333333333,9.76690995598136,1.15364467431338e-05,0.00276759773822609,-3.52782999270394,"10938091"
-1039.827,4291.08666666667,-9.75703582467755,1.16220979938398e-05,0.00276759773822609,-3.52804588247985,"10900601"
97.80996,74.2131333333333,9.75355686334519,1.1652444779962e-05,0.00276759773822609,-3.52812208497097,"10781630"
50.66744,39.2970222222222,9.72359081648771,1.19175365594805e-05,0.00278132935056013,-3.52878144458255,"10733849"
171.51545,387.636888888889,9.70782193455716,1.20597375136637e-05,0.00278132935056013,-3.52913057942507,"10908106"
102.6455,324.772222222222,9.70632303466795,1.20733527577321e-05,0.00278132935056013,-3.52916384425872,"10760144"
262.64155,565.086777777778,9.70437421364905,1.20910805614136e-05,0.00278132935056013,-3.52920711442814,"10801960"
-185.7259,619.378555555556,-9.63281931120567,1.27625903735392e-05,0.00291286183728573,-3.53081190616246,"10914580"
-638.58325,890.197222222222,-9.58189585686493,1.32658765416828e-05,0.00300425827355598,-3.53197328838714,"10918055"
-184.704,553.625333333333,-9.53152323633419,1.37856425587267e-05,0.00308434101842237,-3.53313822171329,"10841301"
962.463499999999,2321.12555555556,9.52726137623252,1.38306522014558e-05,0.00308434101842237,-3.53323752735708,"10921850"
-83.5534499999999,167.145333333333,-9.5003170786334,1.41190423371837e-05,0.00310287816008316,-3.53386807119924,"10897698"
-487.3335,469.875333333333,-9.49645742104889,1.41609006618364e-05,0.00310287816008316,-3.53395877938369,"10766588"
-259.65125,552.102444444444,-9.48558591574413,1.42795505160809e-05,0.00310287816008316,-3.53421479904761,"10894395"
36.885345,46.5072666666667,9.48021081415466,1.43386236602734e-05,0.00310287816008316,-3.53434166574466,"10809303"
428.0163,914.145666666667,9.46240735428707,1.45362453673194e-05,0.00310681130039975,-3.53476322778133,"10839168"
-180.89745,901.764333333333,-9.45943877689155,1.45694923035109e-05,0.00310681130039975,-3.53483372251946,"10757507"
-322.39225,944.530555555556,-9.44288717900586,1.47564288557474e-05,0.0031238718303754,-3.53522784028184,"10701500"
-193.7211,621.684333333333,-9.42119427638135,1.50055035578357e-05,0.00314931383671846,-3.53574713425805,"10889113"
60.364875,57.0855333333333,9.41373659991405,1.50922139091047e-05,0.00314931383671846,-3.53592638494928,"10736863"
695.7288,1234.969,9.37513120583434,1.55501254487235e-05,0.00322185365148233,-3.53686027758896,"10923470"
-79.0617999999999,266.050222222222,-9.30305242510001,1.644722814419e-05,0.00338372762679132,-3.53863114353487,"10859438"
135.68635,297.633444444444,9.2733801095713,1.68332172496274e-05,0.00339608030459517,-3.53937062575809,"10801481"
208.8765,509.711,9.26150223341142,1.69905571145471e-05,0.00339608030459517,-3.53966837804042,"10918706"
363.1694,245.526722222222,9.25655693300551,1.70565487159087e-05,0.00339608030459517,-3.53979264020792,"10870316"
-135.65445,310.414333333333,-9.25583835386886,1.70661614598555e-05,0.00339608030459517,-3.53981071060866,"10769517"
-149.08365,381.33,-9.24593371499303,1.71992785938539e-05,0.00339608030459517,-3.5400601603223,"10744506"
-88.8198,164.905933333333,-9.24552763896339,1.72047609050484e-05,0.00339608030459517,-3.54007040229591,"10836083"
-257.36295,323.105666666667,-9.23595259784759,1.73345980723902e-05,0.00339874461803226,-3.54031224292771,"10799435"
-83.3248,263.789555555556,-9.21200120277304,1.76641980208632e-05,0.00343728202278101,-3.54092006758918,"10832927"
-50.59765,278.753555555556,-9.19440520606669,1.79108013549085e-05,0.00343728202278101,-3.54136924201938,"10804875"
-126.83125,351.610555555556,-9.18600318782286,1.80299081299752e-05,0.00343728202278101,-3.54158451261126,"10870667"
-92.3561499999999,208.421222222222,-9.18196830732844,1.80874207282465e-05,0.00343728202278101,-3.54168807399115,"10907784"
111.0021,170.711666666667,9.17972788720764,1.81194438114697e-05,0.00343728202278101,-3.54174562902659,"10833643"
-93.1872,230.457666666667,-9.1437434997244,1.86425552389903e-05,0.00351370070162493,-3.54267508358277,"10887555"
-793.2975,1716.64333333333,-9.1266668108634,1.88966870912937e-05,0.00353876805567343,-3.54311950468043,"10709157"
172.63753,110.466011111111,9.10568124846924,1.9214304109845e-05,0.00356632720826034,-3.54366862580843,"10773853"
33.013965,84.4218333333333,9.10086723124882,1.92880022901737e-05,0.00356632720826034,-3.54379505680316,"10827691"
381.24943,252.800011111111,9.08976788917189,1.94591290509582e-05,0.00357533959807983,-3.54408722337929,"10863512"
-79.11085,101.081222222222,-9.05907127033353,1.99412966472332e-05,0.00364103150157669,-3.54490009355813,"10726346"
450.01955,615.988888888889,9.0412774950144,2.02268925541396e-05,0.00367023875202878,-3.54537456988784,"10757599"
-243.6046,415.958888888889,-9.01133883634611,2.07177838382367e-05,0.00371553229810786,-3.54617838360492,"10746213"
156.7901,156.123388888889,8.99728919913727,2.09527245797089e-05,0.00371553229810786,-3.54655799040373,"10739223"
193.9871,282.346888888889,8.99605808976655,2.09734527681153e-05,0.00371553229810786,-3.54659132694705,"10781564"
99.64745,157.519555555556,8.99535855991408,2.098524095255e-05,0.00371553229810786,-3.54661027440424,"10796432"
-94.5101499999999,163.212888888889,-8.97366717372436,2.13544721557857e-05,0.00371938897452186,-3.54719970686146,"10878342"
-244.24495,605.962888888889,-8.97244393952115,2.13755091025897e-05,0.00371938897452186,-3.5472330564653,"10863489"
-180.1355,416.884777777778,-8.97147598519895,2.13921721944554e-05,0.00371938897452186,-3.54725945459975,"10754510"
328.70829,358.569533333333,8.96429271414983,2.15162845448824e-05,0.00371938897452186,-3.54745558803083,"10759989"
174.4129,399.139444444444,8.95541806354728,2.16707320379361e-05,0.0037218047418257,-3.54769846573556,"10879453"
-108.4739,326.281777777778,-8.94889432543278,2.17850554820358e-05,0.0037218047418257,-3.54787740227977,"10938897"
-110.3339,406.389111111111,-8.89988666790281,2.26657248742403e-05,0.00384974701439567,-3.54923246824434,"10750491"
127.57761,130.1608,8.88899488576722,2.28668049234941e-05,0.00386144993661825,-3.54953625131764,"10704819"
-140.6254,280.594222222222,-8.85394211606478,2.35275766462064e-05,0.00395019898932341,-3.55052046391332,"10725750"
-108.50405,259.810777777778,-8.84117330382423,2.37735526413811e-05,0.00395255191443605,-3.55088149027989,"10820067"
-267.83735,484.222777777778,-8.83918133373822,2.38121837797201e-05,0.00395255191443605,-3.55093793267883,"10810635"
-215.43055,304.201888888889,-8.8201693972507,2.41844369675751e-05,0.00397315470141738,-3.55147828929587,"10810539"
43.7805,84.56,8.81896135666516,2.42083089221706e-05,0.00397315470141738,-3.55151272564419,"10939428"
277.6907,282.729888888889,8.80688945439986,2.44483103963649e-05,0.00399012815597433,-3.55185751528756,"10774171"
-475.5955,989.700222222222,-8.79959925540908,2.45945323327555e-05,0.00399169259760622,-3.55206632326503,"10925783"
-93.2901,186.387333333333,-8.77008972719736,2.51964681524162e-05,0.0040379895025069,-3.55291611165902,"10736397"
-107.282075,102.342077777778,-8.7668073447761,2.52644322040828e-05,0.0040379895025069,-3.55301108973411,"10856863"
-185.7739,375.146222222222,-8.7455970285443,2.57085705994934e-05,0.0040379895025069,-3.55362703634178,"10710912"
174.9622,372.315777777778,8.74224801061979,2.5779491439033e-05,0.0040379895025069,-3.55372464294035,"10700806"
282.7221,443.824666666667,8.73627497817956,2.59065225892698e-05,0.0040379895025069,-3.55389896473653,"10766797"
-441.43885,719.194555555556,-8.72527667478577,2.61422598099895e-05,0.0040379895025069,-3.55422075033551,"10851219"
108.7206,189.972666666667,8.7225325920684,2.62014488408753e-05,0.0040379895025069,-3.55430119849562,"10852716"
254.30575,549.730777777778,8.71208692765952,2.64281306222556e-05,0.0040379895025069,-3.55460802902059,"10804560"
-106.6816,295.158555555556,-8.71069428199768,2.64585174656495e-05,0.0040379895025069,-3.55464900791639,"10864243"
356.62055,687.150222222222,8.70279778162924,2.66315541756936e-05,0.0040379895025069,-3.55488168248421,"10813117"
356.62055,687.150222222222,8.70279778162924,2.66315541756936e-05,0.0040379895025069,-3.55488168248421,"10813124"
-373.515,1395.00333333333,-8.69395164465389,2.68269015991261e-05,0.0040379895025069,-3.55514298287082,"10780187"
-149.4757,539.633555555556,-8.68494694541687,2.70273940801682e-05,0.0040379895025069,-3.55540966841316,"10906819"
-124.388,218.915444444444,-8.68441692235008,2.70392472066622e-05,0.0040379895025069,-3.55542538782093,"10719466"
431.7994,714.158444444444,8.68304144915629,2.70700345522556e-05,0.0040379895025069,-3.55546619304255,"10845587"
80.727225,61.8489666666667,8.68209132511227,2.70913241080082e-05,0.0040379895025069,-3.55549438940388,"10914799"
135.1552,355.382777777778,8.62132747593756,2.84924733770334e-05,0.00422527470678504,-3.55731420997549,"10895310"
164.82047,172.016322222222,8.58460205111159,2.93784277173523e-05,0.00432608159988222,-3.55843011174112,"10709951"
211.6353,248.439333333333,8.57914152389182,2.95127614921343e-05,0.00432608159988222,-3.55859707327603,"10727084"
-243.59985,571.959,-8.57278016002337,2.9670121427702e-05,0.00432608159988222,-3.55879192160631,"10896751"
707.435,1826.16555555556,8.56546542093853,2.98522227549039e-05,0.00432608159988222,-3.55901642880375,"10710409"
-169.39285,589.409888888889,-8.56304869527188,2.99126611616419e-05,0.00432608159988222,-3.55909071167558,"10741555"
-80.8765,178.785888888889,-8.54868607222926,3.02746753371602e-05,0.00435686879458029,-3.55953328206332,"10845456"
-72.4345499999999,161.298666666667,-8.52789638785701,3.08073731493002e-05,0.00440044375057682,-3.56017726780905,"10931663"
-48.31035,136.832333333333,-8.52498273852579,3.08828619049548e-05,0.00440044375057682,-3.56026784180716,"10895830"
-119.5642,332.004555555556,-8.51935133843488,3.10293493742324e-05,0.00440044375057682,-3.56044312399076,"10871435"
120.2097,263.764333333333,8.50870901404579,3.13083050789127e-05,0.00441833585989745,-3.56077518334751,"10774369"
-76.12545,160.962666666667,-8.50304177622357,3.14579947579472e-05,0.00441833585989745,-3.560952443532,"10879240"
164.703,220.932333333333,8.46939016155426,3.23634510697585e-05,0.00452376009354988,-3.56201122888299,"10708896"
63.83256,81.0829666666667,8.44173141019982,3.31294463276095e-05,0.00460877926197516,-3.56288951043379,"10894159"
-420.3675,1911.89,-8.43236529868893,3.33934015782342e-05,0.00461187123812264,-3.56318858496573,"10856712"
-423.75575,919.134111111111,-8.42975427509795,3.34674027001437e-05,0.00461187123812264,-3.56327210957603,"10934445"
471.162,398.848333333333,8.41086725248648,3.40081727354389e-05,0.00464726248257182,-3.56387825323727,"10851952"
-88.940975,117.617277777778,-8.4096837071076,3.40423828051746e-05,0.00464726248257182,-3.56391635205934,"10867142"
-100.217,243.475111111111,-8.40161984767482,3.42764904582254e-05,0.00465745763835626,-3.56417629384403,"10703930"
-191.67885,397.884,-8.39202266833485,3.4557455646041e-05,0.00465753918090119,-3.56448648937209,"10768397"
-150.866575,197.963188888889,-8.39071465566619,3.45959472258355e-05,0.00465753918090119,-3.56452883607201,"10886252"
129.6559,179.301444444444,8.37993504593675,3.49149910400454e-05,0.00467486761396211,-3.56487846292299,"10889965"
121.06996,162.265411111111,8.37558373696831,3.50447048489663e-05,0.00467486761396211,-3.56501991709463,"10778080"
415.90465,651.587111111111,8.34780816281111,3.58854735383254e-05,0.004765264654312,-3.565927264593,"10861395"
159.7758,299.948666666667,8.33607321649616,3.62474291769542e-05,0.00479154930305674,-3.56631291428168,"10739915"
42.701665,44.3579777777778,8.32759260017425,3.65115409307461e-05,0.00480472142680548,-3.56659247258103,"10720424"
362.05595,217.433555555556,8.32059964352664,3.67309368372529e-05,0.00481191743840138,-3.5668235337654,"10901166"
-138.78815,262.567777777778,-8.28977311508936,3.77157616849565e-05,0.00491887616903714,-3.56784798529697,"10851210"
-179.86505,535.509777777778,-8.27066009423447,3.83411373079797e-05,0.00496104210356272,-3.56848801517412,"10765671"
-268.056425,214.193611111111,-8.26952298768416,3.83787059425336e-05,0.00496104210356272,-3.5685262107887,"10737949"
48.050275,68.6326777777778,8.26383699724875,3.85671808430683e-05,0.00496344326497532,-3.56871740336405,"10933967"
248.648,627.386222222222,8.24111941144504,3.93305691173207e-05,0.00503456687565095,-3.56948461134074,"10850970"
48.96476,128.375855555556,8.23352736082244,3.9589430723913e-05,0.00503456687565095,-3.56974219774281,"10855599"
-392.8449,410.621666666667,-8.216610630096,4.01730874118102e-05,0.00503456687565095,-3.57031831519209,"10798420"
58.330485,54.1261,8.21569231347998,4.02050442518992e-05,0.00503456687565095,-3.5703496750281,"10757056"
-214.4444,526.154777777778,-8.20279340711816,4.06569247928149e-05,0.00503456687565095,-3.57079109812444,"10850321"
-74.5081,111.831088888889,-8.20111731273411,4.07160569072461e-05,0.00503456687565095,-3.57084858540787,"10823456"
-384.4415,935.407111111111,-8.20034708233437,4.07432625442374e-05,0.00503456687565095,-3.57087501296886,"10742507"
-117.80845,225.064888888889,-8.19630076637497,4.08865173597307e-05,0.00503456687565095,-3.57101394982318,"10851203"
-123.0443,260.825444444444,-8.19314866669735,4.09985025283164e-05,0.00503456687565095,-3.57112230203122,"10865585"
60.89974,133.284811111111,8.1921008117035,4.10358055125409e-05,0.00503456687565095,-3.57115834488854,"10890535"
41.94937,48.6937444444444,8.18808559826966,4.11790951499249e-05,0.00503456687565095,-3.57129656287588,"10781954"
-500.086,1108.43155555556,-8.18723988431217,4.12093469083469e-05,0.00503456687565095,-3.57132569712578,"10771287"
70.4886,206.124666666667,8.18303375053303,4.13601714984675e-05,0.00503456687565095,-3.57147070804953,"10800783"
-70.4693499999999,133.412088888889,-8.17474227873516,4.16592940104569e-05,0.00504993616274477,-3.57175711529751,"10791702"
-61.172875,120.825455555556,-8.16939093642323,4.18536283178636e-05,0.00505252850280193,-3.57194235181765,"10846116"
588.5273,780.948888888889,8.13645707674368,4.3072094009304e-05,0.00517822285756299,-3.57308910421087,"10731493"
50.27639,57.1167222222222,8.11980271187288,4.37032704291852e-05,0.00521322077569759,-3.57367345838913,"10790536"
260.16057,201.6581,8.11936223851706,4.3720103034364e-05,0.00521322077569759,-3.57368895419462,"10749839"
112.3103,181.791888888889,8.11107025573641,4.40383313139254e-05,0.00522982036993909,-3.57398105939975,"10879761"
-192.99925,372.843555555556,-8.10401101288907,4.43112841827547e-05,0.00524093059155869,-3.57423032943351,"10903325"
168.54251,166.777022222222,8.08362524136862,4.51101598182979e-05,0.0053055095573433,-3.57495324052264,"10819998"
-358.52025,1060.42566666667,-8.07954270660404,4.52720668350136e-05,0.0053055095573433,-3.5750985631891,"10787281"
-595.8266,903.444777777778,-8.0762752626598,4.54021150590753e-05,0.0053055095573433,-3.57521500435304,"10875145"
142.3798,320.803111111111,8.06801268374814,4.57328364469402e-05,0.00532286487633829,-3.57550998318725,"10825702"
-170.784125,140.483144444444,-8.05357076041515,4.63173592191148e-05,0.00534341774633551,-3.5760273887825,"10875581"
1549.2428,1899.51955555556,8.05190828466751,4.6385178764742e-05,0.00534341774633551,-3.57608709883119,"10930564"
-251.4418,413.414888888889,-8.04188987230629,4.67962222357431e-05,0.00534341774633551,-3.57644757761893,"10775647"
-97.2256,242.446222222222,-8.03965998607329,4.68882628494279e-05,0.00534341774633551,-3.57652796548445,"10757140"
-833.911999999999,2286.96444444444,-8.03730681394012,4.69856109384778e-05,0.00534341774633551,-3.57661285833415,"10835449"
-376.5611,866.076111111111,-8.03422479401256,4.71134513322157e-05,0.00534341774633551,-3.57672413910702,"10731668"
912.7704,1266.79033333333,8.03228605441239,4.71940676181991e-05,0.00534341774633551,-3.57679419480972,"10897760"
65.03806,79.1812444444444,8.02800394417864,4.73726705107448e-05,0.00534341774633551,-3.57694907733737,"10757119"
59.996245,53.3123777777778,8.02218384727316,4.76166296354446e-05,0.00534861705662096,-3.57715991975464,"10887359"
-749.00275,1349.27188888889,-8.01616306847142,4.78704742046146e-05,0.00534861705662096,-3.57737843489429,"10775484"
143.81499,136.700533333333,8.0138589477553,4.7968017691336e-05,0.00534861705662096,-3.577462168051,"10812214"
161.44225,416.855111111111,7.99378368300318,4.88273209674677e-05,0.0054237313868578,-3.57819426739771,"10718777"
253.85925,520.072333333333,7.97909266993113,4.94670209729681e-05,0.00543340457452825,-3.57873293059668,"10847957"
530.82325,798.744444444444,7.97901229452989,4.94705463841873e-05,0.00543340457452825,-3.57873588446259,"10761253"
-93.38605,93.9192888888889,-7.97897087699519,4.9472363141799e-05,0.00543340457452825,-3.57873740662199,"10837769"
1283.131,2070.67444444444,7.96506951790545,5.00863576167903e-05,0.00547546673985989,-3.57924941897913,"10788666"
-68.55705,149.085,-7.96083894212678,5.0274894186895e-05,0.00547546673985989,-3.57940568135218,"10763897"
-256.75125,982.508333333333,-7.9576478932715,5.04176269262104e-05,0.00547546673985989,-3.57952368433005,"10869267"
177.61175,301.022555555556,7.9131336844413,5.2456491378302e-05,0.00567579236713228,-3.58118216221941,"10821769"
-139.6811,472.606111111111,-7.9085395179508,5.26720900037073e-05,0.00567809017479079,-3.58135465166487,"10872069"
40.472283,32.6039733333333,7.86030656630089,5.49961473856554e-05,0.00590682885928139,-3.58318071178735,"10832487"
68.24132,91.2281555555556,7.84071201966116,5.59727186570537e-05,0.00598969598112515,-3.58393051756205,"10804177"
-686.000975,554.127877777778,-7.82723902595566,5.66553955907787e-05,0.00601647688322534,-3.58444877701039,"10754371"
122.1915,290.216333333333,7.81977801768686,5.70374293018075e-05,0.00601647688322534,-3.58473672828541,"10804402"
39.84447,59.5217333333333,7.81956345996023,5.70484578592874e-05,0.00601647688322534,-3.5847450190257,"10863373"
240.35875,374.045111111111,7.81840951444027,5.71078129491623e-05,0.00601647688322534,-3.58478961838092,"10743783"
217.7547,717.596666666667,7.80628664049985,5.77355447561905e-05,0.00601647688322534,-3.58525914756037,"10883726"
146.49145,389.281111111111,7.79319275527723,5.84221979383348e-05,0.00601647688322534,-3.58576831631797,"10707386"
-209.87025,1095.06233333333,-7.79130549085742,5.85219148865459e-05,0.00601647688322534,-3.58584187905379,"10817383"
-114.29415,254.246,-7.78929681211555,5.86282551373046e-05,0.00601647688322534,-3.58592022276846,"10851407"
-65.9444999999999,173.202333333333,-7.78847140141952,5.86720150405371e-05,0.00601647688322534,-3.58595243042654,"10879170"
-51.836425,124.335788888889,-7.78844535807829,5.86733963435933e-05,0.00601647688322534,-3.58595344677927,"10935873"
124.98712,175.436711111111,7.78717968441335,5.87405695802644e-05,0.00601647688322534,-3.58600285037609,"10911346"
128.0147,108.496722222222,7.78705155400042,5.87473746295921e-05,0.00601647688322534,-3.58600785285371,"10938209"
284.3747,515.896555555556,7.78353670991339,5.89343917956228e-05,0.00601647688322534,-3.58614515908367,"10837366"
-33.45088,64.3416222222222,-7.78031841341419,5.9106211593266e-05,0.00601647688322534,-3.58627101529182,"10778058"
55.907925,44.7954666666667,7.77153502878868,5.95779867196643e-05,0.00602376474975199,-3.5866151581586,"10929725"
-113.62125,242.074666666667,-7.7670669821775,5.98195825538884e-05,0.00602376474975199,-3.58679059034036,"10812698"
-113.62125,242.074666666667,-7.7670669821775,5.98195825538884e-05,0.00602376474975199,-3.58679059034036,"10939090"
60.13486,88.6712444444444,7.76320692580453,6.00291812967289e-05,0.00602376474975199,-3.5869423514165,"10818894"
89.97291,119.0198,7.75894164816208,6.02617343851419e-05,0.00602376474975199,-3.58711026098244,"10904559"
116.8579,262.519444444444,7.75594641201277,6.04256410383051e-05,0.00602376474975199,-3.58722830961514,"10922553"
56.42529,85.0533666666667,7.75238512846804,6.06211691800879e-05,0.00602376474975199,-3.58736881394519,"10812645"
437.0549,918.364222222222,7.73666938666894,6.14924746096755e-05,0.00604185011951252,-3.58799075883549,"10709799"
-309.1237,468.578888888889,-7.73527124342583,6.15706624534316e-05,0.00604185011951252,-3.58804624091137,"10770543"
62.78741,124.412355555556,7.73251121606285,6.17253354127685e-05,0.00604185011951252,-3.58815583884762,"10845378"
485.11775,423.164888888889,7.73144521718693,6.17851900989979e-05,0.00604185011951252,-3.58819819443463,"10895406"
42.22911,65.2855333333333,7.73051911929144,6.18372419296996e-05,0.00604185011951252,-3.58823500299575,"10908414"
341.2355,553.490222222222,7.72447413628097,6.21782046954908e-05,0.00604306914811987,-3.58847553344422,"10771406"
56.946465,78.2049,7.72296894331195,6.22634289581735e-05,0.00604306914811987,-3.58853549740366,"10731416"
-107.97275,270.982111111111,-7.71053325098505,6.29725341680942e-05,0.00609165434830035,-3.58903201535942,"10909691"
-181.7887,159.650622222222,-7.70467735889539,6.33095560327078e-05,0.00610404412521295,-3.58926650666977,"10869474"
40.692775,51.5399777777778,7.67288018800516,6.51749652688464e-05,0.00626322840580289,-3.59054747848315,"10814365"
98.59198,75.7986777777778,7.65812497153025,6.6061302401028e-05,0.00632046790140542,-3.59114634988247,"10767243"
-410.05855,434.248555555556,-7.65352063259454,6.63406213369009e-05,0.00632046790140542,-3.59133380767175,"10759427"
-830.948,2762.84777777778,-7.65222183001586,6.64196496793135e-05,0.00632046790140542,-3.59138673631388,"10918820"
57.4997500000001,309.685444444444,7.64573142653434,6.68161444774768e-05,0.00633755469079548,-3.59165156343543,"10821587"
227.95895,617.644888888889,7.62229146331564,6.82701590764871e-05,0.00645451270958089,-3.59261259399904,"10784702"
565.05515,838.575222222222,7.61039582983979,6.90215009589273e-05,0.00650449719036807,-3.59310309015419,"10782247"
63.3759,196.302666666667,7.60047932757996,6.96548719632051e-05,0.00654307855155329,-3.5935134190555,"10880122"
476.0611,964.829111111111,7.59171896281771,7.0219781532219e-05,0.00654896654379524,-3.59387700171517,"10812148"
247.30111,253.375744444444,7.59057299671314,7.02940549989291e-05,0.00654896654379524,-3.59392463893829,"10820577"
-369.5158,746.006555555556,-7.58909357991203,7.03900696498838e-05,0.00654896654379524,-3.5939861635881,"10855785"
-93.3413999999999,408.493333333333,-7.58473989533299,7.06734725900323e-05,0.0065537811091732,-3.59416739119129,"10847754"
108.70985,218.553888888889,7.58141911533524,7.08904919045229e-05,0.0065537811091732,-3.59430579415465,"10740853"
-62.25995,236.731111111111,-7.56706371080589,7.18372113654692e-05,0.00662035423605936,-3.59490580730947,"10824943"
-91.4918999999999,199.092333333333,-7.5555182422231,7.26088262916299e-05,0.00665737961673354,-3.59539039758967,"10792762"
79.89975,272.908,7.55424120581635,7.26947387464229e-05,0.00665737961673354,-3.59544410903156,"10918169"
264.8,444.218888888889,7.54703067471807,7.31819526093981e-05,0.00666126354442563,-3.59574779684619,"10937523"
48.11742,85.0086,7.54573711922744,7.32697414600935e-05,0.00666126354442563,-3.59580235289166,"10717801"
-391.884,936.979333333333,-7.54350948539724,7.34211974157956e-05,0.00666126354442563,-3.59589635751778,"10754116"
151.3182,377.715333333333,7.53982797875106,7.36722653994145e-05,0.00666334848723993,-3.59605186332628,"10708834"
-161.7961,422.885222222222,-7.53195147432235,7.42126328512497e-05,0.00668472104417469,-3.59638518826995,"10837832"
63.4563,95.0925,7.52972459709678,7.43662059066466e-05,0.00668472104417469,-3.59647958165354,"10912112"
672.4938,1198.56733333333,7.51633484079972,7.52970935567245e-05,0.00674763586247285,-3.5970485893078,"10772705"
-258.24725,697.027444444444,-7.51020422490692,7.57276272674647e-05,0.00676546453514286,-3.59730994070544,"10779726"
102.86858,158.765788888889,7.49688295160789,7.66726062358806e-05,0.00681963801834415,-3.59787963079501,"10776608"
178.544,497.056888888889,7.49508877134525,7.68008799902522e-05,0.00681963801834415,-3.59795654833168,"10884931"
-115.8505,328.184888888889,-7.48424476529627,7.75812631267476e-05,0.00685071938566557,-3.59842239367973,"10737075"
-57.54045,250.306666666667,-7.48198340075013,7.7745109676314e-05,0.00685071938566557,-3.598519746433,"10822324"
140.97905,203.513555555556,7.48047776434085,7.7854413501779e-05,0.00685071938566557,-3.59858460449931,"10807625"
89.01466,97.5849111111111,7.47633545475617,7.81560130883234e-05,0.00685660590499183,-3.59876320625575,"10900782"
-54.1702,111.741155555556,-7.46964931748157,7.86455720287619e-05,0.0068726671462588,-3.59905199764096,"10888960"
324.8509,934.679777777778,7.46446553924,7.90274749198966e-05,0.0068726671462588,-3.59927633161631,"10885045"
-101.2739,218.976777777778,-7.46385795839469,7.90723718698969e-05,0.0068726671462588,-3.5993026501993,"10795335"
27.632595,43.6635333333333,7.46105180781989,7.92800995512157e-05,0.0068726671462588,-3.5994242718946,"10908814"
49.856695,76.2680111111111,7.4546781166842,7.97541752135792e-05,0.00689330909671451,-3.59970092854676,"10846872"
508.6533,751.008333333333,7.44802807627806,8.02521679815005e-05,0.00691589036994559,-3.59999019422198,"10831077"
-143.93495,473.796111111111,-7.43737668461769,8.10570235239757e-05,0.00695031868664153,-3.60045482224012,"10814259"
63.84207,103.820933333333,7.43644965893071,8.11274961369467e-05,0.00695031868664153,-3.60049533684865,"10841412"
-165.25165,368.496222222222,-7.4291598030985,8.16840517304857e-05,0.00696653604289284,-3.60081435977476,"10919187"
171.35875,350.885444444444,7.42411977329608,8.20713222320283e-05,0.00696653604289284,-3.60103536935644,"10936475"
-473.7186,768.204,-7.42344440960625,8.21233713548084e-05,0.00696653604289284,-3.60106501230779,"10934154"
-127.08535,334.122222222222,-7.41982385919092,8.24030273590241e-05,0.00696653604289284,-3.6012240365874,"10866788"
67.9797,280.08,7.41652818282416,8.2658510297814e-05,0.00696653604289284,-3.6013689553626,"10709860"
-243.0046,687.030555555556,-7.41391887200029,8.28614103291388e-05,0.00696653604289284,-3.6014838038943,"10793734"
-776.954499999999,1843.30888888889,-7.41200271349423,8.30107633968773e-05,0.00696653604289284,-3.60156820587784,"10900545"
269.96735,519.654888888889,7.40926695366449,8.32245183463272e-05,0.00696653604289284,-3.60168880102845,"10797597"
286.84735,554.716111111111,7.40236104414505,8.37668291168218e-05,0.00699189755948238,-3.60199370168243,"10714338"
484.737,917.186666666667,7.39495111079498,8.43530926532858e-05,0.00702077278852732,-3.60232162334125,"10804889"
-52.32128,64.4676777777778,-7.38723431336981,8.49684871002012e-05,0.00705190165382181,-3.60266397271616,"10932037"
918.137,1576.05888888889,7.38114086572228,8.5457950213564e-05,0.00707243217433162,-3.60293491636128,"10742388"
121.71367,162.778544444444,7.37419086059405,8.60200465784925e-05,0.00709884079306237,-3.60324460867786,"10887665"
-140.9651,247.268444444444,-7.36558165315109,8.67220399885046e-05,0.00712414371199012,-3.6036292162481,"10773683"
106.032357,78.54251,7.36218359889052,8.70008673557283e-05,0.00712414371199012,-3.60378132049475,"10841416"
245.40705,800.248,7.35924822552247,8.72425316600746e-05,0.00712414371199012,-3.60391285095133,"10912598"
-115.2714,270.236666666667,-7.3580502712783,8.7341371481367e-05,0.00712414371199012,-3.60396656627641,"10931435"
-87.8400999999999,227.086555555556,-7.3555754401649,8.75459571645257e-05,0.00712414371199012,-3.60407760277125,"10898959"
-78.8366499999999,222.047888888889,-7.33848876673208,8.89730707130406e-05,0.00715125040682392,-3.60484668976893,"10706820"
-117.52595,380.490444444444,-7.33829948935425,8.89890236398768e-05,0.00715125040682392,-3.60485523356168,"10729124"
76.892785,60.2128111111111,7.33584618339317,8.91960842876136e-05,0.00715125040682392,-3.60496602154841,"10719437"
58.067745,75.1470666666667,7.33445038171194,8.9314129800239e-05,0.00715125040682392,-3.60502909402939,"10731136"
-110.98975,351.173222222222,-7.33376065063654,8.93725257064367e-05,0.00715125040682392,-3.60506027180607,"10803911"
102.24342,112.1681,7.33328473867664,8.9412843409255e-05,0.00715125040682392,-3.60508178848989,"10880493"
96.1954000000001,201.329111111111,7.32903244201373,8.97739825065433e-05,0.00715125040682392,-3.60527419091257,"10833929"
262.9281,771.343333333333,7.32424050664931,9.01828958309269e-05,0.00715125040682392,-3.60549133353297,"10863866"
-104.82775,201.445888888889,-7.31995767062061,9.05501179653263e-05,0.00715125040682392,-3.60568569721172,"10907806"
32.051293,28.6365011111111,7.31676390637907,9.08250416615043e-05,0.00715125040682392,-3.60583081539489,"10931537"
247.2701,389.146222222222,7.31569705023529,9.09170846964226e-05,0.00715125040682392,-3.60587932524772,"10750460"
-301.3123,260.884422222222,-7.31529523705015,9.09517780031252e-05,0.00715125040682392,-3.60589760008302,"10765740"
211.95295,440.816111111111,7.31402775281414,9.10613114033854e-05,0.00715125040682392,-3.60595526231267,"10820010"
842.4774,574.518,7.30231466062857,9.20804979992683e-05,0.00718040586044102,-3.60648927409931,"10761047"
64.84305,109.414333333333,7.30173908900402,9.21309056961706e-05,0.00718040586044102,-3.6065155682577,"10901403"
-169.1733,566.293666666667,-7.3012937905909,9.21699252983289e-05,0.00718040586044102,-3.6065359145018,"10897194"
-133.8344,337.799444444444,-7.29195473376975,9.29925126437831e-05,0.00722522144780712,-3.60696331802388,"10732465"
141.1007,399.792222222222,7.28685884774364,9.34447974912145e-05,0.00724110428092398,-3.607197088926,"10865685"
34.85745,129.219,7.28203078941902,9.38755670661957e-05,0.00725524025468741,-3.60741893702647,"10900579"
-246.733,451.111888888889,-7.2730673424509,9.46811674193527e-05,0.00729819426118461,-3.60783174587619,"10832715"
234.5504,628.797222222222,7.26307813463902,9.55880209123857e-05,0.00734386985249187,-3.60829324113213,"10810885"
-150.34225,372.636222222222,-7.26101530417527,9.57764911959815e-05,0.00734386985249187,-3.60838873297101,"10777972"
70.42635,84.545,7.25459975540866,9.63652907101627e-05,0.0073696743528971,-3.60868613684613,"10934532"
135.08705,249.610888888889,7.24318090946805,9.74232519004161e-05,0.00737523714028416,-3.60921704459969,"10725404"
-237.8776,656.384222222222,-7.23932130498768,9.77837585773803e-05,0.00737523714028416,-3.60939694823065,"10931382"
-977.8785,2122.05333333333,-7.2385742897154,9.78537046297289e-05,0.00737523714028416,-3.60943179468012,"10805652"
429.9542,941.436555555556,7.23502170822373,9.81871087237976e-05,0.00737523714028416,-3.6095976322879,"10812150"
124.4362,279.020777777778,7.23404569391505,9.82789269293496e-05,0.00737523714028416,-3.60964322774629,"10836556"
234.1542,570.021333333333,7.23359053133246,9.83217787985666e-05,0.00737523714028416,-3.60966449616174,"10756418"
-59.32435,248.591222222222,-7.23003316173962,9.86574078580063e-05,0.00737523714028416,-3.60983083241717,"10887952"
-128.11095,313.072,-7.22978668097004,9.86807098128673e-05,0.00737523714028416,-3.60984236469926,"10842742"
89.7953,211.840222222222,7.22570041556687,9.90679119282689e-05,0.00737523714028416,-3.61003368952874,"10824439"
-245.76365,586.020111111111,-7.2247430653908,9.91588713450372e-05,0.00737523714028416,-3.61007855160763,"10893759"
-71.28865,245.783555555556,-7.22415236958915,9.92150406014812e-05,0.00737523714028416,-3.61010623913337,"10912006"
-1433.62125,1177.997,-7.21841644226858,9.97623115266436e-05,0.0073811542519577,-3.61037538054131,"10813563"
35.743335,46.3442666666667,7.21776574785986,9.98246064491169e-05,0.0073811542519577,-3.61040594486972,"10932570"
-310.205,986.713111111111,-7.21363059446389,0.000100221500980997,0.0073811542519577,-3.61060033533777,"10822665"
-536.83575,928.920333333333,-7.20807685023725,0.00010075731331927,0.0073811542519577,-3.61086183368419,"10861066"
-421.4398,830.386222222222,-7.20488879184913,0.000101066326757342,0.0073811542519577,-3.6110121620101,"10917236"
-853.289,1050.46244444444,-7.20342641964292,0.000101208424218886,0.0073811542519577,-3.61108117145105,"10772986"
-33.44649,82.7600333333333,-7.20178032677827,0.000101368639190297,0.0073811542519577,-3.6111588908759,"10833470"
51.9103,111.749944444444,7.19989622430872,0.000101552365574803,0.0073811542519577,-3.61124790008448,"10894618"
276.5142,875.432,7.19746713850407,0.000101789781489801,0.0073811542519577,-3.61136273794726,"10862361"
-70.2837,136.3174,-7.19714593705946,0.000101821221453377,0.0073811542519577,-3.61137793007414,"10850903"
-225.17375,419.711777777778,-7.19313860439551,0.00010221437675058,0.00739131386730555,-3.61156760483335,"10826002"
491.79095,301.827555555556,7.18171944019742,0.000103343977601779,0.00745454558434165,-3.61210948686246,"10704956"
42.13735,45.2183111111111,7.16610334557829,0.000104911253485844,0.00752859801059506,-3.61285387700848,"10745677"
258.69525,352.611666666667,7.16551779421779,0.000104970532362444,0.00752859801059506,-3.61288186467237,"10850530"
-36.276925,116.099122222222,-7.16026365032512,0.000105504108337478,0.00752859801059506,-3.61313324254972,"10787472"
223.57105,428.298111111111,7.16012075458429,0.000105518661890866,0.00752859801059506,-3.61314008537848,"10765100"
49.43501,91.2798555555556,7.15672248726364,0.00010586542421438,0.00752859801059506,-3.61330291401554,"10903590"
-40.52409,56.4385333333333,-7.15621992701111,0.000105916813252364,0.00752859801059506,-3.61332700998016,"10846940"
-70.73865,136.4382,-7.1514391102177,0.000106407060770061,0.00754508707120526,-3.61355643546311,"10874561"
-95.9168999999999,266.433666666667,-7.14457186090277,0.000107115676106823,0.00757694276461192,-3.61388662841468,"10927809"
-121.97595,338.185666666667,-7.1173047569365,0.000109981470307097,0.00774333698364822,-3.61520520492208,"10808014"
-56.3378,138.985777777778,-7.1171487279027,0.000109998112145342,0.00774333698364822,-3.6152127848379,"10782471"
906.940500000001,3002.79666666667,7.10882442371814,0.00011089003752188,0.00775872148475608,-3.61561775618899,"10878709"
105.96618,168.4084,7.10685868877419,0.000111101830470854,0.00775872148475608,-3.6157135528493,"10918288"
-197.82515,304.098111111111,-7.10324755568743,0.000111492073852267,0.00775872148475608,-3.61588969979094,"10860111"
91.83568,157.014677777778,7.10134764961145,0.00011169800129532,0.00775872148475608,-3.61598246074206,"10718001"
130.5206,208.345555555556,7.10125184456542,0.0001117083966121,0.00775872148475608,-3.61598713989072,"10714645"
-97.0071000000001,342.081333333333,-7.09892475804956,0.000111961227091053,0.00775872148475608,-3.61610084174538,"10768874"
622.074,1052.91333333333,7.09787274781145,0.000112075733092595,0.00775872148475608,-3.61615227230195,"10717409"
-118.88685,530.588,-7.09304753342743,0.000112602601742548,0.00777676692034706,-3.61638839965854,"10850478"
331.00255,640.067444444444,7.08576406743773,0.00011340310431307,0.00781358087123121,-3.61674554973915,"10917703"
-71.164975,126.237922222222,-7.08253308717486,0.000113760232322472,0.00781974453427932,-3.61690426323032,"10863926"
98.57389,132.706477777778,7.07559850463276,0.000114530951571791,0.00783364727733806,-3.61724548898439,"10736238"
259.70562,204.2936,7.07445990114078,0.000114658050713639,0.00783364727733806,-3.61730159161657,"10785895"
141.31067,114.491822222222,7.07264669642858,0.000114860777049975,0.00783364727733806,-3.61739097835837,"10766463"
-265.4945,344.255444444444,-7.07109059573895,0.000115035075031767,0.00783364727733806,-3.61746773394832,"10714537"
-246.299475,236.466166666667,-7.06863396220861,0.000115310839161588,0.00783416477968987,-3.61758899066011,"10933349"
114.71698,142.413344444444,7.06001368258092,0.000116284311209177,0.00787759501618202,-3.61801527190006,"10835624"
272.7146,710.593888888889,7.05820788420512,0.000116489390257775,0.00787759501618202,-3.61810472718442,"10778386"
706.2096,1078.95633333333,7.05268702956141,0.000117118871127426,0.00788536263024102,-3.61837855579782,"10787817"
145.2371,205.893222222222,7.05246655346599,0.000117144087818327,0.00788536263024102,-3.61838950175749,"10912218"
-241.25425,971.529888888889,-7.04533616909218,0.00011796287517227,0.00790651833079825,-3.61874394210687,"10773160"
125.41972,131.290877777778,7.04377275517902,0.000118143251035948,0.00790651833079825,-3.61882177089335,"10912861"
385.96855,669.253777777778,7.04267315337355,0.000118270298848457,0.00790651833079825,-3.61887653508045,"10913835"
33.81153,45.0906666666667,7.03828195071064,0.000118779171825269,0.00791022909129638,-3.61909543554811,"10741598"
-190.698,345.227333333333,-7.03752321672602,0.00011886734343394,0.00791022909129638,-3.61913329111765,"10761917"
83.3122,165.087444444444,7.02435214993163,0.00012040957243995,0.00799464829377431,-3.61979198250721,"10764852"
-161.69465,381.406111111111,-7.01896282716385,0.00012104701189589,0.00801874695130732,-3.6200623504944,"10721126"
-142.5615,349.540333333333,-7.00965902418701,0.00012215628153063,0.00804043123555473,-3.62053025732212,"10912614"
84.91086,147.7603,7.00894799203793,0.000122241519060704,0.00804043123555473,-3.6205660770915,"10752758"
444.3718,382.848777777778,7.00777568214093,0.000122382198081873,0.00804043123555473,-3.6206251535175,"10930411"
-189.928,344.243555555556,-7.00484689165459,0.000122734443318399,0.00804043123555473,-3.62077284693874,"10731421"
128.22177,156.502433333333,7.00471382904518,0.000122750473439358,0.00804043123555473,-3.62077956051072,"10903459"
59.42182,55.8561777777778,7.00058709829207,0.000123248778098376,0.00805501074578514,-3.62098792157887,"10805509"
-146.51575,208.347288888889,-6.97987616554626,0.000125783777894048,0.00820233769508195,-3.62203803437545,"10882248"
-332.2759,431.065222222222,-6.97029031816797,0.000126976620493705,0.00825176675662292,-3.62252656774495,"10826451"
44.64302,91.6073222222222,6.96896124553135,0.000127142996049795,0.00825176675662292,-3.62259442802384,"10785776"
-242.022225,263.693166666667,-6.96477043836347,0.000127669194274341,0.00825176675662292,-3.62280860416187,"10785928"
331.06055,308.965222222222,6.96475119962124,0.000127671615458122,0.00825176675662292,-3.62280958808256,"10800140"
147.0855,238.798333333333,6.9587999019788,0.000128423033881538,0.00828200995985709,-3.62311426178684,"10917358"
103.12532,175.272655555556,6.95000037570696,0.000129543080934821,0.00830013004768376,-3.6235658781884,"10870733"
-105.7321,223.334555555556,-6.94846370668416,0.000129739785172591,0.00830013004768376,-3.62364488283201,"10931341"
-503.13225,1245.16166666667,-6.94819446271464,0.000129774284365366,0.00830013004768376,-3.62365872969636,"10777209"
244.21385,386.888888888889,6.94753831868058,0.000129858401080586,0.00830013004768376,-3.623692479627,"10766756"
-51.2781,95.1797333333333,-6.9454650977201,0.00013012458279726,0.00830013004768376,-3.62379916886254,"10863246"
749.2959,1301.622,6.93980799815462,0.000130853984787096,0.0083284712670375,-3.62409066927048,"10869264"
-204.49585,379.340555555556,-6.93297909607027,0.000131740523299813,0.00836666879930598,-3.62444329802053,"10784253"
116.94376,157.413244444444,6.930354667052,0.000132083001534629,0.00836938127388097,-3.62457903541363,"10905605"
-140.2225,311.497888888889,-6.92710318774279,0.000132508678148776,0.00836938127388097,-3.62474737243112,"10857696"
90.5922,248.896,6.9260819562944,0.000132642689457345,0.00836938127388097,-3.62480028250926,"10887901"
63.300505,77.2757777777778,6.92277792114156,0.000133077293359729,0.00836955754051888,-3.62497159082961,"10907834"
150.74225,339.869555555556,6.92170724694744,0.000133218465678828,0.00836955754051888,-3.62502714470562,"10927992"
-491.7035,1167.67111111111,-6.91904582262689,0.000133570104543737,0.00837050546553861,-3.62516532527688,"10922286"
-66.8286499999999,271.475777777778,-6.91726023371244,0.00013380660136943,0.00837050546553861,-3.62525810285653,"10853728"
111.09346,154.581411111111,6.91447896463873,0.000134175899393046,0.00837567248903515,-3.62540272746597,"10804541"
153.96261,199.626466666667,6.90920260034199,0.000134879608359409,0.0083941682944448,-3.62567747250366,"10875532"
-730.7215,3262.48888888889,-6.90795301605862,0.00013504686446187,0.0083941682944448,-3.62574261183323,"10756546"
92.05427,71.5114888888889,6.90534413560753,0.000135396803644274,0.00839438335057249,-3.62587869906645,"10765534"
260.6311,426.444444444444,6.90364685422775,0.000135625006554057,0.00839438335057249,-3.62596729946553,"10935378"
-175.95945,428,-6.89358487616862,0.00013698665284589,0.00844989478258689,-3.62649360247613,"10761311"
-274.2448,484.277222222222,-6.88994182523608,0.000137483385439327,0.00844989478258689,-3.62668460206604,"10773340"
-235.3767,425.832333333333,-6.88925074974391,0.000137577839343913,0.00844989478258689,-3.62672086089126,"10708230"
-101.5746,282.315333333333,-6.88851228547634,0.000137678849747086,0.00844989478258689,-3.62675961552505,"10758050"
-215.29375,589.498888888889,-6.88513479166316,0.000138141887960297,0.00845920862454285,-3.62693699106302,"10936856"
-62.4645,177.468,-6.88318685784578,0.000138409725560741,0.00845920862454285,-3.62703938353233,"10872114"
-226.7206,562.155888888889,-6.87628109432882,0.00013936390719191,0.00849974360063564,-3.62740293171514,"10875218"
197.09685,478.841,6.87164442933596,0.000140008656588861,0.00852127686163953,-3.62764750664156,"10795957"
52.61991,84.1819666666667,6.86728690146029,0.000140617607428735,0.00853340563690524,-3.62787771106887,"10860457"
-213.3533,267.186111111111,-6.86462761348862,0.00014099067761325,0.00853340563690524,-3.62801836749731,"10862798"
-268.52335,922.018888888889,-6.8624364831051,0.000141298895160246,0.00853340563690524,-3.62813435801488,"10831452"
-168.3254,564.257111111111,-6.86057573819739,0.000141561225519603,0.00853340563690524,-3.62823292737352,"10794769"
76.86394,110.034311111111,6.85981636941159,0.000141668437526496,0.00853340563690524,-3.62827317148839,"10907825"
-121.9802,357.640777777778,-6.85575048772089,0.000142244015920025,0.00855044584585931,-3.62848882809382,"10882126"
-289.31525,1141.02144444444,-6.84941358149655,0.000143146265280949,0.00858701230783912,-3.62882553975861,"10898179"
-68.2029,162.861,-6.84332165062837,0.000144019621985182,0.00861626780303407,-3.6291499238543,"10780924"
26.1885,28.3475333333333,6.84190314931121,0.000144223829522957,0.00861626780303407,-3.62922555359855,"10700926"
-204.8545,1056.40155555556,-6.8257216174782,0.000146576187351722,0.00873742848887818,-3.63009090476317,"10858672"
310.196,538.883888888889,6.82152927453898,0.000147192558621138,0.00873742848887818,-3.63031588561298,"10797013"
310.196,538.883888888889,6.82152927453898,0.000147192558621138,0.00873742848887818,-3.63031588561298,"10932228"
-128.9976,414.393333333333,-6.81749798995612,0.000147787962202961,0.00873742848887818,-3.63053252864028,"10751450"
111.33811,149.007744444444,6.81717870929168,0.000147835232608051,0.00873742848887818,-3.63054969973371,"10780763"
113.5438,272.968111111111,6.81575389142247,0.000148046385363001,0.00873742848887818,-3.63062635017181,"10821072"
165.79455,384.770666666667,6.8108863447291,0.000148770264370374,0.0087624485953954,-3.63088849082704,"10798108"
129.1281,212.875666666667,6.80604659016605,0.000149493903243812,0.00876800186962868,-3.63114956938675,"10766758"
-30.37255,103.513888888889,-6.80135720719023,0.000150198783063346,0.00876800186962868,-3.6314029504591,"10855469"
-1642.50175,1332.32722222222,-6.8010009196898,0.000150252488492517,0.00876800186962868,-3.63142221840266,"10907738"
-44.635,167.300222222222,-6.79987310434506,0.000150422631526871,0.00876800186962868,-3.63148322594054,"10783062"
-471.80235,582.476666666667,-6.79976442514733,0.000150439038229667,0.00876800186962868,-3.63148910603319,"10924719"
787.8526,1338.00411111111,6.79794380986786,0.000150714181767623,0.00876800186962868,-3.6315876431573,"10823933"
-85.35515,189.294777777778,-6.79544944377253,0.000151092053302805,0.00876800186962868,-3.63172274581227,"10879227"
76.23119,85.1895888888889,6.79430622889322,0.000151265589864204,0.00876800186962868,-3.63178470461551,"10934113"
154.18375,361.931111111111,6.78302356874868,0.00015299016649189,0.00883536634930376,-3.63239749879736,"10721050"
85.31682,147.967766666667,6.78123321458797,0.000153265824276238,0.00883536634930376,-3.63249495695323,"10865819"
-113.8245,180.428133333333,-6.77733117678313,0.000153868524264596,0.00883536634930376,-3.6327075730149,"10939361"
-313.69585,680.275222222222,-6.77461418282499,0.000154289736661058,0.00883536634930376,-3.6328557865716,"10777034"
391.91072,266.323822222222,6.77213459929794,0.00015467525944149,0.00883536634930376,-3.63299117029573,"10828575"
-96.492075,149.251433333333,-6.76514302976976,0.000155768063470297,0.00883536634930376,-3.63337352875852,"10816712"
-148.25495,835.783111111111,-6.76152244254221,0.000156337334196207,0.00883536634930376,-3.63357189546052,"10868309"
-2559.03795,1984.2418,-6.76088001244672,0.000156438585226037,0.00883536634930376,-3.6336071191288,"10822285"
-69.30484,64.4771888888889,-6.75804533285292,0.000156886217430907,0.00883536634930376,-3.63376263435468,"10861327"
367.0585,991.171111111111,6.75773086233973,0.000156935963782279,0.00883536634930376,-3.63377989609374,"10803843"
-338.0192,524.732444444444,-6.75722429239222,0.00015701613527655,0.00883536634930376,-3.63380770638234,"10856724"
38.17401,75.4652666666667,6.75534763168329,0.000157313537908077,0.00883536634930376,-3.63391077589999,"10758206"
186.39911,169.258688888889,6.75274337481394,0.00015772728090402,0.00883536634930376,-3.63405391681128,"10804463"
-223.58725,303.587888888889,-6.75200466283545,0.00015784486090812,0.00883536634930376,-3.63409454293595,"10940658"
198.654,266.045666666667,6.75142109785223,0.000157937815024481,0.00883536634930376,-3.63412664393116,"10703905"
1475.9429,1192.05922222222,6.75015883806627,0.000158139083809037,0.00883536634930376,-3.63419610096832,"10757715"
233.8717,364.112777777778,6.74818593060707,0.000158454235896886,0.00883536634930376,-3.63430472265177,"10791700"
32.5461,162.177333333333,6.74788435079303,0.000158502471547761,0.00883536634930376,-3.63432133314168,"10763091"
-250.25175,1073.849,-6.74716401273149,0.000158617750627879,0.00883536634930376,-3.63436101509914,"10810299"
36.70261,52.0544111111111,6.74585122065583,0.000158828082004515,0.00883536634930376,-3.63443335950968,"10934676"
121.4909,262.079555555556,6.74449015753705,0.000159046473679568,0.00883536634930376,-3.63450839861152,"10718474"
-390.1725,885.831,-6.74427296275408,0.000159081354820763,0.00883536634930376,-3.63452037640991,"10857546"
240.26785,296.670111111111,6.73784450877845,0.000160117603865016,0.00887604493228191,-3.63487529787774,"10722303"
226.2888,310.891,6.73463770112456,0.000160637327755028,0.00887857857075816,-3.63505264364759,"10931325"
43.655655,64.2469333333333,6.73343934374113,0.000160832023952625,0.00887857857075816,-3.63511896670868,"10721682"
298.62415,305.684444444444,6.73181206529283,0.000161096825481247,0.00887857857075816,-3.63520907235027,"10812954"
189.17172,177.6871,6.73008147027199,0.00016137896970879,0.00887857857075816,-3.63530495442131,"10756393"
-88.91345,205.408111111111,-6.71963427500906,0.00016309388466498,0.00895606155376452,-3.63588499125309,"10833688"
-64.9044,153.593,-6.71570551129089,0.000163744012136934,0.0089642740951065,-3.63610366196156,"10800471"
-35.8987,137.294222222222,-6.71502366309366,0.000163857135852224,0.0089642740951065,-3.63614164315151,"10856988"
39.97186,75.8981111111111,6.71174280150191,0.000164402667769161,0.00897730754431451,-3.63632452323625,"10938647"
219.0787,530.426111111111,6.70835245854112,0.000164968519533991,0.00898511339115379,-3.6365137241643,"10921550"
-200.2698,430.134,-6.70720368035692,0.00016516074111897,0.00898511339115379,-3.63657788305139,"10782349"
196.51975,553.363111111111,6.70425245935062,0.000165655698943575,0.00899528919876875,-3.63674282476181,"10919699"
241.7723,385.832555555556,6.70236751927935,0.000165972687849557,0.00899578126685894,-3.63684826096881,"10767184"
-41.19076,78.6378555555556,-6.69807909971315,0.000166696375389639,0.00901827390857948,-3.63708839494718,"10704206"
-158.454925,193.959188888889,-6.6908813038418,0.000167918904796006,0.00906618638645081,-3.63749224461335,"10753143"
100.3577,260.942222222222,6.68510430931536,0.000168907303063934,0.00906618638645081,-3.63781710613595,"10736332"
-550.4635,1100.49955555556,-6.68480285307816,0.000168959056550394,0.00906618638645081,-3.63783407598535,"10845767"
-1002.8205,1769.63,-6.68409825240001,0.000169080089725677,0.00906618638645081,-3.63787374692627,"10865129"
-42.22325,161.673111111111,-6.68169690232354,0.000169493305215816,0.00906618638645081,-3.63800902230225,"10863831"
54.753985,77.5905444444444,6.67958504490195,0.000169857630808622,0.00906618638645081,-3.63812808279167,"10910768"
373.52235,666.608333333333,6.67873505457267,0.000170004511136786,0.00906618638645081,-3.63817602743301,"10939444"
-61.1517,107.425866666667,-6.67838698034907,0.000170064699793765,0.00906618638645081,-3.63819566502235,"10868481"
1944.9565,4684.87111111111,6.67135549663113,0.000171285647659734,0.00909827406405405,-3.63859287416984,"10827989"
188.0031,255.813333333333,6.66832415092676,0.000171815004540025,0.00909827406405405,-3.63876441432816,"10910058"
-171.8467,439.800888888889,-6.66766448354505,0.000171930440729908,0.00909827406405405,-3.63880176801703,"10839455"
106.12252,145.513544444444,6.66712495453885,0.000172024917610276,0.00909827406405405,-3.63883232522501,"10934548"
-151.7269,354.570222222222,-6.66542051866747,0.000172323759344767,0.00909827406405405,-3.63892889666044,"10911678"
-765.836,1474.92444444444,-6.66421645256032,0.000172535217070101,0.00909827406405405,-3.6389971521527,"10902003"
567.67595,623.876222222222,6.66066252368518,0.000173161035484071,0.00911311598738843,-3.63919878197259,"10782065"
-49.57885,251.013555555556,-6.65743414707203,0.00017373170735723,0.00911311598738843,-3.63938215762906,"10770924"
-85.4017999999999,246.942444444444,-6.65533794900245,0.000174103362552641,0.00911311598738843,-3.63950133434605,"10726455"
-347.8144,444.433222222222,-6.65519948704065,0.00017412794280774,0.00911311598738843,-3.63950920948368,"10830743"
395.9981,1150.45855555556,6.6538011884066,0.000174376389297944,0.00911311598738843,-3.63958876010063,"10902506"
42.912585,74.505,6.64244691431899,0.000176408395304354,0.00918864101900591,-3.64023614969922,"10779770"
-1136.76,4020.25333333333,-6.6422126660267,0.000176450592581034,0.00918864101900591,-3.64024953281948,"10818376"
240.26735,919.384888888889,6.63947151546642,0.000176945212926115,0.00919800258082475,-3.64040622183992,"10770375"
596.1337,688.888111111111,6.63694202488504,0.000177403003808257,0.00920352657648464,-3.64055094460507,"10859296"
74.1779500000002,325.928777777778,6.63434326168785,0.000177874698688217,0.00920352657648464,-3.64069976344971,"10738947"
-426.68365,856.714222222222,-6.63297971358037,0.000178122748468734,0.00920352657648464,-3.64077790123064,"10755533"
125.6496,301.505666666667,6.63194281208001,0.000178311632857202,0.00920352657648464,-3.64083734543441,"10755309"
-209.6718,849.861333333333,-6.6302046440828,0.000178628759522171,0.00920363418109474,-3.64093704046305,"10701006"
141.00955,428.183111111111,6.61910597571419,0.000180668490345119,0.00929234027630689,-3.64157504450509,"10938841"
-31.332085,64.5370888888889,-6.61176198345761,0.00018203236089071,0.00934014743765297,-3.64199857013815,"10809563"
272.0424,298.400333333333,6.61066307115496,0.000182237421765667,0.00934014743765297,-3.64206203734505,"10873706"
-52.247725,131.015588888889,-6.60355245857123,0.000183570487617058,0.00938503721344775,-3.64247329598521,"10921558"
-135.81835,470.038888888889,-6.60256864565761,0.00018375577757555,0.00938503721344775,-3.64253027742455,"10843634"
-157.2047,272.241444444444,-6.59964056352977,0.000184308475419706,0.00939683734888532,-3.64269998471354,"10900988"
697.48245,724.589,6.59755564166366,0.000184703142637808,0.00940055332582041,-3.64282092940565,"10735091"
33.742245,53.1112333333333,6.59346979700804,0.000185479293959572,0.00941914199782481,-3.64305820142472,"10839417"
68.36965,231.470111111111,6.59224210695238,0.000185713212526429,0.00941914199782481,-3.64312956163372,"10908002"
-66.86215,371.179888888889,-6.58993053172973,0.000186154537043697,0.00942516229669768,-3.64326400634441,"10855765"
139.3298,238.247555555556,6.58695137608257,0.000186725029728785,0.00942525146717101,-3.6434374386671,"10752801"
-198.4419,150.2226,-6.5846276428063,0.000187171356785634,0.00942525146717101,-3.64357284072476,"10725289"
304.3904,773.565222222222,6.58218359235117,0.000187642068892269,0.00942525146717101,-3.64371537220464,"10730452"
122.93774,133.532755555556,6.58040487752776,0.000187985464914692,0.00942525146717101,-3.64381917936166,"10794824"
-34.707555,81.6685,-6.57978216007353,0.000188105850255524,0.00942525146717101,-3.64385553687798,"10924411"
134.75595,647.779333333333,6.57753454237237,0.000188541076282724,0.00942525146717101,-3.64398683043899,"10822583"
-104.21055,304.117,-6.57669347257866,0.000188704226695867,0.00942525146717101,-3.64403598766935,"10932181"
65.83144,91.3772777777778,6.57652296150199,0.000188737321431336,0.00942525146717101,-3.64404595513479,"10892339"
-64.46985,208.920333333333,-6.57264062200911,0.00018949259229732,0.00944310358716773,-3.64427306359484,"10791279"
40.27109,59.4449222222222,6.57136602589749,0.000189741281771324,0.00944310358716773,-3.64434769194609,"10728676"
50.40061,81.8299111111111,6.56699203711722,0.000190597453549694,0.0094466638487671,-3.64460404463212,"10727277"
-892.86475,1418.27522222222,-6.56622424089992,0.000190748184225949,0.0094466638487671,-3.64464908445007,"10933449"
-67.488365,94.0192111111111,-6.56604749463794,0.000190782901032813,0.0094466638487671,-3.64465945430397,"10764891"
-284.7945,980.432666666667,-6.54784992104491,0.000194395031113757,0.00959931802852503,-3.64573056144139,"10868359"
1075.2812,1590.31655555556,6.54721187911001,0.000194523046241077,0.00959931802852503,-3.64576824049226,"10937867"
-166.7917,718.210555555556,-6.53856063606149,0.000196268055306806,0.00965383132752233,-3.64627996491534,"10790481"
317.3853,440.086333333333,6.5371648667343,0.000196551211086082,0.00965383132752233,-3.64636267066627,"10842667"
-317.7689,874.769777777778,-6.53683067649748,0.000196619074412124,0.00965383132752233,-3.6463824789797,"10879467"
-105.0644,258.210111111111,-6.53484667425929,0.000197022496287844,0.00965740806468636,-3.64650012368526,"10750047"
874.488,1545.41333333333,6.53007905643014,0.000197995683989579,0.009665109177968,-3.6467831623626,"10837038"
-122.6926,441.740555555556,-6.52629558569625,0.000198771771453151,0.009665109177968,-3.64700811235233,"10834300"
30.9796,112.152611111111,6.52424695293337,0.000199193404100328,0.009665109177968,-3.6471300405045,"10937688"
362.3584,876.773777777778,6.5240932070948,0.000199225086720622,0.009665109177968,-3.64713919450739,"10843448"
-647.857,1548.74555555556,-6.52294646586855,0.000199461573372677,0.009665109177968,-3.64720748688011,"10792863"
-1397.719,2548.12555555556,-6.52196632491072,0.000199663949262274,0.009665109177968,-3.64726587942326,"10792859"
-219.83155,606.389888888889,-6.52162316931189,0.000199734856486363,0.009665109177968,-3.64728632789177,"10879427"
415.19135,517.766888888889,6.52033180264853,0.00020000194526455,0.009665109177968,-3.64736330185461,"10702660"
-62.5295,145.880911111111,-6.51537507246661,0.000201030806171317,0.009665109177968,-3.64765907986027,"10856576"
38.191045,45.4851777777778,6.51379469765124,0.00020136007308992,0.009665109177968,-3.64775349226246,"10867361"
-474.9605,1090.72044444444,-6.51071174528519,0.000202004117940785,0.009665109177968,-3.64793782030158,"10719722"
-369.869,1027.24777777778,-6.50981583407082,0.000202191705901923,0.009665109177968,-3.64799142378487,"10829209"
183.08277,147.5936,6.50835666244073,0.000202497643620232,0.009665109177968,-3.64807876396188,"10708921"
-290.1901,487.631222222222,-6.50787058981233,0.000202599669971024,0.009665109177968,-3.64810786826788,"10924653"
-123.4546,394.064888888889,-6.50639022191024,0.000202910749061077,0.009665109177968,-3.64819653807666,"10896862"
96.8926499999999,340.011,6.50606618842887,0.000202978910788489,0.009665109177968,-3.64821595290993,"10791820"
198.3536,504.501555555556,6.50548911270822,0.000203100363733963,0.009665109177968,-3.64825053453021,"10702428"
-262.3391,678.685444444444,-6.50532605017327,0.000203134696901224,0.009665109177968,-3.64826030742446,"10870020"
-205.28325,719.209,-6.49644372990767,0.00020501463178445,0.00973481245804717,-3.64879350231497,"10799568"
180.45685,450.274444444444,6.49526233207596,0.000205266121522457,0.00973481245804717,-3.64886454572999,"10936537"
-487.0485,786.139,-6.48905655991946,0.000206592794832813,0.00978185074269984,-3.64923821531467,"10799716"
-344.1601,560.421555555556,-6.48700563342583,0.000207033327646221,0.00978684730397524,-3.6493618876831,"10786710"
-271.97125,1061.70188888889,-6.48422224557778,0.000207632855083939,0.00979933154833958,-3.64952987083159,"10745145"
93.94615,186.622444444444,6.48125055941704,0.000208275063052168,0.00981378660000973,-3.64970939989969,"10830895"
-182.64395,388.230111111111,-6.47801401525251,0.0002089770117647,0.00983100550997417,-3.64990514367402,"10903860"
-64.8375,124.755533333333,-6.47393747059582,0.000209864870662312,0.00985690085454786,-3.65015200770933,"10780478"
79.6354000000001,173.283111111111,6.46947928847577,0.000210840631974856,0.00987583957932533,-3.65042238874076,"10886412"
192.9572,439.037555555556,6.46847036276529,0.000211062151465093,0.00987583957932533,-3.65048363729174,"10776798"
172.8873,948.541,6.46746905572484,0.00021128225292936,0.00987583957932533,-3.6505444448711,"10793878"
-116.13725,310.128444444444,-6.46578423480815,0.000211653174029336,0.00987737352411025,-3.65064680946019,"10923012"
34.700365,37.3294444444444,6.45797091776636,0.000213382759462333,0.00994220723274738,-3.65112231830749,"10708538"
111.47031,132.8448,6.44790817830997,0.000215633374545908,0.0100244026053351,-3.65173665780455,"10743961"
823.081000000001,3212.46777777778,6.44702064464935,0.000215833136125001,0.0100244026053351,-3.65179094729799,"10791531"
136.618392,88.9711433333333,6.44477973621843,0.000216338420435289,0.0100297658091916,-3.65192809699279,"10859277"
103.19353,102.942511111111,6.44255022489662,0.000216842434404329,0.0100297658091916,-3.65206465685916,"10788425"
162.61061,134.720522222222,6.44086486463645,0.00021722429747428,0.0100297658091916,-3.65216795827495,"10777677"
-891.79575,1015.89033333333,-6.43927528085847,0.000217585141920265,0.0100297658091916,-3.65226544557648,"10773002"
-314.7996,450.684666666667,-6.43892295049862,0.000217665212672946,0.0100297658091916,-3.65228706099242,"10909567"
-1358.297,1556.41844444444,-6.43693143256115,0.000218118419454025,0.0100348212691809,-3.65240929090659,"10859136"
-202.8957,506.332333333333,-6.43030462254749,0.000219634007976952,0.0100640076723079,-3.65281663269689,"10725445"
575.58735,596.1,6.43015959850174,0.000219667305838838,0.0100640076723079,-3.65282555781384,"10839857"
606.78235,807.083444444444,6.4296415462083,0.00021978629749204,0.0100640076723079,-3.65285744369196,"10757153"
60.9430500000001,188.543,6.4182586854053,0.000222418917422604,0.0101631837432981,-3.65355952918594,"10840888"
-184.64925,1070.64566666667,-6.41727540008622,0.000222647963158444,0.0101631837432981,-3.65362031011776,"10778629"
-393.0642,698.176,-6.41037470190921,0.000224262769039338,0.0102209243911314,-3.6540474661903,"10888602"
-23.49013,44.7995222222222,-6.40393178063402,0.000225782157189871,0.0102741432089484,-3.65444722844211,"10701610"
172.71625,398.262777777778,6.40120140495079,0.000226429475425971,0.0102875749534904,-3.65461691463662,"10787048"
115.37795,177.121888888889,6.39557227009329,0.000227770522971013,0.0103324348727875,-3.65496726994757,"10783533"
203.14172,154.236988888889,6.39398998653123,0.000228149056154212,0.0103335605061847,-3.65506587655965,"10753222"
40.00674,68.4487333333333,6.38796451585527,0.00022959692784589,0.0103679950507309,-3.65544188551596,"10729282"
241.9678,571.747444444444,6.38787251294723,0.000229619114048843,0.0103679950507309,-3.655447633023,"10884046"
-186.31505,630.969111111111,-6.38581857423073,0.00023011503277666,0.0103743527276811,-3.65557599329892,"10926503"
-1661.905,2084.20355555556,-6.38309684902239,0.000230774013424428,0.0103760596390612,-3.65574623075351,"10928837"
-125.45885,464.033111111111,-6.38272897584285,0.00023086324246559,0.0103760596390612,-3.65576925295475,"10853481"
-75.69715,120.935822222222,-6.37733209680011,0.000232176672975082,0.01041906194208,-3.65610734538069,"10940552"
2669.3964,1723.982,6.3716962476449,0.00023355709137728,0.010441420287344,-3.65646109993933,"10781166"
-158.66325,368.715,-6.37141017867194,0.000233627401499394,0.010441420287344,-3.65647907497243,"10857140"
-472.10405,810.369777777778,-6.37092323201243,0.00023374713726032,0.010441420287344,-3.65650967627477,"10903676"
40.478965,53.6165111111111,6.36748674937389,0.000234594069692694,0.0104479855768879,-3.65672578639698,"10757545"
-87.89555,328.205111111111,-6.3674247377752,0.000234609383803604,0.0104479855768879,-3.6567296885432,"10850494"
387.3991,1213.45577777778,6.36496604872706,0.000235217462893596,0.0104591217062002,-3.65688447343534,"10742575"
2152.6244,1882.78755555556,6.35512081703045,0.000237669897919066,0.0105521100270632,-3.6575056284418,"10817186"
-80.34565,274.487222222222,-6.35215042181443,0.000238415363722301,0.0105691448190945,-3.65769346356155,"10706619"
325.31265,700.34,6.35043192785565,0.000238847826653268,0.0105722733452251,-3.65780222436999,"10826039"
24.000669,20.84152,6.34891133692372,0.000239231210478422,0.0105732232721885,-3.65789851562141,"10935660"
-727.15245,935.463333333333,-6.34611399344214,0.000239938278797673,0.0105794626420345,-3.65807579310798,"10925014"
257.54695,249.436111111111,6.3454886593876,0.000240096656797045,0.0105794626420345,-3.65811544684424,"10733553"
-476.01175,958.251222222222,-6.34175010115388,0.000241045934833381,0.0106023963718181,-3.65835270065921,"10791677"
229.80885,257.014666666667,6.33887504476137,0.00024177878026048,0.0106023963718181,-3.65853537023418,"10888662"
190.25354,180.052088888889,6.33730105927849,0.000242181029257173,0.0106023963718181,-3.65863545414215,"10751295"
-40.77763,77.8589888888889,-6.33559063968594,0.000242618984873455,0.0106023963718181,-3.65874427695799,"10761792"
125.76985,273.003111111111,6.3350182726787,0.000242765735895815,0.0106023963718181,-3.65878070772159,"10763184"
-33.771625,51.0779888888889,-6.33490550959293,0.000242794659161578,0.0106023963718181,-3.6587878858889,"10843593"
-351.27315,930.713,-6.32943383976325,0.000244202709775349,0.010647967109518,-3.65913654271954,"10926851"
-584.04455,498.531444444444,-6.32517237135967,0.000245305590097057,0.0106801155128099,-3.65940855590777,"10855664"
89.38822,113.016377777778,6.32312849692505,0.000245836504407565,0.0106857334913038,-3.65953916470857,"10766078"
-313.1307,924.22,-6.3218618104196,0.00024616617510945,0.0106857334913038,-3.65962015694889,"10758830"
243.68555,618.863888888889,6.31733665509029,0.000247347901682271,0.010707686728221,-3.65990979514762,"10874929"
-362.9991,476.604666666667,-6.31643651881756,0.000247583716068892,0.010707686728221,-3.65996746519559,"10782454"
-252.83795,729.102777777778,-6.31572044797272,0.000247771487241645,0.010707686728221,-3.66001335572876,"10859254"
-575.7245,1292.31444444444,-6.3139309260574,0.000248241432321769,0.0107121494886974,-3.66012809128864,"10818594"
-52.317385,75.8156888888889,-6.31016722589998,0.000249233035010692,0.0107390765262571,-3.66036964063793,"10778472"
108.4284,240.746,6.3077698404298,0.000249866945144896,0.0107505345146731,-3.66052367075861,"10825113"
416.5466,675.010222222222,6.30109872899067,0.000251640305621069,0.0107860806051861,-3.66095297809963,"10757615"
-150.29465,387.069777777778,-6.30053275341941,0.00025179139640343,0.0107860806051861,-3.66098944746941,"10703838"
-341.07575,1029.36677777778,-6.29915156527864,0.000252160534663219,0.0107860806051861,-3.6610784770376,"10740703"
28.43259,65.7718666666667,6.29911634842719,0.000252169954588284,0.0107860806051861,-3.66108074764309,"10771765"
61.30448,122.189955555556,6.28403412064937,0.000256240200702797,0.0109304181365479,-3.66205580212295,"10834875"
270.28005,719.441666666667,6.28384113296671,0.000256292750856963,0.0109304181365479,-3.66206831268508,"10776968"
-432.27735,482.337333333333,-6.27876810247667,0.000257678409403628,0.0109625605079205,-3.66239748497492,"10737205"
-31.88367,59.9892,-6.27773048132265,0.000257962846692165,0.0109625605079205,-3.66246488633401,"10822516"
-81.0084,177.585666666667,-6.27495591057737,0.000258725130940425,0.0109625605079205,-3.66264523855251,"10837226"
-115.4082,398.117666666667,-6.27394861028754,0.000259002492086314,0.0109625605079205,-3.66271075919461,"10875936"
36.046815,52.5428666666667,6.27290930531183,0.000259289010379523,0.0109625605079205,-3.66277838633915,"10938801"
26.820725,46.7710222222222,6.27287702264546,0.000259297915758646,0.0109625605079205,-3.66278048736125,"10818946"
113.2908,194.471666666667,6.2712879743335,0.00025973668312755,0.0109652419955033,-3.66288393585985,"10847924"
-52.07255,165.980444444444,-6.26675299627031,0.000260993400112904,0.0110023971008635,-3.66317949050941,"10913037"
-218.1241,724.404555555556,-6.26522397506124,0.000261418631245596,0.0110044436501568,-3.66327924833446,"10924304"
34.40827,43.4499444444444,6.26241823070584,0.000262200921490869,0.011021493122927,-3.66346244529374,"10756285"
-338.57475,1279.42033333333,-6.25763551920812,0.000263540397407413,0.0110497268860354,-3.6637751496406,"10856302"
-97.77365,200.097444444444,-6.25637018100496,0.000263896040120024,0.0110497268860354,-3.66385796983965,"10848019"
-177.66785,399.449111111111,-6.25597470483208,0.000264007303568587,0.0110497268860354,-3.66388386264119,"10892381"
167.5348,267.012111111111,6.25426409726003,0.000264489164350842,0.0110540578645858,-3.66399590256599,"10788439"
-895.9555,1019.02755555556,-6.25071695550467,0.000265491459570433,0.0110800964284152,-3.66422844900411,"10711664"
286.38465,658.506666666667,6.24681551285347,0.00026659871912307,0.0111104350648522,-3.66448456430037,"10904358"
-2067.2908,1653.97808888889,-6.24369116040748,0.000267489115835026,0.0111316624359038,-3.66468992469905,"10843184"
-483.7645,1741.96555555556,-6.24216645407986,0.000267924828946944,0.011133934499084,-3.66479022552309,"10806855"
240.63825,731.971333333333,6.23575439670217,0.000269765800154734,0.0111945143263074,-3.66521263468451,"10823284"
324.20855,416.075888888889,6.23288428691229,0.000270594366346041,0.0111987738917054,-3.66540202456615,"10905625"
211.27275,311.616,6.23222889237965,0.000270783965138607,0.0111987738917054,-3.66544529940965,"10800760"
72.93809,92.2963888888889,6.23141902250678,0.00027101845489956,0.0111987738917054,-3.66549878810599,"10878030"
-91.66885,137.642288888889,-6.22929995943168,0.000271633071194792,0.0112083171495546,-3.6656388173397,"10855363"
-722.7002,582.812711111111,-6.22772062775574,0.000272092144983427,0.0112114244337741,-3.66574324995677,"10864887"
-415.1115,1457.92,-6.22495173746556,0.000272899066039254,0.0112154448039494,-3.66592648444607,"10905233"
-125.70005,268.726111111111,-6.22475147738973,0.000272957529116452,0.0112154448039494,-3.6659397439446,"10713278"
-486.41545,732.982555555556,-6.21670750278722,0.000275317337627798,0.0112489116524242,-3.66647313518218,"10730855"
78.224355,59.02,6.21616929889491,0.000275476029940492,0.0112489116524242,-3.66650887815349,"10719593"
-158.4848,278.451111111111,-6.21549634899627,0.000275674595085836,0.0112489116524242,-3.66655357953579,"10893420"
33.0425,62.0085555555556,6.2154613737524,0.000275684919441269,0.0112489116524242,-3.66655590309719,"10775794"
-117.99225,354.634,-6.2154194554947,0.000275697293870601,0.0112489116524242,-3.66655868795237,"10933538"
-66.850475,106.733677777778,-6.21289193874853,0.00027644456211749,0.0112636700665277,-3.66672668194223,"10743600"
24.347412,22.57726,6.21036468923997,0.000277193990201752,0.0112784752503537,-3.66689481066127,"10858566"
-68.0615,205.169444444444,-6.2020980806273,0.000279661090060099,0.0113498806130257,-3.66744582523275,"10713009"
237.0988,380.725444444444,6.20063354699078,0.000280100693154963,0.0113498806130257,-3.66754361513845,"10922783"
84.5433,184.049,6.19945974615236,0.000280453579509043,0.0113498806130257,-3.66762202938237,"10738460"
49.709285,61.8407555555556,6.19831259957724,0.000280798927415337,0.0113498806130257,-3.66769869498899,"10812361"
-132.15805,301.357888888889,-6.19416407243164,0.000282051767961847,0.0113498806130257,-3.66797621158444,"10898968"
-167.85235,285.712555555556,-6.19190278037283,0.000282737270513163,0.0113498806130257,-3.66812765556706,"10741330"
-117.7902,253.392,-6.19150442080976,0.000282858222415492,0.0113498806130257,-3.66815434739117,"10711657"
-48.8100499999999,234.335444444444,-6.19124099063543,0.000282938237796429,0.0113498806130257,-3.66817200045937,"10828409"
139.27788,159.5424,6.19041412105005,0.000283189557137288,0.0113498806130257,-3.66822742177535,"10826771"
53.64337,106.902377777778,6.18910181742401,0.000283588926241994,0.0113498806130257,-3.66831541337072,"10867073"
442.40275,456.622444444444,6.18755568268357,0.000284060255219078,0.0113498806130257,-3.66841913693531,"10860951"
263.68935,598.199666666667,6.18749290082309,0.000284079412135325,0.0113498806130257,-3.66842334992045,"10745271"
118.76695,178.470111111111,6.18519429152517,0.000284781781265425,0.0113498806130257,-3.66857766393194,"10770588"
-334.9421,915.572444444444,-6.18391034642399,0.000285174942077772,0.0113498806130257,-3.6686639154004,"10784454"
142.41015,305.093,6.18360738214853,0.000285267801146144,0.0113498806130257,-3.66868427341553,"10853785"
286.80145,410.765111111111,6.18224522223671,0.000285685718518903,0.0113498806130257,-3.66877583266044,"10927230"
-700.079999999999,1023.40733333333,-6.18184430020842,0.000285808852205763,0.0113498806130257,-3.6688027896738,"10858165"
39.5065500000001,155.570666666667,6.18141070383969,0.000285942087053705,0.0113498806130257,-3.66883194800715,"10781699"
-639.583,807.244888888889,-6.1766993110911,0.000287394229637827,0.0113920420958473,-3.66914907154538,"10895366"
-56.6840999999999,178.763666666667,-6.17394955270997,0.00028824552314985,0.011410304489566,-3.66933440628543,"10840571"
31.395905,49.4826555555556,6.17030889275813,0.000289376919126989,0.0114395904132285,-3.66958007057755,"10843852"
121.51875,209.372333333333,6.16657394074953,0.000290542719347499,0.0114701554094836,-3.66983243243445,"10812881"
-219.63975,681.667333333333,-6.16301700964105,0.000291657779290427,0.0114803081177132,-3.67007308168144,"10760358"
312.28605,636.106,6.16166844736667,0.00029208177464453,0.0114803081177132,-3.67016440124307,"10815284"
-798.088999999999,1847.96777777778,-6.16102659214612,0.000292283816603388,0.0114803081177132,-3.6702078808519,"10928855"
-132.08985,642.538,-6.16074729318372,0.000292371782007893,0.0114803081177132,-3.67022680385027,"10847874"
77.6367999999999,189.357444444444,6.15941855485144,0.000292790669858324,0.0114813243345518,-3.67031685430979,"10850866"
107.01255,305.707333333333,6.15349316397128,0.000294666751975473,0.0115241678242061,-3.6707189517599,"10776992"
133.43976,126.4618,6.15304912175079,0.000294807877506454,0.0115241678242061,-3.67074911910641,"10858275"
51.32981,111.440188888889,6.15149000176318,0.000295303988853819,0.0115241678242061,-3.67085508088313,"10820748"
-198.8505,545.79,-6.15099673388248,0.000295461138506551,0.0115241678242061,-3.67088861703515,"10776681"
105.02325,210.824,6.14696077314621,0.000296750426844503,0.0115590226264471,-3.67116323696963,"10771635"
-158.337525,131.666166666667,-6.1454669071809,0.000297229217610419,0.0115622561428373,-3.67126498589798,"10886121"
45.017305,58.8967111111111,6.136825041466,0.000300015777792456,0.0116485594601332,-3.67185467082881,"10832460"
77.39689,105.433977777778,6.13533082318226,0.000300500506997316,0.0116485594601332,-3.67195681668921,"10740804"
-167.95385,691.657444444444,-6.13488900294325,0.000300644000579875,0.0116485594601332,-3.67198703040183,"10776646"
-331.01675,922.669444444444,-6.12977868442712,0.000302309233088788,0.011697565477425,-3.67233684814023,"10844183"
157.67525,349.171888888889,6.1259298517903,0.000303570128452262,0.0117308171066196,-3.67260073966657,"10700568"
23.137705,38.5321444444444,6.12151835351338,0.000305022505742147,0.0117713705188257,-3.67290366146836,"10783381"
-314.9661,700.559666666667,-6.11641761014331,0.000306711375515855,0.0117849687128405,-3.67325451377437,"10742712"
-20.2248,27.5155,-6.11607255528851,0.000306825996537582,0.0117849687128405,-3.67327827158272,"10856497"
-188.10575,535.849444444444,-6.11592849104811,0.000306873866089199,0.0117849687128405,-3.67328819160896,"10930212"
-319.484,1412.61111111111,-6.11558368655721,0.000306988470954734,0.0117849687128405,-3.67331193637625,"10841484"
-312.039,634.943,-6.11398706525919,0.000307519766784977,0.0117898720037485,-3.67342192539757,"10754871"
-70.839,262.162,-6.10873861478757,0.000309273423966415,0.0118415646235319,-3.67378393162203,"10879942"
320.83365,174.513333333333,6.10713042301405,0.000309812975317521,0.0118466966766048,-3.67389499252059,"10906926"
125.1771,363.951666666667,6.10460709180752,0.000310661654250388,0.0118564281427272,-3.67406938274852,"10716785"
30.001163,24.1394622222222,6.1039616012944,0.000310879166061785,0.0118564281427272,-3.674114018893,"10711268"
57.6957,93.2798333333333,6.09949488023383,0.00031238894021177,0.0118849135818823,-3.67442318179119,"10704786"
214.58095,748.903111111111,6.09851217437986,0.000312722185396782,0.0118849135818823,-3.6744912666079,"10713089"
-166.30865,250.327444444444,-6.09814578943558,0.000312846530583538,0.0118849135818823,-3.67451665705672,"10776835"
-154.2901,174.624422222222,-6.09680452348403,0.0003133022008458,0.0118867668772847,-3.67460963541703,"10844302"
116.4329,296.212555555556,6.09364994248464,0.000314376803336837,0.0118993563438208,-3.67482849325092,"10830253"
74.8572,109.822666666667,6.09343943206455,0.000314448658089602,0.0118993563438208,-3.67484310689551,"10768130"
-475.355,1236.46311111111,-6.09062293328947,0.000315411776837442,0.0119015623388056,-3.67503873558111,"10844726"
-57.79155,194.545666666667,-6.08949792894956,0.000315797388999288,0.0119015623388056,-3.67511693204165,"10732265"
-442.316,1498.46111111111,-6.08912529554196,0.000315925229467161,0.0119015623388056,-3.67514283995662,"10865607"
866.390500000001,1597.82944444444,6.08850977623165,0.000316136522725856,0.0119015623388056,-3.67518564254905,"10717591"
-45.69985,163.034555555556,-6.08710785697494,0.000316618351285386,0.0119043610224598,-3.67528316622708,"10732521"
119.11646,106.478188888889,6.07894595170611,0.000319439688682893,0.0119722795753918,-3.67585192900366,"10715706"
-117.86055,288.578333333333,-6.07707210728038,0.000320091334572299,0.0119722795753918,-3.67598274556373,"10850427"
-298.74975,1069.16433333333,-6.07560079764595,0.000320604024286536,0.0119722795753918,-3.67608552271469,"10744119"
241.80515,327.662555555556,6.07115171295403,0.000322159868664053,0.0119722795753918,-3.67639664369868,"10734468"
-520.561,1131.99555555556,-6.06955121989755,0.000322721598439888,0.0119722795753918,-3.67650868773102,"10751348"
104.04685,444.643444444444,6.06948772019137,0.000322743907414452,0.0119722795753918,-3.67651313442956,"10766051"
-331.56075,947.935666666667,-6.06887868439862,0.000322957962853461,0.0119722795753918,-3.67655578862507,"10730833"
233.57479,183.315477777778,6.06843490678341,0.000323114034373365,0.0119722795753918,-3.6765868747972,"10740364"
258.44878,249.862844444444,6.06744964983207,0.000323460835780794,0.0119722795753918,-3.67665590893699,"10716080"
319.7181,650.093333333333,6.06710550609393,0.000323582068057417,0.0119722795753918,-3.67668002791989,"10919681"
-66.97125,193.377,-6.06694986810495,0.000323636911471513,0.0119722795753918,-3.67669093664742,"10818314"
-285.47505,392.682,-6.0666756840325,0.000323733552895163,0.0119722795753918,-3.67671015581455,"10900651"
-228.4169,511.232777777778,-6.06636596487105,0.000323842757670061,0.0119722795753918,-3.67673186814348,"10739449"
136.3832,134.442055555556,6.06287737528627,0.000325075622962545,0.0119722795753918,-3.676976598287,"10810264"
-282.44405,375.727111111111,-6.06192860558335,0.000325411813288685,0.0119722795753918,-3.67704320959607,"10928636"
-1486.7425,2374.27555555556,-6.06186176591313,0.000325435511959027,0.0119722795753918,-3.67704790314643,"10818793"
260.78705,368.781555555556,6.05990110941725,0.0003261315307722,0.0119722795753918,-3.67718563312215,"10806083"
-99.0917499999999,108.246822222222,-6.05961648681323,0.000326232706277836,0.0119722795753918,-3.67720563511529,"10927668"
-52.05755,112.226311111111,-6.0583711007162,0.000326675814537473,0.0119722795753918,-3.67729317953806,"10717056"
-661.7915,1696.59444444444,-6.0578576849848,0.000326858681220038,0.0119722795753918,-3.6773292816208,"10757448"
-26.87325,33.5704333333333,-6.05737460889209,0.000327030844840237,0.0119722795753918,-3.67736325644139,"10701100"
-134.96595,184.752133333333,-6.05502503148965,0.000327869640399817,0.0119751273104377,-3.67752858758818,"10728123"
-53.4725,151.996444444444,-6.05486053651469,0.000327928453767035,0.0119751273104377,-3.67754016777931,"10717785"
-99.4988999999999,271.346666666667,-6.05308234944489,0.000328564969057135,0.011983392017522,-3.6776653935472,"10775016"
-38.53036,76.5225555555556,-6.04272519081355,0.000332299609982053,0.012104489783062,-3.67839638807078,"10890962"
-73.9963499999998,413.277333333333,-6.04007465317949,0.000333262870203535,0.0121244601371433,-3.67858390192686,"10773922"
46.380137,45.9184322222222,6.03592974534254,0.000334775400993647,0.0121643390107318,-3.67887749822404,"10739913"
-52.28629,83.3531888888889,-6.03233628850812,0.000336092834646119,0.0121970385979524,-3.67913239183986,"10715997"
108.91411,151.759411111111,6.02954590162244,0.00033711979458294,0.012219128633928,-3.67933055137571,"10940100"
-154.80915,481.198333333333,-6.02678900935685,0.000338137830297928,0.0122408408603763,-3.6795265298759,"10701949"
24.468295,77.3714777777778,6.02376360355792,0.000339258927091673,0.0122662256139309,-3.67974182242708,"10897584"
-103.03585,284.058888888889,-6.02262359686023,0.000339682432715126,0.0122663567235348,-3.67982300855371,"10882709"
-112.7181,244.157666666667,-6.02081483296777,0.000340355575636032,0.0122683841278315,-3.67995188966997,"10783981"
-114.9745,201.068222222222,-6.02021676672616,0.000340578473597293,0.0122683841278315,-3.67999452276603,"10796662"
106.35015,388.600333333333,6.01666261702464,0.000341906425967714,0.0123010521283507,-3.68024807151493,"10804017"
133.77153,174.830233333333,6.01503769321667,0.000342515456302404,0.0123078063227779,-3.68036410092401,"10881820"
114.19349,96.1074222222222,6.01383239834017,0.000342967980959001,0.012308927021789,-3.68045021063182,"10766085"
-47.4036,120.387533333333,-6.01268499717352,0.000343399382791022,0.0123092878145484,-3.68053221936247,"10879250"
-876.69915,810.379333333333,-6.01126222175468,0.00034393515234548,0.0123133842409569,-3.68063395763673,"10717440"
-241.20005,293.109777777778,-6.00861285479812,0.000344935275588088,0.0123154503754596,-3.68082354620184,"10916232"
-127.4004,282.396,-6.00794183431458,0.000345189091762525,0.0123154503754596,-3.68087159343345,"10702383"
50.085875,54.8387888888889,6.00776096155304,0.000345257542873327,0.0123154503754596,-3.68088454651606,"10876586"
74.81366,124.167855555556,6.00397240436294,0.000346694767510732,0.0123202881085656,-3.68115605775845,"10779654"
-151.71095,475.626111111111,-6.00290280664436,0.000347101723823673,0.0123202881085656,-3.68123277954626,"10717256"
195.10412,229.127822222222,6.00241258140109,0.000347288418964394,0.0123202881085656,-3.68126795318682,"10907689"
-336.5245,1013.15955555556,-6.002050835292,0.000347426255767085,0.0123202881085656,-3.68129391248375,"10838354"
87.7834,190.498444444444,6.00185265675015,0.000347501793710482,0.0123202881085656,-3.68130813544371,"10776064"
-385.41485,536.974111111111,-5.99853094075042,0.000348770604469294,0.0123216839155793,-3.68154668268887,"10873838"
356.8933,443.116444444444,5.99843720527554,0.000348806483130831,0.0123216839155793,-3.68155341844173,"10838282"
356.8933,443.116444444444,5.99843720527554,0.000348806483130831,0.0123216839155793,-3.68155341844173,"10924172"
-59.16495,173.535666666667,-5.99696186682236,0.000349371728056561,0.0123256953258262,-3.6816594653494,"10938671"
604.9639,1082.27144444444,5.99593991350656,0.000349763860652768,0.0123256953258262,-3.68173295650165,"10833523"
-179.0716,237.507222222222,-5.99399246593967,0.000350512459153035,0.0123371939538515,-3.68187307801692,"10787611"
-225.41515,792.790888888889,-5.99115082963028,0.000351607958204342,0.0123527705527314,-3.6820777162085,"10700632"
-51.8094,109.629,-5.99065193253964,0.000351800681175891,0.0123527705527314,-3.68211366577334,"10901993"
113.4974,182.870888888889,5.98954796709585,0.000352227555415564,0.0123529121295442,-3.68219323865185,"10932836"
436.54885,571.596111111111,5.97791711131029,0.000356759802194426,0.0124637807214814,-3.68303353074479,"10928452"
339.231,1481.70333333333,5.97706242530502,0.000357095381114533,0.0124637807214814,-3.68309541983925,"10787731"
339.231,1481.70333333333,5.97706242530502,0.000357095381114533,0.0124637807214814,-3.68309541983925,"10791202"
339.231,1481.70333333333,5.97706242530502,0.000357095381114533,0.0124637807214814,-3.68309541983925,"10791204"
-34.954545,39.0286666666667,-5.97581508297997,0.000357585755627786,0.0124660027027567,-3.68318577642165,"10872770"
-36.953325,95.7459,-5.97299965116483,0.000358695335621182,0.0124897801368739,-3.68338987557513,"10923710"
-109.4284,212.041555555556,-5.97190146732244,0.000359129166578208,0.0124899993719235,-3.68346954312725,"10779733"
292.09355,619.969555555556,5.97018097058955,0.00035981000311823,0.0124987983722901,-3.68359442050145,"10860546"
-127.87435,281.614555555556,-5.96570567077157,0.000361587653095145,0.0125455020154374,-3.68391961515396,"10767175"
-43.907915,74.8872111111111,-5.96456670391631,0.000362041611768485,0.0125455020154374,-3.68400246230392,"10750539"
-468.95755,829.881222222222,-5.96356146938026,0.000362442791162771,0.0125455020154374,-3.68407561055901,"10729802"
1258.583,2670.28222222222,5.95912380791206,0.000364219691027828,0.0125901738200956,-3.68439884869425,"10940491"
123.92277,128.816266666667,5.95808444004814,0.000364637255930191,0.0125901738200956,-3.68447463177292,"10765036"
287.8126,488.312111111111,5.95711733875917,0.00036502626225854,0.0125901738200956,-3.68454517156087,"10718591"
-111.7538,320.471444444444,-5.95403036786406,0.000366271030616986,0.0126182097741092,-3.68477050025578,"10916040"
-103.63825,219.071555555556,-5.9517354528675,0.000367199451053157,0.0126352941850023,-3.6849381789036,"10884648"
275.7407,400.152222222222,5.9496461370205,0.000368046953636158,0.0126495572982667,-3.68509095778464,"10826249"
-135.1988,584.372444444444,-5.94134112867795,0.000371437170507555,0.0127510757922535,-3.68569940780444,"10714048"
251.3618,941.898555555556,5.93986658233751,0.000372042694426288,0.0127519530601992,-3.68580763089682,"10863262"
59.575745,63.1981888888889,5.93824437685249,0.000372710113109819,0.0127519530601992,-3.68592675878245,"10753875"
-118.32005,323.798111111111,-5.93762927935928,0.000372963525944835,0.0127519530601992,-3.68597194742547,"10831240"
-272.31765,735.954333333333,-5.93677477726801,0.000373315886136362,0.0127519530601992,-3.68603474100766,"10709575"
855.9501,1499.94466666667,5.93597688993238,0.000373645232406741,0.0127519530601992,-3.68609339195326,"10914478"
-54.3149,76.6162444444444,-5.9324812041717,0.000375091940179706,0.0127776974623493,-3.68635055414333,"10726255"
-32.61909,47.1504666666667,-5.93204153892601,0.000375274335000196,0.0127776974623493,-3.68638292168048,"10742466"
-44.047985,73.1933777777778,-5.92666256936631,0.000377513735518978,0.0128389828515151,-3.68677933595781,"10862836"
-130.8466,714.958555555556,-5.92267741968512,0.000379182360376257,0.0128700544237832,-3.6870735337907,"10857080"
108.11505,327.419333333333,5.92237708462391,0.00037930844317373,0.0128700544237832,-3.68709572299329,"10755983"
106.0233,295.752666666667,5.9207472776338,0.00037999345468386,0.0128756813856552,-3.68721617814712,"10848539"
144.621,257.336,5.9191031390172,0.000380685872761421,0.0128756813856552,-3.68733776541653,"10787973"
32.7408,28.1329666666667,5.91830615442546,0.000381022018286992,0.0128756813856552,-3.68739673035112,"10785588"
175.29076,152.110744444444,5.91779630824649,0.000381237228677747,0.0128756813856552,-3.68743446037216,"10797918"
348.4453,688.974777777778,5.91464527599612,0.000382570284898043,0.0128909947498479,-3.68766780191896,"10816487"
530.0396,1044.51855555556,5.91437493029731,0.000382684894944597,0.0128909947498479,-3.68768783422526,"10724637"
313.02695,413.484888888889,5.91271945655553,0.000383387541154623,0.0128909947498479,-3.68781054623604,"10829437"
207.7283,375.755888888889,5.9125590793814,0.00038345568691784,0.0128909947498479,-3.68782243815285,"10756560"
-560.353749999999,1128.94788888889,-5.91065443452356,0.000384266010693873,0.0129033876280584,-3.68796372043621,"10918600"
118.3999,264.869777777778,5.90863842705916,0.00038512577148246,0.0129174102044645,-3.6881133708627,"10927610"
107.70135,169.382666666667,5.90599665201623,0.000386255615050746,0.0129404490115739,-3.68830964023153,"10716925"
329.65691,240.385522222222,5.90242332686771,0.000387789688405047,0.0129550340718383,-3.68857542139162,"10811531"
-612.346,946.294222222222,-5.90176972584395,0.000388071013889767,0.0129550340718383,-3.68862407342771,"10785326"
67.937715,60.5156,5.90173427422837,0.000388086279546105,0.0129550340718383,-3.68862671266971,"10922857"
1023.0814,1004.92144444444,5.90085578835723,0.000388464771922037,0.0129550340718383,-3.68869212366676,"10940689"
179.23615,372.303111111111,5.89905460960685,0.000389242076886531,0.0129650343632799,-3.68882630320136,"10733056"
109.03385,149.162888888889,5.89810580300969,0.000389652227389598,0.0129650343632799,-3.68889702059542,"10802371"
219.68335,255.855444444444,5.8958415946172,0.000390632927640564,0.012965631506483,-3.68906587833415,"10816079"
51.22421,109.104855555556,5.89430455772164,0.000391300218063276,0.012965631506483,-3.68918058582255,"10820761"
76.07611,103.728244444444,5.89056583271759,0.00039292860528131,0.012965631506483,-3.6894598733306,"10815659"
33.17534,63.3107555555556,5.88897981333138,0.000393621646341191,0.012965631506483,-3.68957846683497,"10940479"
37.78805,132.799888888889,5.88831458897286,0.000393912729863833,0.012965631506483,-3.68962822908694,"10760564"
165.98735,365.254555555556,5.88785003301089,0.000394116147300207,0.012965631506483,-3.68966298750443,"10885299"
53.7933,244.407333333333,5.88767563042954,0.000394192543735562,0.012965631506483,-3.68967603796413,"10873015"
-100.20275,264.908444444444,-5.8873041638712,0.000394355317794916,0.012965631506483,-3.6897038374105,"10833189"
257.558,390.769222222222,5.88686719806728,0.000394546888058492,0.012965631506483,-3.68973654347852,"10771531"
349.62365,656.178888888889,5.88596668947936,0.000394942003974559,0.012965631506483,-3.68980396140498,"10713844"
-114.7859,466.310444444444,-5.88457950258836,0.000395551513727908,0.012965631506483,-3.6899078588662,"10841532"
-90.2083999999999,313.056777777778,-5.88442932465745,0.000395617561934956,0.012965631506483,-3.68991911006168,"10888250"
755.7235,1640.27111111111,5.8842677743648,0.000395688625282241,0.012965631506483,-3.68993121395709,"10814892"
-172.41895,438.310555555556,-5.88382471167607,0.000395883593612065,0.012965631506483,-3.68996441340111,"10735986"
120.7181,327.145888888889,5.88208223449734,0.000396651393444662,0.0129762304681885,-3.69009503260854,"10806981"
467.9598,1102.87733333333,5.87942937319901,0.000397823497362115,0.0129929321766147,-3.69029405644068,"10911546"
-91.7506999999999,218.210111111111,-5.87880089072819,0.000398101736740148,0.0129929321766147,-3.69034123508438,"10917994"
-35.58206,46.3199111111111,-5.87791077177203,0.000398496174103059,0.0129929321766147,-3.69040807278272,"10861678"
-157.9877,330.502444444444,-5.87307761634121,0.000400645421558734,0.0130375243877265,-3.69077136903197,"10872585"
82.3099,181.741777777778,5.87282887218849,0.000400756380508606,0.0130375243877265,-3.69079008397522,"10768173"
-108.24525,350.627,-5.87125991475016,0.000401457037171134,0.0130457907496301,-3.69090816819853,"10875939"
-15.612225,52.7124333333333,-5.868998189523,0.000402469444678359,0.0130641581742595,-3.69107851199669,"10796522"
75.75384,99.7940333333333,5.86738257973946,0.000403194357713631,0.0130731631145905,-3.69120027980136,"10940577"
85.62265,265.888111111111,5.86585550530184,0.000403880869300703,0.0130801578460507,-3.691315441249,"10840321"
-86.3117999999999,319.452,-5.86447940284231,0.000404500614116667,0.0130801578460507,-3.69141927283461,"10838109"
-932.72975,924.401444444444,-5.86367353160132,0.000404864035030664,0.0130801578460507,-3.69148010294523,"10747813"
157.94645,412.853222222222,5.86292697426196,0.000405201028639552,0.0130801578460507,-3.69153647191424,"10795927"
105.5016,205.59,5.86082267018795,0.000406152570502192,0.0130964030846038,-3.69169544115861,"10716990"
125.32925,117.777388888889,5.85726461591958,0.000407767091295798,0.0131202481399024,-3.69196451376501,"10812689"
-19.06616,26.0313111111111,-5.85721362089768,0.000407790282434154,0.0131202481399024,-3.69196837274903,"10887050"
-144.1428,267.781333333333,-5.85245474628892,0.000409960901953751,0.01316377430369,-3.69232881344842,"10740263"
-126.3338,294.013444444444,-5.8522724260223,0.000410044314929757,0.01316377430369,-3.69234263507956,"10810472"
-380.29945,486.712222222222,-5.85025955736637,0.000410966463123897,0.013178895997477,-3.69249529155812,"10837003"
129.05055,278.683,5.84750780697945,0.000412230814067844,0.013204946274318,-3.69270416810607,"10934620"
39.640605,61.3096666666667,5.84631051110025,0.000412782275857388,0.0132081285946306,-3.69279511708011,"10893906"
-351.3805,1245.09688888889,-5.84453981980809,0.000413599328963184,0.013219792993797,-3.69292969582151,"10888838"
447.66835,698.226111111111,5.84025966509958,0.000415581701824327,0.0132686380733288,-3.69325536522286,"10777829"
84.120915,69.4329333333333,5.82950046665543,0.000420611290695834,0.0134007227740497,-3.69407628490617,"10894161"
247.7138,365.927222222222,5.82944776479397,0.000420636091730116,0.0134007227740497,-3.69408031403883,"10754010"
-427.886475,356.861033333333,-5.82751306745,0.000421547660136256,0.0134151343608067,-3.69422827860596,"10834373"
358.3061,807.550555555556,5.82426282911659,0.000423083976212895,0.0134426464765076,-3.69447709269379,"10895027"
-120.30035,225.175777777778,-5.82373833833966,0.00042333246930879,0.0134426464765076,-3.69451727175539,"10796835"
-114.96985,273.562888888889,-5.82202431377751,0.000424145662031009,0.0134538451363452,-3.69464863026605,"10753185"
385.9539,407.835666666667,5.81795931221675,0.000426081132715382,0.0135005794047149,-3.6949604938785,"10923670"
-133.43415,654.861333333333,-5.81632201101638,0.000426863450102981,0.0135047567497783,-3.6950862384497,"10940637"
-606.1365,1534.07,-5.8157492156265,0.0004271375106728,0.0135047567497783,-3.69513024701468,"10753135"
44.65963,56.6714444444444,5.80856170206591,0.000430592995574614,0.0135992905650992,-3.69568326371513,"10815205"
20.48876,37.7500555555556,5.8050956879407,0.00043227032640493,0.0136296435044341,-3.69595046808626,"10893482"
-59.23785,149.634666666667,-5.80375586875635,0.00043292064271134,0.0136296435044341,-3.69605385001462,"10881590"
-149.44825,302.588555555556,-5.80368783695674,0.00043295369248014,0.0136296435044341,-3.69605910078776,"10726269"
26.12659,58.7017777777778,5.80180271481305,0.000433870589626361,0.0136438056031696,-3.69620464917269,"10726754"
120.49215,432.797666666667,5.80024704018474,0.000434628859984577,0.013644446922212,-3.69632483756958,"10925810"
344.5976,784.060888888889,5.79984494666073,0.000434825086759067,0.013644446922212,-3.69635591376416,"10720520"
-159.6428,354.350444444444,-5.79864050893777,0.000435413452262955,0.0136482495648175,-3.6964490275395,"10754311"
515.45485,727.029444444444,5.79643324878192,0.000436493973295964,0.0136532475171973,-3.69661977597366,"10749681"
58.48498,83.7626444444444,5.79640544017103,0.000436507605294114,0.0136532475171973,-3.6966219280702,"10752961"
-53.967725,95.4307444444444,-5.78672530313436,0.000441281516885968,0.013787805598189,-3.69737241477782,"10760768"
167.32726,143.595911111111,5.78548819653725,0.000441895750741401,0.0137922462202557,-3.69746851943346,"10879402"
78.78871,108.158244444444,5.7814649888121,0.000443899830810063,0.013840010306601,-3.69778136646244,"10856543"
318.2862,751.137333333333,5.7803239349374,0.000444470045492407,0.0138430148283744,-3.69787018022647,"10766521"
128.60985,397.166333333333,5.77817286333911,0.000445547188995408,0.0138617844295121,-3.69803771051337,"10703377"
30.49386,50.7400666666667,5.7760659475109,0.000446605010787679,0.0138766491927183,-3.69820193109026,"10766718"
-69.1263499999999,313.792777777778,-5.77533037119992,0.000446974973996986,0.0138766491927183,-3.69825929468943,"10887221"
-39.297225,115.286966666667,-5.7713084455116,0.000449003810110656,0.0139248379071897,-3.6985732189419,"10759556"
100.42095,167.143333333333,5.7694487659579,0.000449945343191797,0.013939239932137,-3.69871853091423,"10931247"
-61.8176499999999,164.271888888889,-5.7682435803499,0.000450556675624375,0.0139433927136552,-3.69881275533134,"10849712"
-38.611095,74.7952333333333,-5.76701246088887,0.000451182108157761,0.0139479726007628,-3.69890905071814,"10894540"
509.0283,1000.654,5.76489327316643,0.000452260938356084,0.0139536589280906,-3.69907491159335,"10819770"
390.9263,317.230222222222,5.764774830342,0.000452321318713693,0.0139536589280906,-3.69908418550804,"10825869"
73.629345,80.2543333333333,5.76167715003414,0.000453903627328694,0.0139877010219203,-3.69932687415266,"10705345"
-82.4903999999999,246.051,-5.76065219606673,0.000454428520331848,0.0139891199082978,-3.69940723575496,"10864269"
172.9787,344.079222222222,5.75472306412592,0.000457478065011192,0.0140673593119043,-3.69987270879243,"10939178"
711.6647,692.806222222222,5.7537590219941,0.000457976030841388,0.0140673593119043,-3.69994848862532,"10904812"
-195.84475,1010.37588888889,-5.75291079705655,0.000458414666424758,0.0140673593119043,-3.70001518687205,"10797062"
122.17155,240.006666666667,5.74816604619705,0.000460876832080526,0.0141280753120677,-3.70038866633958,"10887112"
-1654.39175,1973.23277777778,-5.7391984013275,0.000465570246866106,0.014220854035876,-3.70109634350953,"10940565"
-759.08025,883.799,-5.73667357529379,0.000466901151566108,0.014220854035876,-3.70129601362934,"10918848"
-72.584625,82.0452666666667,-5.73596724518433,0.00046727422729115,0.014220854035876,-3.70135190560531,"10745745"
-82.6813,199.897555555556,-5.73545880994821,0.000467542980408266,0.014220854035876,-3.70139214720089,"10807430"
-48.5154,201.18,-5.73497033792783,0.000467801341582172,0.014220854035876,-3.70143081589571,"10822961"
-102.6662,461.883777777778,-5.73480460586211,0.00046788903582448,0.014220854035876,-3.70144393726146,"10912558"
-92.0775,297.424666666667,-5.73454676478742,0.000468025503952994,0.014220854035876,-3.70146435269974,"10884048"
63.02065,153.630777777778,5.73328722973735,0.000468692771458511,0.014220854035876,-3.7015641087059,"10794798"
252.55135,337.146444444444,5.73314225165334,0.000468769644145185,0.014220854035876,-3.70157559405633,"10752515"
-343.67825,552.207111111111,-5.73313927894456,0.000468771220529492,0.014220854035876,-3.70157582956461,"10929396"
27.429955,45.9910111111111,5.73189525483708,0.000469431421289367,0.0142261094829332,-3.70167440825259,"10701077"
64.722805,85.4055111111111,5.72924490011345,0.000470841376650162,0.0142540517901117,-3.70188457882423,"10845046"
-58.58165,160.676111111111,-5.72736791901812,0.000471842728486435,0.0142599654446393,-3.70203354664484,"10902952"
-166.08335,645.215777777778,-5.72701572843622,0.000472030880113938,0.0142599654446393,-3.70206151003816,"10826097"
1368.4996,1067.05744444444,5.72613626308066,0.000472501079975725,0.0142599654446393,-3.7021313541978,"10729269"
47.63638,133.337844444444,5.72324375367559,0.000474051181920357,0.0142828339174832,-3.70236122830991,"10763913"
412.0783,977.885111111111,5.72234618953415,0.000474533326558652,0.0142828339174832,-3.70243260988946,"10867516"
-62.73416,73.3860111111111,-5.72198865574286,0.00047472553343863,0.0142828339174832,-3.7024610504986,"10789164"
-118.29875,271.035777777778,-5.71814725135352,0.000476796056038793,0.0143239915860991,-3.70276685950293,"10912669"
-427.15595,463.811111111111,-5.71763273409702,0.000477074136142754,0.0143239915860991,-3.70280785264807,"10813643"
-216.7606,429.190555555556,-5.71095955100109,0.000480697007061973,0.0143983999336555,-3.7033402353224,"10741831"
128.97968,129.122122222222,5.71064907274152,0.000480866301835947,0.0143983999336555,-3.70336503722869,"10919420"
-717.71,1705.52777777778,-5.70952429049576,0.000481480163003389,0.0143983999336555,-3.70345491205617,"10927468"
-248.72355,538.777,-5.70944436654815,0.000481523815129097,0.0143983999336555,-3.7034612997442,"10809251"
-580.68,1680.26,-5.70538094843548,0.000483748889931477,0.0144501432213274,-3.70378630659309,"10706339"
302.4564,1114.03366666667,5.70241139435773,0.000485382140383137,0.0144715842388816,-3.70402413271852,"10745933"
-124.57205,273.789444444444,-5.70163237266815,0.000485811606066459,0.0144715842388816,-3.70408656659381,"10828459"
27.64965,52.2774333333333,5.701199877057,0.000486050216561703,0.0144715842388816,-3.70412123630329,"10841778"
-137.174,209.105177777778,-5.70010784486686,0.000486653272024194,0.0144715842388816,-3.70420880057878,"10783669"
-207.042725,233.094011111111,-5.69936557293981,0.000487063648951166,0.0144715842388816,-3.70426833972106,"10728375"
105.93201,151.249133333333,5.6986875078511,0.000487438861198722,0.0144715842388816,-3.70432274305871,"10711299"
-38.4334,67.6265888888889,-5.69690142368856,0.000488428728300079,0.0144862506279782,-3.70446611196018,"10723723"
167.1075,355.377,5.69412067066281,0.000489974260724617,0.0145173509663377,-3.70468951242803,"10714667"
-114.8916,367.684666666667,-5.69137418906468,0.000491506033272616,0.0145410148190925,-3.70491038640385,"10913134"
1421.7395,2118.99222222222,5.69072572706566,0.000491868463668995,0.0145410148190925,-3.70496256909419,"10930624"
-422.598,1485.55666666667,-5.68999142011437,0.000492279228826514,0.0145410148190925,-3.70502167504733,"10903376"
-109.73955,288.017666666667,-5.6891258559686,0.000492763903296418,0.0145410148190925,-3.7050913669033,"10875089"
102.69305,213.879555555556,5.68433175868712,0.000495457901335527,0.0146016575466931,-3.70547777545984,"10821117"
111.8944,240.426444444444,5.68268811468421,0.000496385261757291,0.0146016575466931,-3.7056104133424,"10844587"
30.100903,23.7254511111111,5.68206312833721,0.000496738386737595,0.0146016575466931,-3.7056608694344,"10802706"
21.79895,60.5328222222222,5.68192189400245,0.000496818224187475,0.0146016575466931,-3.70567227312084,"10927372"
-225.54165,422.278666666667,-5.67640526664914,0.000499947764680034,0.014669939010353,-3.7061181714441,"10806314"
-405.38285,839.195444444444,-5.67605746686139,0.000500145794971986,0.014669939010353,-3.70614631411495,"10732534"
-516.4645,920.254222222222,-5.673044139641,0.000501865143917856,0.0147056051298057,-3.70639029396849,"10796785"
53.47245,319.980333333333,5.66926509315486,0.000504030603100999,0.0147542585561048,-3.70669665884018,"10774310"
42.03741,92.3976333333333,5.66576607026318,0.000506044778968736,0.014798390563356,-3.70698070697602,"10829674"
101.774,216.165888888889,5.66220563567851,0.000508103406168963,0.0148437329078201,-3.70727012065586,"10879690"
-66.0758,139.039577777778,-5.66124546559525,0.000508660149456392,0.0148451524537653,-3.70734823482479,"10934502"
181.4117,251.711222222222,5.65869788894167,0.000510140589425877,0.0148645817880867,-3.70755562714583,"10753600"
-57.2152,322.088222222222,-5.65834931906492,0.000510343517952043,0.0148645817880867,-3.70758401872468,"10805511"
-296.00375,531.907777777778,-5.65450430990934,0.000512587891121133,0.0149150823219251,-3.70789744572765,"10808065"
142.85163,116.741733333333,5.64941920946424,0.000515572823622001,0.0149790554728282,-3.70831264947891,"10783964"
-103.617225,138.9159,-5.64814982176291,0.00051632092990849,0.0149790554728282,-3.70841641911752,"10763863"
49.038755,62.4519222222222,5.64762531768122,0.000516630392168296,0.0149790554728282,-3.70845931050632,"10829826"
-117.7199,247.867444444444,-5.6472746489171,0.00051683740386838,0.0149790554728282,-3.70848799116823,"10906339"
-40.07358,61.8516,-5.64580162754609,0.000517707976425571,0.0149894160785893,-3.70860850830018,"10927487"
-118.5995,284.880111111111,-5.64208957842023,0.000519909008223651,0.0150382393725205,-3.708912508115,"10891026"
-144.91725,523.213333333333,-5.64007290304991,0.000521109097535316,0.0150449654933087,-3.70907784109577,"10885699"
-724.13925,1124.75833333333,-5.63996812900934,0.000521171530061902,0.0150449654933087,-3.70908643417869,"10872473"
-197.14835,440.162111111111,-5.63828025915569,0.000522178429795149,0.0150591516762443,-3.7092249117612,"10809791"
-429.84445,607.025222222222,-5.62230532654755,0.000531815039213292,0.015317722639568,-3.71053986812634,"10716078"
78.2883500000001,163.592222222222,5.62096548935213,0.000532632126974517,0.015317722639568,-3.71065051195323,"10895679"
-58.7771,136.272244444444,-5.62050125815244,0.000532915556446853,0.015317722639568,-3.71068886110519,"10754482"
-47.61295,161.327888888889,-5.61996735093121,0.000533241730829075,0.015317722639568,-3.71073297426566,"10787706"
203.69205,582.528,5.61542523288005,0.000536025502072594,0.0153608457211365,-3.71110861485112,"10884656"
-35.35965,136.138,-5.61471058960718,0.000536464946692053,0.0153608457211365,-3.71116777506266,"10879246"
287.4612,675.862333333333,5.61440207861694,0.000536654777133536,0.0153608457211365,-3.71119331936482,"10700938"
-211.71185,554.278444444444,-5.61356026321647,0.000537173132217737,0.0153608457211365,-3.7112630355454,"10730610"
-34.018395,93.5092333333333,-5.61323760774844,0.000537371956151212,0.0153608457211365,-3.71128976254534,"10700509"
-118.34895,171.764066666667,-5.61131024361544,0.000538561307729727,0.0153797947644342,-3.71144948188446,"10721892"
95.965333,54.6777511111111,5.60923431378274,0.000539845578697629,0.0154014147813208,-3.71162164147064,"10878457"
60.10523,101.065455555556,5.60643634474749,0.000541581873628092,0.0154211541418022,-3.71185389212677,"10829678"
37.40183,92.5334555555555,5.6062018412351,0.000541727674936833,0.0154211541418022,-3.71187336856221,"10787856"
-42.9186499999999,136.362444444444,-5.60553264459455,0.000542143981943119,0.0154211541418022,-3.71192895735225,"10879221"
265.0067,920.956555555556,5.6045572127733,0.000542751428473566,0.0154211541418022,-3.71201000937785,"10881461"
45.845445,40.3155333333333,5.60342655109947,0.000543456481233995,0.0154211541418022,-3.71210399698047,"10854961"
129.82245,221.903666666667,5.60253364068075,0.000544013990439726,0.0154211541418022,-3.71217824930403,"10815632"
460.42915,549.077777777778,5.60218385776788,0.000544232557000001,0.0154211541418022,-3.71220734318272,"10940647"
-64.2063,137.088866666667,-5.59971064350188,0.000545780738150489,0.0154500372910159,-3.71241316621347,"10751919"
-1200.23575,1951.85788888889,-5.59701446402369,0.000547474014379445,0.0154789271557127,-3.71263776155117,"10723020"
-28.909525,44.4731222222222,-5.59639959178172,0.000547860980317894,0.0154789271557127,-3.71268901294335,"10894814"
-141.1779,460.379666666667,-5.59193395748525,0.000550680445889615,0.0155033919483854,-3.71306159041087,"10732243"
225.30075,461.279666666667,5.5907990493813,0.000551399534113416,0.0155033919483854,-3.71315637745368,"10826602"
98.17795,370.187444444444,5.59040412729959,0.000551650002647308,0.0155033919483854,-3.71318937061753,"10824388"
-73.82525,143.870377777778,-5.58962405173085,0.000552145112186668,0.0155033919483854,-3.71325455516821,"10745618"
20.70125,37.3818555555556,5.58935384486542,0.000552316724947245,0.0155033919483854,-3.71327713858768,"10872665"
-159.08365,497.956555555556,-5.588332399181,0.000552965992126697,0.0155033919483854,-3.71336252987063,"10701440"
68.39168,43.9731722222222,5.58810441532732,0.000553111021374672,0.0155033919483854,-3.71338159342414,"10775900"
160.1663,634.824222222222,5.5875121900027,0.000553487954155231,0.0155033919483854,-3.71343112171968,"10764811"
-1358.8005,1212.93666666667,-5.58748849726971,0.000553503039712671,0.0155033919483854,-3.71343310339093,"10902868"
39.705295,70.0197777777778,5.58446556894328,0.000555431504720269,0.0155425057269137,-3.71368608670317,"10839194"
46.30306,71.1574777777778,5.58060322534725,0.000557906236034331,0.0155923300900791,-3.7140097358603,"10871616"
140.711915,91.8128888888889,5.57786965879251,0.000559665053277674,0.0155923300900791,-3.71423908088811,"10870713"
646.3799,554.341555555556,5.57765392640651,0.000559804118188735,0.0155923300900791,-3.71425719073417,"10741765"
22.54124,31.3825888888889,5.5772973525109,0.000560034055382586,0.0155923300900791,-3.71428712685234,"10910204"
233.5803,306.550666666667,5.57698287014177,0.000560236936029899,0.0155923300900791,-3.71431353249837,"10704808"
162.92237,181.905822222222,5.57670787191546,0.000560414410713462,0.0155923300900791,-3.71433662538971,"10853960"
-243.9185,483.017777777778,-5.57444561916899,0.000561876742766579,0.0156135083718319,-3.71452668763099,"10793475"
-31.91683,57.9008222222222,-5.57387771252884,0.00056224449945804,0.0156135083718319,-3.71457442536227,"10778449"
68.12548,84.5305111111111,5.56961695123346,0.000565012082211163,0.015657023344514,-3.71493290521228,"10768080"
-70.45705,374.626555555556,-5.56907536113373,0.000565364945009147,0.015657023344514,-3.71497851297712,"10829158"
-804.64825,959.820555555556,-5.56899195722858,0.00056541930678655,0.015657023344514,-3.71498553731336,"10821632"
-142.09305,334.019333333333,-5.56631251329643,0.000567168803299213,0.015685185813684,-3.71521131880349,"10776041"
85.761705,90.6168333333333,5.56566079371242,0.0005675952321249,0.015685185813684,-3.71526626977797,"10766072"
787.0072,1433.02377777778,5.56497085520419,0.000568047052470653,0.015685185813684,-3.715324457876,"10822786"
-165.2639,337.096777777778,-5.56269417847779,0.000569540789967086,0.0157092407157509,-3.71551657519613,"10872790"
34.903027,29.6076544444444,5.56200521545586,0.00056999367285192,0.0157092407157509,-3.71557474563691,"10785598"
53.64262,108.194544444444,5.56075158750404,0.000570818749088277,0.0157171526256974,-3.71568063033058,"10805524"
-70.3827499999999,406.203777777778,-5.55623915726005,0.000573799501971309,0.0157843490118548,-3.716062174063,"10924485"
117.51218,161.149955555556,5.55496464677059,0.000574644496715002,0.0157927227911873,-3.71617005586947,"10832081"
1052.7126,835.113666666667,5.55278405176935,0.000576093397557642,0.0158176621393317,-3.71635475339784,"10890860"
83.68074,142.6797,5.55142195124161,0.000577000486815695,0.0158196817855937,-3.71647020066329,"10891303"
-366.652,592.995555555556,-5.54996692130773,0.000577971198094686,0.0158196817855937,-3.71659358947847,"10785116"
-223.5733,494.186888888889,-5.54950376597407,0.000578280565156292,0.0158196817855937,-3.71663287990316,"10940629"
63.06499,95.5281444444445,5.54801646896483,0.000579275245292931,0.0158196817855937,-3.71675909653692,"10850084"
60.43166,149.174355555556,5.54800189883523,0.000579284998862823,0.0158196817855937,-3.71676033335152,"10750114"
72.17889,140.340366666667,5.54725483967871,0.000579785339086929,0.0158196817855937,-3.71682375802051,"10741861"
-143.7458,217.323777777778,-5.546317330817,0.000580413904986465,0.0158196817855937,-3.71690337685076,"10790912"
-365.7083,522.463777777778,-5.54619044153799,0.000580499037247775,0.0158196817855937,-3.71691415519446,"10888110"
357.3947,1065.14988888889,5.54395763280354,0.000581999317474657,0.0158457857042914,-3.71710390040852,"10749742"
208.3012,308.655111111111,5.54177759760024,0.000583468253499313,0.0158517236469005,-3.71728931430087,"10842433"
54.36998,122.999455555556,5.54134348991697,0.000583761247469111,0.0158517236469005,-3.71732625364544,"10776665"
310.5061,523.462111111111,5.54121909853806,0.000583845233246556,0.0158517236469005,-3.71733683953832,"10803141"
1335.2695,1947.77111111111,5.53959923655448,0.000584940135532732,0.015866704846289,-3.71747473733936,"10744134"
116.2832,226.617222222222,5.536590391403,0.000586979881871677,0.0159072637003703,-3.7177311009194,"10859567"
-236.98895,430.949777777778,-5.5342430516838,0.000588576614889648,0.0159263950094758,-3.7179313031482,"10828288"
58.19374,86.9441444444444,5.53395020142458,0.000588776155618328,0.0159263950094758,-3.71795629242766,"10868682"
-149.4565,354.022888888889,-5.53126210835954,0.000590611233634317,0.0159612549300582,-3.71818579914981,"10885945"
202.14125,623.155555555556,5.52419964205387,0.000595462603432267,0.0160774902926712,-3.7187898903492,"10934772"
73.80905,177.365222222222,5.52274764026516,0.000596465438119925,0.0160803341056096,-3.71891428663947,"10702590"
1329.9389,1365.77755555556,5.52245352808069,0.000596668794772397,0.0160803341056096,-3.71893949216133,"10724319"
1468.8055,2721.95444444444,5.51899143216354,0.000599068315593268,0.0161017244231707,-3.71923640444862,"10876313"
423.0345,850.467333333333,5.51870734614978,0.000599265681445111,0.0161017244231707,-3.7192607850532,"10911944"
241.0694,195.422055555556,5.51869695528034,0.000599272901750711,0.0161017244231707,-3.71926167685948,"10731341"
389.82625,491.685111111111,5.51812979196807,0.00059966715179057,0.0161017244231707,-3.71931035947304,"10729314"
191.31255,357.028,5.51347708561077,0.000602912157391934,0.0161739906024316,-3.71971011761255,"10759409"
-459.1273,673.721222222222,-5.51009237734508,0.000605284936287103,0.0162217798496817,-3.72000136948368,"10716064"
-163.4347,675.576555555556,-5.50935370809435,0.00060580412870551,0.0162217798496817,-3.72006498074257,"10728718"
64.41237,74.3141,5.50792313001842,0.000606811039882824,0.0162338623801619,-3.72018822667455,"10782485"
139.10127,174.501766666667,5.50709507293187,0.000607394707915388,0.0162346102443185,-3.72025959502579,"10794967"
44.92412,104.232655555556,5.5052579222758,0.00060869185540611,0.0162483049839006,-3.72041801419407,"10725043"
-49.7342,172.556111111111,-5.50421159621835,0.000609431990602218,0.0162483049839006,-3.72050828875611,"10875093"
-795.31,1847.24888888889,-5.50400870499293,0.000609575623411895,0.0162483049839006,-3.72052579784711,"10744485"
36.313705,49.4352444444444,5.49831619906091,0.000613620730533899,0.0163078618204834,-3.7210175941767,"10922060"
36.313705,49.4352444444444,5.49831619906091,0.000613620730533899,0.0163078618204834,-3.7210175941767,"10926752"
36.517487,28.6453822222222,5.49789108978912,0.00061392399628566,0.0163078618204834,-3.72105436318056,"10716624"
-471.515725,362.736455555556,-5.49627564282392,0.000615077932580359,0.0163078618204834,-3.72119414177166,"10759431"
-93.3848999999999,291.413,-5.49623283060627,0.000615108546362488,0.0163078618204834,-3.72119784730832,"10844327"
174.21725,320.414888888889,5.49468284253242,0.000616218027146797,0.0163078618204834,-3.72133204401434,"10815924"
30.32479,38.4280444444444,5.49422070053708,0.000616549253835444,0.0163078618204834,-3.72137207103732,"10816048"
-528.69115,756.131555555556,-5.49382368390659,0.000616833960143568,0.0163078618204834,-3.72140646298238,"10922002"
-528.69115,756.131555555556,-5.49382368390659,0.000616833960143568,0.0163078618204834,-3.72140646298238,"10926782"
-204.34825,533.190555555556,-5.49212884120595,0.00061805098269612,0.0163116058437855,-3.72155333813605,"10785216"
200.58515,472.836555555556,5.49207140384861,0.000618092273193351,0.0163116058437855,-3.72155831730124,"10928811"
403.1749,1025.00144444444,5.48934349699178,0.000620056804216861,0.016321570109131,-3.72179491973779,"10749070"
-723.8744,806.135444444444,-5.48795253275233,0.000621061163524616,0.016321570109131,-3.72191565723743,"10909639"
-135.8625,225.825666666667,-5.48750917632693,0.000621381669135164,0.016321570109131,-3.72195415443449,"10786036"
-55.8827,188.158444444444,-5.48749952926656,0.000621388645086834,0.016321570109131,-3.7219549921723,"10806587"
362.643,589.048666666667,5.486856468488,0.000621853847361144,0.016321570109131,-3.72201084156887,"10853750"
64.03526,107.241355555556,5.48661158805817,0.00062203109912331,0.016321570109131,-3.72203211282348,"10752764"
-219.5301,569.204666666667,-5.4861288567613,0.000622380677126444,0.016321570109131,-3.72207405045965,"10701129"
-800.3925,2766.71,-5.48493520557934,0.000623246007388437,0.0163236717531737,-3.72217778250319,"10720721"
-21.812205,27.6289666666667,-5.48386413723609,0.000624023597893962,0.0163236717531737,-3.72227090139175,"10792517"
457.8617,564.855888888889,5.48370791480785,0.000624137103727496,0.0163236717531737,-3.72228448653727,"10940628"
-123.6859,164.489088888889,-5.48006722047406,0.000626788744937683,0.0163783599236221,-3.72260130868526,"10793893"
-67.2908999999999,225.404333333333,-5.47459968662678,0.000630794228744621,0.016427509351277,-3.72307792346147,"10852892"
53.346345,42.7750666666667,5.47385257009854,0.000631343743691532,0.016427509351277,-3.72314312719698,"10712853"
78.22414,129.970644444444,5.47352760824945,0.000631582921997476,0.016427509351277,-3.72317149359458,"10765364"
258.12795,461.880333333333,5.47320659775329,0.000631819289824063,0.016427509351277,-3.72319951848169,"10833979"
320.1826,588.181777777778,5.47256766821995,0.000632290038584871,0.016427509351277,-3.72325530844976,"10768301"
247.345,390.116111111111,5.47228427252786,0.000632498961504827,0.016427509351277,-3.72328005825743,"10867364"
180.61495,427.921111111111,5.47213928895054,0.000632605874587067,0.016427509351277,-3.72329272113572,"10728538"
169.2316,254.194444444444,5.46790334082272,0.000635738312093105,0.0164771114680947,-3.72366299464927,"10753582"
238.8954,547.423333333333,5.46672185204258,0.000636615048133697,0.0164771114680947,-3.7237663766062,"10800200"
-799.725499999999,857.234444444444,-5.46641971721549,0.000636839463745444,0.0164771114680947,-3.72379282122519,"10822799"
72.75765,161.789333333333,5.4664116563465,0.000636845452279216,0.0164771114680947,-3.72379352680114,"10798471"
-479.60415,754.444,-5.46518311654599,0.000637758875896782,0.0164771114680947,-3.72390108717804,"10832680"
-80.09525,147.937711111111,-5.46499336581509,0.000637900084562715,0.0164771114680947,-3.7239177045593,"10865401"
58.608655,49.4416111111111,5.46344573049599,0.000639053087545188,0.0164923117487148,-3.72405328277912,"10766082"
-439.49025,1027.075,-5.4615154793581,0.000640494354137136,0.0165012594614317,-3.72422249032009,"10762887"
-61.2428499999999,267.252555555556,-5.46146849578207,0.000640529480018607,0.0165012594614317,-3.7242266104771,"10931056"
-73.566075,139.658166666667,-5.45937978423014,0.000642093184778639,0.0165183509762799,-3.72440985076572,"10902039"
-3679.1595,4529.8,-5.4590722498937,0.000642323773158554,0.0165183509762799,-3.72443684258908,"10911747"
42.10038,113.1559,5.45803070533734,0.000643105396672569,0.0165239059440567,-3.72452828062539,"10731941"
66.95915,203.894222222222,5.45688814377737,0.000643964030596987,0.0165314281105979,-3.72462862832632,"10830382"
411.6615,1460.72666666667,5.4545195234552,0.000645748062707614,0.0165626724354172,-3.72483679476509,"10887320"
92.2184,127.987055555556,5.4533135161862,0.000646658507301271,0.016571475116052,-3.72494285628041,"10871806"
-149.0157,189.3158,-5.45163813563596,0.000647925635349584,0.016589394838828,-3.72509027658172,"10771771"
-51.2254,251.069555555556,-5.44926308731183,0.000649726616370383,0.016620939904242,-3.72529942180594,"10859969"
301.76005,778.831777777778,5.44832231156888,0.000650441520032346,0.0166246706616141,-3.72538231772317,"10868134"
-980.02525,1338.29122222222,-5.44629818992279,0.000651982600293157,0.0166361535013135,-3.72556077180018,"10722949"
36.04994,70.4491555555555,5.44623640531907,0.000652029703532689,0.0166361535013135,-3.72556622110331,"10801596"
82.0410000000001,222.111666666667,5.441745116567,0.000655463801924912,0.0166762106752752,-3.72596268595834,"10732167"
-182.7005,450.341777777778,-5.44169719150652,0.000655500553064097,0.0166762106752752,-3.72596692012742,"10776536"
-51.394225,128.446522222222,-5.44128494715433,0.000655816774510096,0.0166762106752752,-3.72600334499172,"10712975"
-33.179695,43.3639888888889,-5.44119863484926,0.000655883003556215,0.0166762106752752,-3.72601097204517,"10704571"
-74.5670999999999,256.279666666667,-5.44009506695779,0.000656730439888591,0.0166832374529611,-3.7261085115673,"10882755"
272.85135,390.241666666667,5.43509817070368,0.00066058267361967,0.0167584785065515,-3.72655067400321,"10855062"
-904.5005,1997.95777777778,-5.43476607720794,0.000660839571422856,0.0167584785065515,-3.72658008965902,"10893849"
141.8662,405.980444444444,5.43330227843442,0.000661973232410949,0.0167681481595664,-3.72670979168018,"10703403"
126.6737,196.151222222222,5.43279212659795,0.000662368829196261,0.0167681481595664,-3.72675501126903,"10771040"
-144.7934,142.321377777778,-5.4256413939952,0.000667941283968508,0.0168907709162396,-3.72738976586323,"10843137"
60.12968,45.2528222222222,5.42509528186578,0.000668368973066781,0.0168907709162396,-3.7274383134981,"10854139"
81.5165,201.332555555556,5.42374376123327,0.000669428714198104,0.0169029303859839,-3.72755850245122,"10714264"
174.40755,378.962666666667,5.42184349900377,0.000670921853210378,0.0169260026076753,-3.72772759407382,"10903704"
251.6662,728.636444444444,5.4196324100211,0.000672663833182085,0.0169553073533921,-3.72792449691573,"10836015"
98.6831999999999,326.673,5.41797192553653,0.000673975293120921,0.0169584199632297,-3.72807247525612,"10731156"
75.8201000000001,166.803222222222,5.41761790190745,0.000674255266124652,0.0169584199632297,-3.72810403698822,"10922182"
273.98985,620.205666666667,5.41727219227501,0.000674528787474255,0.0169584199632297,-3.7281348615892,"10850988"
-698.5585,1546.78555555556,-5.41521663386729,0.000676157640261563,0.0169847543444551,-3.72831822505807,"10933589"
177.5082,930.132333333333,5.41303429203199,0.000677891688737112,0.0170020803047876,-3.72851305400463,"10700160"
140.1719,224.211222222222,5.41217514403105,0.000678575691658627,0.0170020803047876,-3.72858979867878,"10926588"
112.47805,369.087444444444,5.41215299783333,0.000678593333175268,0.0170020803047876,-3.72859177725029,"10902564"
-77.9799999999999,228.667222222222,-5.40871169802709,0.000681340782277126,0.0170562893002947,-3.72889942897189,"10915567"
-473.2325,1525.04444444444,-5.40775603587315,0.000682105925789372,0.017060824071927,-3.72898493605019,"10856424"
-626.75675,1349.16144444444,-5.40691618740761,0.000682779123297026,0.017063053300256,-3.72906010629899,"10793068"
-33.38965,101.468155555556,-5.40234340302696,0.000686457360520904,0.0171296752452557,-3.72946981024774,"10920449"
18.600675,28.6529666666667,5.40083569419866,0.000687674892407157,0.0171296752452557,-3.72960505052765,"10739816"
-2013.9945,2811.84333333333,-5.4003922835475,0.0006880334145368,0.0171296752452557,-3.72964483878363,"10854832"
196.50395,216.987388888889,5.39978682245553,0.000688523295084086,0.0171296752452557,-3.7296991789731,"10912003"
-83.62445,220.955777777778,-5.39870537977848,0.000689399247521712,0.0171296752452557,-3.72979626951755,"10782229"
151.5587,393.146222222222,5.39861356909568,0.000689473669160448,0.0171296752452557,-3.7298045139923,"10823597"
-92.0236999999998,661.032777777778,-5.3983853726002,0.000689658683218983,0.0171296752452557,-3.72982500696799,"10917924"
-112.64795,179.285644444444,-5.396374527757,0.000691291368352139,0.0171296752452557,-3.73000566551189,"10930893"
31.20356,118.585188888889,5.39619247640399,0.000691439392569324,0.0171296752452557,-3.73002202817322,"10889808"
582.2257,1339.16877777778,5.39582023784153,0.00069174216457647,0.0171296752452557,-3.73005548824881,"10903216"
62.117315,52.3447555555556,5.39563256189985,0.000691894871958709,0.0171296752452557,-3.73007235999937,"10809044"
535.6817,1199.54655555556,5.39480462799552,0.000692568983933125,0.0171318461444727,-3.73014680415837,"10742571"
278.25875,714.619555555556,5.39306955278063,0.000693984040704598,0.0171511019196016,-3.73030289010195,"10907211"
-139.7515,543.948222222222,-5.39199377022327,0.000694862999984298,0.0171511019196016,-3.73039971808291,"10857002"
75.55854,146.027533333333,5.39102337225031,0.000695656904711003,0.0171511019196016,-3.7304870945237,"10736695"
209.1527,313.049555555556,5.39097591685843,0.000695695754594642,0.0171511019196016,-3.73049136831835,"10780735"
-77.404725,117.4017,-5.39002588915126,0.000696474006941259,0.0171558108252799,-3.73057694320022,"10790651"
-485.89425,980.473,-5.3884741800254,0.000697747207437741,0.0171631011114934,-3.73071678142275,"10793840"
33.14341,59.2202444444444,5.38768991943419,0.000698391677338258,0.0171631011114934,-3.73078748931648,"10906647"
32.43274,63.7621111111111,5.38727575156303,0.000698732285559433,0.0171631011114934,-3.73082483860944,"10790886"
90.70802,121.419655555556,5.38680463038481,0.000699119953538615,0.0171631011114934,-3.73086733101825,"10820000"
239.97305,747.608888888889,5.38385008665701,0.000701556529798616,0.0171890498726349,-3.73113398659709,"10804856"
-184.01395,766.456222222222,-5.38362042252062,0.000701746321334501,0.0171890498726349,-3.73115472689995,"10885145"
74.1906,197.707,5.38334152615572,0.000701976873585611,0.0171890498726349,-3.73117991564681,"10882752"
177.77445,354.951666666667,5.38267224120649,0.00070253048360122,0.0171890498726349,-3.73124037349652,"10880691"
-607.428,1659.97,-5.38093248550359,0.000703971795656591,0.0172076302586501,-3.73139760078207,"10849875"
-1718.8115,2566.61777777778,-5.37970197867238,0.000704993177898703,0.0172076302586501,-3.73150886815125,"10782020"
44.29927,101.419544444444,5.37895357705864,0.000705615184590856,0.0172076302586501,-3.73157656698302,"10903800"
319.77985,297.985777777778,5.37823483140022,0.000706213111226989,0.0172076302586501,-3.73164160125788,"10719922"
182.47695,325.092666666667,5.37820855747413,0.000706234979123758,0.0172076302586501,-3.73164397893724,"10700546"
30.71724,60.7655666666667,5.37674040361748,0.000707458112239278,0.0172099439755656,-3.73177687825414,"10880880"
911.160999999999,1685.53444444444,5.37567277889981,0.000708349021667087,0.0172099439755656,-3.73187356752292,"10827515"
32.9302,88.4034444444444,5.374829834188,0.000709053311048613,0.0172099439755656,-3.7319499362994,"10773496"
-72.18025,160.167888888889,-5.37316963599939,0.000710442674464158,0.0172099439755656,-3.73210041758931,"10844119"
334.70315,794.402555555556,5.37315655544146,0.000710453633002399,0.0172099439755656,-3.73210160359405,"10737194"
334.70315,794.402555555556,5.37315655544146,0.000710453633002399,0.0172099439755656,-3.73210160359405,"10737201"
334.70315,794.402555555556,5.37315655544146,0.000710453633002399,0.0172099439755656,-3.73210160359405,"10737203"
160.09855,338.328111111111,5.37228795168848,0.000711181741386426,0.0172133085276413,-3.73218037241801,"10871909"
110.32195,138.370277777778,5.37110150805747,0.000712177603992836,0.0172231428170917,-3.73228800624181,"10751237"
176.21665,304.847111111111,5.36819123125532,0.000714626888308656,0.0172680809884608,-3.73255223063067,"10827696"
-603.1605,1290.86266666667,-5.36449603462286,0.000717750098362206,0.0173292160112012,-3.73288813797463,"10739490"
-29.453905,35.0964555555556,-5.36162697615096,0.000720185387198294,0.0173736547494723,-3.73314927073367,"10742288"
100.118,207.435888888889,5.35923795191221,0.000722220141570335,0.0174083656896335,-3.7333669289901,"10765411"
377.55841,351.812577777778,5.35545063607588,0.000725458782131253,0.0174720139003977,-3.73371238631792,"10771655"
969.315,1929.08666666667,5.35336805430142,0.00072724644941494,0.0175006406698584,-3.73390255896309,"10781581"
-57.0643,151.565688888889,-5.35263130871625,0.000727880022210402,0.017501470756259,-3.73396987144263,"10769186"
858.470500000001,1634.97444444444,5.35092362833974,0.000729350893162547,0.0175224152901732,-3.7341259653201,"10883583"
-831.4525,1270.76955555556,-5.34898767435514,0.000731022330553816,0.0175481399875096,-3.73430304726582,"10824892"
60.05461,92.8631777777778,5.34709999884012,0.000732656136390213,0.0175651666596876,-3.73447583838485,"10701917"
-402.2735,1064.55577777778,-5.34677925007767,0.000732934146579011,0.0175651666596876,-3.73450521088398,"10884577"
-587.584,1409.64555555556,-5.34428086393575,0.000735103601055411,0.0175993299636173,-3.73473412239847,"10807272"
240.32732,209.424822222222,5.34317551916123,0.000736065667515725,0.0175993299636173,-3.73483546746359,"10881124"
35.468844,26.7148366666667,5.34305924763197,0.000736166947885956,0.0175993299636173,-3.73484613044951,"10827713"
22.453065,66.7155,5.33769503666326,0.00074085621575266,0.0176969529738334,-3.73533858118891,"10882567"
-72.7240999999999,243.071777777778,-5.33669786494581,0.000741731529373969,0.0177033863554993,-3.73543023506962,"10797827"
-291.9255,398.172333333333,-5.33599756378672,0.000742346929763979,0.0177036107805101,-3.73549462316818,"10714818"
-84.53193,72.6409333333333,-5.33515105612779,0.000743091559764941,0.0177069142144967,-3.73557247683828,"10800865"
52.5428,115.047555555556,5.33312897516274,0.000744873603140664,0.0177280366949123,-3.73575854973076,"10749846"
24.596005,36.3669777777778,5.33276863889054,0.000745191656786207,0.0177280366949123,-3.73579172304413,"10829828"
187.235172,102.74296,5.3317717270978,0.000746072365889449,0.0177345468650076,-3.73588352447496,"10924780"
-62.0797,183.763222222222,-5.3302720810925,0.000747399362220666,0.017751388721111,-3.73602168603069,"10773358"
-455.00595,505.338333333333,-5.32959860084887,0.000747996149643581,0.017751388721111,-3.73608375898435,"10819269"
-133.531,503.096888888889,-5.32758499271404,0.000749783579718591,0.0177793648521907,-3.73626944277199,"10908308"
-277.50235,545.325222222222,-5.32171707991768,0.000755019176047626,0.0178812903520047,-3.73681135936297,"10829265"
-241.56675,573.497,-5.32139679964349,0.000755306096199556,0.0178812903520047,-3.73684097281754,"10861333"
38.64598,109.370511111111,5.3198338063255,0.000756708007717013,0.0178876296702722,-3.73698554052449,"10831802"
-900.4797,925.798,-5.31973306774752,0.000756798462122835,0.0178876296702722,-3.73699486119525,"10742254"
-42.623325,78.189,-5.31507055285322,0.000760998006288366,0.0179723490345257,-3.73742664310721,"10908810"
557.90165,497.463888888889,5.31282253900703,0.000763031934422174,0.0179899973106804,-3.73763509848356,"10787517"
132.05,211.891888888889,5.31006400047017,0.000765535925388778,0.0179899973106804,-3.73789113750953,"10938483"
133.93286,152.793855555556,5.30986518438337,0.000765716743598098,0.0179899973106804,-3.73790960137313,"10915778"
-100.4694,428.461333333333,-5.30961128506774,0.000765947726771426,0.0179899973106804,-3.73793318279248,"10709200"
61.32747,110.006933333333,5.30932646926356,0.000766206927023623,0.0179899973106804,-3.73795963835135,"10877530"
741.6645,1703.66666666667,5.30869018983649,0.000766786329062792,0.0179899973106804,-3.73801875049811,"10812021"
-99.2504999999999,225.387666666667,-5.30855700753736,0.000766907666970568,0.0179899973106804,-3.73803112531671,"10828638"
-552.531,496.856666666667,-5.30744139180119,0.000767924894901351,0.0179899973106804,-3.73813480890133,"10754876"
309.5898,625.837666666667,5.30686226715164,0.00076845352950187,0.0179899973106804,-3.73818864917429,"10731168"
-2645.816725,2092.23345555556,-5.30681400323864,0.000768497603629983,0.0179899973106804,-3.73819313672634,"10822294"
37.33365,89.0268333333333,5.30653305141367,0.000768754221145756,0.0179899973106804,-3.73821926110629,"10781156"
-261.31145,493.379777777778,-5.30564600604261,0.000769565053546064,0.0179899973106804,-3.738301761562,"10816688"
-76.79105,221.028444444444,-5.30544306599423,0.000769750689339034,0.0179899973106804,-3.73832064009372,"10737874"
-65.06525,406.626111111111,-5.30432444250073,0.000770774812697426,0.0179901184513663,-3.73842472636462,"10803588"
-303.2668,587.247555555556,-5.30365376633776,0.000771389547848008,0.0179901184513663,-3.73848715301613,"10779485"
38.294945,74.9332555555555,5.30342071456056,0.000771603286765318,0.0179901184513663,-3.73850884924075,"10833818"
-273.03575,884.899777777778,-5.30230402222866,0.000772628341748094,0.0179920639012072,-3.73861283567326,"10929491"
53.152395,61.7918666666667,5.30153507404417,0.000773335057799474,0.0179920639012072,-3.73868446582054,"10787794"
239.08005,346.959,5.30120640055821,0.000773637347644086,0.0179920639012072,-3.73871508926444,"10861617"
-69.340475,144.075611111111,-5.29979499327805,0.000774936931806694,0.0179920639012072,-3.73884663759467,"10819329"
-52.8139,188.059555555556,-5.29958004982265,0.000775135055829848,0.0179920639012072,-3.73886667730538,"10926232"
989.275,3296.50777777778,5.2993122742219,0.000775381955624695,0.0179920639012072,-3.73889164497848,"10935762"
290.56777,167.021711111111,5.29718665500506,0.000777344925969082,0.0180232973549689,-3.73908993009372,"10740952"
-105.03905,220.787777777778,-5.29389266729437,0.000780397645716806,0.0180797278524748,-3.73939752139702,"10717325"
1026.3853,1187.53344444444,5.29000690158611,0.000784015723371342,0.0181491563728767,-3.73976086834404,"10866283"
-337.90695,516.436333333333,-5.28800513542019,0.000785886769620691,0.0181708220134804,-3.73994825748202,"10824268"
-133.3072,185.861955555556,-5.28767520358095,0.000786195626242188,0.0181708220134804,-3.73997915672638,"10798646"
-112.93565,350.965777777778,-5.28672912299574,0.000787082012388712,0.018175191931547,-3.74006778191105,"10797911"
417.7976,1199.12522222222,5.28614590383444,0.000787628978754654,0.018175191931547,-3.74012243152762,"10863886"
-79.4464000000001,280.405888888889,-5.28459088952373,0.000789089373301664,0.0181945200881096,-3.7402682009218,"10871423"
-470.257975,480.268255555556,-5.28382626195374,0.00078980856419229,0.0181967408472504,-3.74033990989746,"10758064"
50.38872,95.1692666666667,5.28157945985634,0.000791926019077506,0.0182189162957683,-3.74055074221017,"10721834"
-74.8429,233.536888888889,-5.28148165264969,0.00079201833694892,0.0182189162957683,-3.74055992420181,"10857412"
62.5407999999999,214.206111111111,5.27898637657094,0.000794377566167215,0.0182569651889597,-3.74079429251825,"10700656"
-56.6211,203.264666666667,-5.27841139838473,0.000794922287956347,0.0182569651889597,-3.74084832878427,"10940579"
-127.7797,281.833222222222,-5.27409596906394,0.000799023736913462,0.0183367474078475,-3.74125426905718,"10906391"
-109.01745,331.597,-5.27281766928272,0.000800243105515832,0.0183503156079588,-3.74137464316697,"10721517"
-341.66395,913.041555555556,-5.27109361803253,0.000801890910747108,0.0183736792678949,-3.74153708530782,"10788348"
-115.9014,430.118666666667,-5.26947093008066,0.000803445236775117,0.0183948661027808,-3.7416900743004,"10913218"
-93.90845,188.527111111111,-5.26526172280691,0.000807492544501416,0.0184623339187914,-3.74208736431417,"10734822"
37.90873,60.6855444444444,5.26509220243011,0.000807656012467151,0.0184623339187914,-3.74210337799709,"10794204"
98.9305,203.250111111111,5.26113193922832,0.000811485231533229,0.0185239068817112,-3.74247777718425,"10723609"
-291.6468,828.4,-5.2601204886432,0.000812466403407798,0.0185239068817112,-3.74257348923493,"10860548"
262.5375,469.102333333333,5.25967388527545,0.000812900051421199,0.0185239068817112,-3.74261576237701,"10720847"
333.2995,1567.36111111111,5.2585512703919,0.000813991222502522,0.0185239068817112,-3.74272205499891,"10882730"
55.04466,33.3280333333333,5.25782321191766,0.000814699747367378,0.0185239068817112,-3.74279101410974,"10850775"
-305.24725,1051.95455555556,-5.25780067099611,0.000814721694316797,0.0185239068817112,-3.74279314941093,"10808440"
120.26105,148.544555555556,5.25773244440976,0.0008147881270281,0.0185239068817112,-3.74279961262626,"10789301"
117.78576,111.578966666667,5.25567488845583,0.000816794378377543,0.0185550785147135,-3.74299460718184,"10876206"
-111.92915,313.292111111111,-5.25413398909322,0.000818300404606994,0.0185693384097315,-3.74314073832175,"10850459"
304.5635,969.750555555556,5.25373244440763,0.000818693361803732,0.0185693384097315,-3.74317883289088,"10758020"
242.8974,449.644,5.2509652122963,0.000821407048762801,0.0186164356264984,-3.74344151890757,"10939909"
-155.52945,308.964,-5.24991554063177,0.000822438989500512,0.0186211770815493,-3.74354123393876,"10715875"
134.1601,348.168111111111,5.24945615114138,0.000822891066347648,0.0186211770815493,-3.74358488683625,"10832323"
-98.4656999999997,453.490666666667,-5.24787936027237,0.00082444483222229,0.018641897313113,-3.74373477751069,"10806151"
99.1128,162.933333333333,5.24639782375807,0.000825907667414258,0.0186605310099305,-3.74387569534607,"10745303"
-194.71455,324.107,-5.24285422110127,0.000829418101216079,0.0187253635308551,-3.74421307162289,"10918535"
25.30523,107.574788888889,5.24153286565372,0.000830731274833681,0.0187287253655423,-3.7443389907862,"10708306"
524.6255,1422.70388888889,5.24141433352304,0.000830849184423319,0.0187287253655423,-3.74435028945936,"10884961"
549.2462,674.287222222222,5.23940120105688,0.000832854549556958,0.0187535239528488,-3.74454226247258,"10917034"
111.4617,218.220333333333,5.23902170178581,0.000833233178982603,0.0187535239528488,-3.74457846816344,"10935672"
75.6419500000001,322.559444444444,5.23781754812672,0.000834435823061652,0.0187557621708737,-3.74469338374424,"10758711"
590.6366,682.824555555556,5.23728295827164,0.000834970352850026,0.0187557621708737,-3.74474441798661,"10930421"
-75.3307,252.548888888889,-5.23627928463802,0.000835974928427598,0.0187557621708737,-3.74484026108361,"10849933"
491.6689,1324.17811111111,5.23544750403344,0.000836808461031901,0.0187557621708737,-3.74491971752059,"10940452"
273.54935,700.531888888889,5.23445348255019,0.000837805771995821,0.0187557621708737,-3.74501470519407,"10911296"
39.69407,51.8648888888889,5.23440652989363,0.000837852912262308,0.0187557621708737,-3.74501919283237,"10857456"
125.6676,448.167666666667,5.23437412607452,0.000837885447254761,0.0187557621708737,-3.74502228996958,"10763477"
192.6879,367.243666666667,5.23336620509887,0.000838898140552037,0.0187557621708737,-3.74511864555201,"10908896"
-355.0833,447.301,-5.23315477704095,0.000839110739964807,0.0187557621708737,-3.74513886242534,"10918501"
59.389195,68.7783777777778,5.22892617092756,0.000843375206580662,0.0188338340896238,-3.74554354673035,"10762343"
-159.26085,378.246,-5.2284143719561,0.000843892956230492,0.0188338340896238,-3.74559257099733,"10829927"
-147.648,525.890666666667,-5.22623365277691,0.000846102940787676,0.0188501472961439,-3.74580156531774,"10738530"
219.68855,769.124555555556,5.22562046789273,0.000846725497323439,0.0188501472961439,-3.74586036264825,"10868935"
119.18925,268.797,5.22530670785524,0.000847044247005299,0.0188501472961439,-3.74589045392294,"10796386"
-257.85835,568.981888888889,-5.22514863724539,0.000847204881215751,0.0188501472961439,-3.74590561510886,"10917518"
-331.8014,590.600111111111,-5.22158634124804,0.000850833824973297,0.0189164835333104,-3.74624753180286,"10705631"
136.71159,171.618866666667,5.2198353550135,0.00085262381653656,0.0189370293214533,-3.74641576559787,"10901204"
-29.565005,73.5049777777778,-5.21941477762919,0.000853054377594048,0.0189370293214533,-3.74645619118716,"10884189"
511.8498,962.458,5.21782512409651,0.000854683921322128,0.0189587973253642,-3.74660904613887,"10885516"
-937.646749999999,1146.60011111111,-5.21636482436463,0.000856183873744341,0.018967789941392,-3.74674954467292,"10828351"
-64.04373,67.6034,-5.21616644771125,0.000856387859680153,0.018967789941392,-3.74676863695341,"10939732"
358.695,196.6915,5.21478293455066,0.000857811975681264,0.018984938679964,-3.7469018300309,"10802422"
203.14495,247.839444444444,5.20529111612873,0.000867652660381587,0.0191815545624938,-3.74781752223867,"10939084"
285.51925,754.631444444444,5.20439107075046,0.000868592192176413,0.0191815545624938,-3.74790452356116,"10703400"
34.9444,174.504444444444,5.20432079804429,0.000868665594789459,0.0191815545624938,-3.74791131760878,"10767098"
-213.6741,701.458333333333,-5.19890496355619,0.000874343159829469,0.0192923421988354,-3.74843547575483,"10778311"
556.18975,703.514444444444,5.19778165214989,0.000875525844499457,0.0192972345392935,-3.74854432850529,"10713796"
-491.61,1680.20666666667,-5.19743992726814,0.000875885979294281,0.0192972345392935,-3.74857745209222,"10833451"
315.4687,530.766111111111,5.19597951073307,0.000877426904771216,0.0193166161235767,-3.74871905983398,"10896040"
-141.47535,742.941666666667,-5.19436449953945,0.000879134408745724,0.0193396329948024,-3.74887574970442,"10790752"
51.59092,110.286877777778,5.19105754055454,0.000882642137372771,0.0194021876608037,-3.74919689574097,"10791545"
17.79164,51.5020555555556,5.18880995799873,0.0008850349301246,0.0194076490226128,-3.74941539515592,"10865960"
775.13175,598.651,5.18849173729126,0.000885374284503975,0.0194076490226128,-3.74944634624705,"10799291"
19.984107,22.0277933333333,5.18844182864609,0.000885427520620831,0.0194076490226128,-3.74945120085158,"10701430"
58.5807,158.656666666667,5.18794756383963,0.000885954928175134,0.0194076490226128,-3.74949928289581,"10714031"
315.9794,1082.02588888889,5.18680632018367,0.000887174013592017,0.0194076490226128,-3.74961033769789,"10857610"
221.84365,539.801777777778,5.18678510382754,0.000887196694473621,0.0194076490226128,-3.74961240272726,"10850362"
-1825.9555,2626.68222222222,-5.1864632212039,0.000887540874040212,0.0194076490226128,-3.7496437342457,"10854847"
151.31965,361.374777777778,5.18506597665433,0.000889036603916881,0.0194174971807819,-3.74977978439329,"10903013"
198.5422,229.019777777778,5.1838886942512,0.000890299012571091,0.0194174971807819,-3.74989447317116,"10799087"
39.915315,69.4095,5.18361457402601,0.000890593235673895,0.0194174971807819,-3.74992118488894,"10739525"
-118.7923,354.926222222222,-5.18238738876915,0.000891911725084201,0.0194174971807819,-3.75004080259962,"10766672"
-189.299,1386.28111111111,-5.18235341931515,0.000891948252330047,0.0194174971807819,-3.75004411451022,"10756899"
-144.58745,533.504111111111,-5.18090925761833,0.000893502672573257,0.0194174971807819,-3.75018495533696,"10765130"
-79.0311500000001,204.463444444444,-5.18066911754196,0.000893761434628575,0.0194174971807819,-3.75020838236519,"10789138"
-360.95365,789.750555555556,-5.18045953978837,0.000893987331493984,0.0194174971807819,-3.7502288296229,"10801929"
-131.74525,208.573555555556,-5.18040158146394,0.000894049813883896,0.0194174971807819,-3.75023448456185,"10819662"
75.7851,145.540666666667,5.17948884427885,0.000895034428330808,0.0194174971807819,-3.75032355599291,"10764231"
156.47175,358.208,5.17924048604136,0.00089530255023322,0.0194174971807819,-3.75034779794817,"10900419"
-76.2401,118.119111111111,-5.17456254254974,0.000900369233438829,0.0195075007965076,-3.75080483679604,"10822757"
72.26845,190.932111111111,5.17417726215684,0.000900787929571051,0.0195075007965076,-3.7508425154525,"10782597"
257.7414,1099.32033333333,5.16766069918961,0.000907902107296031,0.0196353092059919,-3.7514806472518,"10874923"
-74.320725,102.660366666667,-5.1675404941407,0.000908033913099715,0.0196353092059919,-3.75149243322939,"10877888"
249.6932,446.123555555556,5.16611656249281,0.000909596862288009,0.0196464852379169,-3.7516320894596,"10904707"
27.519505,49.5809111111111,5.16524244188561,0.000910557783138564,0.0196464852379169,-3.75171785906748,"10700360"
-356.14385,616.981444444444,-5.1644792091849,0.000911397714765513,0.0196464852379169,-3.75179277169921,"10715889"
-62.380275,112.095433333333,-5.16401649716036,0.000911907339155322,0.0196464852379169,-3.7518381983497,"10937501"
427.25115,657.169,5.16340779554871,0.000912578230103191,0.0196464852379169,-3.75189796974479,"10835942"
-180.43525,758.730555555556,-5.1630446097742,0.000912978779200267,0.0196464852379169,-3.75193363936734,"10715071"
49.248825,37.6260666666667,5.16184393358259,0.000914304348913034,0.0196464852379169,-3.75205159685549,"10899981"
-36.326985,85.9135333333333,-5.16162151633456,0.000914550133329049,0.0196464852379169,-3.75207345364214,"10922243"
63.0015,157.782666666667,5.16152107908105,0.000914661146257172,0.0196464852379169,-3.7520833241501,"10808764"
-2236.07625,2192.74233333333,-5.16074358189426,0.000915521010863545,0.0196464852379169,-3.75215974580679,"10839367"
-27.3907,100.908155555556,-5.1598696329205,0.000916488602980523,0.0196464852379169,-3.75224567503627,"10780278"
278.51865,838.960666666667,5.15922919891621,0.000917198370665191,0.0196464852379169,-3.75230866263573,"10743343"
128.8115,535.786555555556,5.15914360251095,0.00091729327940435,0.0196464852379169,-3.752317082334,"10723224"
-72.0235,416.458555555556,-5.15847431466595,0.000918035752620468,0.0196479827670728,-3.75238292640423,"10717831"
-370.65565,853.620555555556,-5.15689673265881,0.000919788447373347,0.0196710832368704,-3.75253819456005,"10727398"
-80.3451,278.512666666667,-5.15556993534901,0.000921265359291416,0.0196882561860566,-3.75266885267721,"10825276"
35.004425,51.3245222222222,5.15294657176793,0.000924193186782616,0.019724440987192,-3.75292738724065,"10877251"
-234.0164,329.129111111111,-5.15284309378479,0.000924308883119936,0.019724440987192,-3.75293759040089,"10883982"
-50.018975,110.842744444444,-5.14775183161932,0.000930020953733552,0.0198163588096974,-3.75344009969078,"10855369"
-162.85005,413.045,-5.1472127793912,0.000930627996792996,0.0198163588096974,-3.75349336169102,"10763976"
-58.40097,86.9605333333333,-5.14675560022408,0.000931143180391325,0.0198163588096974,-3.75353854269581,"10896086"
308.73125,681.188888888889,5.14659030734131,0.000931329521657921,0.0198163588096974,-3.75355487981056,"10822938"
106.1036,164.031055555556,5.14496987677623,0.000933158463116169,0.0198408233926316,-3.75371509368045,"10750580"
81.66883,139.397677777778,5.14357903093707,0.000934731416656021,0.0198598135317738,-3.75385268754192,"10741799"
-542.35025,1399.75144444444,-5.14105817614461,0.000937589744522747,0.0199060659858194,-3.75410225800256,"10929910"
-309.928,725.666222222222,-5.13807829371819,0.000940980909104387,0.0199591421254153,-3.75439758417971,"10885740"
452.0913,681.006666666667,5.13766169401341,0.000941456077525239,0.0199591421254153,-3.75443889884468,"10872098"
-104.84006,88.3451577777778,-5.13650075078637,0.000942781622553619,0.0199702519642101,-3.75455406569139,"10761301"
43.69973,107.740122222222,5.13449154474134,0.000945080533931301,0.0199702519642101,-3.75475350220339,"10851263"
-169.32705,547.587333333333,-5.13441891940223,0.000945163745976607,0.0199702519642101,-3.75476071396781,"10822075"
407.8613,648.340888888889,5.13421551185949,0.000945396847274788,0.0199702519642101,-3.75478091359592,"10719411"
-556.7575,1390.70622222222,-5.13421446745027,0.000945398044311037,0.0199702519642101,-3.75478101731628,"10870644"
140.382,430.964,5.13360033573271,0.000946102211173605,0.0199706864141804,-3.75484201397307,"10798386"
23.805575,35.7224555555556,5.13224551625398,0.000947657687786071,0.0199890770332002,-3.75497662782086,"10900318"
-103.8478,209.204222222222,-5.13041330128517,0.000949765723494412,0.0200190879120965,-3.75515878650592,"10879090"
26.83239,52.5426666666667,5.12980234747635,0.00095046979172192,0.0200194841350859,-3.75521955592644,"10853238"
-1720.54375,2301.10188888889,-5.12757321816035,0.000953043512123741,0.0200592313855785,-3.75544140024143,"10794172"
-93.4234499999999,407.731666666667,-5.12615735058632,0.000954682216695723,0.0200792557800928,-3.75558240668849,"10788139"
-99.6246,297.369,-5.12403632722169,0.00095714283692303,0.0201165257826399,-3.75579378290685,"10702025"
260.72275,259.714777777778,5.12227229507274,0.000959194600580454,0.0201451553280786,-3.75596971314552,"10908319"
323.66005,683.228111111111,5.12143967225112,0.00096016470600899,0.0201510429032663,-3.75605279351474,"10873325"
442.00325,404.767888888889,5.11943160894828,0.000962508765337701,0.0201857365905065,-3.75625327024014,"10741907"
-66.2330999999999,198.273666666667,-5.1163589877719,0.000966107651748931,0.0202262720408999,-3.75656032689898,"10848596"
22.884975,47.44,5.11622631974633,0.000966263374196779,0.0202262720408999,-3.75657359297787,"10812013"
-445.9333,448.853222222222,-5.11572881033553,0.000966847583368823,0.0202262720408999,-3.75662334721532,"10878448"
237.50005,457.254777777778,5.11541949606763,0.000967210996136687,0.0202262720408999,-3.75665428547627,"10769788"
-68.5514,145.271711111111,-5.11186251845144,0.000971400853555163,0.0202993594676399,-3.75701032565747,"10747858"
-86.2228499999999,268.013333333333,-5.11092155537623,0.000972512561176908,0.020308064304662,-3.75710459380009,"10934286"
428.0917,1190.05377777778,5.10640170433134,0.00097787203144679,0.0204053953762047,-3.75755787874382,"10853819"
-27.84071,72.2030111111111,-5.10454854089481,0.000980078787320113,0.0204368463188935,-3.75774395528216,"10823425"
-46.401675,88.9517333333333,-5.10352602545199,0.000981298738249542,0.0204476899709145,-3.75784668291656,"10869555"
49.04869,103.145977777778,5.10256266222454,0.000982449637167256,0.0204535009178007,-3.75794350465897,"10824844"
241.55055,421.543,5.10175927281893,0.000983410551089872,0.0204535009178007,-3.75802427577802,"10831804"
97.12825,139.060611111111,5.10027432018352,0.00098518937653184,0.0204535009178007,-3.75817363540958,"10729777"
-100.83505,431.894222222222,-5.10011083232321,0.000985385433962029,0.0204535009178007,-3.75819008455966,"10884220"
224.9615,572.253888888889,5.09996872760569,0.000985555883076609,0.0204535009178007,-3.75820438310666,"10820004"
423.7222,1017.84877777778,5.09978327931967,0.000985778369694781,0.0204535009178007,-3.75822304404698,"10824884"
123.05175,343.026666666667,5.09862575373783,0.000987168323865486,0.0204678037000754,-3.75833955136007,"10839222"
310.07175,691.412666666667,5.09732527546127,0.00098873249625851,0.0204795375251349,-3.75847050889128,"10782704"
192.49558,186.840011111111,5.09667433622529,0.00098951644369196,0.0204795375251349,-3.75853608270041,"10759585"
451.02135,579.935333333333,5.09584245407534,0.000990519297641564,0.0204795375251349,-3.75861990803961,"10833198"
-215.78515,534.256888888889,-5.09536773992736,0.000991092075765288,0.0204795375251349,-3.75866775502261,"10757195"
-167.058375,240.693633333333,-5.0946435370705,0.000991966579585209,0.0204795375251349,-3.75874076505124,"10729854"
-289.78975,1103.59455555556,-5.09442425592608,0.000992231536957751,0.0204795375251349,-3.75876287573592,"10772699"
-151.0564,363.941222222222,-5.09408519631498,0.000992641375217053,0.0204795375251349,-3.75879706765587,"10704223"
-166.3319,284.516111111111,-5.09286143044603,0.000994122144862928,0.0204956135074281,-3.75892051336561,"10857435"
-44.91948,73.2112666666667,-5.09197430333847,0.000995197090451074,0.0205033059241451,-3.75901003735397,"10804013"
-49.40515,250.858555555556,-5.08432529627339,0.0010045184908686,0.020680763349003,-3.75978319888332,"10838278"
-378.04095,953.411,-5.08311295258296,0.00100600466175218,0.0206967747805832,-3.7599059511252,"10823609"
-116.720725,117.082922222222,-5.08162442899403,0.00100783268598555,0.0207197917581857,-3.76005674530078,"10760644"
-106.00285,311.765222222222,-5.08039175423246,0.0010093492610973,0.0207298827603444,-3.76018168608377,"10891339"
-119.80255,457.605222222222,-5.08007229967917,0.00100974269760971,0.0207298827603444,-3.76021407483543,"10740747"
132.6494,223.085888888889,5.07932765983707,0.00101066043945618,0.0207341531448546,-3.76028958755667,"10773463"
309.9529,495.358444444444,5.07854074749333,0.00101163127333973,0.020739505978489,-3.7603694105322,"10810410"
293.92075,664.197444444444,5.07757314615816,0.00101282642787073,0.0207494468890712,-3.7604675953444,"10732712"
-186.6447,530.744,-5.0745870522343,0.00101652452722522,0.0207949101861013,-3.7607708315389,"10802650"
131.96395,289.799444444444,5.0744209781918,0.00101673063357998,0.0207949101861013,-3.76078770647671,"10756622"
-203.6265,1188.03333333333,-5.07397856432576,0.00101727991508265,0.0207949101861013,-3.76083266581403,"10940364"
1283.5616,1537.10022222222,5.07348519429436,0.00101789284473625,0.0207949101861013,-3.76088281247046,"10866512"
-46.54665,193.3,-5.07077028710086,0.00102127290499682,0.0208493827020104,-3.76115892861851,"10846173"
149.1226,239.992111111111,5.0700546965064,0.0010221658605873,0.0208530401195513,-3.76123175480283,"10908291"
-22.2000475,28.6497722222222,-5.06562638965651,0.00102771080812557,0.0209515307387163,-3.76168287241277,"10807933"
105.59605,169.110777777778,5.0636786789503,0.00103016007350095,0.0209809961156684,-3.76188153148611,"10873918"
488.0414,962.528888888889,5.06333532674348,0.00103059250448361,0.0209809961156684,-3.76191656751998,"10725105"
-661.32775,1147.35055555556,-5.05965883653695,0.00103523529457646,0.0210466049202779,-3.76229201047405,"10875698"
39.263555,41.1836888888889,5.05938229260417,0.00103558544796479,0.0210466049202779,-3.7623202725789,"10799833"
-800.462,885.311111111111,-5.05907355780847,0.00103597651384129,0.0210466049202779,-3.76235182805874,"10828344"
86.20801,79.8042111111111,5.05747375589279,0.0010380055299756,0.0210675243847157,-3.76251540221907,"10906934"
180.5907,387.517333333333,5.05712492906877,0.00103844852173583,0.0210675243847157,-3.76255108190115,"10851753"
281.72795,611.468222222222,5.05539249393877,0.00104065169197424,0.0210975701105729,-3.76272835457307,"10818108"
-1986.8555,1946.04711111111,-5.05205794194012,0.00104490672104869,0.0211636465099279,-3.76306989745495,"10908879"
63.34965,109.219,5.05170373288174,0.00104535982453022,0.0211636465099279,-3.76310620319398,"10909597"
-225.32335,443.581888888889,-5.04943462173633,0.00104826757374177,0.0212066643085685,-3.76333889998173,"10843125"
171.2224,246.531444444444,5.04771214467587,0.00105048075059033,0.0212066643085685,-3.76351567516093,"10871369"
-171.14925,468.998666666667,-5.04649807566918,0.00105204375677078,0.0212066643085685,-3.76364034355747,"10776807"
515.0566,937.767444444444,5.04642671107863,0.0010521357115331,0.0212066643085685,-3.76364767354267,"10843863"
145.74805,366.645111111111,5.04608634502887,0.00105257440133828,0.0212066643085685,-3.76368263591802,"10766835"
-60.9248499999999,151.379288888889,-5.04561491634192,0.00105318234542786,0.0212066643085685,-3.76373106859601,"10914833"
156.896,148.414055555556,5.0454512160712,0.00105339353959802,0.0212066643085685,-3.7637478885539,"10767951"
-50.61803,82.4692777777778,-5.04464578249423,0.00105443332670814,0.0212066643085685,-3.76383066107021,"10767247"
517.41395,510.382555555556,5.04422937742164,0.00105497133185958,0.0212066643085685,-3.76387346409483,"10868627"
146.35295,190.288555555556,5.04418417372559,0.00105502975417525,0.0212066643085685,-3.76387811107627,"10728830"
-245.58615,412.419,-5.04304211948358,0.00105650694737708,0.0212066643085685,-3.7639955421045,"10800562"
-65.8310999999999,427.399333333333,-5.04248528598093,0.00105722800605236,0.0212066643085685,-3.76405281687394,"10781752"
159.71755,209.120777777778,5.04219859980735,0.00105759945372181,0.0212066643085685,-3.76408230961775,"10940598"
51.09515,53.4772555555556,5.04216163544209,0.00105764735734868,0.0212066643085685,-3.76408611255107,"10712986"
165.767,299.806222222222,5.0407566188407,0.00105946993748137,0.0212145104807141,-3.76423070224398,"10933574"
-137.89385,138.234844444444,-5.04044072722726,0.00105988018356793,0.0212145104807141,-3.76426322128157,"10912307"
-2500.99475,2210.32077777778,-5.04014712596825,0.00106026163723897,0.0212145104807141,-3.76429344921115,"10740713"
-126.35425,139.528555555556,-5.03962268529229,0.00106094337688517,0.0212145104807141,-3.76434745187397,"10940538"
-87.3657500000002,433.929777777778,-5.0343441893696,0.00106783186628402,0.0213136676507863,-3.76489159573551,"10888758"
-181.18005,399.958333333333,-5.03417263380848,0.00106805656776567,0.0213136676507863,-3.76490929941328,"10775001"
-294.256,1307.39555555556,-5.03414637590283,0.00106809096463172,0.0213136676507863,-3.7649120092012,"10808290"
-511.946499999999,2178.21222222222,-5.0317775492684,0.001071199031951,0.0213610979654721,-3.7651565822441,"10897146"
-53.17235,122.640844444444,-5.03094836371701,0.00107228931943522,0.0213682538731109,-3.76524224542199,"10718720"
144.5362,397.372111111111,5.02880516406871,0.00107511302079987,0.0214043451100537,-3.76546378607097,"10793394"
-118.83065,479.580777777778,-5.02782488192501,0.00107640727027352,0.0214043451100537,-3.76556517787285,"10940613"
101.59355,178.077888888889,5.02723010119674,0.00107719337998769,0.0214043451100537,-3.76562671542798,"10771669"
-231.96705,606.316333333333,-5.02719041344753,0.00107724585684215,0.0214043451100537,-3.76563082212659,"10938858"
15.884615,35.7296888888889,5.02666266922222,0.00107794392903685,0.0214043451100537,-3.76568543653891,"10701399"
32.29149,32.7398333333333,5.02624520876576,0.00107849647436158,0.0214043451100537,-3.76572864592512,"10796881"
-54.79395,213.556333333333,-5.02538863618288,0.00107963119359029,0.0214123188659516,-3.7658173274969,"10830135"
39.405277,29.7839544444444,5.02446195852594,0.0010808602538936,0.0214221515992183,-3.76591330002084,"10766080"
28.36836,38.8363,5.02185744704014,0.0010843228459488,0.0214651930842636,-3.76618322284319,"10866970"
-532.03555,604.492555555556,-5.02172336004491,0.0010845014374058,0.0214651930842636,-3.76619712649348,"10803815"
97.376,177.237722222222,5.02018431196268,0.00108655361348986,0.0214900274882322,-3.76635676373099,"10737429"
197.95809,190.005533333333,5.01949814560923,0.00108746992114284,0.0214900274882322,-3.76642796658587,"10722720"
-17.599205,44.5636111111111,-5.01912918193305,0.00108796298538699,0.0214900274882322,-3.76646626138437,"10717459"
-122.4569,155.565111111111,-5.01755430208161,0.00109007032677688,0.0215171044097701,-3.76662977957828,"10940631"
625.787,1590.87555555556,5.01372266980278,0.00109521609734486,0.0216040803969161,-3.76702802834327,"10932126"
96.2514500000001,300.679222222222,5.01264011367927,0.00109667474992196,0.0216079247472603,-3.76714065256609,"10911315"
229.36835,353.044888888889,5.0124802951903,0.0010968902717939,0.0216079247472603,-3.76715728333266,"10867320"
-230.9222,556.397111111111,-5.00884542700692,0.00110180457703991,0.0216785993911814,-3.76753580540663,"10740681"
206.99875,257.295444444444,5.00866810889817,0.00110204492480527,0.0216785993911814,-3.76755428423115,"10874298"
-142.85805,212.245333333333,-5.00818198701957,0.00110270413826575,0.0216785993911814,-3.76760495084642,"10813357"
-37.475345,58.6190111111111,-5.00632727010764,0.00110522322325593,0.0217056893607424,-3.7677983480111,"10831447"
29.630835,66.4377,5.00607372677335,0.0011055680758809,0.0217056893607424,-3.76782479650546,"10889368"
-79.86355,253.309888888889,-5.0025987914519,0.00111030633202377,0.0217840760132588,-3.76818754641736,"10874740"
244.46495,303.300888888889,5.0012720583302,0.0011121212588826,0.0218050405751652,-3.76832617274171,"10872561"
-108.5358,111.016466666667,-5.00070810010213,0.00111289371784881,0.0218055513569653,-3.76838512048773,"10790921"
243.75845,509.086888888889,4.9982686894671,0.00111624176919236,0.0218418533457371,-3.76864024747665,"10830133"
243.75845,509.086888888889,4.9982686894671,0.00111624176919236,0.0218418533457371,-3.76864024747665,"10916237"
-44.42445,147.044,-4.99385640306674,0.00112232558527817,0.0218934680269615,-3.76910231810907,"10739206"
-132.6147,286.256333333333,-4.99335910526735,0.00112301354839094,0.0218934680269615,-3.76915444620761,"10759248"
50.007601,41.3073744444444,4.99285634770289,0.00112370953352903,0.0218934680269615,-3.76920715676733,"10792035"
146.4251,238.689222222222,4.99241753738662,0.00112431737987355,0.0218934680269615,-3.76925317125803,"10862499"
122.63995,286.296444444444,4.99232974264425,0.00112443903758544,0.0218934680269615,-3.76926237851697,"10740959"
34.92958,56.7868777777778,4.99211352926539,0.00112473870719339,0.0218934680269615,-3.76928505469448,"10833375"
-30.22403,74.6764777777778,-4.99187766900952,0.00112506570681495,0.0218934680269615,-3.76930979356534,"10808090"
-99.8197,223.938888888889,-4.99135877164209,0.00112578547878219,0.0218934680269615,-3.76936422749971,"10888998"
-78.90375,176.218666666667,-4.99103561549463,0.00112623398907442,0.0218934680269615,-3.76939813307626,"10822663"
563.6465,1884.36555555556,4.99070044214413,0.00112669938462377,0.0218934680269615,-3.76943330395955,"10940406"
26.137945,56.6286444444444,4.98896126154391,0.00112911765539633,0.0218934680269615,-3.76961587506816,"10710087"
152.99005,399.062777777778,4.98882139005975,0.00112931238841109,0.0218934680269615,-3.76963056344398,"10898281"
-45.3441499999999,128.367044444444,-4.98880689376103,0.00112933257266688,0.0218934680269615,-3.76963208579443,"10728269"
104.57795,287.186888888889,4.98827822800278,0.00113006894230867,0.0218934680269615,-3.76968761022884,"10890017"
242.0731,590.745444444444,4.98821441508252,0.00113015786177017,0.0218934680269615,-3.76969431310442,"10723650"
-144.7553,409.557111111111,-4.98646542725094,0.00113259795293508,0.0218934680269615,-3.76987809005117,"10739595"
981.492499999999,2762.25888888889,4.98640341757901,0.00113268457111697,0.0218934680269615,-3.76988460806413,"10739541"
981.492499999999,2762.25888888889,4.98640341757901,0.00113268457111697,0.0218934680269615,-3.76988460806413,"10888125"
-744.41075,1124.64277777778,-4.98566557771192,0.00113371577864052,0.0218934680269615,-3.7699621764654,"10732228"
67.82266,136.911744444444,4.98541930334802,0.00113406020108299,0.0218934680269615,-3.76998807196446,"10871868"
53.95578,52.9791666666667,4.98459888510281,0.00113520840777584,0.0218934680269615,-3.77007435584343,"10931034"
-366.93955,781.139555555556,-4.98448582166075,0.00113536674405582,0.0218934680269615,-3.77008624893259,"10805571"
123.0834,224.124333333333,4.98240897785256,0.0011382794985433,0.0219351565108469,-3.77030480335538,"10925808"
60.55055,127.195555555556,4.98144141863222,0.00113963928161847,0.0219468833046816,-3.77040668316276,"10903166"
-1528.163,2026.20244444444,-4.97916197636852,0.00114284978033977,0.0219777357607608,-3.7706468488429,"10912845"
123.264394,62.9893811111111,4.97839701502254,0.0011439294121592,0.0219777357607608,-3.77072749369732,"10767465"
442.2495,774.901333333333,4.9780939950646,0.00114435738923359,0.0219777357607608,-3.77075944567939,"10774440"
-464.57225,1053.83344444444,-4.97806087377753,0.00114440417944691,0.0219777357607608,-3.77076293838445,"10823098"
271.40355,796.145,4.97763721105856,0.00114500286944198,0.0219777357607608,-3.77080761838768,"10802579"
172.4289,185.116666666667,4.97676500255504,0.0011462364912645,0.0219869683885759,-3.77089962557307,"10788427"
52.4692,104.476444444444,4.97565915507947,0.00114780265440188,0.0220025634814281,-3.7710163232615,"10821746"
30.087635,69.8006222222222,4.97507368268527,0.00114863278065652,0.0220040380682621,-3.77107812704117,"10760568"
56.6468,160.657555555556,4.97296506184533,0.00115162798543584,0.0220469593489664,-3.77130083342784,"10722706"
-78.547675,121.262122222222,-4.97173703261462,0.00115337628314135,0.022065969047604,-3.77143061775073,"10706941"
180.9672,197.507666666667,4.96852258721168,0.00115796632299114,0.0221183669273203,-3.77177062766866,"10867236"
158.44673,217.660288888889,4.96843519954187,0.00115809138607527,0.0221183669273203,-3.77177987703853,"10741802"
20.052092,21.3125988888889,4.96822907329907,0.0011583864379681,0.0221183669273203,-3.77180169528551,"10940528"
62.5457,101.570588888889,4.96685671269813,0.00116035295044502,0.0221414442157419,-3.77194700243994,"10922186"
237.20345,307.862555555556,4.96191267955293,0.00116746778599959,0.0222346221313287,-3.77247112056329,"10767388"
-35.8018,156.911888888889,-4.96188134839469,0.00116751302573505,0.0222346221313287,-3.77247444517475,"10744682"
273.43625,551.845222222222,4.96187696718956,0.00116751935200446,0.0222346221313287,-3.77247491007633,"10821914"
551.5187,1530.50322222222,4.95930063858479,0.00117124595858533,0.0222794460214945,-3.77274842742456,"10875372"
33.03339,59.0703666666667,4.95919553062667,0.00117139827100074,0.0222794460214945,-3.77275959204115,"10847714"
-93.2278,308.264222222222,-4.95819272742615,0.00117285252720466,0.0222925918866343,-3.77286613303306,"10899487"
102.436637,72.8233322222222,4.95661571850421,0.00117514348645414,0.0223085602677858,-3.77303376285836,"10844005"
331.0906,587.434777777778,4.9565631740836,0.00117521990320129,0.0223085602677858,-3.77303934987875,"10905675"
-36.43463,81.0819111111111,-4.95572251114825,0.00117644324082918,0.0223170038106217,-3.77312875252633,"10718658"
1579.76303,868.348622222222,4.95416500181612,0.00117871341886934,0.0223170038106217,-3.77329446685347,"10936482"
-355.412,962.049111111111,-4.95382319922013,0.00117921226057996,0.0223170038106217,-3.77333084695256,"10741239"
253.53195,829.071666666667,4.95319673732058,0.00118012714594091,0.0223170038106217,-3.77339753750413,"10761517"
-246.4022,307.022111111111,-4.95300073293443,0.00118041355025293,0.0223170038106217,-3.77341840663419,"10790257"
-444.78525,1022.06966666667,-4.95272487268203,0.00118081676982044,0.0223170038106217,-3.77344778091353,"10772657"
496.337,643.657222222222,4.95216532955666,0.00118163510575421,0.0223170038106217,-3.77350737204782,"10937499"
-46.9813,119.706222222222,-4.95206901541059,0.00118177602844635,0.0223170038106217,-3.77351763076645,"10894115"
-58.022075,107.944911111111,-4.95017625601884,0.00118454916445255,0.0223404683161675,-3.77371931183077,"10796900"
-22.576895,83.4531444444444,-4.94918280610568,0.00118600754305844,0.0223404683161675,-3.773825226845,"10712270"
-168.06625,362.258888888889,-4.94861517022305,0.00118684171041405,0.0223404683161675,-3.77388576263383,"10836354"
-220.65165,246.0762,-4.94847496974487,0.001187047840316,0.0223404683161675,-3.77390071642028,"10782891"
-41.522425,96.7253888888889,-4.94808332262041,0.00118762386734453,0.0223404683161675,-3.77394249379933,"10749975"
-563.3396,898.253444444444,-4.94789061784867,0.0011879074059792,0.0223404683161675,-3.77396305212235,"10940580"
-93.15905,229.618777777778,-4.94757524431882,0.00118837159455481,0.0223404683161675,-3.77399670041507,"10842753"
24.3871,58.1722111111111,4.94626495695901,0.00119030229087549,0.0223539552409467,-3.77413654336773,"10926258"
-87.6257,107.021844444444,-4.94534639928228,0.00119165782185352,0.0223539552409467,-3.7742346203854,"10926668"
37.45804,67.7381777777778,4.94528259695351,0.00119175203868795,0.0223539552409467,-3.77424143403315,"10749368"
160.7977,537.717444444444,4.9450133454547,0.00119214973182019,0.0223539552409467,-3.77427019008048,"10887981"
-124.9668,387.116,-4.94398269111774,0.00119367338270908,0.0223681681863137,-3.77438029153162,"10852742"
169.8793,210.182111111111,4.94344786290694,0.00119446487614728,0.0223686518536965,-3.77443744275336,"10835964"
53.25644,51.6557888888889,4.93999928433189,0.00119958223346107,0.0224373363068314,-3.77480623794045,"10854091"
433.01217,264.629433333333,4.93968316993067,0.00120005251456367,0.0224373363068314,-3.77484006816873,"10852474"
-17.588625,26.4286333333333,-4.93898217947387,0.00120109609220275,0.0224373363068314,-3.77491510215379,"10742334"
-146.6945,345.317444444444,-4.93874019514783,0.00120145656912972,0.0224373363068314,-3.7749410088593,"10885404"
151.4668,373.795777777778,4.93800259159656,0.0012025560853393,0.0224373363068314,-3.77501999121253,"10767692"
-144.87315,417.590333333333,-4.93721945665,0.00120372467750048,0.0224373363068314,-3.77510387367237,"10721883"
899.9582,835.287222222222,4.93665546608149,0.00120456703187511,0.0224373363068314,-3.77516429904339,"10751352"
362.611,1747.01444444444,4.93635626118043,0.00120501417428005,0.0224373363068314,-3.77519636089142,"10786228"
57.567039,42.6907366666667,4.93588616913136,0.00120571706303589,0.0224373363068314,-3.77524674194531,"10759465"
-73.52441,101.262544444444,-4.9358220979199,0.00120581289798471,0.0224373363068314,-3.7752536093408,"10714126"
-302.697,1363.23,-4.93491274823873,0.00120717396210715,0.022442212084587,-3.77535109520654,"10790698"
-2338.3875,2234.22466666667,-4.93462077332087,0.00120761133008047,0.022442212084587,-3.77538240332681,"10832124"
100.97005,298.621777777778,4.93370165969299,0.00120898926071782,0.0224535360855755,-3.77548098182415,"10867699"
545.753,1216.51888888889,4.93303323090855,0.00120999244536734,0.0224578902788828,-3.77555269537604,"10821050"
244.515,1402.90333333333,4.93061203676841,0.0012136338226358,0.0225003463842361,-3.77581261242627,"10851599"
-83.3309500000001,257.726222222222,-4.93022572350126,0.00121421592938774,0.0225003463842361,-3.77585410593587,"10928084"
-920.05445,963.439111111111,-4.92997726201152,0.00121459047880948,0.0225003463842361,-3.77588079619917,"10916432"
-69.179915,68.1774111111111,-4.92757965249869,0.00121821131128562,0.0225308342701671,-3.77613848415904,"10836312"
526.47365,842.911888888889,4.92746498187244,0.00121838478047961,0.0225308342701671,-3.77615081459739,"10737518"
-1009.65075,1533.96633333333,-4.92735581636458,0.0012185499468359,0.0225308342701671,-3.77616255358224,"10827454"
-1690.197,3603.36333333333,-4.92585340419858,0.00122082556992166,0.0225586326373759,-3.77632416399876,"10909646"
170.07515,390.495555555556,4.92484809411713,0.00122235085302335,0.0225725397093705,-3.77643235486543,"10768668"
38.25509,79.4385222222222,4.92412320592328,0.00122345196507039,0.0225786012050324,-3.77651039296661,"10769301"
-129.5311,355.586222222222,-4.92124802736194,0.00122783007919865,0.0226450933924932,-3.77682013664521,"10859282"
-759.1655,1928.94111111111,-4.92041798499844,0.00122909719103152,0.0226541610970314,-3.77690962131615,"10802691"
-464.2375,713.971222222222,-4.91902911893503,0.00123122058009282,0.0226789899286454,-3.77705941547522,"10782166"
14.673396,14.0843133333333,4.9179950437192,0.00123280414566453,0.0226938502277527,-3.77717099638146,"10767071"
-346.7324,607.388111111111,-4.9166349787562,0.00123489031682847,0.0227094918322281,-3.77731782078552,"10741680"
158.7522,500.232333333333,4.91607292283362,0.00123575356744881,0.0227094918322281,-3.77737851948196,"10809048"
-28.659645,92.7772,-4.91592172770552,0.00123598589762589,0.0227094918322281,-3.77739484990623,"10769180"
-35.65655,159.695444444444,-4.91435225201325,0.00123840041466822,0.0227387695441778,-3.77756442365628,"10807560"
193.57775,281.010555555556,4.91357057970773,0.00123960487980373,0.0227387695441778,-3.77764891768204,"10707832"
-216.6814,468.186555555556,-4.91296484991315,0.00124053911868692,0.0227387695441778,-3.77771441094293,"10861722"
-80.89155,207.364,-4.91253311252898,0.00124120547250136,0.0227387695441778,-3.77776110099707,"10869288"
-81.9733499999999,287.339,-4.91110936655679,0.00124340568964151,0.0227387695441778,-3.77791512659912,"10847438"
-419.08425,1096.17033333333,-4.91099251511514,0.00124358645776935,0.0227387695441778,-3.77792777174195,"10891780"
76.87735,344.071111111111,4.91075183508785,0.00124395887811288,0.0227387695441778,-3.77795381886223,"10723601"
17.063716,17.0977077777778,4.91030672602674,0.00124464794639875,0.0227387695441778,-3.77800199629361,"10757489"
-238.403425,235.259922222222,-4.91020999224531,0.00124479775404065,0.0227387695441778,-3.77801246759924,"10762108"
-48.2528,145.420511111111,-4.90928330806242,0.00124623387085484,0.0227387695441778,-3.77811279979043,"10783662"
-167.115025,180.244255555556,-4.90889223834403,0.00124684046930308,0.0227387695441778,-3.77815515173021,"10928191"
68.89747,121.520377777778,4.90884124716139,0.00124691958683415,0.0227387695441778,-3.77816067442823,"10762981"
110.2605,235.160666666667,4.90784002321574,0.00124847419031811,0.0227404524714033,-3.77826913596071,"10923595"
215.55845,545.753555555556,4.90777920454947,0.00124856869186455,0.0227404524714033,-3.77827572573467,"10779607"
-60.23235,143.835466666667,-4.90684273910426,0.00125002478231339,0.0227477003369324,-3.77837721242115,"10917019"
-73.2001999999999,137.985577777778,-4.90643210230252,0.00125066385803847,0.0227477003369324,-3.77842172556083,"10790119"
31.376,58.7411888888889,4.90602190275953,0.00125130260975732,0.0227477003369324,-3.77846619835482,"10915920"
260.078,720.947222222222,4.90535549678662,0.00125234107943884,0.0227524205812975,-3.77853846343235,"10717941"
141.92957,188.468988888889,4.90439876208993,0.00125383361943881,0.0227599283728692,-3.7786422443089,"10901811"
-589.27225,1348.29122222222,-4.90372312651724,0.00125488880589904,0.0227599283728692,-3.77871555635007,"10933366"
379.67515,425.083111111111,4.90325507950507,0.00125562035601368,0.0227599283728692,-3.77876635454323,"10771649"
-89.3191,274.203222222222,-4.90309502323627,0.00125587062836534,0.0227599283728692,-3.7787837279181,"10891795"
-118.9389,410.891666666667,-4.90166581262337,0.00125810783502395,0.0227860132317141,-3.7789389098398,"10802508"
-630.404,1695.27444444444,-4.90117960914696,0.00125886990333356,0.0227860132317141,-3.77899172075702,"10759018"
-71.250025,146.479122222222,-4.89977311269041,0.00126107726718807,0.0228056631488827,-3.77914454883779,"10783592"
391.56,868.066666666667,4.89949337388148,0.00126151679498167,0.0228056631488827,-3.77917495480121,"10788079"
-691.5195,1162.968,-4.89871165864616,0.00126274591976767,0.0228137658009232,-3.77925994008351,"10826828"
79.48825,144.585111111111,4.89607068965936,0.0012669081181284,0.0228748169116212,-3.77954724679322,"10742352"
-556.542,1976.25,-4.89543920431854,0.00126790556576708,0.0228786863485605,-3.77961598851873,"10871479"
75.5977500000001,325.879,4.89430834104938,0.00126969393883749,0.0228789040673314,-3.77973913307099,"10926068"
-482.5026,919.306,-4.89417686032196,0.00126990204426312,0.0228789040673314,-3.7797534540654,"10775268"
-82.9571,172.678777777778,-4.893557286157,0.00127088319728968,0.0228789040673314,-3.77982094841725,"10884964"
380.61191,205.538188888889,4.89317935185121,0.0012714820979438,0.0228789040673314,-3.77986212726498,"10866030"
164.1091,422.140777777778,4.8929577703573,0.00127183337459253,0.0228789040673314,-3.77988627307018,"10815536"
-130.80905,257.536444444444,-4.89165901967539,0.00127389443800747,0.0229018782227386,-3.78002783994369,"10803868"
1321.4447,864.891555555556,4.88921676240774,0.0012777800896806,0.0229576061131174,-3.78029424432851,"10940643"
-127.6582,245.830222222222,-4.88852652477979,0.0012788806092403,0.0229632563726774,-3.78036958189543,"10822007"
42.64646,64.9921222222222,4.88715297496465,0.0012810736885584,0.0229682965309727,-3.78051956097,"10816409"
-249.96,1000.50666666667,-4.88693530831276,0.00128142160318712,0.0229682965309727,-3.78054333549019,"10738430"
58.18856,109.294022222222,4.88687380121372,0.00128151993378125,0.0229682965309727,-3.78055005393185,"10889770"
873.0486,1191.208,4.88552894630293,0.00128367199777469,0.0229865010418809,-3.78069699285081,"10831090"
83.19504,170.790033333333,4.88525595812067,0.00128410932088552,0.0229865010418809,-3.7807268288857,"10852392"
-40.47845,138.495777777778,-4.88327178649782,0.00128729283048052,0.0230293770665389,-3.78094378208289,"10930164"
654.8095,2694.07444444444,4.88225192710977,0.00128893250086763,0.0230311861974355,-3.7810553602929,"10782755"
-138.60485,669.112444444444,-4.88222819721187,0.00128897067956483,0.0230311861974355,-3.78105795699784,"10831886"
-77.743775,119.446811111111,-4.88138554052597,0.00129032721920849,0.0230375761683347,-3.78115018231743,"10702078"
161.2667,276.387888888889,4.88102664079583,0.00129090546270842,0.0230375761683347,-3.78118947154962,"10804947"
193.65503,184.381622222222,4.87928629312032,0.00129371345218362,0.023073592669165,-3.78138006709562,"10803921"
312.735,1054.23333333333,4.87857571142829,0.00129486186848194,0.0230773221106066,-3.78145792390324,"10808041"
-117.6813,335.247,-4.87781682951829,0.00129608957577759,0.0230773221106066,-3.7815410964892,"10853852"
-42.091545,75.3648666666667,-4.87769154597784,0.00129629237980097,0.0230773221106066,-3.78155482976955,"10704133"
17.50482,23.3817,4.87671475778864,0.00129787475506918,0.0230914208858654,-3.78166192576713,"10828021"
19.56849,51.3608666666667,4.87537565165908,0.00130004750773488,0.0231091758459557,-3.78180881243306,"10725776"
-280.6977,731.952666666667,-4.87512493256949,0.00130045475083012,0.0231091758459557,-3.78183632228922,"10766512"
56.7996000000001,166.752666666667,4.87412589331566,0.00130207887514949,0.0231158457346061,-3.78194596719439,"10711894"
-812.07445,614.439422222222,-4.87354436511678,0.00130302527768222,0.0231158457346061,-3.78200980963131,"10751890"
-457.1775,1177.5,-4.87343467730795,0.00130320387228371,0.0231158457346061,-3.78202185319749,"10701539"
39.519555,69.5289666666667,4.87276977639803,0.00130428704195368,0.0231210204148269,-3.78209486931599,"10742236"
-133.0239,767.098666666667,-4.87203252173067,0.00130548923083936,0.0231282973861377,-3.78217585292728,"10713706"
188.08325,550.778555555555,4.87030870672112,0.00130830486015629,0.0231641322330945,-3.78236529525926,"10826814"
-53.053725,98.1729666666667,-4.86899124049974,0.00131046124337967,0.0231769424261106,-3.78251016623039,"10720437"
-135.90425,267.738111111111,-4.86889734405919,0.00131061507797408,0.0231769424261106,-3.7825204940724,"10738274"
-230.9941,379.068555555556,-4.86582832719502,0.0013156540559184,0.0232431291288052,-3.78285826752183,"10871419"
-73.2973,280.409222222222,-4.86541628945699,0.00131633218492569,0.0232431291288052,-3.78290364660286,"10849172"
163.72115,482.646555555556,4.86516577461925,0.00131674466722026,0.0232431291288052,-3.78293124016881,"10770412"
69.95425,219.205777777778,4.86395142350932,0.00131874614481441,0.0232447236998921,-3.78306503574189,"10746256"
-134.1981,544.631,-4.86376779618189,0.00131904908609557,0.0232447236998921,-3.7830852730271,"10780737"
-53.9119499999999,140.176533333333,-4.86353537433403,0.00131943263569174,0.0232447236998921,-3.78311088994345,"10903391"
45.83451,104.226133333333,4.86318099124625,0.00132001768392281,0.0232447236998921,-3.7831499535376,"10770764"
219.40755,692.714666666667,4.86195474763202,0.00132204426730027,0.0232663862800664,-3.78328516353377,"10806960"
35.606673,27.17754,4.85968838902217,0.0013257987741255,0.0233184138394356,-3.78353522927099,"10716576"
-114.544,216.486555555556,-4.85882682416536,0.00132722911794544,0.0233208985093575,-3.78363035026912,"10828687"
-50.3846,207.342444444444,-4.85863040160863,0.00132755544857894,0.0233208985093575,-3.78365204072592,"10870046"
470.5349,1280.60422222222,4.85794947831215,0.001328687393064,0.0233208985093575,-3.78372724616816,"10754088"
167.73075,525.825,4.85768150268092,0.00132913315595537,0.0233208985093575,-3.7837568485141,"10714763"
61.404485,75.3367222222222,4.85524158512123,0.00133319934823944,0.0233596024748904,-3.78402651910808,"10759277"
30.43777,65.8033777777778,4.85515710396866,0.00133334038162569,0.0233596024748904,-3.78403586090524,"10910722"
-118.0605,194.760666666667,-4.85491907958477,0.00133373782871628,0.0233596024748904,-3.78406218292194,"10796845"
-441.41025,1259.27366666667,-4.8540821681212,0.00133513630988953,0.0233700851750226,-3.78415475235045,"10815512"
-179.42345,184.668844444444,-4.85354522654489,0.00133603438390189,0.0233718014918022,-3.78421415838714,"10906439"
94.92948,159.0414,4.85105205801718,0.00134021304282794,0.0234093340393673,-3.78449015891146,"10732913"
-230.71135,339.941222222222,-4.85101344800018,0.00134027786702246,0.0234093340393673,-3.7844944352401,"10924260"
48.06122,64.9382222222222,4.85038718120552,0.00134132981449957,0.0234093340393673,-3.78456380758264,"10840180"
111.54103,103.392111111111,4.85035426462123,0.00134138512979739,0.0234093340393673,-3.7845674542584,"10852967"
53.03572,112.292211111111,4.84914065545452,0.0013434263024468,0.0234309588057796,-3.78470193683804,"10737838"
1230.307,1868.19111111111,4.8477208794575,0.00134581853395484,0.0234586769993775,-3.78485934541768,"10765772"
-53.497,128.168955555556,-4.84718721010407,0.00134671893518128,0.0234603738654656,-3.78491853497048,"10891659"
86.6861500000001,380.506777777778,4.84506978086928,0.00135029792766538,0.0235087030147893,-3.78515350074263,"10914409"
321.82814,254.812588888889,4.8442427132456,0.00135169870143974,0.0235137805739458,-3.78524533067711,"10881293"
-169.24,955.741222222222,-4.84371584072477,0.00135259187326067,0.0235137805739458,-3.78530384506169,"10806566"
-58.5334999999999,223.726111111111,-4.84309273777996,0.0013536490099779,0.0235137805739458,-3.78537306219202,"10932430"
375.18785,775.843555555556,4.84267974509139,0.00135435017744112,0.0235137805739458,-3.78541894851603,"10932795"
-48.13942,92.2526222222222,-4.84199296798141,0.00135551704673106,0.0235137805739458,-3.78549527041914,"10921766"
-47.02205,157.562111111111,-4.84179751608071,0.00135584933010212,0.0235137805739458,-3.78551699480257,"10742533"
134.1991,300.086444444444,4.84157734913603,0.00135622373749225,0.0235137805739458,-3.78554146822041,"10901552"
-121.7869,157.880688888889,-4.84056213792703,0.00135795162752443,0.0235198325737032,-3.78565434452867,"10919775"
89.13975,222.350666666667,4.84003704204902,0.00135884628407924,0.0235198325737032,-3.78571274475411,"10804003"
-85.41405,281.741,-4.83995386092829,0.00135898806683135,0.0235198325737032,-3.7857219970994,"10915740"
-81.2819,85.1409111111111,-4.83880334937578,0.00136095077889459,0.0235398555681626,-3.785850000585,"10792660"
63.932008,52.3960177777778,4.83750168414638,0.00136317508381014,0.0235643768629759,-3.78599488989072,"10732800"
215.30105,549.785555555556,4.83479602911466,0.00136781125876071,0.0236305370274603,-3.78629629213126,"10759433"
28.634315,56.4240222222222,4.83364478098011,0.00136978915618793,0.0236385973228162,-3.78642463370259,"10749533"
-72.6221,328.553111111111,-4.83358257337895,0.00136989612061093,0.0236385973228162,-3.78643157025901,"10858085"
716.877,1616.49,4.83265991207171,0.00137148368499837,0.0236406585805138,-3.78653447268501,"10875768"
73.19365,158.240111111111,4.83212365161214,0.00137240731709726,0.0236406585805138,-3.78659429755839,"10793891"
144.8985,476.564333333333,4.83210279998424,0.00137244324476455,0.0236406585805138,-3.78659662400364,"10700802"
-74.30735,184.054111111111,-4.83154468551007,0.00137340526605652,0.0236425474932616,-3.78665890059787,"10759358"
-104.0098,470.712222222222,-4.83110047296833,0.00137417148091867,0.0236425474932616,-3.78670847719244,"10714811"
-30.8688500000001,270.215111111111,-4.8285626783696,0.00137855784011806,0.0236959376974474,-3.78699187285018,"10935534"
804.704,1961.72222222222,4.82836687635384,0.00137889690167935,0.0236959376974474,-3.78701374965068,"10901711"
126.87802,163.700211111111,4.82728160854004,0.00138077786285904,0.0237143118668807,-3.78713503583632,"10829244"
704.3854,1356.78977777778,4.82610709562742,0.00138281665840619,0.0237331441347022,-3.78726635324644,"10912837"
-107.68925,256.653111111111,-4.8257143412082,0.00138349916003964,0.0237331441347022,-3.78731027881943,"10823570"
195.487,372.476111111111,4.82380464047795,0.00138682295224278,0.0237762005439088,-3.78752395463848,"10844223"
222.09894,180.0282,4.82229988897071,0.00138944808011508,0.0238072353152386,-3.78769243221412,"10808702"
-205.3328,552.302777777778,-4.81917427116417,0.00139491825876416,0.0238460376658222,-3.78804270208904,"10817370"
-177.1611,302.913333333333,-4.8191385903709,0.00139498083968149,0.0238460376658222,-3.78804670307822,"10706884"
105.14785,298.042777777778,4.81884151146714,0.0013955020084939,0.0238460376658222,-3.78808001753133,"10782901"
-112.3533,322.718,-4.81834408559627,0.00139637512418039,0.0238460376658222,-3.78813580749728,"10749017"
212.08345,760.758111111111,4.8183397454048,0.00139638274500319,0.0238460376658222,-3.78813629432897,"10750781"
231.49655,562.939555555556,4.81783127201521,0.0013972758737563,0.0238460376658222,-3.78819333456671,"10880056"
-204.4043,302.900444444444,-4.81774557796865,0.00139742645594193,0.0238460376658222,-3.7882029487798,"10846604"
-46.791985,71.6767222222222,-4.81496975212636,0.00140231375029058,0.0238937655340806,-3.78851454782306,"10864588"
-284.032,1186.86355555556,-4.81492241376847,0.00140239725883819,0.0238937655340806,-3.78851986467584,"10801606"
12.78365,24.4121222222222,4.81449293463821,0.00140315514153402,0.0238937655340806,-3.7885681064906,"10889091"
223.038,868.96,4.81430044959032,0.00140349495640728,0.0238937655340806,-3.78858973023556,"10878286"
266.2448,845.363222222222,4.81301542150332,0.00140576585983505,0.0239184879611073,-3.78873413145921,"10720430"
248.9817,244.920333333333,4.81167524052022,0.00140813850304852,0.0239449116577762,-3.78888480695564,"10721962"
-752.25175,1340.61588888889,-4.80754684103072,0.00141547489508674,0.0240303881025965,-3.78934945185881,"10787507"
984.637,1794.54444444444,4.80689325630409,0.00141664017144331,0.0240303881025965,-3.78942307999212,"10734873"
58.95145,104.339944444444,4.80662633625237,0.00141711636435329,0.0240303881025965,-3.78945315464151,"10884158"
-73.0323999999999,148.284155555556,-4.80656718199262,0.0014172219208715,0.0240303881025965,-3.78945982014319,"10899756"
557.5267,607.089444444444,4.80653577217607,0.0014172779729162,0.0240303881025965,-3.78946335946327,"10874019"
41.296365,61.6148,4.80550840774693,0.00141911267944497,0.0240475393371841,-3.78957914867229,"10855925"
-145.76945,430.985777777778,-4.80336034815694,0.00142295714806941,0.0240750034743831,-3.78982139499008,"10933483"
252.9889,893.343111111111,4.80245562372108,0.00142457977059541,0.0240750034743831,-3.78992348521088,"10718296"
-110.03335,342.874888888889,-4.80225521637477,0.00142493947415098,0.0240750034743831,-3.78994610426747,"10910349"
136.96715,429.506888888889,4.80215860490159,0.00142511291383597,0.0240750034743831,-3.78995700898844,"10865342"
-172.7908,473.699888888889,-4.8019060261058,0.00142556645939576,0.0240750034743831,-3.78998551996784,"10849967"
459.85985,795.709555555556,4.80184394336617,0.00142567796298633,0.0240750034743831,-3.78999252826665,"10774472"
-1075.2285,1253.64666666667,-4.80092245912973,0.00142733411271759,0.0240890460825717,-3.7900965711663,"10798100"
156.234,362.491333333333,4.80042761666838,0.0014282243413204,0.0240901535261745,-3.79015245815692,"10716679"
-290.801,1427.70111111111,-4.79985269280497,0.00142925939858988,0.0240937011369906,-3.79021740292337,"10871250"
-134.02155,225.232666666667,-4.79860160624114,0.00143151460749347,0.0241118613189053,-3.79035877867025,"10804678"
-983.981775,754.266766666667,-4.79833960514652,0.00143198738236122,0.0241118613189053,-3.79038839409989,"10748466"
44.96311,118.241244444444,4.79743310734812,0.0014336244517082,0.0241255211591033,-3.79049088376237,"10767173"
395.7125,1365.65222222222,4.79647801379317,0.00143535149141729,0.0241347007113765,-3.79059890669252,"10864276"
211.3479,533.992,4.79621791674734,0.00143582220292916,0.0241347007113765,-3.79062833110273,"10770030"
25.17361,40.2810111111111,4.79529886970486,0.00143748680122673,0.0241487863203206,-3.79073232536256,"10836991"
950.3395,4137.64111111111,4.79463143016745,0.00143869700255167,0.0241552265704278,-3.79080787234642,"10850966"
-103.87675,330.539555555556,-4.79079959768215,0.00144566643189894,0.0242582993345754,-3.79124197315212,"10751993"
-90.09885,256.969666666667,-4.79008210671031,0.00144697551248189,0.0242632916128172,-3.79132332802082,"10867902"
78.70325,178.177222222222,4.78972638348735,0.00144762501818102,0.0242632916128172,-3.79136367116085,"10703465"
-91.8066999999999,226.019222222222,-4.78808647942188,0.00145062339281242,0.0242873760998161,-3.7915497272889,"10859249"
-62.42597,69.4371444444444,-4.78784485869467,0.00145106574084123,0.0242873760998161,-3.79157715049079,"10846881"
-116.81525,285.438111111111,-4.78757713017502,0.0014515560577216,0.0242873760998161,-3.7916075398473,"10789574"
38.3674,59.8235777777778,4.78667329497313,0.00145321267355635,0.0242914089432205,-3.79171015577666,"10776207"
-1293.91175,1987.61611111111,-4.78650327415449,0.00145352453074003,0.0242914089432205,-3.791729462922,"10882496"
324.24875,710.651555555556,4.7860852569036,0.0014542915808069,0.0242914089432205,-3.79177693734444,"10707995"
13.189465,28.3681444444444,4.78538859753513,0.00145557091308776,0.0242988849456833,-3.79185607439169,"10805285"
-103.64195,409.732111111111,-4.78426333656181,0.00145763991585231,0.0243195274138831,-3.79198394362395,"10875183"
-122.36965,475.268888888889,-4.7821230558779,0.00146158408443537,0.0243705840856625,-3.79222730887576,"10940609"
-178.7045,1117.80577777778,-4.78143494524288,0.00146285462643764,0.0243705840856625,-3.79230559491364,"10924762"
128.01705,232.462666666667,4.78122583409286,0.00146324097240098,0.0243705840856625,-3.79232938953521,"10751216"
131.92835,394.850222222222,4.78023524251022,0.00146507266598971,0.0243705840856625,-3.79244213453638,"10909482"
-749.146499999999,4709.32,-4.78010610322324,0.00146531164051113,0.0243705840856625,-3.7924568358234,"10798021"
-181.7217,594.223,-4.77989339425988,0.00146570535491576,0.0243705840856625,-3.79248105233357,"10782113"
-118.21985,163.656844444444,-4.77844125296102,0.00146839628669752,0.0244014386345742,-3.7926464292462,"10917209"
-84.2313999999999,273.559222222222,-4.77772304515326,0.00146972917401236,0.0244097032914139,-3.79272825668053,"10732427"
1454.924,3330.44888888889,4.77669626809965,0.00147163701332288,0.02441530402683,-3.79284527987685,"10873786"
251.77225,892.782777777778,4.77664202389419,0.00147173787879947,0.02441530402683,-3.79285146346009,"10783241"
675.3014,898.005555555556,4.77603111569793,0.0014728743652799,0.0244202904127622,-3.79292111309476,"10761463"
-41.826,157.143666666667,-4.77525952225658,0.00147431114680705,0.0244302472165747,-3.79300910604481,"10920078"
27.49911,57.2345666666667,4.77449149054053,0.00147574281479106,0.0244401080449581,-3.79309671897446,"10811420"
-60.0362,198.719444444444,-4.7731382186845,0.00147826910601504,0.0244641956200776,-3.7932511564889,"10938747"
334.50305,559.615222222222,4.77267857161117,0.00147912824945883,0.0244641956200776,-3.79330363058602,"10769894"
86.70571,135.042411111111,4.77236775813199,0.00147970951121644,0.0244641956200776,-3.79333911888861,"10934628"
935.1118,968.289444444444,4.77187579790615,0.0014806300504844,0.024465569171296,-3.79339529905299,"10884738"
176.1473,473.224888888889,4.7693300795438,0.00148540350434988,0.0245190603472005,-3.79368618269854,"10825111"
247.33702,245.294544444444,4.76921477455754,0.0014856201087846,0.0245190603472005,-3.79369936469566,"10920148"
-46.477575,130.5429,-4.76845256652766,0.00148705281017638,0.0245190603472005,-3.79378651734189,"10891251"
105.976,215.234444444444,4.76836130925462,0.00148722444496609,0.0245190603472005,-3.7937969536394,"10928524"
-325.24775,1060.63344444444,-4.76708189550357,0.00148963301666105,0.0245418316959521,-3.79394330793329,"10814961"
2029.5095,4302.87222222222,4.7666947216331,0.00149036273274105,0.0245418316959521,-3.79398761172644,"10809392"
127.19092,160.534877777778,4.76595004681885,0.0014917673361639,0.0245418316959521,-3.79407284259315,"10783818"
12.574055,30.6150888888889,4.7656010835019,0.00149242604661004,0.0245418316959521,-3.79411279124824,"10717798"
-128.418,282.013333333333,-4.76539986501719,0.00149280601505124,0.0245418316959521,-3.79413582881563,"10937660"
-54.06455,132.581711111111,-4.76404949663345,0.00149535869868155,0.0245442154587094,-3.79429047946541,"10726118"
-237.6079,370.559888888889,-4.76380138339133,0.00149582823989361,0.0245442154587094,-3.79431890339499,"10712560"
-146.456675,201.978344444444,-4.76357694860677,0.00149625310942018,0.0245442154587094,-3.79434461707064,"10702913"
128.51415,397.647,4.76354604500933,0.00149631162223459,0.0245442154587094,-3.79434815789632,"10903709"
-910.12025,1196.64811111111,-4.76285659031357,0.00149761768374815,0.0245445986463589,-3.7944271642366,"10930790"
17.670385,38.4383444444444,4.76220409581618,0.00149885487552987,0.0245445986463589,-3.7945019546863,"10879876"
32.686265,83.7269888888889,4.76220377729989,0.00149885547973931,0.0245445986463589,-3.79450199120001,"10884612"
-143.9544,223.593666666667,-4.75985739992638,0.00150331365858172,0.0245839163665061,-3.79477109506152,"10858160"
-69.5543,341.524777777778,-4.7597670651223,0.00150348558600879,0.0245839163665061,-3.79478146037645,"10885618"
68.4306,162.817,4.75926174715242,0.00150444771527688,0.0245839163665061,-3.79483944893792,"10745871"
-368.0504,747.738444444444,-4.75914535873052,0.00150466941486688,0.0245839163665061,-3.79485280688641,"10877984"
205.14315,566.935333333333,4.75835384239466,0.00150617806066132,0.0245839163665061,-3.79494366555771,"10827079"
508.1484,540.048333333333,4.75794987639604,0.00150694866372409,0.0245839163665061,-3.79499004783403,"10791591"
-60.895775,83.4149111111111,-4.75740510729961,0.00150798854302243,0.0245839163665061,-3.79505260825539,"10717909"
-130.066,642.611888888889,-4.75740509236894,0.00150798857153347,0.0245839163665061,-3.79505260997018,"10762723"
-110.05345,201.950555555556,-4.75495751556155,0.00151267028228665,0.024646486127564,-3.79533384909541,"10759729"
19.4184,41.3423,4.75327802650253,0.00151589197011453,0.024677280960654,-3.79552698562059,"10895073"
139.0235,430.664222222222,4.75279551088622,0.00151681894138368,0.024677280960654,-3.79558249684723,"10832879"
60.7358,249.116888888889,4.75222200388968,0.00151792152240897,0.024677280960654,-3.79564848974204,"10771535"
134.3307,269.100333333333,4.75221284646021,0.00151793913487695,0.024677280960654,-3.79564954359775,"10746276"
-24.219635,50.0317777777778,-4.74766281523871,0.00152671783334639,0.0248061928717361,-3.79617363410966,"10851667"
-135.0947,300.548111111111,-4.74702116865626,0.001527960256272,0.0248077434924727,-3.79624761599195,"10794669"
-47.531475,139.3299,-4.74673660352914,0.00152851161383072,0.0248077434924727,-3.79628043226409,"10788841"
-95.3802499999999,272.867777777778,-4.7459087954651,0.00153011676278626,0.0248200061677056,-3.79637591634967,"10745568"
56.472195,51.0946333333333,4.74090547954656,0.00153985758743965,0.0249554382489488,-3.7969536809266,"10889421"
308.52155,520.334888888889,4.74074332650081,0.00154017440825819,0.0249554382489488,-3.7969724245483,"10875578"
-265.32065,479.490111111111,-4.73959382375496,0.0015424223898718,0.0249780087016157,-3.79710533189953,"10832224"
-18.577705,48.2686222222222,-4.73699775400032,0.00154751247233631,0.0250401737949585,-3.79740571200328,"10869678"
-150.3673,437.993888888889,-4.73661367009085,0.00154826709526543,0.0250401737949585,-3.79745017842423,"10826335"
-113.246,346.786444444444,-4.73632600294739,0.00154883254766516,0.0250401737949585,-3.7974834867622,"10808181"
-333.59835,377.139666666667,-4.73368978008893,0.0015540249350704,0.0251102237019616,-3.79778890248058,"10767565"
293.2044,349.842666666667,4.73300544932233,0.00155537591565028,0.0251181603094568,-3.79786823574184,"10821820"
-51.6440499999999,216.020888888889,-4.73096764019991,0.00155940647396782,0.0251693374201635,-3.79810460026957,"10812865"
-52.551415,72.2776555555556,-4.72980689392425,0.0015617073903214,0.0251772123384687,-3.79823931832893,"10854256"
17.14986,32.0225,4.72961964133243,0.00156207892278114,0.0251772123384687,-3.7982610568518,"10907364"
37.066015,89.7255444444445,4.72941763458444,0.00156247983739453,0.0251772123384687,-3.79828450998644,"10700287"
21.17796,27.8722666666667,4.72801873820347,0.0015652592510193,0.0252080946853792,-3.79844697340202,"10741600"
-133.54525,395.264555555556,-4.72748744998155,0.00156631625936517,0.0252112193945422,-3.79850869867172,"10910772"
-122.8302,271.562,-4.72502014309835,0.00157123522503685,0.0252736741242846,-3.79879551831095,"10839405"
232.8738,350.008666666667,4.72420984801715,0.00157285434824949,0.0252736741242846,-3.79888977351369,"10921309"
207.62415,282.919,4.72387402411947,0.00157352592120181,0.0252736741242846,-3.7989288459409,"10901216"
-24.90228,30.9785,-4.72309195652924,0.00157509109422031,0.0252736741242846,-3.7990198576706,"10807923"
136.42565,321.837222222222,4.72306009372652,0.00157515489808612,0.0252736741242846,-3.79902356623396,"10938500"
-2437.6515,2074.33533333333,-4.72294411559142,0.00157538716301507,0.0252736741242846,-3.79903706550502,"10866658"
41.242455,62.0257,4.72169675976215,0.0015778875561499,0.0252998941083222,-3.79918228989196,"10868982"
600.998500000001,1513.09444444444,4.72082505842048,0.00157963749757604,0.0253010153873874,-3.79928382018432,"10822520"
-121.89225,283.175666666667,-4.72036811308978,0.00158055566105231,0.0253010153873874,-3.79933705603922,"10754449"
-121.89225,283.175666666667,-4.72036811308978,0.00158055566105231,0.0253010153873874,-3.79933705603922,"10877905"
484.2199,723.807444444444,4.71902949078518,0.00158324877350119,0.0253242738171857,-3.79949306498589,"10759162"
-426.865225,337.795522222222,-4.71878443853004,0.00158374232436497,0.0253242738171857,-3.79952163324195,"10930098"
-524.1005,1186.10444444444,-4.71755731820088,0.00158621634732495,0.025341040432344,-3.79966473216388,"10928486"
-61.4628499999999,106.264577777778,-4.71740400591843,0.00158652573939745,0.025341040432344,-3.79968261525544,"10833837"
-26.82614,66.3697111111111,-4.7162538884719,0.00158884883467944,0.0253481509904702,-3.79981680452715,"10781733"
306.7439,999.924222222222,4.71622429235289,0.00158890866410877,0.0253481509904702,-3.79982025842812,"10889961"
-149.20645,413.571222222222,-4.7153452207499,0.00159068685371813,0.0253481509904702,-3.79992286519925,"10863542"
-31.764115,53.6837555555556,-4.71525458373153,0.00159087031798561,0.0253481509904702,-3.79993344650297,"10758972"
-25.131425,82.0708777777778,-4.71481168335077,0.00159176715321104,0.0253481509904702,-3.79998515770492,"10863496"
-196.1486,379.628444444444,-4.71449612632421,0.00159240646532235,0.0253481509904702,-3.80002200625603,"10762442"
367.26435,548.131,4.7141812835377,0.0015930446093826,0.0253481509904702,-3.80005877590539,"10853453"
112.0515,650.977666666667,4.71303585930291,0.00159536858369497,0.0253713107262192,-3.8001925848978,"10925373"
38.876205,52.5884333333333,4.71249325311746,0.00159647077820136,0.0253750257423148,-3.80025599319273,"10770759"
-118.79205,312.131333333333,-4.70950749225232,0.00160255061669356,0.0254578106123359,-3.80060514480191,"10920705"
-130.33535,928.696777777778,-4.70847679457049,0.00160465526013846,0.0254773906356984,-3.80072576753403,"10938446"
754.11275,554.727222222222,4.70539303313873,0.00161097019123071,0.0255390062155041,-3.80108694928519,"10862216"
-75.3196499999999,203.242,-4.70524479826478,0.00161127442844577,0.0255390062155041,-3.80110432201578,"10788592"
-172.2116,443.472111111111,-4.70503876455327,0.00161169739600436,0.0255390062155041,-3.80112847027751,"10900772"
-60.3524,125.847911111111,-4.70380500184906,0.00161423272678561,0.0255390062155041,-3.80127311437474,"10915745"
-36.45832,88.4683222222222,-4.70379326579994,0.00161425686473948,0.0255390062155041,-3.80127449062078,"10768426"
99.65371,127.831077777778,4.70362489077033,0.00161460321102765,0.0255390062155041,-3.80129423607135,"10719212"
-93.3010500000001,320.573666666667,-4.70359949567022,0.00161465545560471,0.0255390062155041,-3.80129721428357,"10728723"
42.19777,79.0691444444444,4.70138390742309,0.00161922061978693,0.0255579266265701,-3.80155716072295,"10728346"
-133.896525,188.458433333333,-4.70137750807138,0.00161923382584998,0.0255579266265701,-3.80155791185843,"10794609"
-153.8657,486.518444444444,-4.7013134609686,0.0016193660035305,0.0255579266265701,-3.80156542960592,"10802782"
18.03371,37.3651222222222,4.70112701906136,0.00161975084134198,0.0255579266265701,-3.80158731492684,"10915018"
-107.15515,215.116888888889,-4.70089692344443,0.00162022592292763,0.0255579266265701,-3.8016143266865,"10735940"
284.7263,521.638222222222,4.69911751549314,0.00162390502395106,0.0256021378141967,-3.80182329942634,"10901960"
-110.77265,595.850111111111,-4.69852070941097,0.00162514101762171,0.0256078045786411,-3.80189342038763,"10863115"
191.18205,437.311,4.69738567996439,0.00162749450966751,0.0256194626928071,-3.80202682409457,"10839174"
433.95995,672.504888888889,4.69731808277851,0.0016276347900955,0.0256194626928071,-3.80203477086871,"10839771"
940.221000000001,2391.34,4.6924502909871,0.00163777135712743,0.0257512661071693,-3.80260758117136,"10749058"
940.221000000001,2391.34,4.6924502909871,0.00163777135712743,0.0257512661071693,-3.80260758117136,"10870043"
-134.689625,186.174144444444,-4.69116401271368,0.00164046134850879,0.025772623969252,-3.80275912319334,"10771492"
-221.7022,681.642888888889,-4.69095729212669,0.0016408941118234,0.025772623969252,-3.80278348490938,"10781290"
72.3171500000001,293.411555555556,4.69003927457785,0.00164281745757436,0.0257889678697352,-3.80289169557322,"10866850"
41.80751,102.388355555556,4.68858743601956,0.00164586423302588,0.0258032273690463,-3.80306290884587,"10703818"
1135.265,1788.71222222222,4.68848251417294,0.0016460846566585,0.0258032273690463,-3.80307528587514,"10797726"
115.66803,84.6645333333333,4.68834406400045,0.00164637556705355,0.0258032273690463,-3.80309161882149,"10702626"
-79.9272,249.438,-4.68674715858596,0.0016497350249734,0.0258403443243367,-3.80328006906719,"10787619"
166.2291,479.646,4.68598367071429,0.00165134383635593,0.0258403443243367,-3.8033702093435,"10927204"
47.64224,53.3233888888889,4.68541297072857,0.00165254752432925,0.0258403443243367,-3.80343760582434,"10797857"
224.34335,382.722555555556,4.68526863319398,0.00165285210431889,0.0258403443243367,-3.80345465365004,"10725819"
53.173065,62.2582333333333,4.68502194584907,0.00165337280374823,0.0258403443243367,-3.80348379231101,"10923277"
-79.1463999999999,236.168222222222,-4.68470080234737,0.00165405093059867,0.0258403443243367,-3.80352172990542,"10869137"
50.473295,78.0384555555556,4.68356449169535,0.00165645279958927,0.0258640363908076,-3.80365600354379,"10847709"
114.75675,688.356,4.68247132480049,0.00165876706111953,0.0258795556908319,-3.80378523503205,"10887695"
-645.56275,1214.79122222222,-4.68225829982297,0.0016592184503638,0.0258795556908319,-3.80381042471262,"10939595"
-47.1016,177.826555555556,-4.68065595518146,0.00166261803132718,0.0259187423517568,-3.80399996490473,"10833337"
-249.7085,686.409444444444,-4.67975678406608,0.00166452906300474,0.0259259741633941,-3.80410637893622,"10780373"
47.204515,78.7712444444444,4.67889458741689,0.0016663637599745,0.0259259741633941,-3.80420845209911,"10751196"
-207.549,417.841,-4.6788649777008,0.00166642680660008,0.0259259741633941,-3.80421195812217,"10872312"
-465.6595,1932.46222222222,-4.67876874237807,0.00166663173406086,0.0259259741633941,-3.80422335341937,"10909883"
-24.397145,36.6080444444444,-4.67619510609764,0.00167212234066083,0.025997542341706,-3.80452825784803,"10853871"
-213.96755,416.532111111111,-4.67502435954851,0.00167462653583014,0.0260141078933877,-3.80466705979204,"10758010"
16.525095,56.2482666666667,4.674502442116,0.00167574421972255,0.0260141078933877,-3.80472895789898,"10761388"
44.49727,109.130044444444,4.67390252858327,0.00167702993608599,0.0260141078933877,-3.80480012166712,"10827347"
-72.4534,109.326488888889,-4.67377110788473,0.00167731173640972,0.0260141078933877,-3.80481571345051,"10706994"
35.665615,81.1786444444444,4.67361798005815,0.00167764014757111,0.0260141078933877,-3.80483388157779,"10884205"
-141.36875,305.914444444444,-4.67270943319703,0.00167959013724419,0.0260297763665745,-3.80494170001081,"10894722"
-47.7394,146.733888888889,-4.67205024752487,0.00168100647553686,0.0260297763665745,-3.80501995027362,"10867505"
2224.845,5070.78,4.67190273020096,0.00168132361209441,0.0260297763665745,-3.80503746442827,"10796411"
22.34751,25.8908666666667,4.67038066366072,0.0016845995989864,0.0260666804474516,-3.80521823210084,"10771826"
-152.3195,592.890444444444,-4.66796198930125,0.00168981969541256,0.0261266532722059,-3.80550570523935,"10773571"
-66.4413499999999,172.665111111111,-4.6674000242552,0.00169103507607932,0.0261266532722059,-3.80557253668145,"10885178"
67.336,171.457111111111,4.66734302913206,0.00169115839452801,0.0261266532722059,-3.80557931561674,"10752531"
-307.6742,883.080111111111,-4.66674852513341,0.00169244528727467,0.0261327149167241,-3.80565003420536,"10727329"
-71.5860999999999,170.545555555556,-4.66593062962311,0.00169421748817509,0.0261409704058551,-3.80574735281409,"10937989"
-96.2156,308.150111111111,-4.66550117519398,0.0016951488314949,0.0261409704058551,-3.80579846453206,"10816311"
-32.3135525,25.3696211111111,-4.6648638260969,0.0016965320572627,0.0261409704058551,-3.80587433466592,"10827484"
18.019175,26.4656222222222,4.66466783024431,0.00169695767024517,0.0261409704058551,-3.80589766982281,"10764722"
48.63125,60.1023888888889,4.66443934143397,0.0016974539898647,0.0261409704058551,-3.80592487581848,"10872867"
108.09497,152.307988888889,4.66337044613722,0.00169977792787445,0.0261629675368409,-3.80605218051107,"10742568"
-634.96245,897.266666666667,-4.66126760651878,0.00170435993859948,0.0261873554277408,-3.80630278176683,"10850645"
32.471025,46.8837666666667,4.66124945831999,0.00170439954137894,0.0261873554277408,-3.80630494543032,"10714890"
93.90165,190.522666666667,4.66109503146175,0.00170473657035815,0.0261873554277408,-3.80632335711802,"10713583"
-156.3813,383.095,-4.66099818456677,0.00170494797095786,0.0261873554277408,-3.80633490434451,"10897821"
545.4645,1389.35666666667,4.65916960514534,0.00170894481928555,0.0262257237754636,-3.80655301074993,"10872062"
-106.25335,661.797888888889,-4.65903410659564,0.00170924139345802,0.0262257237754636,-3.80656917870509,"10798666"
79.9868,346.342888888889,4.65799902175937,0.0017115087994612,0.0262467286443357,-3.80669271519456,"10894512"
-556.393,1126.73622222222,-4.65681281959832,0.0017141112654389,0.0262569911383078,-3.80683434857299,"10737506"
-155.3185,389.538555555556,-4.65652961728362,0.00171473323385324,0.0262569911383078,-3.80686817279339,"10888557"
-129.63335,304.215777777778,-4.65588206692604,0.00171615630668873,0.0262569911383078,-3.80694552686031,"10710028"
120.32245,306.250444444444,4.65586607812217,0.0017161914603541,0.0262569911383078,-3.80694743707253,"10791815"
-231.08455,401.499555555556,-4.65564759446996,0.00171667190642048,0.0262569911383078,-3.80697354091213,"10888931"
160.5368,335.877888888889,4.65479287682059,0.00171855284071682,0.0262720055932503,-3.80707568159513,"10882238"
-192.83485,633.548222222222,-4.65401810957185,0.00172025977204546,0.0262843457011172,-3.80716829736918,"10741361"
150.7234,256.396777777778,4.65277124615217,0.00172301068258002,0.0263124604116675,-3.80731740619059,"10714353"
-123.878,150.711111111111,-4.6523680860319,0.00172390118531977,0.0263124604116675,-3.80736563442648,"10857267"
93.2702,119.213222222222,4.65171139099394,0.0017253527711815,0.0263208646774393,-3.80744420810075,"10901436"
-25.23373,47.8050888888889,-4.65047233017404,0.00172809526965456,0.0263395246431204,-3.80759251661158,"10849472"
-101.19025,224.511555555556,-4.65034419147132,0.00172837915865207,0.0263395246431204,-3.80760785816181,"10753694"
130.85929,217.822144444444,4.64966076723398,0.00172989413100061,0.0263488671235933,-3.80768969481293,"10700209"
-736.5555,1759.15,-4.64821539351236,0.00173310291191307,0.0263839856532716,-3.80786284279731,"10933130"
277.23531,176.502633333333,4.64695597764116,0.00173590414555359,0.0263879523673029,-3.8080137934207,"10841637"
103.44063,152.551233333333,4.64635218713088,0.00173724886450591,0.0263879523673029,-3.80808618856036,"10715916"
-75.8908999999999,275.049111111111,-4.64628096109605,0.00173740756882466,0.0263879523673029,-3.80809472976077,"10848003"
120.76465,205.212777777778,4.64622817662636,0.00173752519223201,0.0263879523673029,-3.8081010596598,"10791033"
60.28385,166.834222222222,4.64569564058223,0.00173871236563959,0.0263879523673029,-3.80816492850591,"10730190"
41.9816800000001,126.762344444444,4.64566394148932,0.00173878305973362,0.0263879523673029,-3.8081687307024,"10841565"
48.90935,292.058888888889,4.64514778639347,0.00173993460952375,0.0263886632863424,-3.80823064831749,"10792268"
48.270105,69.0851,4.64483337153039,0.0017406364808921,0.0263886632863424,-3.80826837140466,"10844198"
-93.8939,173.157777777778,-4.64359430814322,0.00174340545779062,0.0264089245657656,-3.80841707754886,"10897852"
-96.6171249999999,151.376255555556,-4.64322711544859,0.00174422695696826,0.0264089245657656,-3.80846115993578,"10921355"
-360.115499999999,1345.75666666667,-4.64302251031324,0.00174468489121406,0.0264089245657656,-3.80848572601802,"10861997"
190.87625,527.723888888889,4.64156435866723,0.00174795222804501,0.0264166216787566,-3.80866085681762,"10820586"
82.31852,111.166488888889,4.64074094666636,0.00174980022280634,0.0264166216787566,-3.80875979632952,"10853149"
248.0401,496.890444444444,4.64065107941616,0.00175000204185039,0.0264166216787566,-3.80877059651399,"10918708"
188.2685,1498.63888888889,4.64055983507636,0.00175020697942508,0.0264166216787566,-3.80878156258247,"10701124"
-40.42316,77.8586111111111,-4.64045353312263,0.00175044576982443,0.0264166216787566,-3.80879433881934,"10840038"
286.2916,770.181111111111,4.64037648575242,0.00175061886664177,0.0264166216787566,-3.80880359933173,"10882543"
297.1928,398.469888888889,4.63953632966744,0.00175250759565523,0.0264262512418155,-3.8089045977704,"10882697"
-121.190625,112.7335,-4.63928805290586,0.0017530661637105,0.0264262512418155,-3.80893445040757,"10853764"
631.6805,1228.39388888889,4.63869585240461,0.00175439926738956,0.0264282139104508,-3.80900566785522,"10721676"
-3405.21575,3201.22277777778,-4.63813704678099,0.00175565820823069,0.0264282139104508,-3.8090728843157,"10867810"
-402.27645,474.006666666667,-4.6380252079537,0.00175591028959352,0.0264282139104508,-3.80908633870939,"10940564"
44.011935,49.8395,4.63726851067527,0.00175761689847739,0.0264402781009879,-3.80917738601029,"10887492"
490.7095,1127.33611111111,4.63604452148009,0.0017603812342929,0.0264682333394919,-3.809324715547,"10778207"
-146.98315,215.252555555556,-4.63563580804526,0.00176130535313548,0.0264685054457304,-3.8093739273283,"10873170"
-42.54398,81.4735444444444,-4.6346312333791,0.00176357898591575,0.0264797281719832,-3.80949491797463,"10899157"
21.961135,44.6920444444444,4.63450497813363,0.00176386496278084,0.0264797281719832,-3.80951012746076,"10881622"
906.79675,903.326777777778,4.63259773280162,0.00176819115434437,0.0265168345023741,-3.80973997691924,"10823278"
-37.8279,110.2524,-4.63252036040446,0.00176836690133314,0.0265168345023741,-3.80974930496445,"10927900"
-360.5518,844.940555555556,-4.63179932464674,0.00177000560785347,0.0265168345023741,-3.80983624680915,"10729610"
362.0336,891.755222222222,4.63166451533752,0.00177031217401761,0.0265168345023741,-3.80985250470135,"10805882"
34.003225,56.2328444444444,4.63141705653278,0.00177087506380954,0.0265168345023741,-3.80988235024985,"10842032"
183.5701,847.444111111111,4.63034339038189,0.00177331956980779,0.0265398349960886,-3.81001187642484,"10767489"
-993.099,1100.03866666667,-4.62838423806315,0.00177778961162523,0.0265828304394762,-3.8102483664009,"10752081"
125.61895,247.339444444444,4.62828678718384,0.00177801227763184,0.0265828304394762,-3.81026013443872,"10739217"
-84.62319,85.9696333333333,-4.62696419762764,0.00178103727391086,0.0266110949414422,-3.81041989271748,"10938060"
182.96915,224.145222222222,4.62666403712005,0.00178172457402139,0.0266110949414422,-3.81045616116328,"10885015"
-160.0651,430.117555555556,-4.62363160080624,0.00178868439120953,0.0266831334784314,-3.81082280864267,"10867095"
-323.3747,408.457111111111,-4.62339369609702,0.00178923166293585,0.0266831334784314,-3.81085159166331,"10832772"
16.40246,30.6921222222222,4.62269110632373,0.00179084895238036,0.0266831334784314,-3.8109366103962,"10889787"
-308.8235,1144.56511111111,-4.6225791308931,0.00179110685533294,0.0266831334784314,-3.81095016242686,"10913340"
28.313955,58.5036,4.62220886756143,0.00179195993758819,0.0266831334784314,-3.81099497842662,"10913627"
-222.5858,403.703777777778,-4.62162503536291,0.00179330597881093,0.0266831334784314,-3.81106565753317,"10740408"
369.6504,651.297666666667,4.62125252690753,0.00179416538256751,0.0266831334784314,-3.81111076204181,"10803394"
43.52871,121.479633333333,4.62120742203128,0.00179426947318736,0.0266831334784314,-3.81111622392749,"10823421"
41.79948,79.2694666666667,4.62099136516021,0.00179476816886143,0.0266831334784314,-3.81114238823602,"10818581"
118.7058,317.921333333333,4.61843110116665,0.00180068919314009,0.0267356634663298,-3.81145260163865,"10811706"
224.72065,436.461444444444,4.618144718942,0.00180135281967325,0.0267356634663298,-3.81148732025491,"10774930"
31.73577,56.8574666666667,4.61811337565375,0.00180142546687387,0.0267356634663298,-3.81149112029131,"10772726"
-110.687125,159.219722222222,-4.61788188196915,0.00180196211970985,0.0267356634663298,-3.81151918784476,"10852007"
-99.5339499999999,297.169888888889,-4.61691089696275,0.00180421497155737,0.0267555005985162,-3.81163694289872,"10911062"
36.954,131,4.61579648611347,0.00180680437595114,0.0267775725439661,-3.81177214660552,"10702342"
-278.7535,1368.64555555556,-4.61548168897633,0.00180753655975564,0.0267775725439661,-3.81181034937254,"10731980"
39.250865,46.4256888888889,4.61448204160563,0.0018098637728698,0.0267984593312815,-3.81193169439351,"10716880"
132.15315,181.740333333333,4.61193769872263,0.00181580182003339,0.0268716778413988,-3.81224075972817,"10893739"
265.9704,279.648666666667,4.61121233013737,0.00181749858502215,0.0268716778413988,-3.81232892747087,"10808896"
274.3794,393.137,4.61118261437694,0.00181756813221757,0.0268716778413988,-3.81233253991919,"10820047"
-1498.4155,1589.02755555556,-4.61017723519751,0.0018199228441614,0.026872318431611,-3.81245478521785,"10915061"
-666.01925,1359.32344444444,-4.60978705322232,0.00182083758888214,0.026872318431611,-3.81250224081335,"10740159"
-88.5294499999998,428.792777777778,-4.60965676095661,0.00182114315823348,0.026872318431611,-3.81251808911941,"10898530"
-61.0554,286.182666666667,-4.6095938007272,0.00182129083640001,0.026872318431611,-3.81252574767464,"10703075"
684.2277,1054.618,4.60736018758491,0.00182653839572554,0.0269243907717427,-3.81279756843274,"10746246"
61.29575,171.856555555556,4.60719002163496,0.00182693885081839,0.0269243907717427,-3.81281828655913,"10751255"
90.899775,61.5074,4.60691555688979,0.00182758495585561,0.0269243907717427,-3.81285170621424,"10726972"
-313.06205,448.644111111111,-4.6061488506076,0.00182939114268028,0.0269357174543496,-3.8129450816024,"10898359"
13.755255,37.9683666666667,4.60580669069262,0.00183019782114342,0.0269357174543496,-3.8129867614622,"10888395"
-106.46005,336.563222222222,-4.60207310047524,0.00183902536595767,0.027042272629908,-3.81344192588051,"10920711"
-225.96945,886.828333333333,-4.60122233856392,0.00184104334871667,0.027042272629908,-3.81354573539277,"10916598"
768.4845,1796.53666666667,4.60087413017336,0.00184186998401169,0.027042272629908,-3.81358823350981,"10719210"
768.4845,1796.53666666667,4.60087413017336,0.00184186998401169,0.027042272629908,-3.81358823350981,"10834475"
68.53155,265.098666666667,4.60079149378353,0.00184206621939881,0.027042272629908,-3.81359831995679,"10879694"
-124.401825,117.0385,-4.59988061769714,0.00184423077160955,0.0270604509099957,-3.81370952133171,"10818742"
-169.2283,376.408222222222,-4.59888808410878,0.00184659252220171,0.0270815029837352,-3.81383073649838,"10870177"
179.5292,201.681555555556,4.59544934004588,0.00185480056661806,0.0271478942467729,-3.8142510624589,"10735827"
20.41677,26.8651,4.5954191646965,0.00185487276861359,0.0271478942467729,-3.81425475335545,"10917320"
-64.04895,207.515,-4.59534195102277,0.00185505753537664,0.0271478942467729,-3.81426419794001,"10813347"
-594.00735,645.058333333333,-4.59500651824587,0.00185586043442676,0.0271478942467729,-3.81430523053881,"10930190"
83.84915,193.471888888889,4.59467120443626,0.00185666342674387,0.0271478942467729,-3.8143462539403,"10729999"
-90.2158,227.242888888889,-4.59465795219566,0.00185669517029685,0.0271478942467729,-3.81434787537329,"10922562"
822.379,795.605777777778,4.5934819081619,0.00185951454296842,0.0271755166874835,-3.8144917995711,"10907524"
1329.694,1362.74111111111,4.5924956425181,0.00186188254545836,0.0271810178279638,-3.81461254951328,"10751448"
-134.2774,813.524555555556,-4.59237498031608,0.00186217247804345,0.0271810178279638,-3.81462732554609,"10757956"
288.70835,359.229222222222,4.59216289861969,0.0018626821966038,0.0271810178279638,-3.81465329829507,"10940068"
-111.52065,319.574666666667,-4.59158140872178,0.0018640805323737,0.0271878425725239,-3.81472452190656,"10889935"
-1734.39825,2120.88833333333,-4.59024278142787,0.0018673039357681,0.0272120428604421,-3.81488854455529,"10702068"
-1725.41675,1406.42411111111,-4.59011882750595,0.00186760272250245,0.0272120428604421,-3.81490373701377,"10751404"
34.453405,33.6327444444444,4.58867569629942,0.00187108517316714,0.0272491935438209,-3.81508066889341,"10940546"
-162.98495,558.657444444444,-4.58707384951512,0.00187495890112525,0.0272920026594286,-3.81527717618734,"10844808"
52.58643,71.4723666666667,4.5859954302081,0.00187757174563449,0.0273164247893257,-3.81540954081718,"10799457"
-615.97015,685.302888888889,-4.58431080199741,0.00188166127412112,0.0273622958995392,-3.81561642246609,"10728578"
-107.52635,371.033111111111,-4.58377034000051,0.00188297532851604,0.0273677817150585,-3.81568282293955,"10844827"
78.0745000000001,384.600777777778,4.58298512204992,0.00188488625092874,0.027369888632868,-3.81577931871855,"10902375"
38.12259,120.112033333333,4.58294085557963,0.0018849940415325,0.027369888632868,-3.81578475952304,"10861815"
32.72802,45.6784666666667,4.58239429065147,0.00188632550158136,0.0273721181554255,-3.81585194570174,"10741770"
560.59105,773.202777777778,4.58210875196268,0.00188702149534562,0.0273721181554255,-3.81588705106677,"10749325"
897.17,2123.11222222222,4.58096261428035,0.00188981799197134,0.0273990783213155,-3.8160280014864,"10764221"
265.6338,538.799666666667,4.5801715001581,0.00189175088619468,0.0274134972169104,-3.81612532830121,"10892962"
-286.0713,485.005,-4.57975394899943,0.00189277193776447,0.0274146947892172,-3.8161767096213,"10892035"
16.671964,18.9396477777778,4.57934517357945,0.00189377211065387,0.0274155889200407,-3.81622701914489,"10718749"
-113.21725,202.561222222222,-4.57769920815052,0.00189780520681814,0.0274603671678975,-3.81642967533748,"10776710"
-55.7741,118.491111111111,-4.57705853027575,0.00189937758085608,0.0274695131916483,-3.81650859263979,"10796991"
484.0354,399.659444444444,4.57598163618347,0.00190202372667589,0.0274903843207806,-3.81664128646935,"10792163"
65.8547,137.787055555556,4.57551080720087,0.00190318190838743,0.0274903843207806,-3.81669931903699,"10744441"
-1405.977325,1179.81718888889,-4.57532315865779,0.0019036437146895,0.0274903843207806,-3.81672245083927,"10936637"
43.593935,72.2713222222222,4.57477204128567,0.00190500072908644,0.0274957615611217,-3.8167903979263,"10723379"
269.7257,1186.46988888889,4.57440769133339,0.00190589844462489,0.0274957615611217,-3.81683532652426,"10843893"
-21.2716,115.095755555556,-4.57364609520316,0.00190777641513454,0.0275092695911848,-3.81692926079863,"10840504"
124.76835,228.48,4.5732078031067,0.00190885808385885,0.0275112876476825,-3.81698333180503,"10844181"
-450.84885,665.094333333333,-4.57168191468773,0.0019126290589749,0.0275520440477775,-3.81717164887255,"10855008"
-164.87495,289.162444444444,-4.57040210796348,0.00191579813501445,0.0275840939952253,-3.81732968214644,"10725045"
-1156.74,1409.54133333333,-4.56883035290729,0.00191969795641583,0.0276225183843428,-3.81752387361499,"10827517"
-192.1053,496.716666666667,-4.56856472957612,0.00192035787083591,0.0276225183843428,-3.8175567033111,"10936055"
181.65095,573.406555555556,4.56789277307313,0.00192202838125728,0.0276247175227408,-3.81763976888876,"10859371"
-57.9215,155.067111111111,-4.56774259123713,0.0019224019553547,0.0276247175227408,-3.81765833696276,"10853292"
-165.6138,366.142666666667,-4.56533886943096,0.00192839192452268,0.0276971689690292,-3.81795567442755,"10764388"
-71.2053,167.594,-4.56495603063663,0.00192934781507102,0.0276972811152259,-3.81800305682136,"10897347"
250.1809,614.525111111111,4.56442896029516,0.00193066467342856,0.0276981604170783,-3.81806830172349,"10715962"
35.769265,84.7661111111111,4.56396589282115,0.00193182243081751,0.0276981604170783,-3.81812563490121,"10862649"
-39.854655,59.6074,-4.56379359405899,0.00193225340350536,0.0276981604170783,-3.81814697014568,"10892197"
-180.2849,264.805977777778,-4.56195834843783,0.00193685041852393,0.0277445174526593,-3.81837431202356,"10892263"
-664.0092,771.584,-4.56174455239057,0.00193738671881376,0.0277445174526593,-3.8184008066738,"10930779"
-295.8449,863.306777777778,-4.55985344136856,0.00194213754824012,0.0277989252005325,-3.81863525846952,"10925695"
-147.68335,203.404555555556,-4.55929819418345,0.00194353484002697,0.0278053020649108,-3.8187041284216,"10889375"
-1641.8225,1690.36711111111,-4.55782753476079,0.00194724107380203,0.027844689539918,-3.81888661329136,"10815679"
-773.5705,909.236888888889,-4.55670916670142,0.0019500646382281,0.0278714228675126,-3.81902545452446,"10859939"
206.93635,423.154111111111,4.55589614416898,0.00195212008676175,0.0278871570731823,-3.81912642621546,"10843207"
35.047395,100.6394,4.55358799584921,0.00195796830094518,0.0279570312530853,-3.81941325632686,"10708832"
-2114.5305,2900.18666666667,-4.5527899730647,0.00195999470280431,0.0279614623430272,-3.81951248541727,"10855701"
30.929395,66.0890777777778,4.55271197543985,0.00196019288281371,0.0279614623430272,-3.81952218558369,"10926849"
46.40565,218.465333333333,4.55179604313671,0.00196252175790344,0.0279659654317865,-3.81963611745965,"10875023"
1015.741,2420.29444444444,4.5517839821092,0.00196255244467787,0.0279659654317865,-3.81963761798958,"10899824"
-731.22975,1194.045,-4.55120787562453,0.00196401883575621,0.0279659654317865,-3.81970930044383,"10919557"
252.29105,468.371555555556,4.55108267092169,0.00196433768282419,0.0279659654317865,-3.81972488125478,"10817444"
-255.60785,389.342111111111,-4.55011036552994,0.00196681567884664,0.0279876050861304,-3.81984590342527,"10796050"
372.196,1811.76444444444,4.54956949339952,0.00196819560516654,0.027993605846804,-3.81991324524178,"10911035"
-175.78245,519.269666666667,-4.54910636401327,0.00196937802341261,0.0279967929810102,-3.81997091889717,"10876527"
-200.417575,251.984922222222,-4.5475022716928,0.00197347941660199,0.0280365034901397,-3.82017075748384,"10742657"
-84.5310999999999,262.497222222222,-4.54699962522956,0.00197476650960497,0.0280365034901397,-3.82023340311687,"10767132"
-503.3735,1226.56444444444,-4.54688878189883,0.00197505046151528,0.0280365034901397,-3.82024721934919,"10744391"
-733.36125,1414.04166666667,-4.54617240622314,0.00197688670175174,0.0280417634010664,-3.82033652745102,"10868255"
452.7083,1096.87788888889,4.54599538002585,0.00197734074779889,0.0280417634010664,-3.8203586005409,"10817751"
43.00784,99.4277555555555,4.54548627238908,0.00197864716592116,0.0280466755483847,-3.82042208877358,"10732939"
-49.459575,85.2691666666667,-4.54453047239816,0.00198110237495043,0.0280678587690601,-3.82054131575662,"10918488"
261.4719,492.673333333333,4.54393720561138,0.0019826279940833,0.0280758575953221,-3.82061534249084,"10718510"
18.885486,18.8050133333333,4.54272884952873,0.00198573930320165,0.0281062926374675,-3.820766171847,"10904574"
-26.60005,66.4711555555556,-4.54183611896962,0.00198804134142965,0.0281252492728939,-3.82087764981968,"10779130"
-56.12195,128.370511111111,-4.54082504140299,0.00199065206047062,0.0281485524175163,-3.82100395296582,"10731803"
-139.96735,634.123888888889,-4.53872917479923,0.00199607571272366,0.0282006058397414,-3.82126592573074,"10885484"
158.65607,200.121488888889,4.53865657385443,0.00199626387610684,0.0282006058397414,-3.82127500431627,"10878938"
235.93235,340.078222222222,4.53782810120864,0.0019984124352536,0.0282173131384721,-3.82137862114873,"10780798"
-94.5856000000001,321.120555555556,-4.53712185506187,0.00200024599811589,0.0282243631189527,-3.82146697755577,"10850480"
43.49521,105.529244444444,4.53679945029845,0.00200108363650889,0.0282243631189527,-3.82150732076254,"10759495"
-53.4897500000001,324.957777777778,-4.53615780338368,0.0020027518317616,0.0282243631189527,-3.82158762650936,"10702859"
24.568045,43.0502111111111,4.536148423766,0.00200277622871189,0.0282243631189527,-3.82158880057051,"10729312"
210.8838,317.965333333333,4.53472314104954,0.00200648723330365,0.0282310955037842,-3.82176725525979,"10751469"
-1206.24775,1829.51988888889,-4.53454870510428,0.00200694192500261,0.0282310955037842,-3.82178910258346,"10794779"
15.093933,21.4633066666667,4.53453323504612,0.00200698225528253,0.0282310955037842,-3.82179104021088,"10791594"
-147.4688,461.859111111111,-4.53433202559461,0.00200750688650046,0.0282310955037842,-3.8218162427925,"10776966"
-77.60785,338.010222222222,-4.53411009146581,0.00200808572796822,0.0282310955037842,-3.82184404354424,"10856588"
-47.899315,71.2924555555556,-4.53353870220458,0.00200957684239181,0.0282384693956875,-3.82191563012657,"10841508"
61.128095,94.5315222222222,4.53268532980643,0.00201180607074558,0.0282445928002397,-3.82202257467957,"10865502"
21.025405,58.4639444444444,4.53222519719353,0.00201300917126652,0.0282445928002397,-3.82208025321222,"10905770"
-62.666125,105.958388888889,-4.53201559100479,0.00201355748416691,0.0282445928002397,-3.82210653119009,"10819402"
113.76798,142.150566666667,4.5314433977184,0.00201505512264388,0.0282445928002397,-3.82217827703161,"10743227"
-175.8269,286.737111111111,-4.53121488289444,0.00201565356767857,0.0282445928002397,-3.82220693438553,"10903674"
459.7286,923.775222222222,4.53115382038655,0.00201581351367494,0.0282445928002397,-3.82221459248215,"10919214"
21.366375,47.2297666666667,4.52900822978035,0.00202144240502893,0.0282796799188831,-3.82248379538812,"10906950"
29.357674,28.0221811111111,4.52876850165298,0.00202207238511565,0.0282796799188831,-3.82251388756788,"10763820"
-392.8489,625.198888888889,-4.52869868240249,0.00202225590283708,0.0282796799188831,-3.82252265224703,"10885892"
-251.8872,313.661733333333,-4.52866771473093,0.00202233730619303,0.0282796799188831,-3.82252653981431,"10797161"
188.1165,330.082333333333,4.52789259898255,0.00202437597995505,0.0282796799188831,-3.82262386026661,"10813246"
365.54895,509.342,4.52763642867872,0.00202505023849881,0.0282796799188831,-3.82265603045328,"10934689"
1257.484,1914.39777777778,4.52761988007253,0.00202509380400847,0.0282796799188831,-3.82265810875831,"10899055"
36.86445,162.24,4.52656845992822,0.00202786384067055,0.028301212726217,-3.82279018190022,"10735110"
-94.6384,298.181888888889,-4.52629943448621,0.00202857326790917,0.028301212726217,-3.82282398396816,"10734875"
19.21419,45.5154,4.52580562418087,0.00202987616115359,0.0283058721584444,-3.82288603865653,"10808063"
-40.78996,58.3711888888889,-4.52484831087565,0.0020324045757345,0.0283151295111515,-3.82300637347475,"10768395"
13.054408,15.1730011111111,4.52428288030328,0.00203389957492577,0.0283151295111515,-3.82307746949902,"10805263"
-107.24885,744.979444444444,-4.52386855941823,0.00203499579892687,0.0283151295111515,-3.82312957525941,"10769933"
236.1398,631.827222222222,4.52380125010356,0.00203517394880282,0.0283151295111515,-3.82313804099743,"10752903"
-90.27915,119.606133333333,-4.52372107097163,0.00203538618379606,0.0283151295111515,-3.82314812570905,"10897327"
-161.9983,309.095555555556,-4.52335085301335,0.00203636646668924,0.0283152831784195,-3.82319469479544,"10819080"
-234.8403,545.955333333333,-4.52195777219066,0.00204005974283682,0.0283531424011584,-3.82336998826073,"10914853"
26.544675,63.5733333333333,4.52122644357756,0.00204200152444019,0.0283666345863033,-3.8234620505343,"10729022"
87.03085,300.398777777778,4.52031070812724,0.00204443576623091,0.0283712731969144,-3.82357736359476,"10788010"
-241.5967,620.588888888889,-4.52023640078755,0.00204463343108533,0.0283712731969144,-3.82358672247607,"10930301"
90.52225,87.4956111111111,4.51996013281536,0.0020453685133898,0.0283712731969144,-3.82362152032714,"10839307"
86.05313,157.639955555556,4.5196402313272,0.00204622005291636,0.0283712731969144,-3.82366181879934,"10825634"
-73.27465,203.156888888889,-4.51924985972683,0.00204725969762166,0.0283722223938895,-3.82371100130215,"10735036"
-103.64085,304.869,-4.51825384022546,0.00204991491750217,0.0283955497391694,-3.8238365226354,"10779748"
-149.19885,633.778,-4.51723081092635,0.00205264603891691,0.0284199058677339,-3.82396549854139,"10881499"
81.95735,187.779888888889,4.51668570931457,0.00205410287996687,0.028426604232758,-3.82403424188399,"10722566"
-312.60555,646.145,-4.51573830066225,0.00205663760393801,0.0284447458859214,-3.82415375533772,"10909780"
108.872,543.579555555556,4.51546809973432,0.00205736113017566,0.0284447458859214,-3.82418784865788,"10752576"
-266.8183,416.005888888889,-4.51478445721729,0.0020591929790734,0.0284475624101337,-3.82427412509931,"10740381"
-165.24725,189.150177777778,-4.51466532728338,0.00205951237411627,0.0284475624101337,-3.82428916177995,"10849666"
-43.082725,105.228522222222,-4.51408817650181,0.00206106051527683,0.0284554923881368,-3.82436202011985,"10870987"
-856.237,1350.08022222222,-4.51330545522229,0.00206316209741492,0.0284710522030606,-3.82446085544036,"10821556"
219.28975,505.356111111111,4.51253123921878,0.00206524313498003,0.0284723483663179,-3.82455864644348,"10770566"
210.20007,134.771933333333,4.51234047492867,0.00206575624613271,0.0284723483663179,-3.82458274635662,"10908658"
122.7152,181.174888888889,4.51218302136498,0.00206617986364736,0.0284723483663179,-3.8246026393598,"10751445"
-138.0688,556.469888888889,-4.5112945475624,0.0020685720091535,0.0284784911677126,-3.82471491382023,"10795904"
963.4265,2558.93555555556,4.5112933331371,0.00206857528095728,0.0284784911677126,-3.82471506731105,"10828433"
319.2975,714.797,4.50956565738806,0.00207323554286005,0.0285292054399969,-3.82493350126054,"10938422"
273.58215,432.770666666667,4.50905750698782,0.00207460840744156,0.0285342275603431,-3.82499777585265,"10927122"
201.4184,243.903888888889,4.5084794015475,0.00207617147052323,0.0285342275603431,-3.82507091434739,"10845376"
92.63065,302.482777777778,4.50834660684347,0.00207653069738103,0.0285342275603431,-3.82508771707793,"10885269"
99.9754,208.814111111111,4.50761038801131,0.00207852349054898,0.0285481830055937,-3.82518088782024,"10822940"
-158.9792,372.281777777778,-4.50514224171788,0.0020852194362085,0.0286046831772076,-3.82549343433419,"10918806"
-88.2992,121.167911111111,-4.50511993885095,0.00208528004945211,0.0286046831772076,-3.82549625996326,"10917260"
-824.71175,887.111444444444,-4.5050115829928,0.00208557455902828,0.0286046831772076,-3.82550998829949,"10813678"
24.896395,33.0909444444444,4.50442093867379,0.00208718071639896,0.028613278953017,-3.82558483121285,"10734320"
40.07553,107.753066666667,4.50396490955456,0.00208842173023732,0.0286168632397529,-3.82564262827795,"10831122"
221.48477,251.679655555556,4.50321739227696,0.00209045771990016,0.02862193461052,-3.82573739072735,"10703059"
-139.4543,639.394111111111,-4.50310966933788,0.00209075129933764,0.02862193461052,-3.82575104899429,"10911158"
56.18802,130.606933333333,4.50102330735675,0.00209644615029922,0.0286797082147385,-3.82601569339847,"10897232"
-129.11195,283.991111111111,-4.50084452917357,0.00209693491978782,0.0286797082147385,-3.82603838051056,"10843172"
-302.13345,789.851666666667,-4.50044838832402,0.00209801838788682,0.0286810992904659,-3.82608865677136,"10700680"
-259.15375,419.947555555556,-4.49950247289982,0.00210060798298392,0.0287030690434482,-3.82620873912828,"10885560"
16.068801,15.9329633333333,4.49877559870441,0.00210260027798858,0.02871008984464,-3.82630104465042,"10741761"
-118.71335,202.511111111111,-4.49859802758758,0.00210308729607481,0.02871008984464,-3.82632359832362,"10877002"
79.4676,272.212333333333,4.49735009409545,0.00210651341992901,0.028743429729008,-3.82648214495397,"10821218"
-325.62485,361.825444444444,-4.49523750353562,0.00211232724038111,0.0287688894843004,-3.8267507197536,"10814561"
130.0782,480.244333333333,4.49498964217512,0.00211301049364344,0.0287688894843004,-3.82678224499838,"10837232"
-225.8048,682.186111111111,-4.49497228040958,0.00211305836199103,0.0287688894843004,-3.82678445333852,"10922226"
82.17837,113.2826,4.49495103048839,0.00211311695202666,0.0287688894843004,-3.82678715625527,"10876838"
-55.80255,80.8300666666667,-4.4943175441872,0.00211486440417035,0.0287688894843004,-3.82686774380942,"10815137"
-53.046865,81.2519555555556,-4.49420292904174,0.00211518073420147,0.0287688894843004,-3.82688232644609,"10723902"
29.49087,43.7791333333333,4.49416963614319,0.00211527262998143,0.0287688894843004,-3.82688656246771,"10831129"
-33.34935,225.243666666667,-4.49240663009351,0.00212014512120258,0.028821740144631,-3.82711095704811,"10766382"
318.0471,664.638666666667,4.49190100184329,0.00212154479615743,0.0288273533371829,-3.82717534162451,"10854108"
152.4066,415.381666666667,4.49080231209028,0.00212458964072318,0.0288553053296545,-3.82731528789775,"10884211"
166.41465,177.407166666667,4.49016175341541,0.0021263670387739,0.0288660254046193,-3.82739690709992,"10907869"
46.2512,105.342888888889,4.48925482938516,0.00212888630134556,0.0288839413985921,-3.82751250109654,"10834800"
-1045.301,1627.62177777778,-4.48897502679347,0.00212966419430983,0.0288839413985921,-3.82754817219775,"10726611"
-270.958325,292.272077777778,-4.48808587245668,0.00213213822709255,0.0289040771073234,-3.82766155334561,"10796043"
-213.91015,309.992222222222,-4.48713471984174,0.0021347882251635,0.0289063941247818,-3.82778288374435,"10764005"
-49.49375,150.470777777778,-4.48701397023691,0.00213512490052919,0.0289063941247818,-3.82779828995511,"10879244"
175.9284,383.324,4.486788569158,0.00213575352065897,0.0289063941247818,-3.82782705038661,"10781304"
-112.7059,267.889888888889,-4.48660449746638,0.00213626702661066,0.0289063941247818,-3.82785053919899,"10717992"
-49.084955,42.9003244444444,-4.48202487424649,0.0021490861177086,0.0290663897420089,-3.82843547331652,"10797024"
140.346,507.997,4.48088782233842,0.00215228184244579,0.0290801357214498,-3.82858086553942,"10887966"
175.01457,236.039933333333,4.48075659236793,0.00215265100114863,0.0290801357214498,-3.82859764976212,"10869915"
80.54236,149.058244444444,4.48060102570748,0.00215308870971096,0.0290801357214498,-3.82861754774257,"10831606"
138.1462,257.136111111111,4.47994265360573,0.00215494220263197,0.02908343594883,-3.82870177114197,"10923334"
191.29695,340.323666666667,4.47946719062947,0.0021562818356711,0.02908343594883,-3.82876260901121,"10788735"
-385.84135,733.819555555556,-4.47945377409176,0.00215631965034455,0.02908343594883,-3.82876432588795,"10834241"
73.4209,398.157111111111,4.47854919755027,0.00215887087294954,0.0291044087135893,-3.82888010272003,"10811708"
-145.438075,145.980255555556,-4.47765528495859,0.00216139524153089,0.0291250002703336,-3.8289945547721,"10842562"
-576.39525,1491.53033333333,-4.47679261228997,0.00216383443107805,0.0291444255737732,-3.82910504483228,"10873597"
160.41865,175.726777777778,4.4762478767437,0.00216537620020512,0.0291476397670208,-3.82917483302975,"10748236"
-1001.657275,841.817588888889,-4.47600340212776,0.0021660685265353,0.0291476397670208,-3.82920615844385,"10940651"
22.891145,73.5855222222222,4.47543694461349,0.00216767359881932,0.0291558087089814,-3.82927875215731,"10803666"
-126.83985,254.104333333333,-4.47508120300425,0.0021686822625735,0.0291559519644833,-3.82932435000806,"10776811"
-272.69335,661.764555555556,-4.47353914455677,0.00217306048877115,0.0291933675888367,-3.82952207935967,"10900511"
-923.453500000001,1980.55222222222,-4.47336395600929,0.00217355849278701,0.0291933675888367,-3.82954455030425,"10726080"
160.95895,541.078111111111,4.47304580900235,0.00217446319823744,0.0291933675888367,-3.82958536205311,"10910641"
41.69083,55.4432777777778,4.47245964028954,0.00217613114069375,0.0292023404429156,-3.82966056875144,"10834033"
162.4439,525.070888888889,4.4719279864838,0.00217764516312887,0.0292092404938691,-3.82972879592937,"10815706"
-25.785915,79.9465333333333,-4.47128797017057,0.0021794692941383,0.0292202918581717,-3.82981094803025,"10741518"
-86.9489499999999,192.304222222222,-4.47068871227033,0.00218117876313446,0.0292285268699545,-3.8298878869826,"10714276"
-68.209775,141.883144444444,-4.47037140484223,0.00218208451781237,0.0292285268699545,-3.82992863348168,"10884278"
-422.3773,761.963555555556,-4.46951654261822,0.00218452675761152,0.029247829833576,-3.83003843425052,"10860916"
41.76455,144.645222222222,4.46744934296317,0.0021904447822112,0.0293026376083495,-3.83030410207618,"10835252"
-1226.7515,1323.04311111111,-4.46738598823431,0.00219062643036336,0.0293026376083495,-3.8303122475407,"10702562"
961.85195,1117.85455555556,4.46480252340652,0.00219804759416094,0.0293884496182232,-3.8306445728167,"10799502"
-116.1055,192.897355555556,-4.4640874558382,0.0022001064926548,0.0294025210779586,-3.83073661502271,"10864590"
145.2025,288.365444444444,4.46332158256801,0.00220231400000357,0.0294071438020336,-3.83083522529854,"10795513"
198.2863,566.105444444444,4.4632690098956,0.00220246562055348,0.0294071438020336,-3.8308419953906,"10756079"
-219.58665,645.924333333333,-4.46159881476567,0.0022072884008101,0.0294580737054666,-3.83105714845128,"10884418"
17.860405,39.5444777777778,4.46091152099195,0.00220927632971177,0.0294711409571688,-3.83114572570683,"10835678"
33.90731,78.8133555555556,4.4602565423426,0.00221117260011816,0.0294794812938833,-3.83123016032488,"10824965"
42.5106,56.6132,4.45999864846426,0.00221191973013597,0.0294794812938833,-3.83126341185875,"10939082"
69.57545,324.746222222222,4.45834960355073,0.00221670357350055,0.0295297666193548,-3.83147611040264,"10888301"
-30.847195,72.8088555555556,-4.45679804461016,0.00222121487431325,0.0295630632373198,-3.83167635977413,"10798331"
94.38265,226.593444444444,4.45648645486818,0.00222212205206886,0.0295630632373198,-3.83171658918739,"10786703"
269.6137,841.995111111111,4.45644633515114,0.00222223888783304,0.0295630632373198,-3.831721769407,"10700969"
-111.86775,330.937,-4.45565887348125,0.00222453346771961,0.029580118673628,-3.83182346210509,"10912629"
-54.2872,183.149555555556,-4.45483668619522,0.00222693198065483,0.0295985399830984,-3.83192967257278,"10748991"
-456.84205,671.187888888889,-4.45427054176553,0.00222858518942872,0.0296070430759303,-3.83200282711398,"10855862"
-49.842095,69.3492777777778,-4.45360383605512,0.00223053375835315,0.0296101769378251,-3.83208899641274,"10852836"
-261.5472,602.948,-4.45317155761136,0.00223179815964607,0.0296101769378251,-3.83214487880187,"10747592"
61.60644,111.0707,4.45314981882374,0.00223186176549226,0.0296101769378251,-3.83214768931181,"10753024"
151.6539,589.575333333333,4.45273460653368,0.00223307701937885,0.0296128515860797,-3.83220137480966,"10788766"
174.0262,498.743777777778,4.45216451622464,0.00223474674507426,0.0296215478269507,-3.83227509964756,"10858185"
63.9121,311.284777777778,4.45088358243818,0.00223850339360935,0.0296249612118882,-3.83244081147162,"10855546"
-906.850999999999,3520.20111111111,-4.4506087866664,0.00223931019188339,0.0296249612118882,-3.83247637202532,"10936312"
-100.80225,164.2974,-4.45035507521222,0.00224005536714989,0.0296249612118882,-3.8325092074977,"10932189"
93.17235,219.258333333333,4.44982221551856,0.00224162130490296,0.0296249612118882,-3.83257818105582,"10920991"
287.3465,1006.55055555556,4.44977240521715,0.00224176774533023,0.0296249612118882,-3.83258462925193,"10798442"
-619.48475,997.063444444444,-4.44936457275735,0.00224296714839324,0.0296249612118882,-3.8326374299405,"10799376"
373.0909,183.733777777778,4.44911147768116,0.00224371183145517,0.0296249612118882,-3.83267020152392,"10783880"
48.4468,135.198111111111,4.44907561288368,0.00224381737836785,0.0296249612118882,-3.83267484567742,"10906054"
60.340765,56.8638777777778,4.44896910022104,0.00224413086745768,0.0296249612118882,-3.83268863844675,"10936877"
49.19128,84.3216111111111,4.44815973857942,0.00224651454289144,0.0296430333586407,-3.83279346477135,"10857124"
66.677326,46.5360911111111,4.4459703914542,0.00225297624459883,0.0297148749479505,-3.83307718882043,"10764069"
-50.4134999999999,224.073,-4.4451453845332,0.00225541642706457,0.0297336351535488,-3.83318416675294,"10795082"
81.44525,248.077888888889,4.44466681667173,0.00225683323691981,0.0297388931814954,-3.83324623799775,"10778505"
-76.532975,119.225144444444,-4.44259783514773,0.00226296962950314,0.0298063096286315,-3.83351472244985,"10856521"
-1351.97475,1359.65633333333,-4.44094947776179,0.00226787146041989,0.0298483404202665,-3.83372877898493,"10855853"
97.9136000000001,163.703555555556,4.44083774670205,0.00226820413955609,0.0298483404202665,-3.8337432934146,"10836993"
-37.206715,89.3942222222222,-4.44047934569172,0.00226927163592437,0.0298489426257967,-3.83378985578368,"10792843"
36.6089,31.1093722222222,4.43915051349365,0.00227323432226186,0.0298876091316642,-3.83396255039148,"10749716"
92.4179000000001,267.711222222222,4.43838726931223,0.00227551377559315,0.0299000887464918,-3.83406178180576,"10732607"
-41.499405,77.9422,-4.43814746056757,0.00227623048443205,0.0299000887464918,-3.83409296607556,"10913893"
-326.9017,634.112555555556,-4.43476637566148,0.0022863615583902,0.0300196703671062,-3.83453294624217,"10884772"
-127.250575,185.753388888889,-4.43327393819516,0.00229084905978499,0.030065078361437,-3.83472734145965,"10865163"
-224.26875,696.493,-4.43288764789312,0.0022920121252049,0.0300668353056739,-3.8347776755501,"10793304"
-286.616,759.010111111111,-4.43244168728385,0.00229335564682849,0.030070956852086,-3.8348357941779,"10839229"
-150.2018,735.126444444444,-4.43177767589074,0.00229535766295652,0.0300837051438366,-3.83492234841207,"10793600"
142.85895,396.973666666667,4.43117442673395,0.00229717812397016,0.0300940635487284,-3.83500100167715,"10760041"
216.90735,730.122666666667,4.43067713508303,0.00229868000942188,0.0300960887919638,-3.83506585382085,"10932230"
211.21425,384.419,4.43044114421576,0.00229939310548583,0.0300960887919638,-3.83509663394877,"10926160"
569.791,3096.04444444444,4.42987773264647,0.00230109654343578,0.0301048967397819,-3.83517013078373,"10877581"
31.61081,93.1111888888889,4.42862280864011,0.0023048956502423,0.030133108054635,-3.83533389318171,"10714963"
263.15486,256.594355555556,4.42848415421591,0.00230531582467684,0.030133108054635,-3.83535199192519,"10775501"
163.7215,497.441111111111,4.42743180509672,0.00230850754551624,0.030161332484218,-3.83548938831768,"10805044"
17.32889,25.8109888888889,4.42626466027233,0.00231205304763616,0.0301890625846507,-3.83564183854215,"10834140"
302.16205,457.049444444444,4.42605297701827,0.0023126967229564,0.0301890625846507,-3.83566949563362,"10820008"
112.61165,278.811222222222,4.42529457676748,0.00231500442409732,0.0302056897032511,-3.83576860177522,"10802373"
-55.04785,188.070888888889,-4.42354882849929,0.00232032598642602,0.0302616086461829,-3.83599684381902,"10901293"
16.742159,22.9506755555556,4.42258501241104,0.00232326967423574,0.0302721751812329,-3.83612292129251,"10771830"
-200.70305,683.510444444444,-4.42228027533458,0.00232420124576577,0.0302721751812329,-3.83616279402278,"10880516"
123.5446,459.477111111111,4.42191130234647,0.00232532972716859,0.0302721751812329,-3.83621107791436,"10787579"
129.88775,352.213888888889,4.42185379521518,0.00232550566279365,0.0302721751812329,-3.83621860393644,"10700736"
-402.788799999999,874.574555555556,-4.42158856444538,0.00232631728903498,0.0302721751812329,-3.83625331716459,"10855668"
142.77,603.712333333333,4.42096375349243,0.00232823047350758,0.0302835819470393,-3.83633510619391,"10817705"
20.389195,39.4469444444444,4.41960626514495,0.00233239302087984,0.0303242232808115,-3.83651287284505,"10737443"
278.6376,1036.20233333333,4.41872957133357,0.00233508557212191,0.0303457250462498,-3.83662772818497,"10749630"
-49.714225,125.448788888889,-4.41640881087371,0.0023422295228907,0.0304032207017267,-3.83693195967986,"10705772"
-454.823,667.321444444444,-4.41639861007387,0.00234226097612863,0.0304032207017267,-3.8369332975234,"10766926"
369.51295,474.246777777778,4.41627830825672,0.00234263195042058,0.0304032207017267,-3.83694907560995,"10817938"
-39.0455,77.6937444444444,-4.41526720255397,0.00234575241524843,0.0304302002926588,-3.83708171559273,"10744751"
100.3313,381.463888888889,4.41436557801947,0.0023485388058088,0.0304391462444284,-3.83720003758831,"10752650"
22.94541,45.8814,4.41398179296333,0.00234972594929366,0.0304391462444284,-3.83725041508731,"10701246"
243.30485,406.605888888889,4.41386076877068,0.00235010044255727,0.0304391462444284,-3.83726630287607,"10819523"
-72.2556499999999,319.254777777778,-4.41369620291265,0.00235060977365066,0.0304391462444284,-3.83728790792081,"10726251"
-157.7065,429.369222222222,-4.41321293246011,0.00235210618766505,0.0304450288730379,-3.83735136213924,"10791719"
-332.542,1029.93955555556,-4.4122654823964,0.00235504290363585,0.0304695409153312,-3.83747579860403,"10797766"
20.033425,35.0135444444444,4.41123575245377,0.00235823916797292,0.0304748165791618,-3.83761109368244,"10746638"
-117.734,484.249777777778,-4.41073308536964,0.00235980114796457,0.0304748165791618,-3.83767715827847,"10707626"
68.8396500000001,195.497,4.41010784328599,0.00236174558276946,0.0304748165791618,-3.83775935074037,"10799590"
-98.607825,116.0315,-4.41004925883343,0.00236192786311738,0.0304748165791618,-3.83776705310425,"10916867"
55.00425,177.299333333333,4.40983168646841,0.00236260495396895,0.0304748165791618,-3.83779565986992,"10867604"
-831.1075,956.020888888889,-4.40965363614329,0.00236315920794241,0.0304748165791618,-3.83781907201879,"10802593"
-46.633335,49.9566333333333,-4.40952836139452,0.00236354926106672,0.0304748165791618,-3.83783554558841,"10748922"
-299.0848,621.886222222222,-4.40937414907047,0.00236402950963612,0.0304748165791618,-3.83785582553978,"10823803"
138.72065,184.632222222222,4.40911426206168,0.00236483909033202,0.0304748165791618,-3.83789000517641,"10716644"
-54.55895,144.445777777778,-4.4065584013967,0.00237281696732289,0.0305523239690759,-3.83822632955441,"10835213"
160.57165,313.974777777778,4.40651737384187,0.00237294526890646,0.0305523239690759,-3.83823173108144,"10907958"
238.2444,591.968,4.40471987574565,0.00237857381172797,0.0305997532571471,-3.83846846743441,"10892152"
119.04235,380.144111111111,4.40467201166337,0.00237872388741634,0.0305997532571471,-3.83847477355695,"10836767"
-221.239675,245.979855555556,-4.40405600873118,0.00238065625446195,0.0306041272810319,-3.83855594282495,"10798558"
-28.18033,70.6177888888889,-4.40389580678186,0.00238115907817435,0.0306041272810319,-3.8385770554547,"10907284"
134.28785,254.679888888889,4.40224031102982,0.00238636191500919,0.0306575096680205,-3.83879530646701,"10864185"
39.777205,86.3750777777778,4.4014554045766,0.00238883300281303,0.0306757658655736,-3.83889883322362,"10774343"
-1122.096,1795.22666666667,-4.39991718040766,0.00239368378585004,0.0306895447761668,-3.83910181214372,"10861923"
215.7238,299.102444444444,4.39972409709932,0.00239429342785835,0.0306895447761668,-3.8391272993681,"10848017"
125.0097,192.342166666667,4.3994784375588,0.00239506931783565,0.0306895447761668,-3.8391597294895,"10784444"
55.73206,113.289744444444,4.3990319465594,0.00239648021166001,0.0306895447761668,-3.83921867981679,"10940607"
12.169328,11.0494622222222,4.39900571357305,0.00239656313490146,0.0306895447761668,-3.83922214368411,"10856020"
-256.0306,257.384822222222,-4.39867965200596,0.00239759408500518,0.0306895447761668,-3.83926520060208,"10814268"
-200.02505,367.142777777778,-4.39850356957246,0.00239815102721627,0.0306895447761668,-3.83928845482615,"10883175"
-34.48595,172.004111111111,-4.3984532912016,0.00239831008160433,0.0306895447761668,-3.8392950951028,"10842635"
125.5129,183.901111111111,4.39768602134671,0.00240073874165404,0.0307071723286695,-3.8393964447632,"10928032"
-275.9657,675.327777777778,-4.39674346738871,0.00240372588669266,0.0307319247500392,-3.83952098941299,"10744348"
174.1208,237.574222222222,4.3956192564109,0.00240729401463685,0.0307629853832465,-3.83966959720228,"10818134"
82.18465,200.829111111111,4.39531478402307,0.00240826136686126,0.0307629853832465,-3.83970985616317,"10811875"
-43.546245,51.5952333333333,-4.39420273805475,0.0024117980807312,0.030794698046539,-3.83985693739584,"10804164"
-36.54775,122.267555555556,-4.39183106745903,0.00241935970338523,0.0308777520204002,-3.84017083189359,"10709126"
-158.36365,433.908555555556,-4.39134076080535,0.002420926159678,0.0308784681796258,-3.84023576098004,"10724888"
24.947915,57.2264222222222,4.39100375776408,0.00242200347199811,0.0308784681796258,-3.84028039595893,"10746243"
-91.261,231.845555555556,-4.39055990111208,0.00242342316166422,0.0308784681796258,-3.84033919230324,"10730116"
-217.91785,621.159222222222,-4.39036993391344,0.00242403105369707,0.0308784681796258,-3.84036435978976,"10864525"
68.03408,118.890288888889,4.39016073085877,0.00242470069158833,0.0308784681796258,-3.84039207786224,"10711769"
-199.39525,880.275888888889,-4.38928161242416,0.00242751685568854,0.0309008616218235,-3.84050858015942,"10878202"
-223.1773,782.500888888889,-4.38764422940322,0.00243277150579961,0.0309187804423704,-3.84072567541806,"10711234"
1010.802,2405.89333333333,4.38752396360765,0.00243315794608782,0.0309187804423704,-3.84074162652808,"10855674"
1010.802,2405.89333333333,4.38752396360765,0.00243315794608782,0.0309187804423704,-3.84074162652808,"10862675"
1010.802,2405.89333333333,4.38752396360765,0.00243315794608782,0.0309187804423704,-3.84074162652808,"10936480"
83.3148,185.726,4.38668303750513,0.00243586188703659,0.0309396822469074,-3.84085318124895,"10835261"
-126.9671,654.205777777778,-4.38510416812959,0.00244094744510807,0.030990803416509,-3.84106272807643,"10855850"
-62.39805,362.077333333333,-4.38424634072978,0.00244371534631431,0.0310124674749029,-3.84117663260496,"10811135"
88.5159,170.859,4.38291233247634,0.00244802647935534,0.0310301704708458,-3.84135384131655,"10733045"
88.5159,170.859,4.38291233247634,0.00244802647935534,0.0310301704708458,-3.84135384131655,"10733047"
-19.804575,36.6110666666667,-4.3828287688592,0.00244829680753404,0.0310301704708458,-3.84136494491457,"10754480"
-40.722,48.1337333333333,-4.38180244060195,0.00245161962063274,0.0310588098860212,-3.84150134878923,"10845143"
44.454565,49.0413444444444,4.38037902734032,0.00245623612572608,0.0310795339847654,-3.84169061745667,"10804557"
468.83785,898.023777777778,4.37997597253789,0.00245754505145802,0.0310795339847654,-3.84174422999429,"10846286"
-123.9822,413.939,-4.37992920655821,0.00245769697357176,0.0310795339847654,-3.84175045113985,"10737021"
714.7915,1750.26111111111,4.37948472452822,0.00245914140900649,0.0310795339847654,-3.84180958498267,"10772718"
-1483.33725,1761.811,-4.37937213466378,0.00245950743900199,0.0310795339847654,-3.84182456555234,"10804480"
26.388965,18.7003888888889,4.37933178891494,0.00245963861753877,0.0310795339847654,-3.84182993388914,"10746416"
30.125565,60.2812,4.37683418904023,0.0024677740087818,0.0311688499319289,-3.84216242467052,"10746780"
-148.3397,326.793444444444,-4.37627319517305,0.0024696053364153,0.0311785005609492,-3.84223715099997,"10843132"
227.64535,271.905111111111,4.37485192160212,0.00247425159235449,0.0311927812064724,-3.84242654270485,"10811244"
-72.00175,180.291222222222,-4.37472063776807,0.00247468124773999,0.0311927812064724,-3.84244404221492,"10734306"
-236.90825,752.082444444444,-4.37468958704511,0.00247478287993259,0.0311927812064724,-3.84244818125938,"10936488"
47.4891500000001,278.361888888889,4.37462098962593,0.0024750074223524,0.0311927812064724,-3.84245732543552,"10784416"
-3286.993,3823.03622222222,-4.37249235588749,0.00248198615040258,0.0312355369455638,-3.84274119816893,"10725302"
-621.27325,947.196555555556,-4.37236091987066,0.00248241776261771,0.0312355369455638,-3.84275873408067,"10904880"
286.3201,354.734777777778,4.37232393636002,0.00248253922448398,0.0312355369455638,-3.84276366850332,"10729507"
14.90203,61.2721444444444,4.37228208267496,0.00248267668883409,0.0312355369455638,-3.84276925280131,"10787782"
126.7313,377.625222222222,4.37171551127587,0.00248453834994689,0.0312455029510755,-3.84284485614661,"10787212"
-107.1183,282.115666666667,-4.370754247928,0.00248770036902931,0.031271806618254,-3.84297316541449,"10844165"
273.17729,154.303588888889,4.37027103177625,0.00248929152837677,0.0312783495526877,-3.84303768317841,"10803947"
-120.9967,257.812888888889,-4.36958513430536,0.00249155198307277,0.0312932930496508,-3.84312928328725,"10896632"
15.459614,19.8990755555556,4.36816110878412,0.00249625213685522,0.0313388525681515,-3.8433195369789,"10829791"
22.97409,51.9121666666667,4.36712893557243,0.00249966494974993,0.0313624935436008,-3.84345750413937,"10711703"
439.6493,1084.45788888889,4.36688026834743,0.00250048790780187,0.0313624935436008,-3.84349075095557,"10918869"
87.1658,328.885555555556,4.36648004416544,0.00250181305700063,0.0313624935436008,-3.84354426770717,"10857180"
-178.2669,569.924666666667,-4.366293973791,0.00250242939858059,0.0313624935436008,-3.8435691513098,"10780834"
548.8772,1260.39822222222,4.36573413826317,0.00250428479733154,0.0313722881943583,-3.84364403023376,"10930534"
76.26525,340.391666666667,4.36472309138601,0.0025076393755162,0.0314008472851823,-3.84377930081228,"10898851"
158.58005,201.961222222222,4.36344169003331,0.00251189797375215,0.0314335703945048,-3.84395081940355,"10880913"
-49.2682999999999,174.202777777778,-4.36322795922205,0.00251260904779096,0.0314335703945048,-3.84397943611052,"10708727"
29.87411,53.1444222222222,4.36296610078121,0.00251348053815168,0.0314335703945048,-3.84401449993952,"10936434"
399.0779,871.886555555556,4.36239367273997,0.0025153867761187,0.0314391474314536,-3.84409116266442,"10746783"
-31.2286,136.965222222222,-4.36218597339271,0.00251607882161766,0.0314391474314536,-3.84411898313609,"10917954"
888.6721,1294.46077777778,4.36171924854314,0.00251763468263908,0.031445138785215,-3.84418150722107,"10929572"
-717.675,1302.73733333333,-4.36072334886238,0.00252095807575108,0.0314731919764924,-3.84431495943011,"10935177"
24.83022,32.6984333333333,4.35944828934515,0.00252521999301964,0.0315045108633636,-3.8444858951305,"10787603"
-76.868825,154.537677777778,-4.35920073094143,0.00252604836839875,0.0315045108633636,-3.84451909289303,"10743171"
29.91325,111.427777777778,4.35900549000097,0.00252670188789145,0.0315045108633636,-3.84454527710424,"10879446"
2151.569,1805.25888888889,4.35847513930991,0.0025284780278483,0.031513206956297,-3.84461641370929,"10911287"
409.3633,549.969444444444,4.35671620456957,0.00253437838336588,0.0315644798269244,-3.84485244708652,"10779091"
-34.433795,75.8419111111111,-4.35631096234764,0.00253573988559442,0.0315644798269244,-3.84490684991472,"10725976"
-69.1569499999999,180.063777777778,-4.35628316551203,0.00253583330436748,0.0315644798269244,-3.84491058189024,"10859552"
-232.6812,729.519333333333,-4.35454257336799,0.00254169047436699,0.0316202455975126,-3.84514435258667,"10849598"
36.341455,90.3466777777778,4.35384421173006,0.00254404461456323,0.0316202455975126,-3.8452381908082,"10791900"
-50.329695,92.2767666666667,-4.35383921375966,0.00254406147097593,0.0316202455975126,-3.84523886247299,"10804964"
-105.22725,401.677333333333,-4.35318680776791,0.00254626284907949,0.0316202455975126,-3.84532654891761,"10867192"
-265.6176,476.630333333333,-4.35304361462021,0.002546746294306,0.0316202455975126,-3.84534579773562,"10716335"
130.0155,194.519666666667,4.35302545166471,0.00254680762274756,0.0316202455975126,-3.8453482393777,"10722311"
152.53825,665.024777777778,4.35176291952312,0.00255107457440901,0.0316597674667735,-3.84551800364424,"10774015"
12.530596,11.6897577777778,4.34999621314302,0.0025570584902916,0.0317205548770186,-3.84575570108391,"10867389"
35.21689,114.182811111111,4.34852919545188,0.00256203891260103,0.0317688475351131,-3.84595320197344,"10730472"
-20.445385,46.3513222222222,-4.34685292128365,0.0025677426242663,0.0318260640752294,-3.84617901276138,"10918490"
-359.22885,309.600333333333,-4.34653310162294,0.00256883240976976,0.0318260687103536,-3.84622211240265,"10784389"
-837.6975,1371.796,-4.34489598076179,0.00257441875804586,0.0318740073149301,-3.84644281874008,"10890354"
103.29395,473.244222222222,4.34475985111889,0.00257488386606542,0.0318740073149301,-3.84646117722239,"10770948"
-1046.504,1699.12911111111,-4.34399103991906,0.0025775123393565,0.0318930306996869,-3.8465648775981,"10726085"
78.4480900000001,137.363977777778,4.34305435263003,0.00258071869262259,0.0319191853879239,-3.84669126376386,"10819500"
142.6995,369.297,4.34257539878179,0.00258235985940734,0.0319253925556778,-3.84675590629262,"10821402"
-167.9371,316.074888888889,-4.34199402873516,0.00258435348242479,0.0319253925556778,-3.84683438774359,"10712758"
42.41048,66.9440222222222,4.34195161660182,0.00258449898658786,0.0319253925556778,-3.84684011382158,"10888422"
91.83095,356.827555555556,4.34130049912585,0.0025867339035933,0.0319394946152048,-3.84692803331241,"10923349"
24.857165,38.0967888888889,4.34067623829424,0.00258887860438186,0.0319524712921046,-3.84701234733145,"10700064"
-66.6766499999999,190.482333333333,-4.33965286424086,0.00259239866387332,0.031982404799998,-3.84715061081411,"10703327"
-45.9969499999999,351.510111111111,-4.33911473212565,0.00259425173697324,0.0319917561181665,-3.84722333754996,"10852415"
-243.24025,401.460222222222,-4.33858672427904,0.00259607134260946,0.0320006870054822,-3.84729471084572,"10770313"
-81.341625,157.058766666667,-4.33785481758768,0.00259859590712571,0.0320013999265822,-3.8473936703874,"10921095"
65.68617,136.898933333333,4.33761842176007,0.00259941187535815,0.0320013999265822,-3.8474256389917,"10788655"
-121.2024,104.512866666667,-4.33761739554653,0.00259941541814813,0.0320013999265822,-3.84742577777643,"10740945"
-1120.1625,1663.88,-4.33594525675165,0.00260519509021738,0.0320386210261369,-3.84765199091382,"10862586"
30.634055,32.2231555555556,4.3354576812987,0.00260688299474625,0.0320386210261369,-3.8477179796822,"10820627"
-48.2874,131.314333333333,-4.33544712790249,0.00260691954194018,0.0320386210261369,-3.84771940812407,"10706221"
50.60785,222.150777777778,4.33541599417811,0.00260702736357349,0.0320386210261369,-3.84772362222497,"10720734"
423.9925,1385.36111111111,4.33515764582172,0.00260792225645764,0.0320386210261369,-3.84775859290235,"10888366"
-40.74631,54.7847888888889,-4.33401380234125,0.00261188841871178,0.0320673706450863,-3.84791346870156,"10831152"
-1190.3872,1058.85022222222,-4.33384974734297,0.00261245779883978,0.0320673706450863,-3.84793568732044,"10769349"
331.13455,374.388111111111,4.3332598969768,0.00261450608430372,0.0320790343329899,-3.84801558482603,"10898444"
-702.925499999999,2798.93666666667,-4.33284701968114,0.00261594085742397,0.0320831638156104,-3.84807152157091,"10708775"
-250.209975,272.414166666667,-4.33210120959362,0.00261853475547266,0.0321014999355343,-3.84817258696095,"10750406"
115.43945,496.394222222222,4.33150672694888,0.00262060433943723,0.0321074002802431,-3.84825316686728,"10896785"
250.2939,463.966333333333,4.33110186841815,0.00262201479613645,0.0321074002802431,-3.84830805461444,"10769797"
-59.4963499999999,170.179777777778,-4.33101625203358,0.0026223131741172,0.0321074002802431,-3.84831966296417,"10911928"
-95.70185,255.419444444444,-4.33012503395836,0.00262542130633666,0.0321271946856297,-3.84844052230376,"10893091"
47.60965,176.995444444444,4.3295035975536,0.00262759093496895,0.0321271946856297,-3.84852482100312,"10876520"
-28.584495,84.0146,-4.32934596836138,0.00262814157665859,0.0321271946856297,-3.84854620686369,"10921436"
236.73985,738.631111111111,4.32929240329721,0.00262832872248425,0.0321271946856297,-3.84855347443957,"10780803"
346.65395,955.112222222222,4.32738472878009,0.00263500318941686,0.0321750681561591,-3.84881240191053,"10924876"
-224.86545,676.786,-4.32711499538363,0.00263594839925965,0.0321750681561591,-3.84884902818466,"10712276"
34.892485,44.1309111111111,4.32705847555937,0.00263614650470396,0.0321750681561591,-3.84885670332667,"10811375"
-116.51455,537.547555555556,-4.32662922703166,0.00263765157383045,0.0321750681561591,-3.8489149988923,"10846631"
-59.25365,184.431444444444,-4.32660058200321,0.00263775204470463,0.0321750681561591,-3.84891888947539,"10874671"
118.7858,222.813888888889,4.32530370173754,0.00264230512922114,0.0322114319413445,-3.84909507792867,"10826137"
-258.6751,795.634888888889,-4.32482524788248,0.0026439870343079,0.0322114319413445,-3.84916010104522,"10714417"
-133.83285,395.685333333333,-4.32480990144221,0.00264404100073061,0.0322114319413445,-3.84916218686674,"10731783"
602.9335,1848.68444444444,4.32410096123453,0.00264653532157213,0.0322283796933756,-3.84925855653468,"10844946"
14.05271,28.3831888888889,4.32364975323403,0.00264812417063699,0.0322289531420608,-3.84931990527849,"10724351"
22.7495,29.4013388888889,4.32346109126807,0.00264878881680318,0.0322289531420608,-3.84934556000329,"10902865"
20.74535,65.3687555555556,4.32270765320866,0.00265144494265475,0.0322478403641614,-3.84944803319087,"10705880"
64.10075,157.350222222222,4.32148268068473,0.00265576955181493,0.0322759755604887,-3.84961470278559,"10878432"
764.5717,1467.91044444444,4.32130743285318,0.002656388866695,0.0322759755604887,-3.84963855348468,"10744460"
60.245875,104.932644444444,4.32111398578877,0.00265707267826984,0.0322759755604887,-3.84966488293476,"10815789"
-73.2966,225.255333333333,-4.32003428081787,0.00266089280791695,0.0323089453410165,-3.84981187450616,"10706272"
464.94795,515.560333333333,4.31924027200522,0.00266370590711668,0.0323206200782959,-3.84992001071302,"10735455"
107.39045,352.078888888889,4.31905662704349,0.00266435700290624,0.0323206200782959,-3.84994502611664,"10878642"
-208.83455,274.630444444444,-4.31852170839176,0.00266625448925115,0.0323206200782959,-3.85001790085589,"10809100"
-69.1877499999999,287.936888888889,-4.31851461142923,0.00266627967374181,0.0323206200782959,-3.85001886781392,"10721486"
-148.73275,500.450555555556,-4.31730434855863,0.00267057822100779,0.032359299937172,-3.85018380469983,"10917770"
-232.09515,543.048,-4.31693339576904,0.00267189725460036,0.0323618600314655,-3.85023437440876,"10897272"
-82.50345,225.031,-4.31652733575856,0.00267334193183199,0.0323659391614338,-3.85028973844594,"10917998"
60.7343,174.116222222222,4.31532408031689,0.00267762783763642,0.0324043991916779,-3.85045384709797,"10802434"
-2837.94725,3354.59411111111,-4.31450034171856,0.00268056622601271,0.0324201120417778,-3.85056623886328,"10791478"
15.40905,52.8364666666667,4.31433800726048,0.00268114570729565,0.0324201120417778,-3.85058839220196,"10735818"
-37.813225,60.7774222222222,-4.31391574366471,0.00268265368704685,0.0324227396388208,-3.85064602391858,"10739334"
43.21339,82.5135111111111,4.31348690800986,0.00268418607746917,0.0324227396388208,-3.85070456230972,"10821405"
-114.36555,150.114066666667,-4.31307009142763,0.00268567642827626,0.0324227396388208,-3.85076146940306,"10840318"
-218.60245,354.809555555556,-4.31303488482406,0.00268580235250039,0.0324227396388208,-3.85076627650989,"10795108"
150.93555,428.094666666667,4.31246460489123,0.00268784297650223,0.0324339713818819,-3.85084415166824,"10736790"
-30.492085,73.7022222222222,-4.31178790783657,0.00269026657101039,0.0324498132144911,-3.85093658116746,"10765051"
14.11687,33.0075444444444,4.31051873644637,0.00269481850357612,0.0324699913044949,-3.85111000195608,"10804411"
-155.33355,490.384666666667,-4.31050424002221,0.00269487054374476,0.0324699913044949,-3.85111198325649,"10835139"
371.95905,467.601333333333,4.31039191720515,0.00269527380411447,0.0324699913044949,-3.85112733536929,"10830972"
-217.3256,438.905444444444,-4.30997712880702,0.00269676354033998,0.0324745466065508,-3.85118403383997,"10808708"
37.6042,206.521777777778,4.30955064121008,0.00269829622523536,0.0324796151314486,-3.85124234105484,"10886714"
311.7095,791.378555555556,4.30893581159242,0.00270050742342252,0.0324831962877227,-3.85132641447917,"10796923"
74.227315,72.9471777777778,4.30884962484807,0.0027008175457958,0.0324831962877227,-3.85133820149091,"10703131"
-34.0146,152.273,-4.30714068230495,0.00270697474147657,0.0325438518919738,-3.85157200042232,"10782437"
18.1394,26.7366555555556,4.30607150397452,0.00271083464613373,0.0325737319183506,-3.85171835292177,"10707378"
103.2432,321.617666666667,4.30563999275681,0.00271239415924297,0.0325737319183506,-3.85177743679969,"10843793"
-792.133,983.222888888889,-4.30538841175008,0.00271330383994827,0.0325737319183506,-3.8518118886474,"10708535"
36.916145,41.4940555555556,4.30516318219829,0.0027141185180124,0.0325737319183506,-3.85184273475454,"10798475"
-1313.86785,1179.43633333333,-4.30490985025831,0.00271503516194919,0.0325737319183506,-3.85187743283174,"10827582"
-149.19315,561.588333333333,-4.30402805828494,0.00271822841153454,0.0325986555068021,-3.85199823579722,"10712211"
-184.1457,292.131666666667,-4.30355441539347,0.00271994530288228,0.0326029262399672,-3.85206314063945,"10706009"
-234.80385,871.215333333333,-4.30331419115179,0.00272081653224618,0.0326029262399672,-3.85209606393292,"10916923"
-102.0889,349.870555555556,-4.30219638593228,0.00272487449257497,0.0326381645863408,-3.85224930226577,"10788204"
-58.50365,131.486777777778,-4.30179150957737,0.00272634592950628,0.032642405731392,-3.85230482264953,"10877507"
-129.929,504.901777777778,-4.30109606696783,0.00272887537720393,0.0326475498025242,-3.85240020859473,"10940612"
300.6012,797.061333333333,4.30105889974936,0.00272901063249689,0.0326475498025242,-3.85240530712616,"10738038"
-153.1248,492.605333333333,-4.29874141530182,0.00273745855584749,0.0327352084529384,-3.85272336122389,"10937064"
-63.2210499999999,316.819555555556,-4.29824157174828,0.00273928434657661,0.032742038854724,-3.85279199793754,"10940102"
265.63763,182.298788888889,4.29797153258189,0.00274027127403985,0.032742038854724,-3.8528290843005,"10764661"
87.451619,47.8677922222222,4.29764849623025,0.00274145239936084,0.032742759768981,-3.85287345425996,"10850087"
26.407725,43.6066666666667,4.2953297380856,0.00274994673276372,0.0328307902946299,-3.85319210614009,"10840750"
111.0268,216.541444444444,4.29442527666982,0.00275326778242972,0.0328428105793319,-3.85331647842348,"10871487"
239.3334,554.652,4.29415199825118,0.00275427207516778,0.0328428105793319,-3.85335406549415,"10742033"
-37.19828,50.9776111111111,-4.29394853505314,0.00275502005606372,0.0328428105793319,-3.85338205268579,"10871588"
-22.764675,44.0550666666667,-4.29346179114839,0.00275681033968352,0.0328428105793319,-3.8534490152903,"10729576"
-18.77836,33.2243222222222,-4.29332282635109,0.0027573216947153,0.0328428105793319,-3.8534681353621,"10724776"
139.08611,165.817188888889,4.29294984241296,0.00275869468855978,0.0328428105793319,-3.85351945908342,"10768639"
138.47055,476.643666666667,4.29264437024522,0.00275981971596946,0.0328428105793319,-3.8535614985329,"10710051"
160.8984,997.957,4.29260974079003,0.00275994728459847,0.0328428105793319,-3.85356626459601,"10701333"
-14.5189325,15.5659211111111,-4.29223852445578,0.00276131517950124,0.0328457091424875,-3.85361735925713,"10700322"
-304.12715,470.688777777778,-4.29120482320926,0.00276512813587243,0.0328613030249883,-3.85375967805813,"10886387"
88.26295,261.220777777778,4.2910450006802,0.00276571817322923,0.0328613030249883,-3.85378168735387,"10913015"
46.39224,59.9670333333333,4.29088445227289,0.00276631102771322,0.0328613030249883,-3.85380379798996,"10910770"
-696.83015,895.786111111111,-4.29045210813775,0.00276790822241023,0.0328613030249883,-3.8538633470536,"10783213"
615.6215,2056.16555555556,4.29035952342543,0.00276825038490095,0.0328613030249883,-3.85387610054309,"10702187"
22.413492,27.64626,4.28891140805506,0.00277360810713846,0.0329115301551352,-3.85407563742516,"10865381"
-28.139,35.2980777777778,-4.28790089034356,0.00277735346294003,0.0329425919879537,-3.85421494406579,"10788668"
141.85045,412.376444444444,4.28611207457142,0.00278399691992077,0.0329983870545809,-3.8544616787399,"10760677"
78.20814,150.577033333333,4.28581032795981,0.00278511926785244,0.0329983870545809,-3.8545033161504,"10850160"
253.58155,532.672111111111,4.2857224818917,0.00278544610380627,0.0329983870545809,-3.85451543877275,"10792049"
244.866,289.786333333333,4.28471983647043,0.00278917944349984,0.0330115205086616,-3.85465383167614,"10932648"
65.04791,114.304522222222,4.28406344072678,0.00279162646121513,0.0330115205086616,-3.85474446177669,"10839751"
603.337000000001,2145.08777777778,4.28398901577758,0.0027919040612481,0.0330115205086616,-3.85475473926608,"10826824"
-106.194125,117.717411111111,-4.28396220075557,0.00279200408679504,0.0330115205086616,-3.85475844227883,"10825272"
186.98415,330.307666666667,4.28369242993274,0.00279301060340772,0.0330115205086616,-3.85479569835392,"10874918"
-136.62295,243.082888888889,-4.28360559787417,0.00279333465795206,0.0330115205086616,-3.85480769092686,"10742684"
-350.9105,1024.61577777778,-4.28317296097207,0.0027949498524104,0.0330172523203872,-3.85486744943532,"10701014"
326.6386,1050.77911111111,4.28131505706122,0.00280189760630112,0.0330859485329348,-3.85512418917222,"10819434"
-340.88075,409.901444444444,-4.28050099903344,0.00280494772102452,0.033108582917984,-3.85523674062007,"10845829"
396.9922,363.240777777778,4.28017627782011,0.00280616539038508,0.0331095782369587,-3.85528164644234,"10823548"
148.62035,352.091888888889,4.27872841296269,0.0028116016977333,0.0331603278149296,-3.85548194133476,"10867461"
-727.9025,1455.68577777778,-4.27791354925607,0.00281466628648724,0.0331830754210808,-3.85559471770236,"10805540"
-213.1626,585.043666666667,-4.27714662129361,0.00281755390019308,0.033203719096507,-3.85570089249387,"10791579"
-952.491775,836.023922222222,-4.27609233945501,0.00282152868737485,0.0332371528520036,-3.85584690078755,"10775927"
45.57877,131.256211111111,4.27420263578717,0.00282866833357798,0.033307826157657,-3.85610875729806,"10757674"
1532.0599,1834.08311111111,4.27373550329512,0.00283043625973147,0.0333152155083783,-3.85617351761471,"10724315"
-705.5984,728.213111111111,-4.27322706533591,0.00283236187198465,0.0333244541796857,-3.85624401764756,"10813628"
-204.14265,332.813333333333,-4.27165615389572,0.00283832036852469,0.0333600602246963,-3.85646192848328,"10766923"
-47.9465,250.364444444444,-4.27162993557991,0.00283841993017213,0.0333600602246963,-3.85646556651859,"10866724"
59.28966,77.9967,4.27152619431238,0.00283881391519802,0.0333600602246963,-3.856479961949,"10718954"
-378.0888,706.765333333333,-4.27091090644901,0.00284115185175351,0.0333741094479803,-3.85656535297496,"10873322"
29.50869,33.8664333333333,4.27040178549812,0.00284308795747599,0.03338342909554,-3.85663602538376,"10936278"
72.6741,108.1575,4.26954019483876,0.00284636770447057,0.0334085118997201,-3.85675565694447,"10885029"
-409.3354,699.683555555556,-4.26726578964854,0.00285504519406886,0.0334837417589401,-3.8570716501201,"10803323"
597.14445,593.772333333333,4.26714525917208,0.00285550584990676,0.0334837417589401,-3.85708840375902,"10940457"
37.81019,110.685088888889,4.26666868365684,0.00285732806380263,0.0334837417589401,-3.85715465506941,"10841037"
-49.2769,173.191555555556,-4.26665985832225,0.00285736181984794,0.0334837417589401,-3.85715588204225,"10906649"
25.9489,44.3491444444444,4.26468686850351,0.00286491916271836,0.0335588405852663,-3.85743028963902,"10850056"
51.117005,85.5954888888889,4.26387745303309,0.00286802580653998,0.0335817658966969,-3.85754292582687,"10816400"
-218.6655,182.507533333333,-4.26249454135688,0.00287334204694404,0.0336305346792561,-3.85773545040396,"10911773"
158.9495,516.908222222222,4.26193831638997,0.00287548331525457,0.0336421183707838,-3.85781291550583,"10827279"
-72.4198499999999,238.384,-4.26067357672343,0.0028803585457761,0.0336856663556057,-3.85798911743455,"10734185"
-443.970499999999,2496.07777777778,-4.2600766689313,0.00288266257204676,0.0336991214004698,-3.85807230800389,"10720992"
156.86065,317.267444444444,4.25968802602813,0.00288416378143413,0.0337031842843267,-3.8581264832484,"10922768"
-127.652075,198.093144444444,-4.2591806981168,0.00288612470855404,0.0337126138487396,-3.85819721503283,"10856922"
32.308393,21.5662677777778,4.25817030073958,0.00289003440403567,0.0337447901996395,-3.85833812649916,"10733836"
-149.82975,630.522,-4.25769178002377,0.00289188802267787,0.0337529431460292,-3.85840488102158,"10774497"
-1087.25075,1326.15344444444,-4.25693259502091,0.00289483147588451,0.0337738046072245,-3.85851081424005,"10819828"
41.69531,114.561688888889,4.25561523128181,0.00289994675571346,0.0338199778528595,-3.85869470746897,"10911538"
26.81824,43.1410777777778,4.25504987107326,0.00290214503060527,0.0338276117104347,-3.85877365605737,"10887118"
35.366265,54.0038,4.25464591948826,0.00290371680952599,0.0338276117104347,-3.85883007570357,"10729120"
107.4607,193.343111111111,4.25455386921535,0.00290407510679024,0.0338276117104347,-3.85884293354413,"10918653"
164.5223,443.570222222222,4.25364067792429,0.00290763221385313,0.0338555470288981,-3.8589705156204,"10788627"
54.552,146.863333333333,4.251702627547,0.00291519703741844,0.0339301060761523,-3.85924143115617,"10771131"
-15.062875,43.5716888888889,-4.25092752931104,0.0029182284524907,0.0339518622106982,-3.85934983753829,"10915131"
-63.732125,100.159411111111,-4.250148582703,0.00292127835635717,0.033973816044036,-3.85945881510527,"10742476"
12.624005,17.7386388888889,4.24891916078852,0.00292609908288357,0.0340108807408915,-3.85963088308976,"10734967"
490.49935,356.156111111111,4.2487421680248,0.00292679380374482,0.0340108807408915,-3.85965566150148,"10818452"
-200.2587,988.007333333333,-4.24709727395177,0.00293325878441027,0.0340649975525269,-3.85988602296931,"10740966"
-206.623,1172.63155555556,-4.24694786046307,0.00293384679439643,0.0340649975525269,-3.85990695509376,"10739455"
-529.428,1115.60066666667,-4.24666788786763,0.00293494895733929,0.0340649975525269,-3.8599461812095,"10931159"
119.40008,153.127622222222,4.24520500500999,0.00294071515412758,0.0341183687500727,-3.86015121082411,"10829660"
16.066145,21.1419888888889,4.24263973762704,0.00295085620645593,0.0342224347818196,-3.86051102646066,"10804350"
-12.646875,20.1694666666667,-4.2419224387781,0.00295369860923531,0.0342418060199208,-3.8606117022041,"10915283"
82.95246,121.8768,4.24059048422804,0.00295898453880716,0.0342894781105562,-3.86079872185901,"10785174"
-557.5713,712.624333333333,-4.23797166710023,0.00296940732374829,0.0343717241961418,-3.86116671252452,"10880824"
362.7238,600.842777777778,4.2378859656233,0.00296974908279004,0.0343717241961418,-3.86117876145215,"10789594"
112.78605,250.085333333333,4.23762574751137,0.00297078703746578,0.0343717241961418,-3.86121534845495,"10809086"
153.50095,200.242444444444,4.23762548082237,0.00297078810143281,0.0343717241961418,-3.86121538595367,"10820835"
70.78671,103.8542,4.23722170361696,0.00297239946067512,0.034376752907428,-3.8612721648895,"10705815"
-169.0425,1026.234,-4.23644981609427,0.00297548247564539,0.0343825507282732,-3.86138073212762,"10839565"
-39.4375499999999,298.807,-4.23644334829357,0.00297550832346199,0.0343825507282732,-3.86138164197207,"10833571"
63.9252,123.795,4.23615879181575,0.00297664576101605,0.0343825507282732,-3.86142167363045,"10923177"
-77.2239499999999,367.390444444444,-4.23567392301435,0.00297858497695878,0.0343825507282732,-3.86148989561428,"10835666"
-867.327,832.235333333333,-4.23562383672602,0.00297878537322035,0.0343825507282732,-3.86149694358584,"10873760"
-240.1575,1248.82333333333,-4.23371868534785,0.0029864187650033,0.0344570449450262,-3.86176513196745,"10824250"
-359.346425,385.847877777778,-4.2323993290136,0.00299171744872321,0.0344892876167293,-3.8619509744307,"10795444"
66.96705,289.920333333333,4.23223258685244,0.00299238782776059,0.0344892876167293,-3.86197446825949,"10919389"
523.134,1753.34,4.23214128182765,0.00299275498419966,0.0344892876167293,-3.86198733370558,"10934530"
511.23825,668.808,4.23057403114822,0.00299906482941948,0.0345392460474454,-3.86220824033023,"10725159"
74.96215,195.526111111111,4.23047733169441,0.00299945461841477,0.0345392460474454,-3.86222187469276,"10938887"
262.96985,444.883888888889,4.22910849270138,0.00300497820024074,0.0345892171559626,-3.86241493232596,"10925324"
-22.219905,47.5847666666667,-4.22810054517308,0.00300905253710723,0.034617151391785,-3.8625571564559,"10771188"
639.0175,2035.52777777778,4.2279219892764,0.00300977492076176,0.034617151391785,-3.86258235699152,"10821666"
424.28545,445.426111111111,4.22654611059445,0.00301534761112897,0.0346415598369059,-3.86277660072261,"10940529"
69.08525,120.116555555556,4.22640009080183,0.00301593968672668,0.0346415598369059,-3.86279722159965,"10740711"
69.08525,120.116555555556,4.22640009080183,0.00301593968672668,0.0346415598369059,-3.86279722159965,"10749816"
35.488965,74.9473333333333,4.22622735577067,0.00301664024868517,0.0346415598369059,-3.86282161670793,"10914537"
262.12635,751.043,4.22566396618135,0.00301892641331326,0.0346541910563983,-3.86290119476258,"10738480"
13.115565,11.4745,4.22504122505327,0.00302145560038738,0.034658775649149,-3.86298917643818,"10750874"
-123.96985,223.808888888889,-4.22450631865309,0.00302362988771345,0.034658775649149,-3.86306476572465,"10712330"
140.92025,219.298222222222,4.22441678128822,0.00302399400452266,0.034658775649149,-3.86307742006462,"10821838"
29.236785,46.8607666666667,4.2243610099659,0.00302422083075105,0.034658775649149,-3.86308530246341,"10870488"
-2152.949,1963.67977777778,-4.22410612998117,0.00302525768143117,0.034658775649149,-3.86312132791476,"10890547"
547.96145,1119.32322222222,4.22359188453962,0.00302735080061724,0.0346691596586563,-3.86319402367897,"10760620"
-1532.9855,2755.87111111111,-4.22246332170966,0.00303194985332944,0.0347082221846262,-3.86335361274888,"10838155"
-37.24794,84.1992,-4.22054449525755,0.0030397867019944,0.0347713304862057,-3.86362511314315,"10890645"
-161.3684,528.001111111111,-4.22031992694545,0.00304070531272832,0.0347713304862057,-3.86365690121923,"10807140"
721.6255,1565.94444444444,4.22008102381426,0.00304168289062469,0.0347713304862057,-3.86369072146433,"10914366"
-284.94725,470.788777777778,-4.21979116949069,0.00304286941439858,0.0347713304862057,-3.86373175881777,"10911576"
-191.80455,378.057333333333,-4.21965821230132,0.00304341384450017,0.0347713304862057,-3.86375058434264,"10907637"
-31.643175,117.061566666667,-4.21925657302657,0.00304505910801,0.0347765272796732,-3.86380745871115,"10721234"
544.43795,856.257222222222,4.21840793768843,0.00304853859843224,0.0348026598728407,-3.86392765944233,"10786132"
-1450.5955,1422.90888888889,-4.21811003754596,0.00304976103874837,0.0348030152289043,-3.86396986343383,"10863695"
114.9407,296.155555555556,4.21776470303133,0.00305117879082081,0.0348055982799841,-3.86401879364845,"10889027"
21.00699,43.1022,4.2173011984237,0.00305308280455124,0.0348137240640749,-3.86408447763334,"10877933"
34.174905,48.6202666666667,4.21633436712863,0.00305705855364016,0.0348236506987085,-3.8642215269647,"10924084"
342.1317,550.219333333333,4.21600126083245,0.00305842963142543,0.0348236506987085,-3.86426875706099,"10741302"
33.13191,27.5988333333333,4.21594639171949,0.00305865553851654,0.0348236506987085,-3.8642765373672,"10716609"
-219.208075,219.759188888889,-4.21593038994502,0.00305872142441589,0.0348236506987085,-3.864278806411,"10750489"
-51.5421499999999,310.425777777778,-4.21457593771917,0.00306430383080219,0.0348655588618272,-3.86447091826059,"10716250"
53.14746,113.375633333333,4.21445827057366,0.00306478931872295,0.0348655588618272,-3.86448761262851,"10791144"
-262.11845,545.844111111111,-4.21381272835052,0.00306745426981053,0.03487322139946,-3.86457921439765,"10814119"
21.449665,36.8673444444444,4.21348305492731,0.00306881620654511,0.03487322139946,-3.86462600358366,"10862749"
70.3823000000001,256.009222222222,4.21342792354461,0.00306904402745299,0.03487322139946,-3.8646338287383,"10897288"
-709.2017,990.430444444444,-4.21264687984284,0.00307227352170411,0.0348963447368056,-3.86474470535971,"10755094"
-326.597,1092.83177777778,-4.21151897267614,0.0030769437311675,0.0349086876427543,-3.86490488200369,"10885808"
873.65255,1069.48422222222,4.21124965214014,0.00307806001438838,0.0349086876427543,-3.86494313921188,"10729816"
-762.077,1529.49311111111,-4.2112329549493,0.0030781292355386,0.0349086876427543,-3.86494551119374,"10832563"
-297.82935,585.818,-4.21123037983807,0.00307813991126635,0.0349086876427543,-3.86494587701216,"10854199"
22.71333,38.9003333333333,4.21014635869932,0.00308263753410615,0.0349447892172062,-3.86509990480025,"10920369"
238.31885,664.128888888889,4.20967163867265,0.00308460939341217,0.0349447892172062,-3.86516737787245,"10794159"
930.2918,1553.67122222222,4.20959888002961,0.003084911733798,0.0349447892172062,-3.86517772032997,"10869047"
-30.105175,110.432922222222,-4.20862505799777,0.0030889614289621,0.0349771004595732,-3.86531617484266,"10839314"
307.4442,1041.78266666667,4.20794254928936,0.00309180310779862,0.0349957132860244,-3.86541324272535,"10808107"
-137.58945,127.592433333333,-4.20758430692188,0.00309329580958178,0.0349989417287345,-3.8654642030484,"10893661"
92.18394,144.5752,4.20729919010929,0.00309448437342785,0.0349989417287345,-3.86550476626342,"10799983"
96.6374499999999,487.178777777778,4.20551734955416,0.00310192351398099,0.0350695021429723,-3.86575836839088,"10863722"
-255.3803,291.007844444444,-4.20515473802158,0.00310343977549734,0.0350709565362532,-3.86580999893462,"10740271"
87.2937,248.782,4.20474816313162,0.00310514082327272,0.0350709565362532,-3.86586789786964,"10845296"
1361.966,3240.65222222222,4.20462564700427,0.00310565360988865,0.0350709565362532,-3.86588534676543,"10793458"
120.2985,473.443,4.20386633386369,0.00310883372972843,0.0350933031608526,-3.86599350760504,"10818801"
-495.7806,595.356666666667,-4.20335731985789,0.00311096753004521,0.0350953743610133,-3.86606603230436,"10811160"
28.182535,46.2842111111111,4.20317538108745,0.00311173060643797,0.0350953743610133,-3.86609195855937,"10757640"
-161.3805,1155.42333333333,-4.20296310592488,0.00311262117373127,0.0350953743610133,-3.86612221006496,"10860203"
366.97695,1061.44766666667,4.20011062919431,0.00312461506985725,0.0352170156831827,-3.86652896109134,"10892950"
-113.27285,716.027111111111,-4.19940173785999,0.00312760351444899,0.0352303091021003,-3.86663011596702,"10746901"
86.5346500000001,244.912444444444,4.19925881535342,0.00312820640141193,0.0352303091021003,-3.86665051359555,"10930259"
-31.995325,123.566655555556,-4.19888403802245,0.00312978791356878,0.0352345372281304,-3.86670400648629,"10712928"
49.3206,158.714666666667,4.19851805997489,0.00313133312833091,0.0352383536252154,-3.86675625095492,"10759147"
39.53625,146.177666666667,4.19814169082201,0.00313292307639695,0.0352426702941319,-3.86680998653763,"10916825"
-693.1415,1104.21711111111,-4.19617893944293,0.00314122875690424,0.0353225007329486,-3.86709034307066,"10829653"
-291.85025,947.531777777778,-4.1954538506722,0.0031443031003374,0.0353434670154893,-3.86719396780426,"10879662"
323.07165,437.217,4.19511197072135,0.00314575378434113,0.0353461734829776,-3.86724283708361,"10913023"
12.251632,11.3755377777778,4.19460672523274,0.00314789899532433,0.0353566786810477,-3.86731507018229,"10811283"
81.0183,351.704333333333,4.19379801058939,0.00315133599252678,0.0353712090732705,-3.86743071868351,"10821216"
-63.8915499999998,278.605555555556,-4.19373259114307,0.00315161419927854,0.0353712090732705,-3.8674400754403,"10722275"
79.7278,334.913777777778,4.19269438159145,0.00315603290978712,0.0354071987045012,-3.86758859944299,"10908655"
52.83541,117.947244444444,4.19153955318174,0.00316095583133042,0.0354488152232195,-3.86775387710889,"10701144"
72.4023,167.201,4.19124100612744,0.00316222985873165,0.0354494946634637,-3.86779661687656,"10721925"
-129.00065,514.752777777778,-4.19052855330922,0.00316527244224443,0.0354663094595356,-3.86789863111664,"10734061"
-1929.39,2331.80733333333,-4.1902051552046,0.00316665458259825,0.0354663094595356,-3.86794494696016,"10940554"
164.61652,166.629877777778,4.19003738534549,0.00316737185527241,0.0354663094595356,-3.86796897661308,"10803991"
-196.38485,429.690444444444,-4.18896201016909,0.00317197362011102,0.0354959216669939,-3.86812303965871,"10739169"
16.410728,19.5051288888889,4.18885160423156,0.00317244648019857,0.0354959216669939,-3.86813886055075,"10717157"
1098.8317,648.598444444444,4.18846220276323,0.00317411486509845,0.035500992216304,-3.86819466621743,"10757082"
-240.7641,471.086333333333,-4.18793255199329,0.00317638566891025,0.0355127940801929,-3.86827058476341,"10874909"
-292.788,679.133,-4.18719362201986,0.00317955666316757,0.0355346474207259,-3.8683765268714,"10771224"
-261.38075,741.315777777778,-4.18661269668272,0.00318205200999357,0.0355489359158517,-3.8684598368499,"10737866"
-143.90025,397.045333333333,-4.18500327262097,0.00318897630627333,0.0356126734753322,-3.86869074115514,"10875387"
-1694.70475,1752.07588888889,-4.18355791833973,0.00319520860260874,0.0356658334430997,-3.86889822945844,"10726280"
-232.00935,348.588333333333,-4.18333331350106,0.00319617826911875,0.0356658334430997,-3.86893048314184,"10816026"
-54.1136,212.295111111111,-4.18281414598518,0.00319842084264988,0.0356696140356309,-3.86900504736199,"10810836"
-305.7915,1049.79866666667,-4.18268961395365,0.00319895901873598,0.0356696140356309,-3.86902293522065,"10889074"
357.6617,559.763555555556,4.18204460066553,0.00320174806728497,0.0356774641493508,-3.86911559918496,"10772950"
19.231057,18.9362044444444,4.1819619750924,0.00320210553158068,0.0356774641493508,-3.86912747102655,"10892872"
136.46485,267.399444444444,4.18106821138687,0.00320597499398413,0.0357069590065774,-3.86925591351389,"10775782"
-242.274975,196.162833333333,-4.17999824601142,0.00321061395334779,0.035744998488225,-3.86940973655862,"10740171"
460.487,1553.94888888889,4.17890905936729,0.00321534370263847,0.0357840194014782,-3.86956638863524,"10774470"
76.9356000000001,390.046,4.17770869877113,0.0032205649463099,0.035828478424028,-3.86973910709083,"10833287"
-646.8067,1118.39755555556,-4.17726076485015,0.00322251568516939,0.0358314243299449,-3.86980358040939,"10884274"
371.6276,846.962222222222,4.1770683690047,0.00322335395541961,0.0358314243299449,-3.86983127632861,"10803664"
-957.229499999999,2972.66666666667,-4.1766259566252,0.00322528244404569,0.0358314243299449,-3.86989497068015,"10785244"
41.586265,71.8593444444444,4.1765219917002,0.00322573581117803,0.0358314243299449,-3.8699099401558,"10824530"
226.2735,751.976,4.17550081992419,0.00323019256956123,0.0358672921806012,-3.87005700655833,"10737411"
1047.3894,1251.93,4.17392030798876,0.00323710361629881,0.0359303742578091,-3.87028474268504,"10903346"
31.34921,54.9695222222222,4.17341342451099,0.00323932343060599,0.035941357653522,-3.87035780919589,"10772621"
-18.79051,37.8178222222222,-4.17216042737775,0.00324481779283998,0.0359886511009975,-3.87053848865059,"10840300"
328.95155,771.918888888889,4.17183165254113,0.003246261130249,0.0359909953165443,-3.87058591183251,"10872096"
428.12548,314.566511111111,4.17131672976556,0.00324852306076005,0.0359969907290982,-3.87066019756154,"10818440"
78.83895,161.687333333333,4.17114762665349,0.00324926626112932,0.0359969907290982,-3.870684596593,"10751586"
91.80127,176.038544444444,4.17073987276442,0.00325105907656958,0.0360031993415101,-3.87074343592828,"10799883"
-104.20295,162.575777777778,-4.17022904318275,0.00325330660487976,0.0360144369666378,-3.87081716235204,"10797657"
158.5492,348.890111111111,4.16897883817771,0.00325881429620445,0.0360617427459534,-3.87099766222788,"10750211"
-444.20065,843.934888888889,-4.16762632650131,0.00326478404291062,0.0361119461944116,-3.87119303148659,"10850958"
86.173375,59.1224777777778,4.1673911448823,0.00326582329861147,0.0361119461944116,-3.8712270137647,"10750685"
281.2655,765.198888888889,4.16513277129774,0.00327582115806004,0.0361969389762821,-3.8715534927438,"10700258"
-165.7601,576.260444444444,-4.1648715969682,0.00327697951355818,0.0361969389762821,-3.87159126756442,"10740688"
-50.492445,84.3500333333333,-4.16464544916749,0.00327798287764756,0.0361969389762821,-3.87162397943583,"10825274"
-28.60105,26.6585222222222,-4.16428676470347,0.00327957495639448,0.0361969389762821,-3.87167586838922,"10893453"
855.655,2178.78111111111,4.164257509001,0.00327970484939477,0.0361969389762821,-3.87168010097329,"10911795"
61.70858,114.532955555556,4.16366909081607,0.00328231856030463,0.0362121051437838,-3.87176524089389,"10719306"
-567.7845,1824.68333333333,-4.16259279619294,0.00328710520915697,0.0362512236996269,-3.8719210234122,"10937822"
176.58425,504.987888888889,4.16186026951547,0.00329036731875968,0.0362577726393898,-3.87202708632155,"10804187"
56.62472,71.6571222222222,4.16170438579384,0.00329106195613378,0.0362577726393898,-3.87204966069863,"10799454"
-1976.45675,1838.75677777778,-4.16162351984563,0.00329142236734654,0.0362577726393898,-3.87206137187867,"10769385"
-60.263475,142.646033333333,-4.16083282096588,0.00329494867921789,0.0362829365679124,-3.87217590196767,"10705822"
-87.13365,195.528333333333,-4.16007338295487,0.00329833941963217,0.0363021958742163,-3.87228593713932,"10755560"
20.31038,33.6104555555556,4.1598845900675,0.00329918292757049,0.0363021958742163,-3.87231329642682,"10901962"
49.06134,130.2072,4.15899582295191,0.00330315698397726,0.0363191804963039,-3.87244212078865,"10922085"
408.32715,789.859333333333,4.1589833189851,0.00330321293142601,0.0363191804963039,-3.87244393352161,"10762021"
487.5619,865.642777777778,4.15740650787766,0.00331027639026986,0.0363653674210661,-3.87267259853031,"10743357"
407.4962,630.157222222222,4.15715475619541,0.00331140564337245,0.0363653674210661,-3.87270911986182,"10879464"
479.9868,1181.26566666667,4.15704769922808,0.00331188598243845,0.0363653674210661,-3.87272465157681,"10887899"
-45.771525,129.7831,-4.1568245521679,0.00331288743208054,0.0363653674210661,-3.87275702759894,"10860756"
172.52905,345.039777777778,4.15654098925754,0.00331416049086665,0.0363653674210661,-3.87279817330024,"10899428"
-42.545725,103.192188888889,-4.15638025004296,0.0033148823660676,0.0363653674210661,-3.87282149898212,"10758044"
-455.9845,1452.64222222222,-4.15574367432373,0.00331774287856409,0.0363743780506166,-3.87291389001119,"10885998"
15.30268,22.3351111111111,4.15561789339674,0.00331830840242462,0.0363743780506166,-3.87293214824668,"10827058"
-91.6804,301.773555555556,-4.15536649395792,0.00331943903207174,0.0363743780506166,-3.87296864381404,"10778683"
-107.89125,182.205533333333,-4.15493728221483,0.00332137030683489,0.0363818943171633,-3.87303096056431,"10909033"
-147.13455,191.472866666667,-4.15442813341731,0.00332366283962829,0.0363921266425489,-3.87310489674994,"10926967"
-35.260005,74.5587666666667,-4.15401230222928,0.00332553646176574,0.0363921266425489,-3.87316529263723,"10757562"
112.6686,343.909333333333,4.15282979116873,0.00333087077448021,0.0363921266425489,-3.87333709545417,"10929867"
-143.60915,291.713111111111,-4.15274652378038,0.00333124674230473,0.0363921266425489,-3.87334919604919,"10898368"
153.2896,186.058111111111,4.15261449090532,0.00333184298941501,0.0363921266425489,-3.87336838415104,"10744127"
-33.5010675,38.1354966666667,-4.15239840080271,0.00333281907926413,0.0363921266425489,-3.87339979026198,"10830164"
563.95755,727.162,4.15224419782619,0.0033335158107572,0.0363921266425489,-3.87342220343068,"10710771"
563.95755,727.162,4.15224419782619,0.0033335158107572,0.0363921266425489,-3.87342220343068,"10752146"
563.95755,727.162,4.15224419782619,0.0033335158107572,0.0363921266425489,-3.87342220343068,"10760208"
144.10655,249.514555555556,4.15076943109166,0.00334018716795633,0.0364088599234594,-3.87363662633557,"10854620"
-145.6059,149.200266666667,-4.1506946497418,0.00334052583811858,0.0364088599234594,-3.8736475024,"10781745"
112.87367,143.824155555556,4.15059548027261,0.00334097501454431,0.0364088599234594,-3.87366192591549,"10745731"
38.20082,88.0751222222222,4.15034120144193,0.00334212703874099,0.0364088599234594,-3.87369891155559,"10869104"
-111.6579,183.978866666667,-4.15018438062717,0.00334283773800643,0.0364088599234594,-3.87372172344705,"10862564"
-89.8001499999999,189.542222222222,-4.15014425961204,0.00334301958943573,0.0364088599234594,-3.87372755986126,"10932996"
-1054.083,1460.83666666667,-4.14976168960754,0.00334475415286567,0.0364088599234594,-3.87378321698304,"10784517"
32.94107,47.9983555555556,4.14970333256899,0.00334501882777316,0.0364088599234594,-3.87379170761944,"10882383"
-519.72735,822.379666666667,-4.1490816742251,0.0033478397273817,0.0364212001510819,-3.87388216751721,"10710067"
574.87705,642.818111111111,4.14890409995439,0.00334864597815451,0.0364212001510819,-3.8739080110416,"10850131"
-1088.56375,1263.10988888889,-4.1481466732905,0.0033520873228454,0.0364383001531653,-3.87401826421824,"10880805"
-514.871,364.525644444444,-4.14800910539207,0.00335271276825181,0.0364383001531653,-3.87403829247127,"10858390"
-719.3505,820.725666666667,-4.14714707794759,0.0033566348032231,0.0364673592939233,-3.87416381778755,"10831557"
-182.6432,834.860444444444,-4.14642457454077,0.00335992585282869,0.0364764594769898,-3.87426905848053,"10879555"
73.272495,99.8136333333333,4.14641497142531,0.00335996961910658,0.0364764594769898,-3.87427045748036,"10798841"
545.37975,726.672,4.14584685922443,0.00336255989143574,0.0364908018003449,-3.87435323040976,"10929766"
30.26424,63.8407333333333,4.14557746950544,0.00336378891108129,0.0364908018003449,-3.8743924863895,"10831582"
67.3280000000001,249.603555555556,4.14522693398765,0.00336538886368271,0.0364946066308933,-3.87444357323506,"10854558"
-211.13835,499.786333333333,-4.1448042840455,0.00336731906212714,0.0365019885272661,-3.87450517923973,"10702250"
-113.99925,392.675666666667,-4.14414145453666,0.00337034854463121,0.0365212768482404,-3.87460181448661,"10886756"
-78.57453,86.4876666666667,-4.14367893555583,0.00337246424580308,0.0365306527537602,-3.87466926078797,"10933472"
823.7765,1592.85888888889,4.14232161062816,0.00337868134640036,0.0365844317471238,-3.87486726106404,"10889455"
59.94,62.3364,4.14141209573404,0.00338285422181624,0.0366074914606534,-3.87499999526545,"10767266"
67.4411000000001,651.286222222222,4.1411850187842,0.00338389692439718,0.0366074914606534,-3.87503314208544,"10769236"
-167.9925,310.623666666667,-4.14103843023493,0.00338457022096341,0.0366074914606534,-3.87505454142436,"10891502"
-740.1395,1125.34111111111,-4.14025349049878,0.00338817799439412,0.036632950380544,-3.87516914947769,"10804582"
-545.99425,899.377888888889,-4.13986243503498,0.00338997693030041,0.0366388405630027,-3.87522626002064,"10831300"
15.226971,23.5405966666667,4.1393361311281,0.00339239966584692,0.0366514659164393,-3.87530313620816,"10882006"
56.59995,150.319333333333,4.13837586067999,0.00339682490093638,0.0366857089301129,-3.8754434415128,"10783145"
19.33358,48.5576222222222,4.13562869289244,0.00340951920404583,0.036805596394818,-3.87584511962176,"10833969"
-2719.04975,3418.26344444444,-4.13509612742869,0.00341198604393195,0.036805596394818,-3.87592303843616,"10722992"
59.575395,46.6567833333333,4.13507827302541,0.00341206877880648,0.036805596394818,-3.87592565096478,"10729771"
-51.47245,218.467555555556,-4.13488488780214,0.00341296503845971,0.036805596394818,-3.87595394903391,"10796970"
-258.6692,427.865111111111,-4.13305301389094,0.00342146763186716,0.0368682721138207,-3.87622211259138,"10791401"
-192.46935,674.208666666667,-4.13303544134007,0.00342154930508907,0.0368682721138207,-3.87622468591744,"10820713"
-30.875875,39.5471888888889,-4.13281738677544,0.00342256294833579,0.0368682721138207,-3.87625661930889,"10865578"
17.50307,34.4874222222222,4.13196445410501,0.00342653098741185,0.0368877578052607,-3.87638155451968,"10844944"
64.21575,116.887833333333,4.13188579110084,0.00342689719598403,0.0368877578052607,-3.87639307894093,"10781321"
157.68635,557.575222222222,4.13111729254571,0.00343047709670953,0.0369052527642396,-3.87650568532984,"10849863"
313.79475,562.562333333333,4.13099459460334,0.00343104903497209,0.0369052527642396,-3.87652366709587,"10762590"
-155.69765,383.093444444444,-4.13066941488158,0.00343256531021954,0.0369073898860075,-3.87657132733902,"10898520"
-2360.49375,2090.94566666667,-4.13041022232406,0.00343377441330075,0.0369073898860075,-3.87660932042417,"10826725"
-111.77435,421.904111111111,-4.12969361472323,0.00343711969875811,0.0369297590583006,-3.87671438242298,"10855367"
22.454975,30.7440888888889,4.12911134596459,0.00343984045216025,0.0369406900173637,-3.87679977048737,"10777512"
-876.6015,1988.15333333333,-4.12893476130666,0.0034406660346836,0.0369406900173637,-3.87682566993971,"10898003"
-27.6486999999999,109.413288888889,-4.12848373059582,0.00344277570051057,0.0369497609532387,-3.87689183010824,"10927612"
-388.79585,659.658444444444,-4.12797007837636,0.00344517997576207,0.0369619859757301,-3.87696719011526,"10768588"
114.36913,168.627844444444,4.12667104927241,0.0034512684955925,0.0370075988342734,-3.87715784298952,"10755013"
-22.890185,30.1984444444444,-4.12634482324559,0.0034527993343635,0.0370075988342734,-3.87720573686667,"10874634"
923.79245,1100.12122222222,4.12585754013604,0.00345508731075351,0.0370075988342734,-3.87727728713701,"10893361"
487.83575,488.272888888889,4.12544086164796,0.00345704507066866,0.0370075988342734,-3.87733848089873,"10719900"
-89.1895500000001,247.519,-4.12519133978185,0.00345821802024705,0.0370075988342734,-3.87737513063058,"10816807"
66.337905,79.4412333333333,4.12493967364368,0.00345940148493076,0.0370075988342734,-3.87741209890644,"10847963"
285.17355,416.28,4.12453877873883,0.00346128760400321,0.0370075988342734,-3.87747099546499,"10736917"
26.1695,109.877888888889,4.12419778413457,0.00346289277982877,0.0370075988342734,-3.87752109911716,"10913800"
453.5181,1168.463,4.12411583649275,0.00346327865462128,0.0370075988342734,-3.87753314098799,"10723697"
-187.67555,276.345444444444,-4.12401624982516,0.00346374765050303,0.0370075988342734,-3.87754777535679,"10781273"
72.77568,107.134066666667,4.12397744513551,0.00346393041682339,0.0370075988342734,-3.87755347790109,"10819300"
350.83065,555.467333333333,4.1235891393079,0.0034657598731716,0.0370075988342734,-3.87761054612277,"10796858"
-131.535175,181.654122222222,-4.12355949476266,0.00346589958275388,0.0370075988342734,-3.87761490325188,"10713480"
-24.92721,76.3334,-4.1224799021442,0.0034709916608086,0.037042885646059,-3.87777361496581,"10912099"
213.87845,454.227888888889,4.12232132588876,0.00347174029228827,0.037042885646059,-3.87779693297797,"10817573"
-79.3279499999999,231.385333333333,-4.12028813303373,0.00348135437021934,0.0371319045533362,-3.87809603308191,"10705192"
280.9014,552.043666666667,4.1198317048495,0.0034835165678682,0.0371414062093801,-3.87816321000782,"10924151"
506.9867,1130.05822222222,4.11954796899379,0.00348486141597605,0.0371421894951931,-3.87820497613754,"10845607"
91.6264,140.111944444444,4.11901052684312,0.00348741031529633,0.037144047135216,-3.87828410062308,"10749117"
-72.336125,144.862011111111,-4.11897505798031,0.00348757860244737,0.037144047135216,-3.87828932307788,"10837006"
457.584,1470.27666666667,4.11839138648669,0.003490349176043,0.0371600075907143,-3.87837527350816,"10744756"
35.9059,209.094777777778,4.11763403861974,0.00349394770014563,0.0371847679825335,-3.87848682822047,"10881619"
-1352.75575,2081.19922222222,-4.11717485127059,0.00349613147072954,0.0371944591354308,-3.87855448088132,"10794464"
555.1285,1726.57777777778,4.11585334935479,0.00350242440327726,0.0372286853958124,-3.8787492466963,"10754136"
171.53995,632.691777777778,4.11576638396794,0.00350283895720688,0.0372286853958124,-3.87876206734432,"10753567"
91.4087500000001,252.776111111111,4.11569660258682,0.00350317163528063,0.0372286853958124,-3.87877235499728,"10797631"
-40.13697,85.7197666666667,-4.11416387993058,0.00351048739841527,0.0372928650390195,-3.87899838978158,"10707992"
30.59804,30.2403888888889,4.11282633966594,0.00351688502467195,0.037335475797413,-3.87919575029467,"10721723"
237.7591,430.832111111111,4.1127909489813,0.00351705447369346,0.037335475797413,-3.87920097375102,"10788497"
-160.8405,262.952333333333,-4.11228704927764,0.00351946807947647,0.0373412065115114,-3.87927535415277,"10849927"
-162.20945,284.098111111111,-4.11209770072396,0.0035203754934971,0.0373412065115114,-3.879303307562,"10813126"
-67.56285,192.786666666667,-4.11187795385498,0.00352142890186944,0.0373412065115114,-3.87933575122886,"10755580"
21.27086,35.4565555555556,4.11101522451921,0.0035255678900264,0.0373715313277327,-3.87946315226251,"10930988"
-119.16695,371.196111111111,-4.10997990566195,0.00353054181969786,0.0374106814365808,-3.87961609622096,"10759662"
-31.152455,68.5449444444444,-4.10970539140395,0.00353186192485709,0.0374111001714196,-3.87965665953132,"10769168"
133.39285,197.272111111111,4.10844024422911,0.00353795275213224,0.0374611825409815,-3.8798436584825,"10705797"
176.1055,746.860111111111,4.10819087250505,0.00353915464548193,0.0374611825409815,-3.87988052845699,"10846151"
-214.031,1264.44111111111,-4.10712542136744,0.00354429475210894,0.0374630373771527,-3.88003809712586,"10757258"
-592.236,858.104,-4.10703521954273,0.00354473028693375,0.0374630373771527,-3.88005143998629,"10838704"
314.6608,956.755444444444,4.10677759574568,0.0035459745282339,0.0374630373771527,-3.88008955085776,"10771465"
113.84214,151.967366666667,4.1067098670719,0.00354630171452637,0.0374630373771527,-3.88009957074571,"10725242"
-34.28673,69.9971333333333,-4.10662572623622,0.0035467082307171,0.0374630373771527,-3.88011201904153,"10882511"
14.72625,29.7887,4.10652753367064,0.00354718269973596,0.0374630373771527,-3.88012654674734,"10882227"
1291.85028,667.5614,4.10588145879605,0.00355030625934966,0.0374630373771527,-3.88022214807856,"10768642"
-136.84985,341.790444444444,-4.10586894517014,0.00355036678792063,0.0374630373771527,-3.8802239999878,"10701902"
-47.37525,150.803333333333,-4.10576467762809,0.00355087117468802,0.0374630373771527,-3.88023943103847,"10905511"
-178.12,1085.47555555556,-4.10508370764312,0.00355416722107937,0.0374842748002212,-3.88034022637468,"10759636"
-200.1285,697.56,-4.10404675067582,0.00355919266907912,0.0375197145347342,-3.88049376506192,"10735280"
71.6325000000001,224.128666666667,4.10386049462127,0.00356009614192796,0.0375197145347342,-3.88052134990111,"10749352"
-62.50485,168.143666666667,-4.10222875294677,0.00356802182930267,0.0375896825536416,-3.88076309880051,"10827477"
17.63337,53.3978333333333,4.10193939694578,0.00356942927490748,0.0375909541590292,-3.88080598398641,"10778659"
296.0455,948.582777777778,4.09962455218743,0.00358071042087456,0.0376961708956502,-3.88114923820963,"10815315"
-154.639,1236.13555555556,-4.09930933331587,0.00358224958064111,0.0376987893547728,-3.88119600392519,"10777658"
-106.88915,257.053111111111,-4.09884704681502,0.00358450813817386,0.0377057613423974,-3.88126459885651,"10854623"
-258.55355,824.074111111111,-4.09851515110726,0.00358613060327646,0.0377057613423974,-3.88131385373949,"10826474"
116.1293,534.619222222222,4.09820713191565,0.00358763705771219,0.0377057613423974,-3.88135957090438,"10827029"
-58.5117,356.536,-4.09811765926173,0.00358807477688317,0.0377057613423974,-3.88137285173649,"10936520"
20.997975,31.6363333333333,4.09773349687342,0.0035899548358107,0.0377119527412347,-3.88142987993762,"10779548"
-87.4776,263.312666666667,-4.09607839422112,0.00359806693790655,0.0377835828626894,-3.88167567400516,"10758415"
18.887235,25.6179666666667,4.09513195609555,0.00360271457445044,0.037818793955442,-3.88181629741427,"10750996"
37.1096,160.308555555556,4.09461191211438,0.00360527109186597,0.0378221443793118,-3.8818935884058,"10908218"
-1404.83675,2070.86611111111,-4.09454034616075,0.00360562306073743,0.0378221443793118,-3.88190422604,"10870261"
56.70555,86.9209666666667,4.09381899015436,0.00360917283676106,0.0378434967574727,-3.8820114655864,"10851384"
-77.4493,181.420888888889,-4.09338477160657,0.00361131143444172,0.0378434967574727,-3.88207603263386,"10804552"
-254.567,610.543111111111,-4.09324697696194,0.00361199038153239,0.0378434967574727,-3.8820965245717,"10731686"
15.164355,21.4187333333333,4.09307455073003,0.00361284016076509,0.0378434967574727,-3.88212216823893,"10709518"
-538.1572,967.678222222222,-4.09200269977954,0.00361812747412072,0.0378852960677286,-3.88228161507184,"10871489"
-220.30905,467.898666666667,-4.09130616349772,0.00362156788100799,0.0379077334560256,-3.88238526620199,"10797741"
95.2382000000001,352.380888888889,4.08887121802255,0.00363362259550906,0.0380202902955594,-3.88274782883172,"10762389"
54.812865,58.7855333333333,4.08702967451504,0.00364276830373452,0.0381007195361466,-3.88302226135481,"10813253"
57.829805,86.1082555555556,4.08679859858603,0.00364391765537049,0.0381007195361466,-3.88305671083431,"10874240"
1005.03555,1014.27266666667,4.08651993002204,0.00364530424918338,0.0381015807998723,-3.88309825966638,"10794866"
488.0206,1216.05244444444,4.08587240601545,0.00364852838601136,0.0381216410117796,-3.88319482130655,"10840732"
53.231155,106.956011111111,4.08511837257152,0.00365228673062371,0.0381472665528928,-3.8833072966364,"10706509"
906.521499999999,2274.11444444444,4.0848217083732,0.00365376654510227,0.0381490835770614,-3.88335155753149,"10835645"
-101.29005,503.18,-4.08438389327422,0.00365595162777794,0.0381582603979653,-3.88341688676689,"10718791"
90.7700500000001,276.264444444444,4.08139937087074,0.003670884640702,0.03830043710481,-3.88386252207025,"10774104"
251.9854,546.156111111111,4.08094604141382,0.00367315861945129,0.0383040912525929,-3.88393025624345,"10852270"
975.83045,670.156222222222,4.08080684031536,0.00367385718113799,0.0383040912525929,-3.88395105734786,"10847761"
-33.36545,59.3587111111111,-4.07970308737975,0.00367940129140964,0.0383389173164358,-3.88411603311242,"10735578"
-67.51625,198.584777777778,-4.07961937467026,0.00367982214538529,0.0383389173164358,-3.88412854836296,"10832378"
-130.77025,496.247888888889,-4.07924129839114,0.00368172351824873,0.0383450520007552,-3.88418507672726,"10876915"
-429.236,1207.40844444444,-4.0789560812555,0.00368315859721888,0.0383463276048298,-3.88422772666377,"10728240"
20.59095,26.5028333333333,4.07800655649199,0.00368794051150275,0.0383824346644251,-3.88436974777894,"10750547"
-118.137895,106.488188888889,-4.07734417152872,0.00369128032319907,0.0384012602095811,-3.88446885211361,"10762429"
31.928715,50.5818,4.07712654912209,0.00369237830932818,0.0384012602095811,-3.88450141776735,"10877313"
-1295.11425,2135.25366666667,-4.07672719813236,0.00369439410056426,0.0384025640128588,-3.88456118495819,"10732207"
-638.2696,709.287222222222,-4.07633893355522,0.00369635506960846,0.0384025640128588,-3.88461930181054,"10888138"
417.157,835.812111111111,4.07632068736049,0.00369644725146022,0.0384025640128588,-3.88462203318224,"10862666"
-92.20275,292.296,-4.07475345786982,0.0037043743361386,0.0384712377731791,-3.88485671229131,"10901069"
397.24595,660.664555555556,4.07413943372056,0.00370748508372952,0.0384728001908912,-3.88494869595576,"10843357"
-225.618025,252.018722222222,-4.07401802999654,0.00370810046863197,0.0384728001908912,-3.88496688538636,"10864671"
-77.009945,76.9916777777778,-4.07394404006027,0.00370847557121756,0.0384728001908912,-3.88497797141966,"10867033"
42.163454,30.5830588888889,4.07311470593668,0.00371268280138906,0.0384876314878743,-3.8851022536449,"10760290"
15.28311,65.3927333333333,4.073022943148,0.00371314863231792,0.0384876314878743,-3.8851160074713,"10753604"
16.08928,54.7437111111111,4.07288332795103,0.00371385750545347,0.0384876314878743,-3.88513693457294,"10801174"
-73.3112500000001,245.264222222222,-4.07235715241685,0.00371653038713394,0.0385016733084153,-3.88521581386863,"10885441"
-45.908175,92.6605666666667,-4.07204435611887,0.00371812032226938,0.038504490285281,-3.88526271296994,"10783175"
98.4232999999999,194.212888888889,4.07148875845755,0.00372094621960917,0.038520100233757,-3.88534603049135,"10710513"
22.142195,44.2708555555556,4.07113192241447,0.00372276239153214,0.038525249913645,-3.88539955113957,"10731193"
-69.5688,126.142933333333,-4.07045407474107,0.00372621503567666,0.0385367160844808,-3.88550123961945,"10838255"
-232.87905,810.221,-4.07039646666967,0.00372650862390149,0.0385367160844808,-3.8855098830235,"10935131"
2134.797,2820.99666666667,4.06977735687952,0.00372966537093341,0.038555712719904,-3.885602785234,"10726979"
448.0004,1095.18688888889,4.06897764605872,0.00373374724548083,0.0385732932168205,-3.88572282099091,"10833591"
-248.4074,488.255111111111,-4.06884202879949,0.0037344399392689,0.0385732932168205,-3.88574318068554,"10826866"
-128.7964,415.751555555556,-4.06816670330083,0.00373789137132606,0.0385732932168205,-3.88584458060785,"10889462"
-62.075665,95.7671555555555,-4.06810533617123,0.00373820517499863,0.0385732932168205,-3.88585379617816,"10745408"
-85.09515,386.864333333333,-4.0676216110987,0.00374067972072123,0.0385732932168205,-3.88592644537725,"10917692"
3147.36168,1436.64573333333,4.06761167211631,0.00374073058313691,0.0385732932168205,-3.88592793822547,"10733017"
-105.6623,382.876777777778,-4.06738552301885,0.00374188809533145,0.0385732932168205,-3.88596190766953,"10847728"
-82.094375,174.125811111111,-4.06713345539363,0.0037431787231711,0.0385732932168205,-3.88599977379349,"10923361"
62.30363,99.2643222222222,4.0669999558442,0.00374386245738523,0.0385732932168205,-3.88601982987082,"10840680"
264.8603,384.538888888889,4.06686189161263,0.00374456971188139,0.0385732932168205,-3.88604057280573,"10749869"
-205.71355,594.128555555556,-4.06634098555212,0.00374723942830433,0.0385871881066206,-3.88611884433722,"10760307"
424.32895,940.243444444444,4.06594657401077,0.00374926220838357,0.0385934041228084,-3.88617811925774,"10794511"
-252.9797,386.523777777778,-4.0657082226413,0.00375048518876747,0.0385934041228084,-3.88621394475342,"10806016"
-59.2719,103.599333333333,-4.06524651155797,0.00375285545162843,0.0386013834160189,-3.88628335182237,"10868398"
545.6745,717.24,4.06504250288094,0.00375390327531011,0.0386013834160189,-3.88631402353341,"10821695"
-423.452,539.494111111111,-4.06471706296636,0.00375557544398935,0.0386049898032037,-3.88636295685388,"10804415"
76.7293,235.980111111111,4.06227316082384,0.00376815835123676,0.0387207098392651,-3.88673062031872,"10905335"
304.70495,1049.73822222222,4.06156552796188,0.00377181022078618,0.0387446075211137,-3.88683714237297,"10757786"
-233.09885,425.658111111111,-4.06052807073904,0.00377717111181911,0.0387860375608729,-3.88699336660901,"10794229"
65.25428,87.0339222222222,4.06002195252657,0.00377978937702702,0.0387893678350134,-3.8870696025742,"10772758"
45.3024,135.519,4.05995208667647,0.00378015096276728,0.0387893678350134,-3.8870801275545,"10894999"
-89.2088,190.135444444444,-4.05893393520377,0.00378542456862533,0.0388269255916619,-3.88723353985356,"10763116"
-39.47073,42.0660333333333,-4.05867604308287,0.00378676160279148,0.0388269255916619,-3.88727240793406,"10842727"
379.6762,410.137777777778,4.0584761592119,0.00378779824523298,0.0388269255916619,-3.88730253599918,"10889684"
316.7231,611.798222222222,4.05768486585288,0.00379190507450739,0.0388369344991213,-3.88742182881975,"10726151"
-1520.61675,1580.75833333333,-4.05756650531881,0.00379251978093748,0.0388369344991213,-3.88743967561099,"10841348"
741.11335,731.937111111111,4.05751970705898,0.0037927628577392,0.0388369344991213,-3.88744673223228,"10936086"
158.75792,199.169655555556,4.05593423353855,0.00380100796728223,0.0389077248620123,-3.88768587831363,"10817827"
20.88108,117.7384,4.05428123102638,0.00380962484152316,0.0389822697443985,-3.88793536645806,"10886842"
129.3138,253.672,4.05373877128393,0.00381245719835749,0.0389911976366848,-3.88801727484576,"10767189"
-155.0735,336.041444444444,-4.05360295603641,0.0038131666888481,0.0389911976366848,-3.88803778487983,"10903234"
32.583495,84.4647333333333,4.05285458822466,0.003817078670861,0.039015781001351,-3.88815081839722,"10702656"
-601.304499999999,2502.01555555556,-4.05263222676558,0.00381824186632651,0.039015781001351,-3.88818441019252,"10720658"
15.799575,26.6362333333333,4.05175340960263,0.00382284279047176,0.0390227477497952,-3.88831720000228,"10858218"
256.62575,870.614888888889,4.05135682615705,0.00382492100487013,0.0390227477497952,-3.88837713878942,"10869661"
-348.0638,630.427777777778,-4.05109164364096,0.00382631131922639,0.0390227477497952,-3.88841722304775,"10828316"
244.34,1278.73555555556,4.05092320086742,0.0038271947238198,0.0390227477497952,-3.88844268652904,"10832865"
-176.041,1024.57355555556,-4.0508897722724,0.00382737006752268,0.0390227477497952,-3.88844774012455,"10848159"
-91.4542499999999,251.435666666667,-4.05076154523955,0.00382804273978498,0.0390227477497952,-3.88846712555853,"10852799"
-1061.4005,1561.86044444444,-4.0507174775986,0.00382827394574221,0.0390227477497952,-3.88847378795099,"10804396"
441.43475,682.188222222222,4.05006260961484,0.00383171156120118,0.0390441651722816,-3.8885728079429,"10708053"
193.58755,313.346111111111,4.0486618675186,0.00383907569208087,0.0390590454210257,-3.88878469283841,"10909480"
31.14232,52.3024111111111,4.04861821969401,0.00383930540712087,0.0390590454210257,-3.88879129712258,"10932623"
31.14232,52.3024111111111,4.04861821969401,0.00383930540712087,0.0390590454210257,-3.88879129712258,"10937236"
145.4207,762.189222222222,4.04849041402961,0.00383997812343787,0.0390590454210257,-3.88881063583935,"10836394"
-176.95425,301.075666666667,-4.04847255387965,0.00384007214202376,0.0390590454210257,-3.88881333839651,"10725993"
79.2694000000001,359.759444444444,4.04807449236721,0.00384216824353215,0.0390590454210257,-3.88887357700268,"10758679"
63.62685,163.271,4.04800565323674,0.00384253085986266,0.0390590454210257,-3.88888399536175,"10938048"
-191.3618,746.921111111111,-4.04721388565909,0.00384670422103429,0.0390870588748653,-3.889003844234,"10743535"
655.988500000001,2281.85444444444,4.04677811629218,0.00384900322110791,0.0390870588748653,-3.88906982176289,"10780979"
-183.11025,929.824666666667,-4.04672176516589,0.00384930062240664,0.0390870588748653,-3.88907835440018,"10807768"
-66.1631,195.679777777778,-4.04551220646172,0.00385569022237741,0.0391369178963847,-3.88926154954903,"10850484"
426.6157,599.299777777778,4.04507217115544,0.00385801758360156,0.0391369178963847,-3.88932821688365,"10874691"
-184.7011,995.130222222222,-4.04454376653697,0.00386081433469498,0.0391369178963847,-3.88940828756302,"10833668"
38.58545,132.549888888889,4.0440950737091,0.00386319090171619,0.0391369178963847,-3.88947629213335,"10790229"
-618.634,1379.21755555556,-4.04402313934599,0.00386357205924599,0.0391369178963847,-3.88948719571304,"10890967"
80.32561,116.835411111111,4.04394345097024,0.00386399435018384,0.0391369178963847,-3.88949927497523,"10750993"
194.0036,444.114222222222,4.04385210147595,0.00386447849786357,0.0391369178963847,-3.88951312230215,"10940497"
21.038855,32.1242222222222,4.04376729004628,0.00386492805268261,0.0391369178963847,-3.88952597898638,"10765173"
1926.5825,2054.97888888889,4.042980539504,0.00386910102225484,0.0391542914325918,-3.88964526371419,"10892184"
-120.9454,420.103888888889,-4.04271793898039,0.00387049495141699,0.0391542914325918,-3.88968508648804,"10772797"
17.60995,41.8438444444444,4.04268599874363,0.0038706645326667,0.0391542914325918,-3.88968993042839,"10940009"
36.705735,87.215,4.04199161968377,0.00387435320082593,0.0391780389092865,-3.88979525222766,"10845363"
-1103.07275,1933.50344444444,-4.04117748009876,0.0038786828860245,0.0391977586471831,-3.88991877505126,"10799745"
744.81235,826.926111111111,4.04112037074376,0.00387898679568037,0.0391977586471831,-3.88992744125226,"10752334"
28.56323,77.4520888888889,4.03961444703203,0.00388700989818059,0.0392652514403347,-3.89015603046687,"10783933"
314.07685,491.305111111111,4.03891269478772,0.0038907547293795,0.0392722480419063,-3.89026259727354,"10923857"
-44.69325,154.340333333333,-4.03873876617564,0.00389168348349203,0.0392722480419063,-3.89028901422524,"10728247"
98.4962500000001,477.635111111111,4.03872904436786,0.00389173540361877,0.0392722480419063,-3.89029049086351,"10868193"
-127.2422,786.793111111111,-4.03846170857397,0.00389316342540141,0.0392730926483691,-3.89033109847696,"10828843"
-300.703475,250.683011111111,-4.03689405359265,0.00390154871030112,0.0393188817371237,-3.89056930569883,"10799229"
18.210015,46.0221,4.03661995921149,0.0039030168220088,0.0393188817371237,-3.89061096952991,"10790617"
-54.471825,121.8129,-4.03652951954045,0.00390350136806906,0.0393188817371237,-3.89062471781881,"10757606"
-179.23375,451.954555555556,-4.03618211844581,0.00390536323210208,0.0393188817371237,-3.89067753285954,"10897239"
394.8506,903.073555555556,4.0356962448873,0.0039079688324071,0.0393188817371237,-3.89075141163058,"10826859"
-381.8394,338.0654,-4.03544814043294,0.00390930006804084,0.0393188817371237,-3.89078914213235,"10919912"
-117.584475,192.300233333333,-4.03536819017915,0.00390972915531349,0.0393188817371237,-3.89080130134372,"10790640"
80.47045,177.499444444444,4.03519193479691,0.00391067528464034,0.0393188817371237,-3.89082810842056,"10893774"
-18.31492,42.8446555555556,-4.03512256001685,0.00391104775238276,0.0393188817371237,-3.89083866028765,"10792101"
-42.1971,106.765933333333,-4.03486063255286,0.00391245436513873,0.0393188817371237,-3.89087850186699,"10702535"
-105.670475,138.400544444444,-4.03485077141633,0.00391250733243714,0.0393188817371237,-3.89088000191548,"10769959"
-123.37645,196.821022222222,-4.03424780342745,0.00391574753424562,0.0393379121270466,-3.89097173458486,"10755285"
-160.93665,474.665,-4.03314631089033,0.00392167415542883,0.0393839081391192,-3.8911393656202,"10801271"
19.154885,74.3866222222222,4.03172467347088,0.00392933762494876,0.0394473090636609,-3.89135582356271,"10825657"
112.24645,365.355111111111,4.03124734995278,0.00393191430050898,0.0394596167554344,-3.89142852732965,"10867743"
-1072.039,1355.41222222222,-4.03033230959344,0.00393685894152192,0.0394914155382292,-3.89156793966638,"10920122"
45.58416,140.211966666667,4.02994384657355,0.00393896012131663,0.0394914155382292,-3.89162713944056,"10807464"
117.0152,165.416555555556,4.02981976867205,0.00393963150803288,0.0394914155382292,-3.89164605015027,"10894549"
-51.36085,297.858555555556,-4.02966113628077,0.00394049004908394,0.0394914155382292,-3.89167022862992,"10745974"
33.901545,37.0330333333333,4.02829502346971,0.00394789199747339,0.0395520290857982,-3.89187851059351,"10883461"
-99.6052999999999,297.926777777778,-4.02662002394794,0.00395698803097503,0.0396295674792268,-3.89213403655267,"10728328"
37.35968,51.8727222222222,4.02571612482946,0.00396190600872944,0.0396652234883557,-3.89227199767837,"10745583"
410.32375,495.510111111111,4.02505313273666,0.00396551743582972,0.0396877788182012,-3.8923732200732,"10873790"
153.76995,211.066,4.02403436055112,0.0039710737719902,0.0397297771146993,-3.89252881178856,"10721480"
149.6789,280.888555555556,4.02283325817678,0.00397763530793772,0.0397818000294736,-3.89271232853164,"10804567"
806.685499999999,1965.63888888889,4.02122893430705,0.0039864178463964,0.039852515134877,-3.89295758649354,"10776256"
-167.8118,545.441777777778,-4.0210052193777,0.00398764418669184,0.039852515134877,-3.8929917985682,"10814752"
49.958025,96.5982666666667,4.02079474367294,0.00398879832458344,0.039852515134877,-3.89302398870675,"10842409"
403.8491,826.926888888889,4.02053980731451,0.00399019674337126,0.0398528573199481,-3.8930629821602,"10856965"
-45.0311,172.111777777778,-4.01995629289254,0.00399339952149267,0.0398712144979108,-3.89315224729461,"10832253"
55.382495,41.0908222222222,4.01854251445633,0.00400117092319445,0.0399351579604382,-3.89336860840095,"10860617"
-314.92,1007.43755555556,-4.01752985428052,0.00400674743381464,0.0399453790108656,-3.89352365603033,"10778859"
-314.92,1007.43755555556,-4.01752985428052,0.00400674743381464,0.0399453790108656,-3.89352365603033,"10817274"
-635.70925,1494.44055555556,-4.01738679676379,0.00400753589693787,0.0399453790108656,-3.8935455643481,"10724116"
-236.53535,454.507777777778,-4.01736349604666,0.00400766433493691,0.0399453790108656,-3.89354913281434,"10875723"
-364.16825,1145.68544444444,-4.01656547874351,0.00401206583705973,0.0399756109699396,-3.89367136723344,"10753198"
-61.401675,165.761166666667,-4.01581027500456,0.00401623599648501,0.0399916776228424,-3.89378707849491,"10914621"
-96.3875500000001,369.118888888889,-4.01577766418899,0.00401641617530703,0.0399916776228424,-3.89379207583884,"10735319"
-366.7639,962.590222222222,-4.01534615956728,0.00401880111243668,0.0400017906980325,-3.89385820636261,"10889522"
-31.91824,57.7904555555556,-4.01317859922227,0.00403080438116115,0.0401058255889356,-3.89419056404718,"10742464"
-362.3045,1163.53577777778,-4.01296331030055,0.00403199869085725,0.0401058255889356,-3.89422359005336,"10763531"
542.368,1640.42444444444,4.01271253914067,0.00403339031808887,0.0401060125094106,-3.89426206261047,"10737056"
11.808333,13.23354,4.0113761419772,0.00404081524148824,0.0401661709645585,-3.89446715149729,"10722672"
253.5721,263.434111111111,4.01025797726969,0.00404703899764353,0.0402007717796143,-3.89463883090806,"10730098"
-2913.036,4346.42333333333,-4.00987792920657,0.00404915671373408,0.0402007717796143,-3.89469719914784,"10882672"
106.98985,325.926444444444,4.00976418320426,0.00404979076499889,0.0402007717796143,-3.89471467006175,"10703983"
33.38985,162.277333333333,4.00976243975954,0.00404980048426799,0.0402007717796143,-3.8947149378536,"10875951"
99.00983,122.716888888889,4.0088486921732,0.00405489785876187,0.0402376990644936,-3.89485531363353,"10939584"
25.640763,29.3665566666667,4.00835086652919,0.00405767790594525,0.0402429388797921,-3.89493181365733,"10823044"
-33.17006,63.4449111111111,-4.00826082726625,0.00405818093858656,0.0402429388797921,-3.89494565140896,"10749809"
-651.366,1867.66,-4.00645598612428,0.00406827843486942,0.0403161981998511,-3.89522313127582,"10940030"
38.80883,105.599288888889,4.00644702808862,0.0040683286196057,0.0403161981998511,-3.89522450898438,"10762028"
-78.5524,128.389022222222,-4.00597787657345,0.00407095783406754,0.0403285731313832,-3.89529666919305,"10766953"
49.5273,181.039333333333,4.00545454552876,0.00407389284094235,0.0403439679509457,-3.89537717818131,"10917709"
126.28085,250.406222222222,4.00359962263506,0.00408431421154304,0.040433465054564,-3.89566266964856,"10932565"
-37.0407,139.813666666667,-4.0032206515966,0.00408644688637803,0.0404408737597045,-3.89572102229605,"10900136"
58.01445,252.957,4.00243604749531,0.00409086609148751,0.0404636976304644,-3.89584186005529,"10858315"
-204.03135,187.0224,-4.00231395685466,0.00409155421771736,0.0404636976304644,-3.89586066666314,"10924798"
-25.209845,46.5832444444444,-4.00207375291419,0.00409290841712953,0.0404636976304644,-3.89589766980448,"10727884"
-460.526,848.782777777778,-4.00127715181945,0.0040974028773761,0.0404944274897379,-3.89602040985,"10916493"
-178.86205,529.977555555556,-4.00084505407027,0.00409984301665927,0.0405048406792979,-3.89608700312596,"10821004"
149.4707,378.962222222222,3.99943181917662,0.00410783476494078,0.0405700760050642,-3.8963048831485,"10801386"
-832.2435,1137.876,-3.9983041319905,0.00411422379721567,0.0406194437349979,-3.89647882523586,"10744766"
15.229745,26.7045555555556,3.99801337370266,0.00411587285448894,0.0406219964767027,-3.89652368603615,"10798130"
94.484,222.552888888889,3.99759566686211,0.00411824315614044,0.0406316634797322,-3.89658814241143,"10729009"
129.50615,278.456888888889,3.99711645885605,0.00412096426083511,0.0406447839014305,-3.89666210183662,"10791085"
-104.244575,134.694677777778,-3.99559508616114,0.00412961596957365,0.0407075737756786,-3.89689699628181,"10788399"
-218.86208,170.811944444444,-3.99550702297956,0.00413011736397314,0.0407075737756786,-3.89691059714184,"10830754"
19.850235,30.9696666666667,3.99494908635663,0.00413329554250069,0.040714655214226,-3.89699677803783,"10773706"
-67.506085,75.5666555555556,-3.99474966421623,0.0041344321512534,0.040714655214226,-3.89702758600014,"10836490"
33.481385,88.1865555555556,3.9946471011066,0.00413501684194594,0.040714655214226,-3.89704343150521,"10938126"
-39.122335,104.589555555556,-3.99409439537522,0.00413816923444499,0.0407319663123572,-3.8971288326683,"10866986"
42.791705,56.6414555555556,3.99245279473001,0.00414754747940127,0.0407909061834297,-3.89738259152419,"10810434"
-56.97235,136.068155555556,-3.99234429336695,0.00414816813914116,0.0407909061834297,-3.89739936934388,"10772915"
-281.49035,521.644777777778,-3.99221103684533,0.00414893054254772,0.0407909061834297,-3.89741997607279,"10876434"
-201.45495,442.931666666667,-3.99186591880434,0.00415090577546568,0.0407909061834297,-3.89747334989809,"10933733"
210.3896,225.408888888889,3.99182524460879,0.00415113863501528,0.0407909061834297,-3.89747964078623,"10730446"
347.7152,549.521888888889,3.99133250972165,0.00415396065739333,0.0407971253368007,-3.89755585763638,"10732058"
246.8608,307.186111111111,3.99103350883481,0.00415567412141487,0.0407971253368007,-3.89760211453324,"10912990"
-88.01435,159.630511111111,-3.99091358412388,0.00415636157965345,0.0407971253368007,-3.89762066897094,"10714528"
-646.8615,1835.31,-3.99046728985441,0.00415892099992159,0.0407971253368007,-3.89768972599625,"10832705"
18.615785,32.5354222222222,3.99031256787151,0.00415980869985027,0.0407971253368007,-3.89771366956778,"10910220"
-348.7021,562.026888888889,-3.99025300513164,0.00416015048874955,0.0407971253368007,-3.89772288741551,"10867102"
92.242915,100.392311111111,3.98929441134034,0.00416565535013031,0.040829405995446,-3.89787126721369,"10727603"
736.1725,1863.63777777778,3.98919313612226,0.00416623739550984,0.040829405995446,-3.89788694671123,"10873870"
-107.0127,319.639,-3.98766537500286,0.00417502832465827,0.0409018368466018,-3.89812355005791,"10928390"
158.9024,271.249888888889,3.98677670644923,0.00418015102254396,0.0409259859441862,-3.89826124172618,"10834704"
-73.37394,86.9621,-3.98664590624385,0.00418090558689614,0.0409259859441862,-3.8982815120959,"10779469"
-525.427,671.713888888889,-3.98650891256235,0.00418169603763249,0.0409259859441862,-3.8983027433776,"10899884"
-29.9986,60.1509888888889,-3.98618842652345,0.00418354586421081,0.0409303780566157,-3.89835241668889,"10813244"
41.800485,72.1856333333333,3.98524440288848,0.00418899983567739,0.0409660061920905,-3.89849877007784,"10791989"
70.67316,146.290133333333,3.98499319739675,0.00419045243157212,0.0409660061920905,-3.89853772381728,"10881645"
315.52555,747.623777777778,3.98483036833992,0.00419139428041892,0.0409660061920905,-3.89856297528413,"10782984"
-430.5663,989.985,-3.98431191406734,0.00419439468380808,0.040971038339601,-3.89864338753597,"10724529"
-218.54225,357.246111111111,-3.98425675619648,0.00419471403004541,0.040971038339601,-3.89865194346754,"10897752"
60.3837,197.225,3.98401275481728,0.00419612703325336,0.0409711414269598,-3.89868979444906,"10922771"
141.37305,218.091666666667,3.98354985420351,0.00419880908275575,0.0409823690252264,-3.89876161220436,"10741212"
1369.224,1558.995,3.98333016790173,0.00420008259264489,0.0409823690252264,-3.89879570041585,"10796445"
116.0105,257.874222222222,3.98185107229825,0.00420866766624179,0.0410473767256244,-3.8990252834337,"10851492"
1628.371,5059.46444444444,3.98169837630513,0.00420955503080615,0.0410473767256244,-3.89904899213719,"10837537"
273.604,1257.35777777778,3.98133572322029,0.00421166332973477,0.0410542317366939,-3.89910530591953,"10700782"
-141.6567,428.407666666667,-3.97960397828525,0.00422174659091678,0.0411387941651244,-3.89937432472539,"10803995"
-80.1330999999999,137.402888888889,-3.97933645605998,0.00422330658279119,0.0411402729275297,-3.89941589912507,"10890964"
185.94135,372.542,3.97840597675676,0.00422873728567118,0.041179443687866,-3.89956053404179,"10753732"
-94.30085,148.233911111111,-3.97662005593486,0.00423918181316355,0.0412576616882987,-3.89983828532794,"10793243"
51.7424000000001,217.174222222222,3.97635307094115,0.00424074559549836,0.0412576616882987,-3.89987982399906,"10823593"
-56.002075,121.992388888889,-3.97630857108741,0.00424100630006028,0.0412576616882987,-3.89988674789302,"10700288"
242.98001,134.681155555556,3.97594621937081,0.00424312979767269,0.0412645785316944,-3.89994313193548,"10823955"
-73.4828499999999,286.091555555556,-3.97529921970698,0.00424692427115659,0.041267009846306,-3.90004382845121,"10899943"
-96.1147,110.617855555556,-3.97509062923071,0.00424814837504435,0.041267009846306,-3.9000762980177,"10829933"
-1121.27775,1247.69233333333,-3.97498081564562,0.00424879296378533,0.041267009846306,-3.90009339284588,"10714794"
-830.744375,614.008477777778,-3.97481345654677,0.00424977553831686,0.041267009846306,-3.90011944725341,"10728453"
-305.58215,258.366511111111,-3.97469984694836,0.00425044268595655,0.041267009846306,-3.90013713491494,"10795952"
-35.80528,68.4307222222222,-3.97429253328539,0.00425283547372506,0.0412765234316957,-3.90020055516951,"10850407"
308.00335,471.519777777778,3.97365734790403,0.00425656980171627,0.0412947684454434,-3.90029947577513,"10830291"
44.6128,199.989111111111,3.97349202010056,0.00425754236180173,0.0412947684454434,-3.90032522707628,"10928916"
-149.6977,344.079888888889,-3.97262947968246,0.00426262023772673,0.0413288824757326,-3.90045960216953,"10870211"
-1175.145,2086.33333333333,-3.97230227315097,0.0042645482461802,0.0413288824757326,-3.90051058933561,"10773452"
-48.428575,109.379588888889,-3.97209353164542,0.0042657787102347,0.0413288824757326,-3.90054311997367,"10876567"
-18.62128,50.6779555555556,-3.97193417245342,0.00426671833870095,0.0413288824757326,-3.90056795654835,"10830546"
95.703124,55.6880477777778,3.97104693801126,0.00427195380801786,0.0413658795317978,-3.90070626240656,"10824695"
-63.05715,190.922,-3.97065317239283,0.0042742795894309,0.0413746865227417,-3.90076765941236,"10761968"
39.4586,337.284555555556,3.96950507278337,0.0042810686384037,0.0414203309826271,-3.90094672742639,"10826418"
-317.6334,600.703,-3.96937633698324,0.00428183061434702,0.0414203309826271,-3.90096681116877,"10775499"
-86.7014,131.164644444444,-3.96855121486849,0.00428671790795601,0.0414530553333335,-3.90109556001976,"10825890"
414.28105,415.004111111111,3.96765006395368,0.00429206239016703,0.0414530553333335,-3.90123621889117,"10881211"
-95.08925,318.368111111111,-3.96757700305556,0.00429249600880933,0.0414530553333335,-3.90124762496374,"10737225"
-299.25255,626.560666666667,-3.96752923586971,0.00429277953399737,0.0414530553333335,-3.90125508242303,"10785545"
301.3705,1035.26944444444,3.9674386586719,0.00429331721610678,0.0414530553333335,-3.90126922379979,"10823049"
-2738.732,3799.58777777778,-3.96713279090025,0.00429513343656832,0.0414530553333335,-3.90131698109328,"10898561"
171.90095,448.731222222222,3.96675185590389,0.00429739655722402,0.0414530553333335,-3.90137646703375,"10784219"
205.5178,213.934444444444,3.96644517000349,0.00429921949944075,0.0414530553333335,-3.90142436475017,"10733380"
210.4979,1036.43922222222,3.9663167345887,0.00429998316732891,0.0414530553333335,-3.90144442527081,"10919270"
-72.22765,150.293422222222,-3.96608346961978,0.00430137051777306,0.0414530553333335,-3.90148086181639,"10725060"
-81.3477499999999,319.973444444444,-3.96600699570034,0.00430182545358397,0.0414530553333335,-3.90149280793824,"10925725"
42.731475,67.4704666666667,3.96593717831083,0.00430224083558113,0.0414530553333335,-3.90150371453957,"10925839"
18.876515,35.0738222222222,3.96563566865111,0.00430403517802695,0.0414566711806394,-3.90155081857701,"10877675"
-30.09064,81.0905222222222,-3.96536543827913,0.00430564405590063,0.0414584988296246,-3.90159304058674,"10764126"
116.0945,265.642555555556,3.96481875205516,0.00430890085630923,0.0414641808021007,-3.90167847074801,"10707237"
-280.02305,372.897111111111,-3.96478990118336,0.00430907280465454,0.0414641808021007,-3.90168297974756,"10934118"
-125.23365,368.616,-3.96448761375255,0.00431087485203452,0.0414678623402491,-3.90173022618282,"10856764"
1293.8558,1704.46122222222,3.96360897689006,0.00431611733890959,0.0414865722105889,-3.90186758520287,"10905192"
-40.78285,132.788888888889,-3.96345099984714,0.0043170606545359,0.0414865722105889,-3.90189228699547,"10899947"
168.69385,249.925444444444,3.9631903767635,0.00431861737728208,0.0414865722105889,-3.90193304213568,"10755497"
269.60253,205.685566666667,3.9628326731386,0.00432075495374092,0.0414865722105889,-3.90198898498529,"10768739"
76.78484,110.431855555556,3.96256312928651,0.00432236645465651,0.0414865722105889,-3.90203114523264,"10935323"
493.3284,807.328666666667,3.96241678307275,0.00432324167436733,0.0414865722105889,-3.90205403756295,"10716464"
493.3284,807.328666666667,3.96241678307275,0.00432324167436733,0.0414865722105889,-3.90205403756295,"10905681"
75.1319,200.647555555556,3.96225981808471,0.00432418061139328,0.0414865722105889,-3.90207859237865,"10876076"
-72.92105,212.685444444444,-3.96102858885799,0.00433155322611231,0.0415436624910194,-3.90227125121796,"10836594"
42.3725000000001,108.955722222222,3.96036880326606,0.00433550959632873,0.0415679610591229,-3.90237452998349,"10926948"
-47.823625,135.123855555556,-3.95976813893882,0.00433911483123297,0.0415888781757349,-3.90246857710069,"10751099"
72.94898,117.335788888889,3.95849347605871,0.00434677615199119,0.0416486449669631,-3.90266822550954,"10796092"
30.41112,34.4363333333333,3.95784643388297,0.00435067074806055,0.0416722935192921,-3.90276960820582,"10800386"
-81.2667,174.283666666667,-3.95662731345998,0.00435801893407797,0.0417276931027712,-3.90296069643602,"10914517"
-33.3593,32.5890444444444,-3.95609837875478,0.0043612112145697,0.0417276931027712,-3.90304363100432,"10754987"
-99.3825999999999,317.220555555556,-3.95598660587079,0.00436188611966271,0.0417276931027712,-3.90306115864914,"10714505"
-102.0796,380.506888888889,-3.95593993529787,0.00436216795837144,0.0417276931027712,-3.90306847750999,"10934199"
-83.75595,328.454333333333,-3.95506649183525,0.00436744620918062,0.0417645085286424,-3.90320547484101,"10700901"
-273.77305,970.248888888889,-3.95456345672239,0.00437048918748561,0.0417715779218401,-3.90328439550252,"10922572"
-193.73975,634.618444444444,-3.95447158728399,0.00437104517378877,0.0417715779218401,-3.90329881045535,"10848849"
331.947,802.09,3.95379049092682,0.00437516948771569,0.0417973189712643,-3.90340569511029,"10893366"
-169.60385,225.410311111111,-3.95267646343021,0.00438192440407118,0.0418345420786594,-3.90358058021497,"10940675"
-39.34635,158.348333333333,-3.95235940479133,0.00438384894307459,0.0418345420786594,-3.9036303672382,"10858038"
23.99083,29.8837111111111,3.95231881135615,0.00438409541001256,0.0418345420786594,-3.90363674197529,"10742031"
21.433855,38.1866777777778,3.9519916875311,0.00438608211804345,0.0418345420786594,-3.90368811668677,"10782177"
-20.625605,43.6499444444444,-3.95195376813613,0.00438631247503859,0.0418345420786594,-3.90369407233641,"10740636"
-58.4701500000001,243.860666666667,-3.95162828327806,0.004388290302531,0.0418345420786594,-3.90374519681788,"10739236"
271.048,418.039777777778,3.95124379264591,0.00439062791848119,0.0418345420786594,-3.90380559769574,"10725893"
218.96385,680.922666666667,3.95118458835742,0.00439098798617774,0.0418345420786594,-3.90381489908351,"10736661"
59.7479,185.875222222222,3.95068869402055,0.00439400515640763,0.0418345420786594,-3.90389281571049,"10890301"
104.749895,123.995788888889,3.95059800866367,0.00439455715462596,0.0418345420786594,-3.90390706611533,"10801104"
23.80562,27.7090555555556,3.95055517897842,0.00439481788318634,0.0418345420786594,-3.903913796596,"10817068"
331.15865,686.494222222222,3.94932319643332,0.00440232478907597,0.041892350615005,-3.90410744429265,"10823508"
21.56727,30.5635333333333,3.94812024809343,0.00440966809438453,0.0419412259503342,-3.90429661692897,"10779312"
-406.0876,535.599222222222,-3.94780967837681,0.0044115660831041,0.0419412259503342,-3.90434547057303,"10888596"
-204.1562,783.224111111111,-3.94777666381825,0.00441176789708281,0.0419412259503342,-3.90435066421578,"10865212"
-78.12955,241.959555555556,-3.9470353169465,0.00441630227727879,0.0419644609380405,-3.90446730562802,"10752397"
47.85914,87.3990888888889,3.94690745014825,0.00441708486973624,0.0419644609380405,-3.90448742719304,"10921343"
-55.514625,139.940433333333,-3.94631352262525,0.00442072188420927,0.0419761435013152,-3.90458090268307,"10701119"
-67.9283,109.683644444444,-3.94623740263053,0.00442118825061775,0.0419761435013152,-3.90459288439998,"10884974"
154.38015,517.433,3.94540408168575,0.00442629724362533,0.0420109966456369,-3.90472407678238,"10894857"
289.8746,720.033555555555,3.94448156842256,0.0044319604735281,0.0420510858310003,-3.90486936008184,"10781280"
1621.1975,5026.26222222222,3.94373184952273,0.00443656867591379,0.0420811419799174,-3.90498746861987,"10749612"
-375.1045,517.032888888889,-3.94210684604577,0.00444657458485809,0.0421212110563707,-3.90524358396156,"10754931"
127.84707,182.2016,3.94183405274245,0.0044482566798715,0.0421212110563707,-3.90528659437246,"10785773"
-273.741,453.529333333333,-3.94171229780889,0.0044490076647287,0.0421212110563707,-3.90530579252441,"10740396"
-35.79093,48.0651,-3.94132124623643,0.00445142059492282,0.0421212110563707,-3.90536745908765,"10873725"
61.61793,100.679566666667,3.94131869825155,0.00445143632153062,0.0421212110563707,-3.90536786092051,"10752270"
61.61793,100.679566666667,3.94131869825155,0.00445143632153062,0.0421212110563707,-3.90536786092051,"10752289"
61.61793,100.679566666667,3.94131869825155,0.00445143632153062,0.0421212110563707,-3.90536786092051,"10752292"
26.919785,38.8331888888889,3.94094561896759,0.0044537396772996,0.0421212110563707,-3.90542670206631,"10908452"
-1705.97325,1735.21166666667,-3.94094079664604,0.00445376945824362,0.0421212110563707,-3.90542746268629,"10717955"
-909.9775,1707.76955555556,-3.94067648372564,0.00445540208861993,0.0421217428204107,-3.90546915465911,"10729795"
-84.5937,174.265,-3.94046492057992,0.00445670935366227,0.0421217428204107,-3.90550252908719,"10876147"
26.559018,22.29369,3.94010963473112,0.0044589056208446,0.0421288708950046,-3.90555858211676,"10838743"
27.205225,37.4829111111111,3.93936894343001,0.00446348809022494,0.0421585325146562,-3.90567546475363,"10770066"
-1110.264,925.508733333333,-3.93908728570028,0.00446523196458135,0.0421613725317646,-3.90571991967536,"10866606"
-177.097175,267.750544444444,-3.93869893101936,0.00446763765165833,0.042170457626994,-3.90578122281253,"10867799"
29.719714,28.2930977777778,3.93835702450766,0.00446975676682149,0.0421768327473911,-3.9058352015274,"10727116"
92.6525,282.864888888889,3.93576741929265,0.00448584213037191,0.0423137253058406,-3.90624426778432,"10783868"
103.0912,224.430111111111,3.93555553837069,0.00448716098437373,0.0423137253058406,-3.90627775553401,"10719195"
216.7516,759.358444444444,3.93379560985606,0.00449813180362539,0.042403492259152,-3.90655601750377,"10888150"
639.28585,638.222444444444,3.93331028899888,0.00450116220798939,0.0424053040773634,-3.90663278463575,"10751896"
330.99475,626.589777777778,3.93297753629874,0.0045032412265932,0.0424053040773634,-3.90668542710788,"10803049"
188.303,824.239222222222,3.93294150796325,0.00450346639140364,0.0424053040773634,-3.90669112730254,"10779357"
-288.80125,926.991888888889,-3.93283531015008,0.00450413016197914,0.0424053040773634,-3.90670792976529,"10753257"
38.078475,30.9390666666667,3.9318442073542,0.00451032995027592,0.0424499932884539,-3.90686477369585,"10897723"
-22.10215,129.128222222222,-3.93103225961627,0.00451541588430871,0.0424841737984524,-3.9069933105526,"10883087"
413.67535,1032.71711111111,3.93012881642236,0.0045210821851544,0.0425237910357697,-3.9071363789478,"10784805"
83.7085999999999,445.846222222222,3.92951708641902,0.00452492323364428,0.0425462205818101,-3.90723328014996,"10803943"
336.61275,560.851666666667,3.92823735412693,0.00453297002021352,0.0426081680085321,-3.90743607011448,"10756617"
-1550.75775,1987.16833333333,-3.92794211885606,0.00453482860438865,0.0426119275807688,-3.9074828680911,"10919897"
55.0768,377.293777777778,3.92699472152572,0.00454079825827971,0.0426536879595613,-3.90763307667416,"10811452"
-98.2667249999999,174.0409,-3.92677358256659,0.00454219289526238,0.0426536879595613,-3.90766814583845,"10838989"
-194.50345,324.439222222222,-3.92549343178074,0.00455027536351278,0.0427123346103667,-3.90787121624055,"10914164"
231.2201,537.393888888889,3.92520392133175,0.00455210538487423,0.0427123346103667,-3.90791715516106,"10834225"
2256.3833,3119.07622222222,3.92509021803725,0.00455282433000212,0.0427123346103667,-3.90793519876364,"10724311"
-61.08895,136.086555555556,-3.92410898696346,0.00455903372354387,0.0427568575279649,-3.90809094333101,"10721634"
867.837,2187.89333333333,3.92349720494379,0.0045629097909286,0.0427794758126406,-3.9081880773377,"10797169"
145.021,725.855777777778,3.92274669273535,0.00456766965233536,0.0427876449310889,-3.90830726905396,"10712845"
-763.19625,1403.34166666667,-3.92253602783247,0.00456900668042872,0.0427876449310889,-3.90834073173467,"10829690"
-131.83795,206.914755555556,-3.92251322571908,0.00456915142396759,0.0427876449310889,-3.90834435385714,"10729752"
-168.4695,276.411666666667,-3.92243632192808,0.0045696396311699,0.0427876449310889,-3.90835657028124,"10707721"
-114.1757,225.483444444444,-3.9218135994849,0.00457359491768101,0.0428109586431057,-3.90845550512406,"10813578"
84.455945,91.1777555555555,3.9214427812819,0.00457595195691382,0.0428193018799745,-3.90851443000613,"10887486"
-96.1606499999999,523.381333333333,-3.9211684544023,0.00457769650701784,0.0428195312407094,-3.90855802733558,"10863218"
-169.1252,603.642444444444,-3.92080400147815,0.00458001530965193,0.0428195312407094,-3.90861595503455,"10789747"
-37.922375,77.2000111111111,-3.92074770146749,0.00458037362659057,0.0428195312407094,-3.90862490432147,"10780934"
-129.25885,413.995222222222,-3.9203325483746,0.00458301676631473,0.0428305348084193,-3.90869090183612,"10780853"
28.60635,66.6138333333333,3.91953160920133,0.0045881207115409,0.0428645214157198,-3.90881825810666,"10850015"
-154.44515,428.928111111111,-3.91883065655813,0.00459259251299191,0.0428798111035181,-3.90892974782436,"10777492"
72.87309,152.9927,3.91881493707842,0.00459269285078757,0.0428798111035181,-3.9089322484237,"10790346"
21.047515,29.4423111111111,3.91851707454054,0.00459459455970577,0.0428838611716435,-3.90897963419996,"10934805"
93.0097500000001,621.881666666667,3.91815707546719,0.0045968941106756,0.0428864311032695,-3.90903691227253,"10762665"
216.90385,409.130111111111,3.91801438322894,0.00459780592234682,0.0428864311032695,-3.90905961768059,"10792997"
-13.80241,51.4759555555556,-3.91773301368443,0.00459960445991841,0.0428895131477997,-3.90910439328279,"10754058"
265.28035,624.902777777778,3.91683910318739,0.00460532343153878,0.0429052355168739,-3.90924667741134,"10819994"
27.304695,35.0435,3.9165511684341,0.00460716717951363,0.0429052355168739,-3.90929251852102,"10779997"
27.304695,35.0435,3.9165511684341,0.00460716717951363,0.0429052355168739,-3.90929251852102,"10780059"
-290.84115,965.474666666667,-3.9164035607806,0.0046081126711981,0.0429052355168739,-3.90931602059848,"10753444"
-618.2207,682.168444444445,-3.91632221094341,0.00460863384171802,0.0429052355168739,-3.9093289736821,"10836019"
-66.9857,186.131777777778,-3.91554634401882,0.00461360764570992,0.0429378572034946,-3.90945253292684,"10713833"
29.615305,49.4088777777778,3.91507113211264,0.00461665690839042,0.0429406785798421,-3.90952823010728,"10764544"
-432.949,1574.17222222222,-3.9149061904445,0.00461771578586075,0.0429406785798421,-3.90955450713155,"10907634"
-17.656985,32.0757111111111,-3.91437250218655,0.00462114369878703,0.0429406785798421,-3.90963954096055,"10714377"
-1762.25675,2156.35677777778,-3.91423957168809,0.00462199794520755,0.0429406785798421,-3.90966072380787,"10754235"
510.6195,1399.4,3.91414156605523,0.00462262786397004,0.0429406785798421,-3.90967634197288,"10704652"
-182.23945,323.575888888889,-3.91408557904289,0.00462298775480986,0.0429406785798421,-3.90968526431988,"10745757"
29.746255,23.2695277777778,3.91368076846248,0.00462559081950334,0.0429406785798421,-3.90974978250094,"10754260"
-992.577,1648.98866666667,-3.91351752231981,0.00462664099155123,0.0429406785798421,-3.90977580329698,"10826723"
-63.6147499999999,249.838777777778,-3.91344002961574,0.00462713959640388,0.0429406785798421,-3.90978815590184,"10770479"
-166.9599,305.517,-3.9130162331723,0.00462986741668785,0.042952348907945,-3.90985571702509,"10779270"
-216.53695,381.445555555556,-3.91275928478834,0.00463152213988776,0.0429540596173591,-3.90989668478647,"10724950"
-159.969925,138.879855555556,-3.91244783869514,0.00463352867564986,0.0429590310156887,-3.90994634706554,"10796468"
159.07475,488.496888888889,3.91165696577402,0.00463862818822047,0.0429926662089698,-3.91007248404284,"10940483"
91.48595,198.180222222222,3.91136290227711,0.00464052583487053,0.0429966133015882,-3.91011939424782,"10866314"
481.1393,941.605888888889,3.91081112992851,0.00464408877756521,0.0430159827355073,-3.91020742951775,"10940481"
34.9765,48.0161111111111,3.91021020978601,0.00464797242675548,0.0430383095008668,-3.91030332754565,"10886131"
-66.4489,113.293755555556,-3.90939420510186,0.00465325172323013,0.043064656079523,-3.91043358534874,"10864642"
216.9901,882.456444444444,3.90888738643919,0.00465653392745866,0.043064656079523,-3.91051450873053,"10923560"
45.92572,112.172211111111,3.90879059087952,0.00465716106741744,0.043064656079523,-3.91052996580154,"10746532"
20.99479,32.9362777777778,3.9087625432415,0.00465734280547389,0.043064656079523,-3.91053444477483,"10705553"
-33.025325,104.283877777778,-3.90863207238605,0.00465818830736266,0.043064656079523,-3.91055528051386,"10855187"
-129.99465,257.643,-3.9082729747749,0.00466051625176593,0.0430725472252736,-3.91061263253734,"10778196"
39.5886,148.026333333333,3.90680307394637,0.00467005831508129,0.0431255351992857,-3.91084747509414,"10838512"
104.57402,141.784322222222,3.90670969011835,0.00467066523816002,0.0431255351992857,-3.91086239928514,"10757810"
350.20805,385.981222222222,3.90659234673877,0.00467142800012031,0.0431255351992857,-3.91088115334467,"10872336"
349.754000000001,1373.97222222222,3.90634664065363,0.00467302558626686,0.0431255351992857,-3.91092042533253,"10802567"
-288.0937,632.480555555556,-3.90613458976378,0.00467440481780102,0.0431255351992857,-3.91095432108217,"10923576"
-139.0124,334.652111111111,-3.90602668927618,0.00467510679729369,0.0431255351992857,-3.91097156973697,"10709135"
109.3709,263.070888888889,3.90557636515539,0.004678037741731,0.04313752529301,-3.91104356494345,"10762115"
-797.010500000001,2453.93111111111,-3.90537333474163,0.00467935981562089,0.04313752529301,-3.91107602833953,"10769807"
-156.10695,264.600333333333,-3.90455250490648,0.00468470891207626,0.0431725476823835,-3.91120730011439,"10816176"
-264.2229,532.61,-3.90433698328779,0.00468611448965695,0.0431725476823835,-3.91124177441566,"10933333"
156.3985,508.257444444444,3.90354445913135,0.00469128703187766,0.0432065760874129,-3.91136856914165,"10753614"
-59.021205,84.3848333333333,-3.90329804579609,0.00469289654046989,0.0432077779808659,-3.91140800029742,"10769271"
-121.61385,899.551,-3.90227004004642,0.00469961761628091,0.0432560267933303,-3.91157254241991,"10910071"
-227.44195,312.362888888889,-3.90163309450658,0.00470378714118986,0.0432807677299907,-3.91167452421514,"10719863"
33.772535,88.4593555555556,3.90034554820291,0.00471222772756134,0.0433433316198314,-3.91188075032098,"10754401"
-82.86206,94.4008777777778,-3.90014347138588,0.00471355393154666,0.0433433316198314,-3.91191312619081,"10855707"
-834.29825,1355.78277777778,-3.89841026877667,0.00472494520630962,0.0434344081992225,-3.91219091554958,"10868673"
87.9046,179.289111111111,3.89774766276737,0.00472930792329338,0.0434381005982332,-3.91229716368578,"10778295"
17.903496,22.2283633333333,3.89771409204602,0.00472952907415707,0.0434381005982332,-3.91230254743279,"10872626"
-761.48575,1305.28588888889,-3.8976718205545,0.00472980755812212,0.0434381005982332,-3.91230932662369,"10765293"
-33.859375,47.5176888888889,-3.89662501999757,0.00473670948996547,0.0434878161658867,-3.91247723988755,"10708172"
-960.614,2073.24444444444,-3.89622917883475,0.004739322232741,0.0434981337440451,-3.91254075283042,"10896020"
-2330.4755,2588.86511111111,-3.89479967831351,0.00474877053071748,0.0435711627777577,-3.91277019736448,"10822299"
-40.5766,102.887755555556,-3.89417463525838,0.00475290811812852,0.0435858041994041,-3.91287056057129,"10806174"
-17.167385,44.3870111111111,-3.89398803799732,0.00475414408384831,0.0435858041994041,-3.91290052717252,"10760322"
135.8744,559.810222222222,3.8937301825965,0.00475585261115629,0.0435858041994041,-3.91294194101135,"10863698"
-243.7675,665.294888888889,-3.89365753617312,0.00475633407912987,0.0435858041994041,-3.91295360940392,"10881167"
-124.70945,499.169777777778,-3.89339718097125,0.00475806002717952,0.0435879478313022,-3.91299543005596,"10881685"
73.9948999999999,255.259222222222,3.89287016792454,0.0047615557653073,0.0436062978456701,-3.91308009653716,"10875256"
105.08007,122.466333333333,3.89229737600488,0.00476535829036397,0.043622886049917,-3.91317213697133,"10823012"
162.97155,367.617,3.89214753829441,0.00476635353841771,0.043622886049917,-3.91319621733872,"10830454"
-550.9737,567.7746,-3.89036872423245,0.00477818581149061,0.0437174820848376,-3.91348219572966,"10702695"
-87.9547999999999,286.744777777778,-3.88986094817831,0.00478156921262833,0.0437347410700451,-3.91356386625671,"10728558"
-156.8659,528.871222222222,-3.88876358108207,0.00478888995969782,0.0437879910117722,-3.91374042075444,"10771869"
57.4807,406.318777777778,3.88780633180919,0.00479528578978519,0.0438327531485559,-3.91389449251123,"10779671"
-69.88858,70.7617888888889,-3.88701929181406,0.00480055124794213,0.0438671580098158,-3.91402121102548,"10856673"
18.762525,29.9944,3.88614385251928,0.00480641541494965,0.0439070106104875,-3.91416220734159,"10880497"
-1121.402,1443.02111111111,-3.88540824406367,0.00481134887052208,0.0439255949402362,-3.91428071941878,"10842018"
-125.58805,716.157888888889,-3.88539213541984,0.00481145696613801,0.0439255949402362,-3.91428331501706,"10797009"
48.20497,115.565711111111,3.88516776043405,0.00481296288578436,0.0439256162903168,-3.9143194703997,"10764361"
-218.1924,507.909,-3.88491586469891,0.00481465411769368,0.0439273283554975,-3.91436006413352,"10861890"
15.730945,29.8633111111111,3.88445213954639,0.00481776924566332,0.0439386378521545,-3.91443480505195,"10935843"
-57.32882,95.2429444444444,-3.88428363241559,0.00481890174841867,0.0439386378521545,-3.91446196748743,"10740240"
-299.07475,977.229888888889,-3.88291622558049,0.0048281024019029,0.0440087936253327,-3.91468245097377,"10700003"
-44.7674,191.194777777778,-3.88234673673806,0.00483193979678495,0.044022874679405,-3.91477431062882,"10890003"
219.74625,793.348,3.88223975750968,0.00483266102200492,0.044022874679405,-3.91479156882389,"10787071"
21.03975,25.6819,3.88175018111091,0.00483596309071551,0.0440308388358023,-3.91487055772186,"10716655"
105.36145,156.455111111111,3.88166325155152,0.00483654966194597,0.0440308388358023,-3.91488458460106,"10846114"
46.504295,71.3166555555556,3.87915165531177,0.00485353011485359,0.0441716600546208,-3.91529005555602,"10840975"
28.6219,82.7596444444444,3.87868846291048,0.00485666866520044,0.0441734255743691,-3.91536487577474,"10813851"
124.9517,299.921888888889,3.87867672401098,0.00485674823525959,0.0441734255743691,-3.9153667721508,"10701830"
110.4727,199.121777777778,3.87761221359991,0.00486396965658036,0.0442253375497475,-3.91553877537197,"10734043"
1977.9725,8129.60888888889,3.87738843406404,0.00486548919812603,0.0442253893696496,-3.91557494251997,"10809399"
699.188,1654.93222222222,3.87681410735637,0.0048693914124628,0.0442470919824847,-3.91566777914316,"10726650"
340.8548,409.389222222222,3.87652394534066,0.004871364172074,0.0442512540183364,-3.91571468994241,"10705485"
76.53723,140.148566666667,3.87579730514564,0.00487630823703318,0.0442823962812208,-3.91583218952297,"10889657"
19.089925,37.9115111111111,3.87511220348834,0.00488097461082682,0.0443109982227144,-3.91594300218963,"10887228"
299.36765,396.416888888889,3.87470624104574,0.00488374197103669,0.0443223479160813,-3.91600867884716,"10769908"
-138.3133,468.388222222222,-3.8741975976403,0.00488721166477268,0.0443242617281904,-3.91609098166683,"10829831"
417.95595,959.1,3.87411505108603,0.00488777500299243,0.0443242617281904,-3.91610433991294,"10733750"
-118.98505,547.912555555556,-3.87397931997907,0.00488870145036714,0.0443242617281904,-3.91612630576457,"10801287"
27.17253,86.4438,3.87375076785674,0.0048902618839084,0.0443242617281904,-3.91616329575564,"10800342"
878.4835,3619.73111111111,3.87348221909549,0.00489209607715154,0.0443242617281904,-3.91620676313785,"10759492"
60.77962,97.8766444444445,3.87332345725529,0.00489318077116932,0.0443242617281904,-3.91623246248039,"10780491"
161.34535,285.845444444444,3.87293603500549,0.00489582880540623,0.0443242617281904,-3.91629518245811,"10781014"
11.587745,40.9674888888889,3.87289773616286,0.00489609066190424,0.0443242617281904,-3.91630138318224,"10705431"
173.05725,240.079333333333,3.87228891060024,0.00490025533962274,0.0443482216517159,-3.91639996651218,"10714411"
-414.236,1247.82511111111,-3.87159593779754,0.00490500025848068,0.0443734279793939,-3.91651220326905,"10865740"
-49.3645,226.166222222222,-3.87143859077012,0.00490607833139735,0.0443734279793939,-3.91653769199967,"10778192"
-13.429275,32.6609333333333,-3.87118728729404,0.00490780068065462,0.044374127066756,-3.9165784039736,"10879553"
-454.795000000001,2297.64888888889,-3.87098413507916,0.00490919349215291,0.044374127066756,-3.91661131815323,"10787256"
159.066882,88.68526,3.87020939580666,0.00491450900255654,0.0444006414602559,-3.9167368628586,"10764773"
-125.915,609.540777777778,-3.87011362591004,0.00491516651203079,0.0444006414602559,-3.91675238473667,"10812068"
-50.0421500000001,228.358444444444,-3.86889502344841,0.00492354109839895,0.044462543940843,-3.91694993910862,"10831332"
-79.499,202.637111111111,-3.86816646400812,0.00492855528784914,0.0444940711307864,-3.91706809395948,"10731711"
30.192051,24.6917133333333,3.86733152664766,0.00493430835106219,0.0445322471942943,-3.91720354130955,"10872057"
-59.612735,98.1873111111111,-3.8665931659349,0.00493940197111796,0.0445644500260161,-3.91732335765196,"10836347"
-760.926499999999,1792.72444444444,-3.86560848357459,0.0049462036433856,0.0446120386655965,-3.91748319819381,"10810649"
801.5464,1166.56944444444,3.86492980709818,0.00495089744211448,0.0446405919363989,-3.91759340081261,"10932740"
-230.0764,171.149022222222,-3.86445575288339,0.00495417888918586,0.0446523395489912,-3.91767039412311,"10903911"
-91.777325,141.851877777778,-3.86430004350633,0.00495525723344388,0.0446523395489912,-3.91769568664408,"10925669"
-28.74375,60.4366,-3.86387118338159,0.00495822854977818,0.0446607812045133,-3.91776535597356,"10806246"
-104.9797,304.483555555556,-3.86372359691072,0.00495925153102762,0.0446607812045133,-3.91778933438708,"10850492"
185.10877,203.660544444444,3.86250928282666,0.0049676770408416,0.0447228712083656,-3.91798667577542,"10794016"
75.302,223.792555555556,3.861853001987,0.00497223703908593,0.0447501333517733,-3.91809336791066,"10937624"
25.9492,45.0980777777778,3.86039566616172,0.00498237904329306,0.0448174989511021,-3.91833038412558,"10921270"
874.7655,2195.39666666667,3.86020848038349,0.00498368333016767,0.0448174989511021,-3.91836083697836,"10902467"
34.220629,32.3827644444444,3.86011649075637,0.00498432443664444,0.0448174989511021,-3.91837580337328,"10716552"
-445.29835,909.943222222222,-3.85925946039486,0.00499030162587798,0.0448497807134385,-3.91851526458888,"10878416"
30.26583,107.3249,3.85911934814059,0.00499127954300654,0.0448497807134385,-3.91853806886284,"10730297"
15.796395,29.0155,3.85885503111445,0.00499312491090325,0.0448497807134385,-3.91858109168429,"10935700"
-31.15079,88.1556444444444,-3.85872178362077,0.00499405547548489,0.0448497807134385,-3.91860278199863,"10800126"
-1040.0995,1656.49755555556,-3.8583271119668,0.00499681284884413,0.0448578803165055,-3.91866703399354,"10839443"
35.96322,102.129933333333,3.85803757713529,0.0049988367234037,0.0448578803165055,-3.9187141760335,"10710154"
-34.001,110.907044444444,-3.85793358539429,0.00499956384988506,0.0448578803165055,-3.91873110923645,"10817340"
121.68365,473.071222222222,3.85768979557434,0.00500126891161117,0.044859401284559,-3.91877080870923,"10713362"
14.242675,30.8311777777778,3.85643448926348,0.0050100583929048,0.0449244462524005,-3.91897528525039,"10704437"
413.597600000001,921.414555555556,3.8553779941024,0.00501746868073562,0.0449673863231878,-3.91914745364469,"10803676"
-35.48328,86.3048333333333,-3.85531290076801,0.00501792563201178,0.0449673863231878,-3.91915806365108,"10892912"
100.4536,368.627444444444,3.85487331279869,0.00502101268307286,0.0449812525370409,-3.91922972201151,"10864441"
-213.37425,805.53,-3.85446068727579,0.00502391224312381,0.0449934311068728,-3.91929699612419,"10754563"
-299.73175,1069.73788888889,-3.85402616827021,0.00502696759447632,0.0450069970288174,-3.91936785121612,"10905716"
57.21475,216.146777777778,3.85309391221319,0.00503352955366332,0.0450438932072835,-3.91951990984835,"10935215"
-16.520695,34.6122888888889,-3.85300265906167,0.00503417235988844,0.0450438932072835,-3.91953479690303,"10873688"
25.869695,80.2790222222222,3.85272261339246,0.0050361456103274,0.0450477519473683,-3.91958048684689,"10774422"
-50.142385,82.1770555555556,-3.85131645814863,0.00504606618598361,0.0451061019479815,-3.91980997757449,"10882065"
93.0739,208.933777777778,3.85126175476103,0.00504645254799513,0.0451061019479815,-3.91981890790359,"10899315"
265.592,1297.49888888889,3.85108689158255,0.00504768779405284,0.0451061019479815,-3.9198474555746,"10905917"
113.6397,282.659333333333,3.85092313915263,0.00504884484733003,0.0451061019479815,-3.91987419106783,"10865956"
-233.02995,565.566333333333,-3.85058908346257,0.00505120612427051,0.0451134013189969,-3.91992873678785,"10778759"
257.0551,1016.29411111111,3.85022368867031,0.00505379027985256,0.0451226861967031,-3.91998840764378,"10793456"
31.44042,89.0613,3.84950332539253,0.00505888901217526,0.0451476828380618,-3.92010607112141,"10915195"
76.5297,120.3375,3.84939153548492,0.00505968075620642,0.0451476828380618,-3.92012433368914,"10833568"
10.857263,11.6761122222222,3.84884541278448,0.00506355054408623,0.0451684169755527,-3.92021356229859,"10716934"
337.39049,237.225088888889,3.84845576751952,0.00506631348588693,0.0451792680637059,-3.92027723613697,"10813992"
1019.7199,762.138444444444,3.84792053314404,0.00507011142680812,0.045199339402738,-3.92036471687764,"10940455"
678.3645,1924.38333333333,3.84744518710494,0.00507348697205911,0.0452156340456788,-3.92044242425889,"10765495"
421.99565,901.070222222222,3.84686756299353,0.00507759206575425,0.0452249732861199,-3.92053687060619,"10933899"
-67.72615,166.862888888889,-3.84686208533203,0.00507763101179137,0.0452249732861199,-3.92053776634929,"10869728"
-72.9642999999998,256.838222222222,-3.84640141296784,0.00508090752872336,0.0452403634697118,-3.92061310522915,"10929676"
57.36234,106.431033333333,3.84587610895799,0.00508464650608548,0.0452598607644062,-3.92069903024153,"10830888"
-441.4095,446.1448,-3.84533544373303,0.00508849790536236,0.0452803465754663,-3.92078748594752,"10728478"
50.74794,102.0382,3.84508375396414,0.00509029187188511,0.0452825172793093,-3.9208286699717,"10732725"
-21.4662,189.058666666667,-3.84480288003655,0.00509229465567399,0.0452865437049802,-3.92087463408348,"10729632"
71.98735,228.792777777778,3.84398554106655,0.00509812754074193,0.0453246189821165,-3.92100841705894,"10807685"
-79.72595,255.645444444444,-3.84278804175719,0.00510668637010286,0.0453807260927542,-3.92120450063818,"10762044"
-66.3484,357.047222222222,-3.84256092019355,0.00510831140458431,0.0453807260927542,-3.92124170060999,"10771018"
186.39875,276.899888888889,3.84245091863695,0.00510909865540729,0.0453807260927542,-3.92125971879588,"10865452"
79.6363,378.841111111111,3.84201346849794,0.00511223065448343,0.0453851987920337,-3.92133138035389,"10715025"
21.057045,34.3579666666667,3.84151802600028,0.00511578034886395,0.0453851987920337,-3.92141255649428,"10734720"
-19.26573,36.9318333333333,-3.84149222776635,0.00511596525779568,0.0453851987920337,-3.9214167838461,"10905116"
-873.59275,1130.41055555556,-3.84140887929344,0.00511656270729875,0.0453851987920337,-3.92143044178376,"10832175"
-66.77535,343.586666666667,-3.84129628405187,0.00511736991924965,0.0453851987920337,-3.92144889294839,"10724494"
37.20275,172.477555555556,3.84066802887734,0.00512187648362205,0.0454113807564596,-3.92155186072337,"10704129"
226.38767,166.991822222222,3.83987147904697,0.00512759637508714,0.045436537814228,-3.92168244668413,"10840667"
42.93122,121.632822222222,3.83977196124669,0.00512831147749058,0.045436537814228,-3.92169876437467,"10749714"
-310.739325,280.581233333333,-3.83962331391652,0.00512937980801411,0.045436537814228,-3.92172313887035,"10887445"
-226.89325,352.911555555556,-3.83909823653452,0.00513315545945999,0.0454561999371519,-3.92180924969814,"10727156"
28.009075,31.0848777777778,3.83816329994451,0.00513988565450687,0.0455020059123526,-3.92196261877524,"10791533"
389.33595,739.485,3.83789034818792,0.00514185229920791,0.0455056264977461,-3.92200740472607,"10820666"
-903.03625,1207.86055555556,-3.8373394878221,0.00514582376343978,0.0455154481534465,-3.9220978041805,"10728736"
-137.18795,738.720777777778,-3.83721293423654,0.00514673662487887,0.0455154481534465,-3.9221185750636,"10760797"
57.60057,78.5917333333333,3.83708826155998,0.00514763608882684,0.0455154481534465,-3.92213903822085,"10873850"
30.33789,62.1870666666667,3.83658852990388,0.00515124314852637,0.0455335604662781,-3.92222107149452,"10883799"
-457.9928,622.840444444444,-3.83616785129953,0.005154281706878,0.045546638168401,-3.92229013998976,"10901722"
1949.16201,1002.94546666667,3.83592370748082,0.00515604603795311,0.0455484514523019,-3.92233022947477,"10844331"
-416.364,1326.59733333333,-3.83468054963093,0.00516503990816758,0.0455575096284247,-3.92253441946677,"10796564"
731.08685,964.759888888889,3.83467447952007,0.00516508386486554,0.0455575096284247,-3.92253541672691,"10899619"
-180.84185,353.974444444444,-3.83461289875116,0.00516552982460154,0.0455575096284247,-3.92254553397871,"10754354"
-82.3752499999999,410.667777777778,-3.8344975065118,0.00516636559112053,0.0455575096284247,-3.92256449268675,"10839419"
157.8873,212.197333333333,3.83427220667902,0.00516799781812508,0.0455575096284247,-3.92260151139647,"10778568"
-869.4927,799.173,-3.8342208822487,0.00516836972500484,0.0455575096284247,-3.92260994488968,"10803878"
30.064265,68.9213555555556,3.83420367890112,0.00516849439025997,0.0455575096284247,-3.92261277173478,"10783465"
-347.92875,549.983,-3.83379331090545,0.00517146910734878,0.0455575096284247,-3.9226802086989,"10940616"
195.061263,98.5301066666667,3.83363255442766,0.00517263491602651,0.0455575096284247,-3.92270662916043,"10767482"
-1351.30375,1739.63455555556,-3.83362829271335,0.00517266582588775,0.0455575096284247,-3.92270732959882,"10712743"
162.5378,276.798222222222,3.83275588228211,0.00517899752224654,0.0455995279128723,-3.92285073952178,"10700034"
84.1137,277.196666666667,3.83220412214726,0.00518300632726528,0.0456210746745188,-3.92294146449215,"10789087"
-89.56795,248.835222222222,-3.83169530470069,0.00518670608433888,0.0456277198177523,-3.92302514542301,"10883557"
-190.377,2025.52,-3.83167071291318,0.00518688497004023,0.0456277198177523,-3.92302919023984,"10838466"
-233.8567,452.037888888889,-3.831139262576,0.00519075246678508,0.0456363581961238,-3.92311661160416,"10723419"
139.82534,137.836755555556,3.83110646464786,0.00519099124685833,0.0456363581961238,-3.92312200730811,"10911380"
-13.25236,48.0899222222222,-3.83081074429759,0.00519314472396076,0.0456365125330673,-3.92317066036907,"10735375"
48.99993,88.7160666666667,3.83067506331109,0.0051941330927791,0.0456365125330673,-3.92319298497171,"10930299"
-2026.254,3800.44666666667,-3.83043759399407,0.00519586342506199,0.0456379898075048,-3.92323206035111,"10825362"
69.416515,87.5954444444444,3.82932301432401,0.00520399313597518,0.0456956583932608,-3.92341551088433,"10816418"
-101.79585,372.221,-3.82860385078923,0.00520924593787331,0.0457280381096848,-3.92353392067839,"10812610"
-33.905915,68.3575444444444,-3.82754532031525,0.00521698784372262,0.0457822417742604,-3.92370826619458,"10912977"
236.42875,348.074444444444,3.82686440969966,0.005221974429125,0.045783532440731,-3.92382045300146,"10861968"
33.670245,82.6627333333333,3.8267914731604,0.0052225088762584,0.045783532440731,-3.9238324717529,"10916454"
-45.4801500000001,268.304,-3.8266618157313,0.00522345909423653,0.045783532440731,-3.92385383800796,"10780716"
-126.97045,251.850888888889,-3.82642263401522,0.00522521246761418,0.045783532440731,-3.92389325555267,"10922745"
-192.213,992.15,-3.82632956966765,0.0052258948666348,0.045783532440731,-3.92390859368505,"10872018"
-104.5827,474.58,-3.82620658469976,0.00522679680680374,0.045783532440731,-3.92392886393452,"10738705"
-31.744,145.304555555556,-3.82602822297637,0.00522810516267128,0.045783532440731,-3.92395826301262,"10879242"
69.2553000000001,270.997333333333,3.82507772842532,0.0052350833560129,0.0458309035548579,-3.92411496528635,"10816470"
-418.5855,921.392,-3.82481274430641,0.00523703055628202,0.0458342152999469,-3.92415866175118,"10869616"
358.26285,710.815333333333,3.82375095501472,0.00524484077180688,0.0458668786814139,-3.92433379750448,"10779811"
-68.5049,187.196777777778,-3.82357700027637,0.00524612152369252,0.0458668786814139,-3.92436249706169,"10808296"
104.8439,428.202888888889,3.82346346539677,0.00524695761182908,0.0458668786814139,-3.92438122940349,"10749797"
61.9899,150.310666666667,3.82344734257361,0.00524707635434578,0.0458668786814139,-3.92438388960546,"10835169"
-19.96037,48.0255444444444,-3.82323875466596,0.00524861283740558,0.0458668786814139,-3.92441830726062,"10713472"
-267.70355,748.435444444444,-3.82143582613997,0.00526191355764657,0.0459693608472149,-3.92471591035277,"10822904"
37.656335,70.6715888888889,3.82080267614009,0.00526659306269235,0.0459964872147965,-3.92482047081339,"10783396"
41.48064,93.2977,3.82012030692446,0.00527164133815154,0.0460268171108067,-3.92493318779561,"10782056"
1266.0265,2035.29444444444,3.81990337255404,0.00527324734037146,0.0460270832989578,-3.92496902819467,"10816886"
31.367295,37.7297,3.81653610273623,0.00529824323756314,0.0462314450245429,-3.92552572597188,"10705937"
-25.048675,74.1433555555556,-3.81612303637915,0.00530131825119105,0.046235280480945,-3.92559406592204,"10825171"
155.6585,289.100555555556,3.81605189138321,0.005301848073224,0.046235280480945,-3.92560583762558,"10724993"
-212.0099,896.329777777778,-3.81547454019152,0.00530614975164622,0.0462589850327044,-3.925701378401,"10846095"
-147.43695,430.862666666667,-3.81520927472371,0.00530812742387008,0.0462624208117364,-3.92574528191,"10812422"
-131.7838,266.712222222222,-3.81468164744595,0.00531206347123723,0.0462777305627628,-3.92583262156141,"10773266"
-39.87593,58.5357444444444,-3.81454916809924,0.00531305224575568,0.0462777305627628,-3.92585455400827,"10794320"
879.59685,1140.93033333333,3.81406111741366,0.00531669657076254,0.0462956702289886,-3.92593536217413,"10839876"
185.1467,335.645222222222,3.81335421392827,0.00532197984782583,0.0463190451927792,-3.926052433207,"10714846"
-44.068875,119.366433333333,-3.81327770236306,0.00532255201999589,0.0463190451927792,-3.92606510626194,"10802884"
-116.62565,436.121777777778,-3.81291665554432,0.00532525290679764,0.0463276201211347,-3.92612491353542,"10936899"
200.2001,247.100222222222,3.81272209403752,0.0053267089747002,0.0463276201211347,-3.92615714599388,"10791652"
-72.0975499999999,351.796444444444,-3.8121040298222,0.00533133730455044,0.0463540738140288,-3.92625955483017,"10803511"
-1031.0265,1454.934,-3.81160867854788,0.00533504982135128,0.0463717071236117,-3.92634164843963,"10899139"
-243.91195,452.671888888889,-3.81140995290615,0.00533653999279738,0.0463717071236117,-3.92637458721657,"10702367"
334.91725,371.047111111111,3.81095234195964,0.00533997314919685,0.0463877417724166,-3.92645044573101,"10940447"
-13.459185,21.1204,-3.80914708491696,0.00535353994035056,0.0464879858949555,-3.92674983374987,"10807957"
-82.0089000000001,448.855,-3.80899355607664,0.00535469543836946,0.0464879858949555,-3.92677530484184,"10739371"
69.39159,99.9208666666667,3.80782135240953,0.0053635265714083,0.0465508215261801,-3.92696982762161,"10799076"
-83.2272,282.143333333333,-3.80748676452702,0.00536605015021072,0.0465588919181039,-3.92702536717451,"10937604"
-126.29065,327.177222222222,-3.80715900205022,0.00536852348425823,0.0465665216951069,-3.92707978062328,"10881178"
-455.842325,407.423411111111,-3.80693557675452,0.00537021017852273,0.0465673256620253,-3.92711687644568,"10775936"
26.820815,87.8249222222222,3.80619541638904,0.00537580189842278,0.046590424682061,-3.92723978957584,"10801698"
88.66155,220.758333333333,3.80596360878489,0.00537755442870826,0.046590424682061,-3.9272782913384,"10770172"
-32.9819,102.403377777778,-3.80594986114928,0.00537765838392242,0.046590424682061,-3.92728057483977,"10702670"
-28.915065,95.3416,-3.8050932780079,0.00538413984386283,0.0466248910278158,-3.92742287810028,"10757332"
236.02299,165.336866666667,3.80481741512486,0.00538622898333995,0.0466248910278158,-3.92746871680723,"10855449"
-25.573735,80.1437555555556,-3.80479159529286,0.00538642456421163,0.0466248910278158,-3.92747300740178,"10816531"
483.6175,2470.12111111111,3.8045125570709,0.00538853871767684,0.046629375029091,-3.92751937909994,"10764839"
-172.64125,643.651555555556,-3.80361158282285,0.00539537109280004,0.0466746731137283,-3.92766914032226,"10701361"
-85.7448999999999,346.461555555556,-3.80293373661918,0.0054005175409681,0.046689525614019,-3.92778184679735,"10783917"
-67.455455,101.851977777778,-3.80288818393528,0.00540086358179207,0.046689525614019,-3.92778942195284,"10789199"
65.65272,142.345766666667,3.80275406660269,0.00540188254177395,0.046689525614019,-3.92781172567581,"10911707"
14.5392,21.5726166666667,3.80133229206714,0.00541269719762731,0.0467691617661888,-3.92804823702294,"10795921"
304.3057,1055.61877777778,3.80104077412288,0.00541491748117707,0.0467745119145793,-3.92809674669625,"10777711"
167.31415,425.795444444444,3.79961520740727,0.00542578907754119,0.0468378655011508,-3.92833404395599,"10805029"
-212.974825,250.092722222222,-3.79949545744881,0.00542670337466929,0.0468378655011508,-3.92835398318833,"10823555"
495.55335,871.734333333333,3.79934729790531,0.00542783480911176,0.0468378655011508,-3.92837865408107,"10746654"
-438.92425,557.663555555555,-3.79923863691801,0.00542866476986707,0.0468378655011508,-3.92839674872885,"10867329"
82.9144000000001,172.440444444444,3.79880952817464,0.00543194366467569,0.046852318340666,-3.92846821289888,"10856961"
22.26673,54.3153444444444,3.79859263703314,0.0054336017756681,0.0468527869759055,-3.92850433859822,"10897891"
689.422,2722.98777777778,3.79616043314567,0.00545223294355303,0.0469995671917847,-3.92890965450164,"10871286"
51.26473,76.6570444444445,3.79562333645205,0.00545635643815797,0.0470167867204291,-3.92899920990766,"10797811"
42.63076,96.7992444444444,3.79548106146359,0.00545744929721966,0.0470167867204291,-3.92902293588398,"10727109"
132.9249,191.290333333333,3.79462307831397,0.00546404471370165,0.0470406650880131,-3.92916604162075,"10842121"
111.3849,191.095,3.79452727274742,0.00546478171252913,0.0470406650880131,-3.92918202423914,"10738934"
133.1194,290.790777777778,3.7944277315315,0.0054655475613079,0.0470406650880131,-3.92919863066948,"10773862"
-77.2134,368.776333333333,-3.79428293437053,0.00546666180508676,0.0470406650880131,-3.92922278825945,"10913899"
145.227986,71.5628355555556,3.79368374671256,0.00547127526667776,0.0470665004831343,-3.92932276937138,"10747296"
63.561195,97.7252,3.79283432345023,0.00547782257908259,0.0471039012182107,-3.92946454418342,"10850442"
323.20927,240.747044444444,3.79270142838432,0.00547884768739235,0.0471039012182107,-3.92948672946966,"10793495"
-31.077975,126.502166666667,-3.79222811954681,0.00548250030531531,0.0471050079634869,-3.92956575200023,"10758212"
-241.6962,1033.93466666667,-3.79215385930922,0.00548307362316795,0.0471050079634869,-3.92957815160786,"10882890"
-43.5847,193.868222222222,-3.79205801753721,0.00548381365385839,0.0471050079634869,-3.92959415531191,"10940656"
94.564,174.170444444444,3.79179564092387,0.00548584011116195,0.0471085634942638,-3.9296379700708,"10904930"
66.5143,362.304111111111,3.79098250735422,0.00549212542333967,0.0471260660058632,-3.9297737845729,"10834190"
162.9038,619.064888888889,3.79088072492207,0.00549291271875124,0.0471260660058632,-3.92979078785431,"10772665"
105.27865,422.255111111111,3.79075413439568,0.00549389207562867,0.0471260660058632,-3.92981193637576,"10841066"
-150.81785,457.931444444444,-3.79067933812634,0.00549447081860877,0.0471260660058632,-3.92982443250176,"10766253"
125.10604,203.233644444444,3.79048898849221,0.00549594396118217,0.0471260660058632,-3.9298562356001,"10924860"
203.963,527.434222222222,3.79014590519921,0.00549860020053975,0.0471282988575199,-3.92991356284479,"10794680"
1736.6615,5173.43555555556,3.78999262233702,0.00549978740080287,0.0471282988575199,-3.92993917795016,"10803653"
79.089,311.571666666667,3.7898304191954,0.00550104398932508,0.0471282988575199,-3.92996628535212,"10742674"
53.1843999999999,298.388111111111,3.7887232856264,0.00550962918326123,0.0471880114218099,-3.93015135432632,"10777094"
153.58325,521.430222222222,3.78805544953824,0.00551481481871413,0.0472185815105259,-3.93026302785639,"10936705"
30.878325,29.6466,3.78776765673031,0.00551705109471581,0.0472238882745466,-3.93031116045497,"10741912"
76.4387,121.103555555556,3.78718294747593,0.00552159753591662,0.0472304376231005,-3.93040896780155,"10938407"
-28.823165,40.7942444444444,-3.78718053828091,0.00552161627706075,0.0472304376231005,-3.93040937084513,"10890492"
91.3264,361.982111111111,3.78704556348033,0.00552266635587428,0.0472304376231005,-3.93043195189352,"10702309"
233.992,1175.36444444444,3.78652280279061,0.00552673535736441,0.0472514037840339,-3.93051941979487,"10920632"
128.42245,76.2304444444444,3.78507782589461,0.005537999322279,0.04730356488665,-3.93076128275291,"10836945"
456.0804,949.716,3.78495298577184,0.00553897363727818,0.04730356488665,-3.93078218497241,"10872575"
79.0053999999999,315.648111111111,3.78482161732793,0.00553999910099155,0.04730356488665,-3.93080418131375,"10816394"
122.21575,564.918111111111,3.78481995167299,0.00554001210442133,0.04730356488665,-3.9308044602182,"10755171"
171.4946,273.006222222222,3.78468037582069,0.00554110186099534,0.04730356488665,-3.93082783202859,"10923940"
460.085,1353.55222222222,3.78449473835769,0.00554255160563439,0.04730356488665,-3.93085891872499,"10725724"
-436.3809,721.037333333333,-3.78396387456161,0.0055466996561715,0.0473251412837015,-3.93094782886179,"10774163"
25.4488,36.7127777777778,3.78354838463123,0.00554994852270063,0.0473390353699785,-3.93101742848544,"10744545"
-577.776999999999,2204.25222222222,-3.78296361112187,0.00555452453520838,0.0473626048134958,-3.93111540381884,"10829976"
-72.1599,221.410333333333,-3.78278101555645,0.00555595422386014,0.0473626048134958,-3.93114600109066,"10904418"
171.20935,259.601444444444,3.78193139112992,0.00556261181174799,0.047405525515871,-3.93128839938115,"10798538"
-258.694,569.306888888889,-3.78171845232598,0.00556428172269996,0.0474059277477272,-3.93132409545112,"10819672"
30.34456,61.7311111111111,3.78142657654062,0.00556657154720705,0.0474116096735005,-3.93137302884932,"10741606"
-287.7358,744.618222222222,-3.78077200198894,0.00557171049021009,0.0474343794881729,-3.93148278898538,"10832555"
164.0657,244.765888888889,3.78060637400087,0.00557301161069875,0.0474343794881729,-3.93151056609288,"10940007"
79.46765,194.728555555556,3.78046582188648,0.00557411599859306,0.0474343794881729,-3.93153413915365,"10876688"
62.13817,140.420044444444,3.78016953414499,0.0055764448473269,0.0474403785002353,-3.93158383594747,"10939713"
-1303.54525,1565.20455555556,-3.7791953658228,0.00558410925373432,0.0474917518889649,-3.93174727418256,"10921936"
325.99075,630.173777777778,3.77856296247216,0.00558909081952421,0.0475089076074202,-3.93185340623343,"10850257"
79.263334,47.4813644444444,3.77847098042413,0.00558981577692853,0.0475089076074202,-3.93186884509646,"10862200"
282.1209,1097.41866666667,3.77820284436865,0.00559192966903558,0.0475089076074202,-3.93191385387284,"10876224"
131.8146,435.119666666667,3.77811385950385,0.00559263138433347,0.0475089076074202,-3.93192879170714,"10908393"
1651.8545,3541.88555555556,3.77749981751162,0.00559747615935993,0.0475362408487038,-3.93203188434283,"10929286"
1063.0365,1716.52666666667,3.776961252528,0.00560172912565326,0.0475585337625209,-3.93212232483103,"10802128"
-65.4917,274.139777777778,-3.77652014150538,0.00560521509271477,0.0475608801266465,-3.93219641381174,"10939166"
226.83686,181.603622222222,3.77651426762495,0.00560526152789909,0.0475608801266465,-3.93219740047222,"10885693"
-77.7627499999999,264.546777777778,-3.77623726721138,0.00560745178622945,0.0475656493852808,-3.93224393190379,"10910953"
-34.50907,55.4355555555556,-3.77541141218086,0.00561398731555477,0.0476072642776828,-3.93238269082338,"10735870"
-35.821905,93.4569333333333,-3.77398756033642,0.00562527436162141,0.0476891367383656,-3.93262202664433,"10893431"
17.538145,25.8768111111111,3.77369031286239,0.00562763374542713,0.0476952980095469,-3.93267200744476,"10745134"
30.974725,36.4505444444444,3.77337768897467,0.00563011632285141,0.0477006749100252,-3.93272457981498,"10746538"
75.56326,120.816411111111,3.77319925925228,0.00563153377711635,0.0477006749100252,-3.93275458823627,"10939194"
95.8730499999999,181.598444444444,3.77258820618796,0.00563639091010693,0.0477249472613412,-3.93285737094725,"10746093"
58.73722,160.233711111111,3.77242780713319,0.00563766663239845,0.0477249472613412,-3.93288435496711,"10883898"
-595.543,666.088222222222,-3.77215576175559,0.00563983103315955,0.0477294391085525,-3.93293012507141,"10846694"
91.26475,134.852111111111,3.77184671622688,0.0056422908886065,0.0477364280393137,-3.9329821259877,"10899053"
-55.1455500000001,595.333666666667,-3.77087326543697,0.00565004661122369,0.0477882054720002,-3.93314596164462,"10861778"
55.797145,106.999511111111,3.77030390266862,0.0056545881592732,0.0477976957936142,-3.93324181578252,"10781773"
-132.34295,514.518111111111,-3.76994840108322,0.00565742581753179,0.0477976957936142,-3.93330167619387,"10905124"
-684.38175,791.655333333333,-3.76973018412005,0.00565916840850063,0.0477976957936142,-3.93333842422078,"10893899"
-1564.97,2639.54777777778,-3.76942768475336,0.00566158499545042,0.0477976957936142,-3.93338937055902,"10767001"
-190.38355,571.107888888889,-3.76942515128724,0.00566160523930583,0.0477976957936142,-3.93338979726506,"10863187"
-596.032999999999,2119.85444444444,-3.76932406860528,0.00566241301152183,0.0477976957936142,-3.93340682273057,"10895705"
583.41385,763.434444444444,3.76929797862073,0.00566262152193122,0.0477976957936142,-3.93341121720113,"10899826"
49.539295,91.1632444444444,3.76854987145673,0.00566860387463455,0.0478343713441865,-3.93353724329072,"10708011"
113.123045,88.8559888888889,3.76800147551294,0.00567299350781502,0.0478379813228382,-3.93362964880756,"10834109"
-105.21965,354.669111111111,-3.767810846935,0.00567452024652729,0.0478379813228382,-3.93366177451309,"10724778"
34.270427,25.0554988888889,3.7675116754597,0.00567691718987053,0.0478379813228382,-3.93371219711786,"10932107"
444.50325,911.943,3.76746080767198,0.00567732484733918,0.0478379813228382,-3.93372077098669,"10905248"
309.6811,628.808444444444,3.76734396947639,0.0056782613143415,0.0478379813228382,-3.93374046492932,"10745387"
-26.2545,152.768333333333,-3.7672696987249,0.00567885668609581,0.0478379813228382,-3.93375298426888,"10908182"
373.5129,811.142333333333,3.76686774893333,0.00568207997062624,0.0478513359071419,-3.93382074447422,"10753602"
138.38965,283.921111111111,3.76662600470776,0.00568401949112746,0.0478538747590195,-3.93386150240623,"10873649"
-711.61475,1517.50677777778,-3.76525359289008,0.00569504384176433,0.0479328754806405,-3.93409296120706,"10917622"
653.6975,1661.92222222222,3.76489598268206,0.00569792022480797,0.0479432723063192,-3.934153292401,"10940592"
-510.88415,833.674777777778,-3.76423743851026,0.00570322119748047,0.0479740581811674,-3.93426441458667,"10741814"
53.46449,94.7300555555556,3.7636765286425,0.00570774042664431,0.0479982523960814,-3.93435908397405,"10939513"
685.0156,878.833777777778,3.76299901432798,0.00571320425001533,0.0480129143636973,-3.93447346056394,"10717882"
-80.6778,211.872,-3.76293352328575,0.00571373270035656,0.0480129143636973,-3.93448451818931,"10868384"
-131.1797,559.742111111111,-3.7628490455108,0.00571441443289435,0.0480129143636973,-3.93449878197516,"10815150"
71.579125,121.702244444444,3.76238562005877,0.00571815580990922,0.0480305358915147,-3.93457703793629,"10760754"
-575.92585,702.565555555556,-3.76017408852617,0.00573604636869211,0.0481616791019739,-3.93495067622151,"10858374"
224.67885,1018.16266666667,3.76004828206229,0.00573706590247379,0.0481616791019739,-3.93497194066315,"10734188"
65.602,344.413444444444,3.75948850759715,0.00574160466095607,0.0481722053569829,-3.93506656888098,"10830699"
28.38963,40.1123333333333,3.75945413618415,0.00574188347627389,0.0481722053569829,-3.93507237992236,"10751073"
-27.98066,53.1248111111111,-3.75923304526908,0.00574367727661523,0.0481722053569829,-3.93510976071876,"10745533"
148.87145,260.782888888889,3.75908046528731,0.00574491557005985,0.0481722053569829,-3.93513555990639,"10940250"
101.0055,258.941333333333,3.75793648551543,0.00575420888293683,0.0482276278459714,-3.93532903887066,"10920860"
-17.80651,43.8040555555556,-3.75786048965574,0.00575482681834245,0.0482276278459714,-3.93534189487322,"10927871"
56.040215,85.6262222222222,3.75712082239654,0.00576084489443713,0.0482518821686912,-3.93546704165318,"10705849"
81.64715,180.917222222222,3.75709878015513,0.00576102433779677,0.0482518821686912,-3.93547077159323,"10751459"
-145.79775,288.137,-3.75488052019582,0.00577911359537221,0.048389516931844,-3.93584630041834,"10733367"
68.28595,135.872111111111,3.754398578293,0.00578305172949794,0.048393371968362,-3.93592793010838,"10869244"
140.94978,207.585066666667,3.75433779166138,0.00578354864474419,0.048393371968362,-3.93593822700332,"10800410"
76.271,250.559222222222,3.75421610522725,0.0057845435378079,0.048393371968362,-3.93595884067771,"10880233"
36.33417,84.2614,3.7527846584613,0.00579626063927573,0.0484775145478962,-3.93620139917398,"10880838"
29.432645,47.8646555555556,3.75253655662999,0.00579829405947518,0.0484806418584739,-3.93624345340599,"10877229"
-181.0474,822.757888888889,-3.75198054651089,0.00580285384364409,0.0485048847462714,-3.93633771368358,"10896400"
668.9152,1178.79044444444,3.75149380627789,0.00580684870520267,0.0485155050099022,-3.93642024698416,"10827512"
-42.159575,62.5007111111111,-3.75125050248914,0.00580884669574969,0.0485155050099022,-3.93646150810401,"10718968"
-181.4545,248.823555555556,-3.75121887480232,0.0058091064737673,0.0485155050099022,-3.93646687202323,"10811126"
87.9943,382.985777777778,3.75076857434697,0.00581280642374258,0.0485325312555632,-3.93654324802246,"10758219"
1169.8935,2603.60666666667,3.75005320175742,0.00581868956308844,0.0485677705417331,-3.93666461006722,"10802700"
207.06745,400.257777777778,3.74923298600757,0.00582544276900313,0.0486102499439181,-3.93680379917251,"10712171"
-168.8608,641.920555555556,-3.74801640900141,0.00583547485981871,0.0486800578397327,-3.93701032985706,"10921910"
327.21255,229.2965,3.74718123289084,0.00584237256743259,0.0487236860362477,-3.93715216769412,"10872252"
-24.6716249999999,115.643633333333,-3.74678562244465,0.00584564295575518,0.0487370471773493,-3.93721936984781,"10819737"
-427.50875,1024.94611111111,-3.7457494110338,0.00585421828922566,0.0487946171473433,-3.93739543839253,"10751903"
81.6132,208.187333333333,3.74513268268408,0.0058593285179377,0.048823281039085,-3.93750026305781,"10825022"
181.80925,452.222111111111,3.74470962456959,0.0058628367518918,0.0488282797842733,-3.93757218398096,"10814430"
48.4115,367.218222222222,3.7446572506482,0.00586327122212743,0.0488282797842733,-3.93758108847972,"10768305"
65.878756,46.3768911111111,3.74411054395699,0.00586780851124524,0.0488432148716505,-3.93767404890929,"10851251"
-117.0495,351.317,-3.74390506382255,0.00586951482696049,0.0488432148716505,-3.93770899314363,"10845470"
372.71,663.622888888889,3.74379203065153,0.00587045368572315,0.0488432148716505,-3.9377282168814,"10860765"
-87.36725,318.187111111111,-3.74363572127693,0.00587175226361459,0.0488432148716505,-3.93775480203245,"10820073"
-176.605875,171.5137,-3.74282753271502,0.00587847139414339,0.0488851873921164,-3.93789228416047,"10732439"
403.9012,467.241444444444,3.74242780770959,0.0058817976768551,0.0488989292349587,-3.9379602975382,"10889260"
232.5082,903.843777777778,3.74175993118645,0.00588735986095535,0.0489208907699744,-3.93807396001773,"10886029"
94.7195,237.958555555556,3.74170849591421,0.00588778845578251,0.0489208907699744,-3.93808271471687,"10708903"
56.483395,93.3519111111111,3.74121106677385,0.00589193510929416,0.0489267516241213,-3.93816738998978,"10909123"
34.438825,48.1392444444444,3.74111237783231,0.00589275816871805,0.0489267516241213,-3.93818419129262,"10889232"
-135.1089,293.097,-3.74102126648449,0.00589351814079835,0.0489267516241213,-3.93819970310594,"10940665"
30.3619,273.842777777778,3.74062987757724,0.00589678396260092,0.0489399564441543,-3.93826634362048,"10753075"
505.4076,804.643,3.73910738730455,0.00590950634688808,0.0490316155688691,-3.93852566716335,"10807542"
773.3815,2484.35111111111,3.7385141705211,0.00591447139801153,0.0490380583853635,-3.93862674944451,"10822220"
22.714,45.0040111111111,3.73834581112303,0.00591588133055899,0.0490380583853635,-3.93865544150023,"10925692"
456.1999,788.815111111111,3.73778057283362,0.00592061757431557,0.0490380583853635,-3.93875178363543,"10895144"
-74.4288,239.068333333333,-3.73734047192928,0.00592430807830617,0.0490380583853635,-3.93882681100382,"10802191"
30.74864,45.2335222222222,3.73731401043503,0.00592453005192801,0.0490380583853635,-3.93883132249614,"10853375"
114.3516,690.384333333333,3.73728501531665,0.00592477328921253,0.0490380583853635,-3.93883626600492,"10892859"
206.7974,830.132555555556,3.73708570946309,0.00592644553640078,0.0490380583853635,-3.93887024803109,"10745323"
855.72365,1116.74822222222,3.73690981776236,0.00592792175029151,0.0490380583853635,-3.93890024003254,"10716085"
-151.95485,545.327111111111,-3.73686038748139,0.00592833667681435,0.0490380583853635,-3.93890866894854,"10829944"
-151.95485,545.327111111111,-3.73686038748139,0.00592833667681435,0.0490380583853635,-3.93890866894854,"10931089"
88.6088,123.002988888889,3.73681147923366,0.00592874725190333,0.0490380583853635,-3.9389170090022,"10914670"
42.14352,124.903933333333,3.73627692916766,0.00593323667957603,0.0490510507631602,-3.9390081729565,"10703512"
84.35185,417.435111111111,3.73622463201081,0.00593367609355131,0.0490510507631602,-3.93901709288039,"10721014"
-146.097775,169.288855555556,-3.73560591256744,0.00593887737662114,0.0490801594570325,-3.93912263651923,"10704728"
32.41539,44.7057,3.73540552594343,0.00594056297896625,0.0490802055620815,-3.93915682457808,"10874981"
332.39155,687.905777777778,3.73452711087455,0.00594795803400908,0.0491274091053269,-3.93930672203971,"10825686"
-21.5940725,29.5606744444444,-3.73382235289538,0.00595389825935525,0.0491625731342013,-3.93942702180769,"10890106"
342.34085,460.075888888889,3.73326904748598,0.00595856638026306,0.0491759554585594,-3.93952149165852,"10701242"
2268.11545,1549.79811111111,3.73323123426941,0.00595888554539947,0.0491759554585594,-3.93952794850671,"10890729"
-266.2365,572.253666666667,-3.73191916444383,0.00596997150732975,0.0492515615320919,-3.93975205011681,"10732257"
-245.0049,278.388733333333,-3.73170964513058,0.0059717438248557,0.0492515615320919,-3.93978784634595,"10708407"
60.1517,163.740888888889,3.73154880347858,0.0059731047616965,0.0492515615320919,-3.93981532795856,"10815500"
147.5029,451.310444444444,3.73126208794924,0.00597553158449819,0.0492528848509944,-3.93986432069825,"10729252"
-86.4152749999999,154.899211111111,-3.73105203312534,0.00597731020429604,0.0492528848509944,-3.939900217358,"10919609"
-43.7487,173.687333333333,-3.73080575958794,0.00597939622449061,0.0492528848509944,-3.93994230713928,"10907605"
-241.58975,423.084777777778,-3.73053332170243,0.00598170477354717,0.0492528848509944,-3.93998887315644,"10919494"
-68.3139,195.651666666667,-3.73052918242969,0.00598173985574095,0.0492528848509944,-3.93998958069219,"10918143"
211.14125,261.022555555556,3.73033559332891,0.00598338085630791,0.0492528848509944,-3.94002267257776,"10775628"
36.58167,100.5491,3.72970174391764,0.00598875719324272,0.0492832542657444,-3.94013103900871,"10815955"
83.1398500000001,437.549444444444,3.7294329993849,0.00599103825643664,0.0492840178461616,-3.94017699292854,"10883510"
965.5562,915.712888888889,3.72929334591784,0.00599222398129548,0.0492840178461616,-3.94020087479356,"10746483"
-69.30907,82.0429888888889,-3.72881477567702,0.00599628917784011,0.0493035722041714,-3.94028272373341,"10773030"
-52.08825,224.067666666667,-3.72839071051428,0.00599989385018436,0.0493193300335638,-3.94035526317507,"10797032"
225.89323,180.567011111111,3.72686572684191,0.00601287581913928,0.0494121390099395,-3.94061621906959,"10855506"
-342.71655,656.349333333333,-3.72632269916289,0.00601750579335121,0.0494362807218679,-3.94070917860605,"10911976"
89.50685,354.030222222222,3.72598227299653,0.006020410288182,0.0494462373232918,-3.94076746505067,"10744338"
61.14765,279.912333333333,3.72575267109308,0.00602237008464944,0.0494484316056629,-3.94080678083897,"10779368"
130.4615,317.222888888889,3.72417190097821,0.00603588149941383,0.0495454459465792,-3.94107755616226,"10764358"
32.88724,127.912811111111,3.72339244694774,0.00604255571583763,0.0495780729929848,-3.94121113108136,"10846668"
-74.19365,166.157444444444,-3.72331136765547,0.00604325042541312,0.0495780729929848,-3.94122502789091,"10818114"
121.06775,210.384888888889,3.72160103794627,0.00605792493785915,0.0496845084600273,-3.94151827400475,"10903707"
-58.50605,275.456111111111,-3.72107563200115,0.00606244053899386,0.0497075885226401,-3.94160839607828,"10704424"
-155.5036,471.459888888889,-3.72070177252135,0.0060656558677461,0.0497126734888414,-3.94167253453441,"10822436"
42.1685,60.1041555555556,3.72060783428846,0.00606646405790784,0.0497126734888414,-3.94168865178425,"10860584"
-32.10969,50.2669666666667,-3.720076999456,0.00607103321968625,0.0497248991437895,-3.94177973939557,"10722235"
-1235.12775,1458.15233333333,-3.72003903452829,0.00607136014396855,0.0497248991437895,-3.94178625461765,"10867165"
88.0098,365.182666666667,3.71943268206877,0.00607658413172473,0.0497537356570084,-3.94189032442292,"10940518"
978.747,2066.48666666667,3.71890696419318,0.00608111731135398,0.0497659934170988,-3.94198057404134,"10910754"
79.8547496,79.4250502222222,3.71886396949792,0.00608148820767587,0.0497659934170988,-3.94198795570476,"10720939"
-26.57178,76.2888,-3.71843422896724,0.00608519672078035,0.0497823962477954,-3.94206174349864,"10726001"
-113.65135,406.980888888889,-3.71743262726224,0.00609384959655293,0.0498253455729313,-3.94223376822648,"10849307"
-26.22854,33.5086111111111,-3.71743168647131,0.00609385773026917,0.0498253455729313,-3.94223392983763,"10807947"
-21.41149,40.8759222222222,-3.71673414871323,0.0060998915721637,0.0498607253467236,-3.94235377025306,"10771769"
-60.3817,216.382888888889,-3.7162537760283,0.00610405060996137,0.0498807649005347,-3.94243631903378,"10744830"
57.38528,128.045288888889,3.71602095906366,0.00610606741692403,0.0498832923708106,-3.94247633244453,"10908220"
-707.804249999999,1200.43233333333,-3.7145000596092,0.00611925996170198,0.0499770926813424,-3.942737810667,"10917448"
42.14034,97.9982,3.71412790003176,0.00612249278100693,0.0499895204316201,-3.9428018165237,"10925923"
