"logFC","AveExpr","t","P.Value","adj.P.Val","B","ProbeID"
912.8845,554.933444444444,22.8275481280695,1.84445742517124e-08,0.000538839792189526,-3.43396168890453,"10740869"
-208.67485,335.199222222222,-20.3837031788736,4.42751547397758e-08,0.000646727185283906,-3.43969729932078,"10830561"
282.55341,248.099633333333,19.2410587211025,6.90840436078701e-08,0.000672740416653439,-3.44313429105716,"10750848"
298.40425,401.920111111111,18.4515261021799,9.53790551759196e-08,0.000695501814008593,-3.44587809849013,"10794829"
494.22414,285.288533333333,17.9031695003906,1.20272758855498e-07,0.000695501814008593,-3.4479931207535,"10719616"
551.559,1123.25333333333,17.1831796026378,1.64809837047449e-07,0.000695501814008593,-3.45107107977716,"10813007"
142.81542,102.2151,16.0212388698492,2.81672250120962e-07,0.000695501814008593,-3.45690061331146,"10711575"
1084.2403,744.466777777778,15.8084452048169,3.11960479695587e-07,0.000695501814008593,-3.45810313268225,"10821698"
480.94553,283.060288888889,15.6891016447234,3.30539786691673e-07,0.000695501814008593,-3.45879804271028,"10896814"
-270.6163,726.557888888889,-15.6222150970801,3.4149451782037e-07,0.000695501814008593,-3.45919415233855,"10873260"
161.31065,256.678222222222,15.5903976899441,3.46848353527163e-07,0.000695501814008593,-3.45938428324845,"10868017"
-401.73925,1196.32122222222,-15.5898777403544,3.46936623936071e-07,0.000695501814008593,-3.45938739950444,"10736288"
245.6683,248.333111111111,15.5296770604895,3.57329484944552e-07,0.000695501814008593,-3.4597502200203,"10893918"
723.84395,685.892222222222,15.4882726874755,3.64680420699469e-07,0.000695501814008593,-3.46000209603198,"10877907"
456.7537,620.304444444444,15.2024430762812,4.20318019103443e-07,0.000695501814008593,-3.46179453406806,"10889716"
320.9111,499.940555555556,14.8947635595896,4.91121517796092e-07,0.000695501814008593,-3.46383433694811,"10821959"
370.28048,209.361122222222,14.8424987045741,5.04433677254094e-07,0.000695501814008593,-3.46419282062137,"10749372"
618.9522,1336.84266666667,14.7823137580753,5.20267797948824e-07,0.000695501814008593,-3.46461009320061,"10913940"
-169.46405,264.711444444444,-14.7519013815573,5.28480826739234e-07,0.000695501814008593,-3.46482278718142,"10842193"
148.16475,276.021,14.7059551408474,5.41166541927197e-07,0.000695501814008593,-3.4651464894793,"10920422"
-93.0407,126.815777777778,-14.7031011869286,5.41965727593349e-07,0.000695501814008593,-3.46516669096928,"10760749"
346.5371,461.319888888889,14.6396209419581,5.60089204909892e-07,0.000695501814008593,-3.4656189214442,"10821924"
579.28595,640.992222222222,14.5952569163803,5.73159133786755e-07,0.000695501814008593,-3.46593828395237,"10858967"
120.5495,280.293555555556,14.5327457380724,5.92160736849879e-07,0.000695501814008593,-3.46639297869732,"10870845"
-200.0385,361.181,-14.4855462314863,6.06977173792895e-07,0.000695501814008593,-3.46673998758613,"10809581"
-297.2835,954.884,-14.4482314459437,6.18985663182838e-07,0.000695501814008593,-3.46701659904768,"10712955"
280.11425,302.632222222222,14.372914754465,6.44045406428159e-07,0.000696857129755268,-3.46758111858372,"10835652"
400.49595,690.413,13.8801070377295,8.39108897518469e-07,0.000875490261860877,-3.47149069901394,"10900592"
60.925805,68.1946555555556,13.6112906294526,9.72982582427791e-07,0.000980162522863638,-3.47379320778627,"10737824"
-143.8958,160.827111111111,-13.4391987729755,1.07122693510553e-06,0.000984430071220811,-3.47533562478983,"10854463"
92.17757,129.297488888889,13.399030914687,1.09573052235171e-06,0.000984430071220811,-3.47570366356239,"10901536"
156.27057,176.455766666667,13.383160705894,1.10558470349271e-06,0.000984430071220811,-3.47584992913871,"10736795"
112.510008,60.15949,13.3327070440738,1.13757947068233e-06,0.000984430071220811,-3.47631817491268,"10823057"
-142.4521,258.645555555556,-13.3201471789021,1.14570488195754e-06,0.000984430071220811,-3.47643551280456,"10789670"
-105.3084,300.616666666667,-13.1717793341852,1.2467852338631e-06,0.00103223223487229,-3.47784540009697,"10787935"
188.75415,394.244333333333,13.1012029644447,1.29835189788826e-06,0.00103223223487229,-3.47853179308202,"10829780"
-423.92655,703.539,-13.044279098009,1.34169012577085e-06,0.00103223223487229,-3.47909298774069,"10867882"
-365.31605,880.656111111111,-13.0430132064892,1.34267217516078e-06,0.00103223223487229,-3.47910554562492,"10757862"
-121.9477,390.915222222222,-12.9161168392465,1.44533525704232e-06,0.00108266728715986,-3.48038187116597,"10812532"
161.95765,373.343777777778,12.8606948627176,1.49291402169896e-06,0.00109034975574784,-3.48095036158718,"10818998"
-185.6571,453.491333333333,-12.8117933021111,1.53635802995241e-06,0.0010947113045617,-3.48145767327602,"10754077"
72.97726,92.1065777777778,12.7617680372364,1.58227364849218e-06,0.00110058434207263,-3.48198225741661,"10852177"
-140.4691,349.034888888889,-12.499279117454,1.84991042668455e-06,0.00124684883218733,-3.48483116752342,"10881771"
419.31235,461.631444444444,12.434767154675,1.92322673936401e-06,0.00124684883218733,-3.48555703525574,"10927699"
245.87235,382.777,12.4309179203353,1.92770326255853e-06,0.00124684883218733,-3.48560067637941,"10909446"
58.43517,74.0702666666667,12.3688199950704,2.0015603412589e-06,0.00124684883218733,-3.48630993210421,"10719486"
114.45164,81.0797555555556,12.3652084495226,2.00595245816405e-06,0.00124684883218733,-3.48635148579457,"10880293"
120.61324,128.952644444444,12.3223608925911,2.05889405683604e-06,0.00125309439534184,-3.48684705950532,"10749886"
491.5604,860.070888888889,12.2645633069823,2.13280769517721e-06,0.0012604183260902,-3.48752315739943,"10801541"
363.96625,446.708777777778,12.2288762882035,2.17992958752963e-06,0.0012604183260902,-3.48794503750535,"10908089"
787.7056,1423.63577777778,12.2136711290019,2.20036060212912e-06,0.0012604183260902,-3.48812582514739,"10747506"
266.9179,430.784777777778,12.0559291771917,2.42547561295476e-06,0.0013626508568627,-3.4900386915057,"10854357"
-254.4145,679.467888888889,-11.9591143184281,2.57638242298146e-06,0.00140307484412922,-3.49124736291553,"10773521"
609.2735,645.876222222222,11.9485454775664,2.59348400023885e-06,0.00140307484412922,-3.49138094587883,"10853797"
139.78205,154.501555555556,11.865044739929,2.73316230999017e-06,0.00142703620752209,-3.49244789225629,"10801531"
-128.73965,392.829777777778,-11.8309546059191,2.79259618234789e-06,0.00142703620752209,-3.49288945827978,"10834043"
345.26428,162.434261111111,11.8133621292826,2.82383330135142e-06,0.00142703620752209,-3.49311870512357,"10713045"
219.00645,255.42,11.8081485499892,2.83316560677351e-06,0.00142703620752209,-3.49318682368444,"10922826"
161.7665,527.085222222222,11.7162862692768,3.00340413765898e-06,0.00148714319453507,-3.4944007650394,"10936753"
1085.1174,696.957,11.6323022373001,3.16912785963063e-06,0.00154304835485415,-3.49553371604281,"10840791"
656.4108,775.162333333333,11.5614982021625,3.31683143897971e-06,0.00154949956901774,-3.49650646161927,"10901413"
-117.63285,340.080333333333,-11.5603747245339,3.31923648520183e-06,0.00154949956901774,-3.49652202839396,"10886280"
368.99715,755.775333333333,11.5334860728606,3.37738468991242e-06,0.00154949956901774,-3.49689583549773,"10853171"
461.3825,912.993888888889,11.5256540535341,3.39453592172026e-06,0.00154949956901774,-3.49700516627204,"10936365"
266.6755,555.577444444444,11.3576272883611,3.78706685322757e-06,0.00170208263154139,-3.49940063631546,"10776459"
-138.53175,275.141333333333,-11.3244293481958,3.87049839237881e-06,0.00170819397380275,-3.49988545206865,"10912412"
-246.109,599.342222222222,-11.3060364842635,3.91760786762457e-06,0.00170819397380275,-3.50015573310789,"10888917"
148.7331,242.187,11.1801806010587,4.25774426321667e-06,0.00180346638180183,-3.50203782967257,"10715787"
497.1125,947.773888888889,11.1795345673857,4.25957350394765e-06,0.00180346638180183,-3.50204763997399,"10754983"
204.6886,331.522111111111,10.9976733768454,4.81133919123594e-06,0.00197940615234032,-3.50487191332267,"10710166"
981.3089,672.145888888889,10.9750193147439,4.88551275321785e-06,0.00197940615234032,-3.50523266248856,"10752839"
-189.07235,467.937444444444,-10.9590618380068,4.93852926454003e-06,0.00197940615234032,-3.50548798991363,"10792196"
55.534505,56.5581222222222,10.9567856566822,4.94614394197451e-06,0.00197940615234032,-3.50552449222374,"10718283"
165.3822,297.387,10.9364545727656,5.01474538661015e-06,0.00197974015843823,-3.50585144975816,"10842475"
91.6157,169.693888888889,10.8463958319823,5.33171500065788e-06,0.00207680962705626,-3.5073197797451,"10882523"
-355.0394,791.621111111111,-10.7845171758549,5.56249958621618e-06,0.00213819556462789,-3.50834796087077,"10911510"
388.5871,863.585777777778,10.7335065573339,5.76117942484579e-06,0.00217449174043429,-3.50920764276919,"10802601"
-59.075775,96.9191,-10.7223235374239,5.80579022913241e-06,0.00217449174043429,-3.50939758955492,"10932343"
-162.10395,452.272,-10.6447429328951,6.12613537005275e-06,0.00226542935064204,-3.51073019023602,"10743235"
142.43556,132.515633333333,10.5969177596458,6.33345417076835e-06,0.0022806367896787,-3.51156482969565,"10823605"
132.99439,176.545477777778,10.5825560858831,6.39723586742112e-06,0.0022806367896787,-3.51181745590214,"10732657"
203.2431,403.379666666667,10.5727262873481,6.44130550355775e-06,0.0022806367896787,-3.51199089854044,"10800491"
681.3565,1162.66611111111,10.5445195983506,6.56966215851111e-06,0.0022806367896787,-3.51249101454496,"10774100"
186.56391,194.707133333333,10.5344269726669,6.61628295422408e-06,0.0022806367896787,-3.51267083772068,"10768814"
-280.6065,442.859,-10.5302558858488,6.63565848985723e-06,0.0022806367896787,-3.51274529075108,"10840043"
104.80563,93.1979,10.4907261773118,6.82246891223445e-06,0.00231757682327927,-3.51345484828292,"10745931"
247.0432,360.908777777778,10.4258643870081,7.14188721966156e-06,0.00238784277152886,-3.51463482734396,"10709844"
634.82815,680.118444444444,10.4130425037866,7.20699206603127e-06,0.00238784277152886,-3.51487042704813,"10908521"
133.5544,293.758111111111,10.376292489336,7.39730561347958e-06,0.00238784277152886,-3.51555003873128,"10712349"
356.78305,604.434444444444,10.3706959211919,7.42677851799296e-06,0.00238784277152886,-3.51565410278529,"10872003"
393.6702,697.881333333333,10.3400562636073,7.5904821100234e-06,0.00238784277152886,-3.51622650577727,"10828364"
124.82226,96.3733,10.3295524620871,7.64752892706818e-06,0.00238784277152886,-3.51642378445182,"10887947"
-93.92935,124.755622222222,-10.319440901585,7.70289907749826e-06,0.00238784277152886,-3.51661420512438,"10711163"
1643.557,2493.43777777778,10.3176334002649,7.71284401129598e-06,0.00238784277152886,-3.51664829667727,"10930560"
138.4772,301.186222222222,10.3082066715453,7.7649436330267e-06,0.00238784277152886,-3.51682635544192,"10927728"
-222.30545,454.527777777778,-10.2623603595942,8.0240077673604e-06,0.00241246208082392,-3.51769859030869,"10868509"
530.5044,732.358333333333,10.2582915019427,8.04746303299039e-06,0.00241246208082392,-3.5177765059382,"10923270"
143.9831,226.795888888889,10.2386604460144,8.16171127300499e-06,0.00241246208082392,-3.51815359173704,"10790002"
229.7454,233.482666666667,10.2228747274426,8.25489772717329e-06,0.00241246208082392,-3.51845822065534,"10919226"
-116.6624,204.444444444444,-10.2223699400578,8.25789717540879e-06,0.00241246208082392,-3.51846798269404,"10830285"
-136.00815,340.364333333333,-10.1868883262785,8.47181656453159e-06,0.00245045197144778,-3.51915740331078,"10905078"
-176.8361,345.202777777778,-10.1041703231542,8.99502211975293e-06,0.00252248095214212,-3.520789826611,"10842344"
183.5802,235.73,10.0995846651894,9.02506757978278e-06,0.00252248095214212,-3.52088136920892,"10869253"
260.75405,364.825888888889,10.0677924300304,9.23648600096222e-06,0.00252248095214212,-3.52151909288491,"10824322"
432.37395,595.504,10.0656509417861,9.25092484385984e-06,0.00252248095214212,-3.52156224242115,"10748336"
227.4794,461.295555555556,10.063579717871,9.26491395914589e-06,0.00252248095214212,-3.52160399947255,"10826918"
-159.9621,255.992333333333,-10.0624230712451,9.27273628551228e-06,0.00252248095214212,-3.52162732809912,"10912959"
-87.1876,251.910555555556,-10.0546858443261,9.32525305782669e-06,0.00252248095214212,-3.5217835657553,"10908617"
-113.98255,187.998888888889,-10.0307605702692,9.48976382636919e-06,0.00253444112842723,-3.5222687219927,"10795093"
-115.3151,181.401444444444,-10.0231208257836,9.54297679629614e-06,0.00253444112842723,-3.52242429088274,"10705494"
185.1768,466.098,9.99993350599815,9.70653787019807e-06,0.00255465583189159,-3.52289839628664,"10760816"
91.83417,152.544766666667,9.98227018983233,9.83323807082453e-06,0.00256489479465239,-3.52326152264684,"10911925"
277.661,317.607888888889,9.95370225381413,1.00420924030335e-05,0.00259619192444442,-3.52385246118571,"10872291"
-486.7385,930.899777777778,-9.91975988316847,1.02967145243268e-05,0.00261625429444676,-3.52456046158476,"10791474"
96.7549,108.358777777778,9.91948531588629,1.02988034456554e-05,0.00261625429444676,-3.5245662150225,"10770577"
546.445,1365.64444444444,9.87506524171285,1.06430795026617e-05,0.00268040452233413,-3.52550261960147,"10733980"
513.2047,1162.78377777778,9.82577602309108,1.10402404537928e-05,0.00273734789386073,-3.52655484241106,"10918672"
696.7864,1262.01144444444,9.82224466838993,1.1069325360397e-05,0.00273734789386073,-3.52663076752235,"10927195"
208.3354,213.261111111111,9.81246941218954,1.11502840887734e-05,0.00273734789386073,-3.5268413161537,"10704505"
-175.2606,445.312,-9.79315936459047,1.131216327645e-05,0.00275394614965175,-3.52725887191423,"10836973"
81.19695,90.9998333333333,9.76690995598136,1.15364467431338e-05,0.00276759773822609,-3.52782999270394,"10938091"
-1039.827,4291.08666666667,-9.75703582467755,1.16220979938398e-05,0.00276759773822609,-3.52804588247985,"10900601"
97.80996,74.2131333333333,9.75355686334519,1.1652444779962e-05,0.00276759773822609,-3.52812208497097,"10781630"
50.66744,39.2970222222222,9.72359081648771,1.19175365594805e-05,0.00278132935056013,-3.52878144458255,"10733849"
171.51545,387.636888888889,9.70782193455716,1.20597375136637e-05,0.00278132935056013,-3.52913057942507,"10908106"
102.6455,324.772222222222,9.70632303466795,1.20733527577321e-05,0.00278132935056013,-3.52916384425872,"10760144"
262.64155,565.086777777778,9.70437421364905,1.20910805614136e-05,0.00278132935056013,-3.52920711442814,"10801960"
-185.7259,619.378555555556,-9.63281931120567,1.27625903735392e-05,0.00291286183728573,-3.53081190616246,"10914580"
-638.58325,890.197222222222,-9.58189585686493,1.32658765416828e-05,0.00300425827355598,-3.53197328838714,"10918055"
-184.704,553.625333333333,-9.53152323633419,1.37856425587267e-05,0.00308434101842237,-3.53313822171329,"10841301"
962.463499999999,2321.12555555556,9.52726137623252,1.38306522014558e-05,0.00308434101842237,-3.53323752735708,"10921850"
-83.5534499999999,167.145333333333,-9.5003170786334,1.41190423371837e-05,0.00310287816008316,-3.53386807119924,"10897698"
-487.3335,469.875333333333,-9.49645742104889,1.41609006618364e-05,0.00310287816008316,-3.53395877938369,"10766588"
-259.65125,552.102444444444,-9.48558591574413,1.42795505160809e-05,0.00310287816008316,-3.53421479904761,"10894395"
36.885345,46.5072666666667,9.48021081415466,1.43386236602734e-05,0.00310287816008316,-3.53434166574466,"10809303"
428.0163,914.145666666667,9.46240735428707,1.45362453673194e-05,0.00310681130039975,-3.53476322778133,"10839168"
-180.89745,901.764333333333,-9.45943877689155,1.45694923035109e-05,0.00310681130039975,-3.53483372251946,"10757507"
-322.39225,944.530555555556,-9.44288717900586,1.47564288557474e-05,0.0031238718303754,-3.53522784028184,"10701500"
-193.7211,621.684333333333,-9.42119427638135,1.50055035578357e-05,0.00314931383671846,-3.53574713425805,"10889113"
60.364875,57.0855333333333,9.41373659991405,1.50922139091047e-05,0.00314931383671846,-3.53592638494928,"10736863"
695.7288,1234.969,9.37513120583434,1.55501254487235e-05,0.00322185365148233,-3.53686027758896,"10923470"
-79.0617999999999,266.050222222222,-9.30305242510001,1.644722814419e-05,0.00338372762679132,-3.53863114353487,"10859438"
135.68635,297.633444444444,9.2733801095713,1.68332172496274e-05,0.00339608030459517,-3.53937062575809,"10801481"
208.8765,509.711,9.26150223341142,1.69905571145471e-05,0.00339608030459517,-3.53966837804042,"10918706"
363.1694,245.526722222222,9.25655693300551,1.70565487159087e-05,0.00339608030459517,-3.53979264020792,"10870316"
-135.65445,310.414333333333,-9.25583835386886,1.70661614598555e-05,0.00339608030459517,-3.53981071060866,"10769517"
-149.08365,381.33,-9.24593371499303,1.71992785938539e-05,0.00339608030459517,-3.5400601603223,"10744506"
-88.8198,164.905933333333,-9.24552763896339,1.72047609050484e-05,0.00339608030459517,-3.54007040229591,"10836083"
-257.36295,323.105666666667,-9.23595259784759,1.73345980723902e-05,0.00339874461803226,-3.54031224292771,"10799435"
-83.3248,263.789555555556,-9.21200120277304,1.76641980208632e-05,0.00343728202278101,-3.54092006758918,"10832927"
-50.59765,278.753555555556,-9.19440520606669,1.79108013549085e-05,0.00343728202278101,-3.54136924201938,"10804875"
-126.83125,351.610555555556,-9.18600318782286,1.80299081299752e-05,0.00343728202278101,-3.54158451261126,"10870667"
-92.3561499999999,208.421222222222,-9.18196830732844,1.80874207282465e-05,0.00343728202278101,-3.54168807399115,"10907784"
111.0021,170.711666666667,9.17972788720764,1.81194438114697e-05,0.00343728202278101,-3.54174562902659,"10833643"
-93.1872,230.457666666667,-9.1437434997244,1.86425552389903e-05,0.00351370070162493,-3.54267508358277,"10887555"
-793.2975,1716.64333333333,-9.1266668108634,1.88966870912937e-05,0.00353876805567343,-3.54311950468043,"10709157"
172.63753,110.466011111111,9.10568124846924,1.9214304109845e-05,0.00356632720826034,-3.54366862580843,"10773853"
33.013965,84.4218333333333,9.10086723124882,1.92880022901737e-05,0.00356632720826034,-3.54379505680316,"10827691"
381.24943,252.800011111111,9.08976788917189,1.94591290509582e-05,0.00357533959807983,-3.54408722337929,"10863512"
-79.11085,101.081222222222,-9.05907127033353,1.99412966472332e-05,0.00364103150157669,-3.54490009355813,"10726346"
450.01955,615.988888888889,9.0412774950144,2.02268925541396e-05,0.00367023875202878,-3.54537456988784,"10757599"
-243.6046,415.958888888889,-9.01133883634611,2.07177838382367e-05,0.00371553229810786,-3.54617838360492,"10746213"
156.7901,156.123388888889,8.99728919913727,2.09527245797089e-05,0.00371553229810786,-3.54655799040373,"10739223"
193.9871,282.346888888889,8.99605808976655,2.09734527681153e-05,0.00371553229810786,-3.54659132694705,"10781564"
99.64745,157.519555555556,8.99535855991408,2.098524095255e-05,0.00371553229810786,-3.54661027440424,"10796432"
-94.5101499999999,163.212888888889,-8.97366717372436,2.13544721557857e-05,0.00371938897452186,-3.54719970686146,"10878342"
-244.24495,605.962888888889,-8.97244393952115,2.13755091025897e-05,0.00371938897452186,-3.5472330564653,"10863489"
-180.1355,416.884777777778,-8.97147598519895,2.13921721944554e-05,0.00371938897452186,-3.54725945459975,"10754510"
328.70829,358.569533333333,8.96429271414983,2.15162845448824e-05,0.00371938897452186,-3.54745558803083,"10759989"
174.4129,399.139444444444,8.95541806354728,2.16707320379361e-05,0.0037218047418257,-3.54769846573556,"10879453"
-108.4739,326.281777777778,-8.94889432543278,2.17850554820358e-05,0.0037218047418257,-3.54787740227977,"10938897"
-110.3339,406.389111111111,-8.89988666790281,2.26657248742403e-05,0.00384974701439567,-3.54923246824434,"10750491"
127.57761,130.1608,8.88899488576722,2.28668049234941e-05,0.00386144993661825,-3.54953625131764,"10704819"
-140.6254,280.594222222222,-8.85394211606478,2.35275766462064e-05,0.00395019898932341,-3.55052046391332,"10725750"
-108.50405,259.810777777778,-8.84117330382423,2.37735526413811e-05,0.00395255191443605,-3.55088149027989,"10820067"
-267.83735,484.222777777778,-8.83918133373822,2.38121837797201e-05,0.00395255191443605,-3.55093793267883,"10810635"
-215.43055,304.201888888889,-8.8201693972507,2.41844369675751e-05,0.00397315470141738,-3.55147828929587,"10810539"
43.7805,84.56,8.81896135666516,2.42083089221706e-05,0.00397315470141738,-3.55151272564419,"10939428"
277.6907,282.729888888889,8.80688945439986,2.44483103963649e-05,0.00399012815597433,-3.55185751528756,"10774171"
-475.5955,989.700222222222,-8.79959925540908,2.45945323327555e-05,0.00399169259760622,-3.55206632326503,"10925783"
-93.2901,186.387333333333,-8.77008972719736,2.51964681524162e-05,0.0040379895025069,-3.55291611165902,"10736397"
-107.282075,102.342077777778,-8.7668073447761,2.52644322040828e-05,0.0040379895025069,-3.55301108973411,"10856863"
-185.7739,375.146222222222,-8.7455970285443,2.57085705994934e-05,0.0040379895025069,-3.55362703634178,"10710912"
174.9622,372.315777777778,8.74224801061979,2.5779491439033e-05,0.0040379895025069,-3.55372464294035,"10700806"
282.7221,443.824666666667,8.73627497817956,2.59065225892698e-05,0.0040379895025069,-3.55389896473653,"10766797"
-441.43885,719.194555555556,-8.72527667478577,2.61422598099895e-05,0.0040379895025069,-3.55422075033551,"10851219"
108.7206,189.972666666667,8.7225325920684,2.62014488408753e-05,0.0040379895025069,-3.55430119849562,"10852716"
254.30575,549.730777777778,8.71208692765952,2.64281306222556e-05,0.0040379895025069,-3.55460802902059,"10804560"
-106.6816,295.158555555556,-8.71069428199768,2.64585174656495e-05,0.0040379895025069,-3.55464900791639,"10864243"
356.62055,687.150222222222,8.70279778162924,2.66315541756936e-05,0.0040379895025069,-3.55488168248421,"10813117"
356.62055,687.150222222222,8.70279778162924,2.66315541756936e-05,0.0040379895025069,-3.55488168248421,"10813124"
-373.515,1395.00333333333,-8.69395164465389,2.68269015991261e-05,0.0040379895025069,-3.55514298287082,"10780187"
-149.4757,539.633555555556,-8.68494694541687,2.70273940801682e-05,0.0040379895025069,-3.55540966841316,"10906819"
-124.388,218.915444444444,-8.68441692235008,2.70392472066622e-05,0.0040379895025069,-3.55542538782093,"10719466"
431.7994,714.158444444444,8.68304144915629,2.70700345522556e-05,0.0040379895025069,-3.55546619304255,"10845587"
80.727225,61.8489666666667,8.68209132511227,2.70913241080082e-05,0.0040379895025069,-3.55549438940388,"10914799"
135.1552,355.382777777778,8.62132747593756,2.84924733770334e-05,0.00422527470678504,-3.55731420997549,"10895310"
164.82047,172.016322222222,8.58460205111159,2.93784277173523e-05,0.00432608159988222,-3.55843011174112,"10709951"
211.6353,248.439333333333,8.57914152389182,2.95127614921343e-05,0.00432608159988222,-3.55859707327603,"10727084"
-243.59985,571.959,-8.57278016002337,2.9670121427702e-05,0.00432608159988222,-3.55879192160631,"10896751"
707.435,1826.16555555556,8.56546542093853,2.98522227549039e-05,0.00432608159988222,-3.55901642880375,"10710409"
-169.39285,589.409888888889,-8.56304869527188,2.99126611616419e-05,0.00432608159988222,-3.55909071167558,"10741555"
-80.8765,178.785888888889,-8.54868607222926,3.02746753371602e-05,0.00435686879458029,-3.55953328206332,"10845456"
-72.4345499999999,161.298666666667,-8.52789638785701,3.08073731493002e-05,0.00440044375057682,-3.56017726780905,"10931663"
-48.31035,136.832333333333,-8.52498273852579,3.08828619049548e-05,0.00440044375057682,-3.56026784180716,"10895830"
-119.5642,332.004555555556,-8.51935133843488,3.10293493742324e-05,0.00440044375057682,-3.56044312399076,"10871435"
120.2097,263.764333333333,8.50870901404579,3.13083050789127e-05,0.00441833585989745,-3.56077518334751,"10774369"
-76.12545,160.962666666667,-8.50304177622357,3.14579947579472e-05,0.00441833585989745,-3.560952443532,"10879240"
164.703,220.932333333333,8.46939016155426,3.23634510697585e-05,0.00452376009354988,-3.56201122888299,"10708896"
63.83256,81.0829666666667,8.44173141019982,3.31294463276095e-05,0.00460877926197516,-3.56288951043379,"10894159"
-420.3675,1911.89,-8.43236529868893,3.33934015782342e-05,0.00461187123812264,-3.56318858496573,"10856712"
-423.75575,919.134111111111,-8.42975427509795,3.34674027001437e-05,0.00461187123812264,-3.56327210957603,"10934445"
471.162,398.848333333333,8.41086725248648,3.40081727354389e-05,0.00464726248257182,-3.56387825323727,"10851952"
-88.940975,117.617277777778,-8.4096837071076,3.40423828051746e-05,0.00464726248257182,-3.56391635205934,"10867142"
-100.217,243.475111111111,-8.40161984767482,3.42764904582254e-05,0.00465745763835626,-3.56417629384403,"10703930"
-191.67885,397.884,-8.39202266833485,3.4557455646041e-05,0.00465753918090119,-3.56448648937209,"10768397"
-150.866575,197.963188888889,-8.39071465566619,3.45959472258355e-05,0.00465753918090119,-3.56452883607201,"10886252"
129.6559,179.301444444444,8.37993504593675,3.49149910400454e-05,0.00467486761396211,-3.56487846292299,"10889965"
121.06996,162.265411111111,8.37558373696831,3.50447048489663e-05,0.00467486761396211,-3.56501991709463,"10778080"
415.90465,651.587111111111,8.34780816281111,3.58854735383254e-05,0.004765264654312,-3.565927264593,"10861395"
159.7758,299.948666666667,8.33607321649616,3.62474291769542e-05,0.00479154930305674,-3.56631291428168,"10739915"
42.701665,44.3579777777778,8.32759260017425,3.65115409307461e-05,0.00480472142680548,-3.56659247258103,"10720424"
362.05595,217.433555555556,8.32059964352664,3.67309368372529e-05,0.00481191743840138,-3.5668235337654,"10901166"
-138.78815,262.567777777778,-8.28977311508936,3.77157616849565e-05,0.00491887616903714,-3.56784798529697,"10851210"
-179.86505,535.509777777778,-8.27066009423447,3.83411373079797e-05,0.00496104210356272,-3.56848801517412,"10765671"
-268.056425,214.193611111111,-8.26952298768416,3.83787059425336e-05,0.00496104210356272,-3.5685262107887,"10737949"
48.050275,68.6326777777778,8.26383699724875,3.85671808430683e-05,0.00496344326497532,-3.56871740336405,"10933967"
248.648,627.386222222222,8.24111941144504,3.93305691173207e-05,0.00503456687565095,-3.56948461134074,"10850970"
48.96476,128.375855555556,8.23352736082244,3.9589430723913e-05,0.00503456687565095,-3.56974219774281,"10855599"
-392.8449,410.621666666667,-8.216610630096,4.01730874118102e-05,0.00503456687565095,-3.57031831519209,"10798420"
58.330485,54.1261,8.21569231347998,4.02050442518992e-05,0.00503456687565095,-3.5703496750281,"10757056"
-214.4444,526.154777777778,-8.20279340711816,4.06569247928149e-05,0.00503456687565095,-3.57079109812444,"10850321"
-74.5081,111.831088888889,-8.20111731273411,4.07160569072461e-05,0.00503456687565095,-3.57084858540787,"10823456"
-384.4415,935.407111111111,-8.20034708233437,4.07432625442374e-05,0.00503456687565095,-3.57087501296886,"10742507"
-117.80845,225.064888888889,-8.19630076637497,4.08865173597307e-05,0.00503456687565095,-3.57101394982318,"10851203"
-123.0443,260.825444444444,-8.19314866669735,4.09985025283164e-05,0.00503456687565095,-3.57112230203122,"10865585"
60.89974,133.284811111111,8.1921008117035,4.10358055125409e-05,0.00503456687565095,-3.57115834488854,"10890535"
41.94937,48.6937444444444,8.18808559826966,4.11790951499249e-05,0.00503456687565095,-3.57129656287588,"10781954"
-500.086,1108.43155555556,-8.18723988431217,4.12093469083469e-05,0.00503456687565095,-3.57132569712578,"10771287"
70.4886,206.124666666667,8.18303375053303,4.13601714984675e-05,0.00503456687565095,-3.57147070804953,"10800783"
-70.4693499999999,133.412088888889,-8.17474227873516,4.16592940104569e-05,0.00504993616274477,-3.57175711529751,"10791702"
-61.172875,120.825455555556,-8.16939093642323,4.18536283178636e-05,0.00505252850280193,-3.57194235181765,"10846116"
588.5273,780.948888888889,8.13645707674368,4.3072094009304e-05,0.00517822285756299,-3.57308910421087,"10731493"
50.27639,57.1167222222222,8.11980271187288,4.37032704291852e-05,0.00521322077569759,-3.57367345838913,"10790536"
260.16057,201.6581,8.11936223851706,4.3720103034364e-05,0.00521322077569759,-3.57368895419462,"10749839"
112.3103,181.791888888889,8.11107025573641,4.40383313139254e-05,0.00522982036993909,-3.57398105939975,"10879761"
-192.99925,372.843555555556,-8.10401101288907,4.43112841827547e-05,0.00524093059155869,-3.57423032943351,"10903325"
168.54251,166.777022222222,8.08362524136862,4.51101598182979e-05,0.0053055095573433,-3.57495324052264,"10819998"
-358.52025,1060.42566666667,-8.07954270660404,4.52720668350136e-05,0.0053055095573433,-3.5750985631891,"10787281"
-595.8266,903.444777777778,-8.0762752626598,4.54021150590753e-05,0.0053055095573433,-3.57521500435304,"10875145"
142.3798,320.803111111111,8.06801268374814,4.57328364469402e-05,0.00532286487633829,-3.57550998318725,"10825702"
-170.784125,140.483144444444,-8.05357076041515,4.63173592191148e-05,0.00534341774633551,-3.5760273887825,"10875581"
1549.2428,1899.51955555556,8.05190828466751,4.6385178764742e-05,0.00534341774633551,-3.57608709883119,"10930564"
-251.4418,413.414888888889,-8.04188987230629,4.67962222357431e-05,0.00534341774633551,-3.57644757761893,"10775647"
-97.2256,242.446222222222,-8.03965998607329,4.68882628494279e-05,0.00534341774633551,-3.57652796548445,"10757140"
-833.911999999999,2286.96444444444,-8.03730681394012,4.69856109384778e-05,0.00534341774633551,-3.57661285833415,"10835449"
-376.5611,866.076111111111,-8.03422479401256,4.71134513322157e-05,0.00534341774633551,-3.57672413910702,"10731668"
912.7704,1266.79033333333,8.03228605441239,4.71940676181991e-05,0.00534341774633551,-3.57679419480972,"10897760"
65.03806,79.1812444444444,8.02800394417864,4.73726705107448e-05,0.00534341774633551,-3.57694907733737,"10757119"
59.996245,53.3123777777778,8.02218384727316,4.76166296354446e-05,0.00534861705662096,-3.57715991975464,"10887359"
-749.00275,1349.27188888889,-8.01616306847142,4.78704742046146e-05,0.00534861705662096,-3.57737843489429,"10775484"
143.81499,136.700533333333,8.0138589477553,4.7968017691336e-05,0.00534861705662096,-3.577462168051,"10812214"
161.44225,416.855111111111,7.99378368300318,4.88273209674677e-05,0.0054237313868578,-3.57819426739771,"10718777"
253.85925,520.072333333333,7.97909266993113,4.94670209729681e-05,0.00543340457452825,-3.57873293059668,"10847957"
530.82325,798.744444444444,7.97901229452989,4.94705463841873e-05,0.00543340457452825,-3.57873588446259,"10761253"
-93.38605,93.9192888888889,-7.97897087699519,4.9472363141799e-05,0.00543340457452825,-3.57873740662199,"10837769"
1283.131,2070.67444444444,7.96506951790545,5.00863576167903e-05,0.00547546673985989,-3.57924941897913,"10788666"
-68.55705,149.085,-7.96083894212678,5.0274894186895e-05,0.00547546673985989,-3.57940568135218,"10763897"
-256.75125,982.508333333333,-7.9576478932715,5.04176269262104e-05,0.00547546673985989,-3.57952368433005,"10869267"
177.61175,301.022555555556,7.9131336844413,5.2456491378302e-05,0.00567579236713228,-3.58118216221941,"10821769"
-139.6811,472.606111111111,-7.9085395179508,5.26720900037073e-05,0.00567809017479079,-3.58135465166487,"10872069"
40.472283,32.6039733333333,7.86030656630089,5.49961473856554e-05,0.00590682885928139,-3.58318071178735,"10832487"
68.24132,91.2281555555556,7.84071201966116,5.59727186570537e-05,0.00598969598112515,-3.58393051756205,"10804177"
-686.000975,554.127877777778,-7.82723902595566,5.66553955907787e-05,0.00601647688322534,-3.58444877701039,"10754371"
122.1915,290.216333333333,7.81977801768686,5.70374293018075e-05,0.00601647688322534,-3.58473672828541,"10804402"
39.84447,59.5217333333333,7.81956345996023,5.70484578592874e-05,0.00601647688322534,-3.5847450190257,"10863373"
240.35875,374.045111111111,7.81840951444027,5.71078129491623e-05,0.00601647688322534,-3.58478961838092,"10743783"
217.7547,717.596666666667,7.80628664049985,5.77355447561905e-05,0.00601647688322534,-3.58525914756037,"10883726"
146.49145,389.281111111111,7.79319275527723,5.84221979383348e-05,0.00601647688322534,-3.58576831631797,"10707386"
-209.87025,1095.06233333333,-7.79130549085742,5.85219148865459e-05,0.00601647688322534,-3.58584187905379,"10817383"
-114.29415,254.246,-7.78929681211555,5.86282551373046e-05,0.00601647688322534,-3.58592022276846,"10851407"
-65.9444999999999,173.202333333333,-7.78847140141952,5.86720150405371e-05,0.00601647688322534,-3.58595243042654,"10879170"
-51.836425,124.335788888889,-7.78844535807829,5.86733963435933e-05,0.00601647688322534,-3.58595344677927,"10935873"
124.98712,175.436711111111,7.78717968441335,5.87405695802644e-05,0.00601647688322534,-3.58600285037609,"10911346"
128.0147,108.496722222222,7.78705155400042,5.87473746295921e-05,0.00601647688322534,-3.58600785285371,"10938209"
284.3747,515.896555555556,7.78353670991339,5.89343917956228e-05,0.00601647688322534,-3.58614515908367,"10837366"
-33.45088,64.3416222222222,-7.78031841341419,5.9106211593266e-05,0.00601647688322534,-3.58627101529182,"10778058"
55.907925,44.7954666666667,7.77153502878868,5.95779867196643e-05,0.00602376474975199,-3.5866151581586,"10929725"
-113.62125,242.074666666667,-7.7670669821775,5.98195825538884e-05,0.00602376474975199,-3.58679059034036,"10812698"
-113.62125,242.074666666667,-7.7670669821775,5.98195825538884e-05,0.00602376474975199,-3.58679059034036,"10939090"
60.13486,88.6712444444444,7.76320692580453,6.00291812967289e-05,0.00602376474975199,-3.5869423514165,"10818894"
89.97291,119.0198,7.75894164816208,6.02617343851419e-05,0.00602376474975199,-3.58711026098244,"10904559"
116.8579,262.519444444444,7.75594641201277,6.04256410383051e-05,0.00602376474975199,-3.58722830961514,"10922553"
56.42529,85.0533666666667,7.75238512846804,6.06211691800879e-05,0.00602376474975199,-3.58736881394519,"10812645"
437.0549,918.364222222222,7.73666938666894,6.14924746096755e-05,0.00604185011951252,-3.58799075883549,"10709799"
-309.1237,468.578888888889,-7.73527124342583,6.15706624534316e-05,0.00604185011951252,-3.58804624091137,"10770543"
62.78741,124.412355555556,7.73251121606285,6.17253354127685e-05,0.00604185011951252,-3.58815583884762,"10845378"
485.11775,423.164888888889,7.73144521718693,6.17851900989979e-05,0.00604185011951252,-3.58819819443463,"10895406"
42.22911,65.2855333333333,7.73051911929144,6.18372419296996e-05,0.00604185011951252,-3.58823500299575,"10908414"
341.2355,553.490222222222,7.72447413628097,6.21782046954908e-05,0.00604306914811987,-3.58847553344422,"10771406"
56.946465,78.2049,7.72296894331195,6.22634289581735e-05,0.00604306914811987,-3.58853549740366,"10731416"
-107.97275,270.982111111111,-7.71053325098505,6.29725341680942e-05,0.00609165434830035,-3.58903201535942,"10909691"
-181.7887,159.650622222222,-7.70467735889539,6.33095560327078e-05,0.00610404412521295,-3.58926650666977,"10869474"
40.692775,51.5399777777778,7.67288018800516,6.51749652688464e-05,0.00626322840580289,-3.59054747848315,"10814365"
98.59198,75.7986777777778,7.65812497153025,6.6061302401028e-05,0.00632046790140542,-3.59114634988247,"10767243"
-410.05855,434.248555555556,-7.65352063259454,6.63406213369009e-05,0.00632046790140542,-3.59133380767175,"10759427"
-830.948,2762.84777777778,-7.65222183001586,6.64196496793135e-05,0.00632046790140542,-3.59138673631388,"10918820"
57.4997500000001,309.685444444444,7.64573142653434,6.68161444774768e-05,0.00633755469079548,-3.59165156343543,"10821587"
227.95895,617.644888888889,7.62229146331564,6.82701590764871e-05,0.00645451270958089,-3.59261259399904,"10784702"
565.05515,838.575222222222,7.61039582983979,6.90215009589273e-05,0.00650449719036807,-3.59310309015419,"10782247"
63.3759,196.302666666667,7.60047932757996,6.96548719632051e-05,0.00654307855155329,-3.5935134190555,"10880122"
476.0611,964.829111111111,7.59171896281771,7.0219781532219e-05,0.00654896654379524,-3.59387700171517,"10812148"
247.30111,253.375744444444,7.59057299671314,7.02940549989291e-05,0.00654896654379524,-3.59392463893829,"10820577"
-369.5158,746.006555555556,-7.58909357991203,7.03900696498838e-05,0.00654896654379524,-3.5939861635881,"10855785"
-93.3413999999999,408.493333333333,-7.58473989533299,7.06734725900323e-05,0.0065537811091732,-3.59416739119129,"10847754"
108.70985,218.553888888889,7.58141911533524,7.08904919045229e-05,0.0065537811091732,-3.59430579415465,"10740853"
-62.25995,236.731111111111,-7.56706371080589,7.18372113654692e-05,0.00662035423605936,-3.59490580730947,"10824943"
-91.4918999999999,199.092333333333,-7.5555182422231,7.26088262916299e-05,0.00665737961673354,-3.59539039758967,"10792762"
79.89975,272.908,7.55424120581635,7.26947387464229e-05,0.00665737961673354,-3.59544410903156,"10918169"
264.8,444.218888888889,7.54703067471807,7.31819526093981e-05,0.00666126354442563,-3.59574779684619,"10937523"
48.11742,85.0086,7.54573711922744,7.32697414600935e-05,0.00666126354442563,-3.59580235289166,"10717801"
-391.884,936.979333333333,-7.54350948539724,7.34211974157956e-05,0.00666126354442563,-3.59589635751778,"10754116"
151.3182,377.715333333333,7.53982797875106,7.36722653994145e-05,0.00666334848723993,-3.59605186332628,"10708834"
-161.7961,422.885222222222,-7.53195147432235,7.42126328512497e-05,0.00668472104417469,-3.59638518826995,"10837832"
63.4563,95.0925,7.52972459709678,7.43662059066466e-05,0.00668472104417469,-3.59647958165354,"10912112"
672.4938,1198.56733333333,7.51633484079972,7.52970935567245e-05,0.00674763586247285,-3.5970485893078,"10772705"
-258.24725,697.027444444444,-7.51020422490692,7.57276272674647e-05,0.00676546453514286,-3.59730994070544,"10779726"
102.86858,158.765788888889,7.49688295160789,7.66726062358806e-05,0.00681963801834415,-3.59787963079501,"10776608"
178.544,497.056888888889,7.49508877134525,7.68008799902522e-05,0.00681963801834415,-3.59795654833168,"10884931"
-115.8505,328.184888888889,-7.48424476529627,7.75812631267476e-05,0.00685071938566557,-3.59842239367973,"10737075"
-57.54045,250.306666666667,-7.48198340075013,7.7745109676314e-05,0.00685071938566557,-3.598519746433,"10822324"
140.97905,203.513555555556,7.48047776434085,7.7854413501779e-05,0.00685071938566557,-3.59858460449931,"10807625"
89.01466,97.5849111111111,7.47633545475617,7.81560130883234e-05,0.00685660590499183,-3.59876320625575,"10900782"
-54.1702,111.741155555556,-7.46964931748157,7.86455720287619e-05,0.0068726671462588,-3.59905199764096,"10888960"
324.8509,934.679777777778,7.46446553924,7.90274749198966e-05,0.0068726671462588,-3.59927633161631,"10885045"
-101.2739,218.976777777778,-7.46385795839469,7.90723718698969e-05,0.0068726671462588,-3.5993026501993,"10795335"
27.632595,43.6635333333333,7.46105180781989,7.92800995512157e-05,0.0068726671462588,-3.5994242718946,"10908814"
49.856695,76.2680111111111,7.4546781166842,7.97541752135792e-05,0.00689330909671451,-3.59970092854676,"10846872"
508.6533,751.008333333333,7.44802807627806,8.02521679815005e-05,0.00691589036994559,-3.59999019422198,"10831077"
-143.93495,473.796111111111,-7.43737668461769,8.10570235239757e-05,0.00695031868664153,-3.60045482224012,"10814259"
63.84207,103.820933333333,7.43644965893071,8.11274961369467e-05,0.00695031868664153,-3.60049533684865,"10841412"
-165.25165,368.496222222222,-7.4291598030985,8.16840517304857e-05,0.00696653604289284,-3.60081435977476,"10919187"
171.35875,350.885444444444,7.42411977329608,8.20713222320283e-05,0.00696653604289284,-3.60103536935644,"10936475"
-473.7186,768.204,-7.42344440960625,8.21233713548084e-05,0.00696653604289284,-3.60106501230779,"10934154"
-127.08535,334.122222222222,-7.41982385919092,8.24030273590241e-05,0.00696653604289284,-3.6012240365874,"10866788"
67.9797,280.08,7.41652818282416,8.2658510297814e-05,0.00696653604289284,-3.6013689553626,"10709860"
-243.0046,687.030555555556,-7.41391887200029,8.28614103291388e-05,0.00696653604289284,-3.6014838038943,"10793734"
-776.954499999999,1843.30888888889,-7.41200271349423,8.30107633968773e-05,0.00696653604289284,-3.60156820587784,"10900545"
269.96735,519.654888888889,7.40926695366449,8.32245183463272e-05,0.00696653604289284,-3.60168880102845,"10797597"
286.84735,554.716111111111,7.40236104414505,8.37668291168218e-05,0.00699189755948238,-3.60199370168243,"10714338"
484.737,917.186666666667,7.39495111079498,8.43530926532858e-05,0.00702077278852732,-3.60232162334125,"10804889"
-52.32128,64.4676777777778,-7.38723431336981,8.49684871002012e-05,0.00705190165382181,-3.60266397271616,"10932037"
918.137,1576.05888888889,7.38114086572228,8.5457950213564e-05,0.00707243217433162,-3.60293491636128,"10742388"
121.71367,162.778544444444,7.37419086059405,8.60200465784925e-05,0.00709884079306237,-3.60324460867786,"10887665"
-140.9651,247.268444444444,-7.36558165315109,8.67220399885046e-05,0.00712414371199012,-3.6036292162481,"10773683"
106.032357,78.54251,7.36218359889052,8.70008673557283e-05,0.00712414371199012,-3.60378132049475,"10841416"
245.40705,800.248,7.35924822552247,8.72425316600746e-05,0.00712414371199012,-3.60391285095133,"10912598"
-115.2714,270.236666666667,-7.3580502712783,8.7341371481367e-05,0.00712414371199012,-3.60396656627641,"10931435"
-87.8400999999999,227.086555555556,-7.3555754401649,8.75459571645257e-05,0.00712414371199012,-3.60407760277125,"10898959"
-78.8366499999999,222.047888888889,-7.33848876673208,8.89730707130406e-05,0.00715125040682392,-3.60484668976893,"10706820"
-117.52595,380.490444444444,-7.33829948935425,8.89890236398768e-05,0.00715125040682392,-3.60485523356168,"10729124"
76.892785,60.2128111111111,7.33584618339317,8.91960842876136e-05,0.00715125040682392,-3.60496602154841,"10719437"
58.067745,75.1470666666667,7.33445038171194,8.9314129800239e-05,0.00715125040682392,-3.60502909402939,"10731136"
-110.98975,351.173222222222,-7.33376065063654,8.93725257064367e-05,0.00715125040682392,-3.60506027180607,"10803911"
102.24342,112.1681,7.33328473867664,8.9412843409255e-05,0.00715125040682392,-3.60508178848989,"10880493"
96.1954000000001,201.329111111111,7.32903244201373,8.97739825065433e-05,0.00715125040682392,-3.60527419091257,"10833929"
262.9281,771.343333333333,7.32424050664931,9.01828958309269e-05,0.00715125040682392,-3.60549133353297,"10863866"
-104.82775,201.445888888889,-7.31995767062061,9.05501179653263e-05,0.00715125040682392,-3.60568569721172,"10907806"
32.051293,28.6365011111111,7.31676390637907,9.08250416615043e-05,0.00715125040682392,-3.60583081539489,"10931537"
247.2701,389.146222222222,7.31569705023529,9.09170846964226e-05,0.00715125040682392,-3.60587932524772,"10750460"
-301.3123,260.884422222222,-7.31529523705015,9.09517780031252e-05,0.00715125040682392,-3.60589760008302,"10765740"
211.95295,440.816111111111,7.31402775281414,9.10613114033854e-05,0.00715125040682392,-3.60595526231267,"10820010"
842.4774,574.518,7.30231466062857,9.20804979992683e-05,0.00718040586044102,-3.60648927409931,"10761047"
64.84305,109.414333333333,7.30173908900402,9.21309056961706e-05,0.00718040586044102,-3.6065155682577,"10901403"
-169.1733,566.293666666667,-7.3012937905909,9.21699252983289e-05,0.00718040586044102,-3.6065359145018,"10897194"
-133.8344,337.799444444444,-7.29195473376975,9.29925126437831e-05,0.00722522144780712,-3.60696331802388,"10732465"
141.1007,399.792222222222,7.28685884774364,9.34447974912145e-05,0.00724110428092398,-3.607197088926,"10865685"
34.85745,129.219,7.28203078941902,9.38755670661957e-05,0.00725524025468741,-3.60741893702647,"10900579"
-246.733,451.111888888889,-7.2730673424509,9.46811674193527e-05,0.00729819426118461,-3.60783174587619,"10832715"
234.5504,628.797222222222,7.26307813463902,9.55880209123857e-05,0.00734386985249187,-3.60829324113213,"10810885"
-150.34225,372.636222222222,-7.26101530417527,9.57764911959815e-05,0.00734386985249187,-3.60838873297101,"10777972"
70.42635,84.545,7.25459975540866,9.63652907101627e-05,0.0073696743528971,-3.60868613684613,"10934532"
135.08705,249.610888888889,7.24318090946805,9.74232519004161e-05,0.00737523714028416,-3.60921704459969,"10725404"
-237.8776,656.384222222222,-7.23932130498768,9.77837585773803e-05,0.00737523714028416,-3.60939694823065,"10931382"
-977.8785,2122.05333333333,-7.2385742897154,9.78537046297289e-05,0.00737523714028416,-3.60943179468012,"10805652"
429.9542,941.436555555556,7.23502170822373,9.81871087237976e-05,0.00737523714028416,-3.6095976322879,"10812150"
124.4362,279.020777777778,7.23404569391505,9.82789269293496e-05,0.00737523714028416,-3.60964322774629,"10836556"
234.1542,570.021333333333,7.23359053133246,9.83217787985666e-05,0.00737523714028416,-3.60966449616174,"10756418"
-59.32435,248.591222222222,-7.23003316173962,9.86574078580063e-05,0.00737523714028416,-3.60983083241717,"10887952"
-128.11095,313.072,-7.22978668097004,9.86807098128673e-05,0.00737523714028416,-3.60984236469926,"10842742"
89.7953,211.840222222222,7.22570041556687,9.90679119282689e-05,0.00737523714028416,-3.61003368952874,"10824439"
-245.76365,586.020111111111,-7.2247430653908,9.91588713450372e-05,0.00737523714028416,-3.61007855160763,"10893759"
-71.28865,245.783555555556,-7.22415236958915,9.92150406014812e-05,0.00737523714028416,-3.61010623913337,"10912006"
-1433.62125,1177.997,-7.21841644226858,9.97623115266436e-05,0.0073811542519577,-3.61037538054131,"10813563"
35.743335,46.3442666666667,7.21776574785986,9.98246064491169e-05,0.0073811542519577,-3.61040594486972,"10932570"
-310.205,986.713111111111,-7.21363059446389,0.000100221500980997,0.0073811542519577,-3.61060033533777,"10822665"
-536.83575,928.920333333333,-7.20807685023725,0.00010075731331927,0.0073811542519577,-3.61086183368419,"10861066"
-421.4398,830.386222222222,-7.20488879184913,0.000101066326757342,0.0073811542519577,-3.6110121620101,"10917236"
-853.289,1050.46244444444,-7.20342641964292,0.000101208424218886,0.0073811542519577,-3.61108117145105,"10772986"
-33.44649,82.7600333333333,-7.20178032677827,0.000101368639190297,0.0073811542519577,-3.6111588908759,"10833470"
51.9103,111.749944444444,7.19989622430872,0.000101552365574803,0.0073811542519577,-3.61124790008448,"10894618"
276.5142,875.432,7.19746713850407,0.000101789781489801,0.0073811542519577,-3.61136273794726,"10862361"
-70.2837,136.3174,-7.19714593705946,0.000101821221453377,0.0073811542519577,-3.61137793007414,"10850903"
-225.17375,419.711777777778,-7.19313860439551,0.00010221437675058,0.00739131386730555,-3.61156760483335,"10826002"
491.79095,301.827555555556,7.18171944019742,0.000103343977601779,0.00745454558434165,-3.61210948686246,"10704956"
42.13735,45.2183111111111,7.16610334557829,0.000104911253485844,0.00752859801059506,-3.61285387700848,"10745677"
258.69525,352.611666666667,7.16551779421779,0.000104970532362444,0.00752859801059506,-3.61288186467237,"10850530"
-36.276925,116.099122222222,-7.16026365032512,0.000105504108337478,0.00752859801059506,-3.61313324254972,"10787472"
223.57105,428.298111111111,7.16012075458429,0.000105518661890866,0.00752859801059506,-3.61314008537848,"10765100"
49.43501,91.2798555555556,7.15672248726364,0.00010586542421438,0.00752859801059506,-3.61330291401554,"10903590"
-40.52409,56.4385333333333,-7.15621992701111,0.000105916813252364,0.00752859801059506,-3.61332700998016,"10846940"
-70.73865,136.4382,-7.1514391102177,0.000106407060770061,0.00754508707120526,-3.61355643546311,"10874561"
-95.9168999999999,266.433666666667,-7.14457186090277,0.000107115676106823,0.00757694276461192,-3.61388662841468,"10927809"
-121.97595,338.185666666667,-7.1173047569365,0.000109981470307097,0.00774333698364822,-3.61520520492208,"10808014"
-56.3378,138.985777777778,-7.1171487279027,0.000109998112145342,0.00774333698364822,-3.6152127848379,"10782471"
906.940500000001,3002.79666666667,7.10882442371814,0.00011089003752188,0.00775872148475608,-3.61561775618899,"10878709"
105.96618,168.4084,7.10685868877419,0.000111101830470854,0.00775872148475608,-3.6157135528493,"10918288"
-197.82515,304.098111111111,-7.10324755568743,0.000111492073852267,0.00775872148475608,-3.61588969979094,"10860111"
91.83568,157.014677777778,7.10134764961145,0.00011169800129532,0.00775872148475608,-3.61598246074206,"10718001"
130.5206,208.345555555556,7.10125184456542,0.0001117083966121,0.00775872148475608,-3.61598713989072,"10714645"
-97.0071000000001,342.081333333333,-7.09892475804956,0.000111961227091053,0.00775872148475608,-3.61610084174538,"10768874"
622.074,1052.91333333333,7.09787274781145,0.000112075733092595,0.00775872148475608,-3.61615227230195,"10717409"
-118.88685,530.588,-7.09304753342743,0.000112602601742548,0.00777676692034706,-3.61638839965854,"10850478"
331.00255,640.067444444444,7.08576406743773,0.00011340310431307,0.00781358087123121,-3.61674554973915,"10917703"
-71.164975,126.237922222222,-7.08253308717486,0.000113760232322472,0.00781974453427932,-3.61690426323032,"10863926"
98.57389,132.706477777778,7.07559850463276,0.000114530951571791,0.00783364727733806,-3.61724548898439,"10736238"
259.70562,204.2936,7.07445990114078,0.000114658050713639,0.00783364727733806,-3.61730159161657,"10785895"
141.31067,114.491822222222,7.07264669642858,0.000114860777049975,0.00783364727733806,-3.61739097835837,"10766463"
-265.4945,344.255444444444,-7.07109059573895,0.000115035075031767,0.00783364727733806,-3.61746773394832,"10714537"
-246.299475,236.466166666667,-7.06863396220861,0.000115310839161588,0.00783416477968987,-3.61758899066011,"10933349"
114.71698,142.413344444444,7.06001368258092,0.000116284311209177,0.00787759501618202,-3.61801527190006,"10835624"
272.7146,710.593888888889,7.05820788420512,0.000116489390257775,0.00787759501618202,-3.61810472718442,"10778386"
706.2096,1078.95633333333,7.05268702956141,0.000117118871127426,0.00788536263024102,-3.61837855579782,"10787817"
145.2371,205.893222222222,7.05246655346599,0.000117144087818327,0.00788536263024102,-3.61838950175749,"10912218"
-241.25425,971.529888888889,-7.04533616909218,0.00011796287517227,0.00790651833079825,-3.61874394210687,"10773160"
125.41972,131.290877777778,7.04377275517902,0.000118143251035948,0.00790651833079825,-3.61882177089335,"10912861"
385.96855,669.253777777778,7.04267315337355,0.000118270298848457,0.00790651833079825,-3.61887653508045,"10913835"
33.81153,45.0906666666667,7.03828195071064,0.000118779171825269,0.00791022909129638,-3.61909543554811,"10741598"
-190.698,345.227333333333,-7.03752321672602,0.00011886734343394,0.00791022909129638,-3.61913329111765,"10761917"
83.3122,165.087444444444,7.02435214993163,0.00012040957243995,0.00799464829377431,-3.61979198250721,"10764852"
-161.69465,381.406111111111,-7.01896282716385,0.00012104701189589,0.00801874695130732,-3.6200623504944,"10721126"
-142.5615,349.540333333333,-7.00965902418701,0.00012215628153063,0.00804043123555473,-3.62053025732212,"10912614"
84.91086,147.7603,7.00894799203793,0.000122241519060704,0.00804043123555473,-3.6205660770915,"10752758"
444.3718,382.848777777778,7.00777568214093,0.000122382198081873,0.00804043123555473,-3.6206251535175,"10930411"
-189.928,344.243555555556,-7.00484689165459,0.000122734443318399,0.00804043123555473,-3.62077284693874,"10731421"
128.22177,156.502433333333,7.00471382904518,0.000122750473439358,0.00804043123555473,-3.62077956051072,"10903459"
59.42182,55.8561777777778,7.00058709829207,0.000123248778098376,0.00805501074578514,-3.62098792157887,"10805509"
-146.51575,208.347288888889,-6.97987616554626,0.000125783777894048,0.00820233769508195,-3.62203803437545,"10882248"
-332.2759,431.065222222222,-6.97029031816797,0.000126976620493705,0.00825176675662292,-3.62252656774495,"10826451"
44.64302,91.6073222222222,6.96896124553135,0.000127142996049795,0.00825176675662292,-3.62259442802384,"10785776"
-242.022225,263.693166666667,-6.96477043836347,0.000127669194274341,0.00825176675662292,-3.62280860416187,"10785928"
331.06055,308.965222222222,6.96475119962124,0.000127671615458122,0.00825176675662292,-3.62280958808256,"10800140"
147.0855,238.798333333333,6.9587999019788,0.000128423033881538,0.00828200995985709,-3.62311426178684,"10917358"
103.12532,175.272655555556,6.95000037570696,0.000129543080934821,0.00830013004768376,-3.6235658781884,"10870733"
-105.7321,223.334555555556,-6.94846370668416,0.000129739785172591,0.00830013004768376,-3.62364488283201,"10931341"
-503.13225,1245.16166666667,-6.94819446271464,0.000129774284365366,0.00830013004768376,-3.62365872969636,"10777209"
244.21385,386.888888888889,6.94753831868058,0.000129858401080586,0.00830013004768376,-3.623692479627,"10766756"
-51.2781,95.1797333333333,-6.9454650977201,0.00013012458279726,0.00830013004768376,-3.62379916886254,"10863246"
749.2959,1301.622,6.93980799815462,0.000130853984787096,0.0083284712670375,-3.62409066927048,"10869264"
-204.49585,379.340555555556,-6.93297909607027,0.000131740523299813,0.00836666879930598,-3.62444329802053,"10784253"
116.94376,157.413244444444,6.930354667052,0.000132083001534629,0.00836938127388097,-3.62457903541363,"10905605"
-140.2225,311.497888888889,-6.92710318774279,0.000132508678148776,0.00836938127388097,-3.62474737243112,"10857696"
90.5922,248.896,6.9260819562944,0.000132642689457345,0.00836938127388097,-3.62480028250926,"10887901"
63.300505,77.2757777777778,6.92277792114156,0.000133077293359729,0.00836955754051888,-3.62497159082961,"10907834"
150.74225,339.869555555556,6.92170724694744,0.000133218465678828,0.00836955754051888,-3.62502714470562,"10927992"
-491.7035,1167.67111111111,-6.91904582262689,0.000133570104543737,0.00837050546553861,-3.62516532527688,"10922286"
-66.8286499999999,271.475777777778,-6.91726023371244,0.00013380660136943,0.00837050546553861,-3.62525810285653,"10853728"
111.09346,154.581411111111,6.91447896463873,0.000134175899393046,0.00837567248903515,-3.62540272746597,"10804541"
153.96261,199.626466666667,6.90920260034199,0.000134879608359409,0.0083941682944448,-3.62567747250366,"10875532"
-730.7215,3262.48888888889,-6.90795301605862,0.00013504686446187,0.0083941682944448,-3.62574261183323,"10756546"
92.05427,71.5114888888889,6.90534413560753,0.000135396803644274,0.00839438335057249,-3.62587869906645,"10765534"
260.6311,426.444444444444,6.90364685422775,0.000135625006554057,0.00839438335057249,-3.62596729946553,"10935378"
-175.95945,428,-6.89358487616862,0.00013698665284589,0.00844989478258689,-3.62649360247613,"10761311"
-274.2448,484.277222222222,-6.88994182523608,0.000137483385439327,0.00844989478258689,-3.62668460206604,"10773340"
-235.3767,425.832333333333,-6.88925074974391,0.000137577839343913,0.00844989478258689,-3.62672086089126,"10708230"
-101.5746,282.315333333333,-6.88851228547634,0.000137678849747086,0.00844989478258689,-3.62675961552505,"10758050"
-215.29375,589.498888888889,-6.88513479166316,0.000138141887960297,0.00845920862454285,-3.62693699106302,"10936856"
-62.4645,177.468,-6.88318685784578,0.000138409725560741,0.00845920862454285,-3.62703938353233,"10872114"
-226.7206,562.155888888889,-6.87628109432882,0.00013936390719191,0.00849974360063564,-3.62740293171514,"10875218"
197.09685,478.841,6.87164442933596,0.000140008656588861,0.00852127686163953,-3.62764750664156,"10795957"
52.61991,84.1819666666667,6.86728690146029,0.000140617607428735,0.00853340563690524,-3.62787771106887,"10860457"
-213.3533,267.186111111111,-6.86462761348862,0.00014099067761325,0.00853340563690524,-3.62801836749731,"10862798"
-268.52335,922.018888888889,-6.8624364831051,0.000141298895160246,0.00853340563690524,-3.62813435801488,"10831452"
-168.3254,564.257111111111,-6.86057573819739,0.000141561225519603,0.00853340563690524,-3.62823292737352,"10794769"
76.86394,110.034311111111,6.85981636941159,0.000141668437526496,0.00853340563690524,-3.62827317148839,"10907825"
-121.9802,357.640777777778,-6.85575048772089,0.000142244015920025,0.00855044584585931,-3.62848882809382,"10882126"
-289.31525,1141.02144444444,-6.84941358149655,0.000143146265280949,0.00858701230783912,-3.62882553975861,"10898179"
-68.2029,162.861,-6.84332165062837,0.000144019621985182,0.00861626780303407,-3.6291499238543,"10780924"
26.1885,28.3475333333333,6.84190314931121,0.000144223829522957,0.00861626780303407,-3.62922555359855,"10700926"
-204.8545,1056.40155555556,-6.8257216174782,0.000146576187351722,0.00873742848887818,-3.63009090476317,"10858672"
310.196,538.883888888889,6.82152927453898,0.000147192558621138,0.00873742848887818,-3.63031588561298,"10797013"
310.196,538.883888888889,6.82152927453898,0.000147192558621138,0.00873742848887818,-3.63031588561298,"10932228"
-128.9976,414.393333333333,-6.81749798995612,0.000147787962202961,0.00873742848887818,-3.63053252864028,"10751450"
111.33811,149.007744444444,6.81717870929168,0.000147835232608051,0.00873742848887818,-3.63054969973371,"10780763"
113.5438,272.968111111111,6.81575389142247,0.000148046385363001,0.00873742848887818,-3.63062635017181,"10821072"
165.79455,384.770666666667,6.8108863447291,0.000148770264370374,0.0087624485953954,-3.63088849082704,"10798108"
129.1281,212.875666666667,6.80604659016605,0.000149493903243812,0.00876800186962868,-3.63114956938675,"10766758"
-30.37255,103.513888888889,-6.80135720719023,0.000150198783063346,0.00876800186962868,-3.6314029504591,"10855469"
-1642.50175,1332.32722222222,-6.8010009196898,0.000150252488492517,0.00876800186962868,-3.63142221840266,"10907738"
-44.635,167.300222222222,-6.79987310434506,0.000150422631526871,0.00876800186962868,-3.63148322594054,"10783062"
-471.80235,582.476666666667,-6.79976442514733,0.000150439038229667,0.00876800186962868,-3.63148910603319,"10924719"
787.8526,1338.00411111111,6.79794380986786,0.000150714181767623,0.00876800186962868,-3.6315876431573,"10823933"
-85.35515,189.294777777778,-6.79544944377253,0.000151092053302805,0.00876800186962868,-3.63172274581227,"10879227"
76.23119,85.1895888888889,6.79430622889322,0.000151265589864204,0.00876800186962868,-3.63178470461551,"10934113"
154.18375,361.931111111111,6.78302356874868,0.00015299016649189,0.00883536634930376,-3.63239749879736,"10721050"
85.31682,147.967766666667,6.78123321458797,0.000153265824276238,0.00883536634930376,-3.63249495695323,"10865819"
-113.8245,180.428133333333,-6.77733117678313,0.000153868524264596,0.00883536634930376,-3.6327075730149,"10939361"
-313.69585,680.275222222222,-6.77461418282499,0.000154289736661058,0.00883536634930376,-3.6328557865716,"10777034"
391.91072,266.323822222222,6.77213459929794,0.00015467525944149,0.00883536634930376,-3.63299117029573,"10828575"
-96.492075,149.251433333333,-6.76514302976976,0.000155768063470297,0.00883536634930376,-3.63337352875852,"10816712"
-148.25495,835.783111111111,-6.76152244254221,0.000156337334196207,0.00883536634930376,-3.63357189546052,"10868309"
-2559.03795,1984.2418,-6.76088001244672,0.000156438585226037,0.00883536634930376,-3.6336071191288,"10822285"
-69.30484,64.4771888888889,-6.75804533285292,0.000156886217430907,0.00883536634930376,-3.63376263435468,"10861327"
367.0585,991.171111111111,6.75773086233973,0.000156935963782279,0.00883536634930376,-3.63377989609374,"10803843"
-338.0192,524.732444444444,-6.75722429239222,0.00015701613527655,0.00883536634930376,-3.63380770638234,"10856724"
38.17401,75.4652666666667,6.75534763168329,0.000157313537908077,0.00883536634930376,-3.63391077589999,"10758206"
186.39911,169.258688888889,6.75274337481394,0.00015772728090402,0.00883536634930376,-3.63405391681128,"10804463"
-223.58725,303.587888888889,-6.75200466283545,0.00015784486090812,0.00883536634930376,-3.63409454293595,"10940658"
198.654,266.045666666667,6.75142109785223,0.000157937815024481,0.00883536634930376,-3.63412664393116,"10703905"
1475.9429,1192.05922222222,6.75015883806627,0.000158139083809037,0.00883536634930376,-3.63419610096832,"10757715"
233.8717,364.112777777778,6.74818593060707,0.000158454235896886,0.00883536634930376,-3.63430472265177,"10791700"
32.5461,162.177333333333,6.74788435079303,0.000158502471547761,0.00883536634930376,-3.63432133314168,"10763091"
-250.25175,1073.849,-6.74716401273149,0.000158617750627879,0.00883536634930376,-3.63436101509914,"10810299"
36.70261,52.0544111111111,6.74585122065583,0.000158828082004515,0.00883536634930376,-3.63443335950968,"10934676"
121.4909,262.079555555556,6.74449015753705,0.000159046473679568,0.00883536634930376,-3.63450839861152,"10718474"
-390.1725,885.831,-6.74427296275408,0.000159081354820763,0.00883536634930376,-3.63452037640991,"10857546"
240.26785,296.670111111111,6.73784450877845,0.000160117603865016,0.00887604493228191,-3.63487529787774,"10722303"
226.2888,310.891,6.73463770112456,0.000160637327755028,0.00887857857075816,-3.63505264364759,"10931325"
43.655655,64.2469333333333,6.73343934374113,0.000160832023952625,0.00887857857075816,-3.63511896670868,"10721682"
298.62415,305.684444444444,6.73181206529283,0.000161096825481247,0.00887857857075816,-3.63520907235027,"10812954"
189.17172,177.6871,6.73008147027199,0.00016137896970879,0.00887857857075816,-3.63530495442131,"10756393"
-88.91345,205.408111111111,-6.71963427500906,0.00016309388466498,0.00895606155376452,-3.63588499125309,"10833688"
-64.9044,153.593,-6.71570551129089,0.000163744012136934,0.0089642740951065,-3.63610366196156,"10800471"
-35.8987,137.294222222222,-6.71502366309366,0.000163857135852224,0.0089642740951065,-3.63614164315151,"10856988"
39.97186,75.8981111111111,6.71174280150191,0.000164402667769161,0.00897730754431451,-3.63632452323625,"10938647"
219.0787,530.426111111111,6.70835245854112,0.000164968519533991,0.00898511339115379,-3.6365137241643,"10921550"
-200.2698,430.134,-6.70720368035692,0.00016516074111897,0.00898511339115379,-3.63657788305139,"10782349"
196.51975,553.363111111111,6.70425245935062,0.000165655698943575,0.00899528919876875,-3.63674282476181,"10919699"
241.7723,385.832555555556,6.70236751927935,0.000165972687849557,0.00899578126685894,-3.63684826096881,"10767184"
-41.19076,78.6378555555556,-6.69807909971315,0.000166696375389639,0.00901827390857948,-3.63708839494718,"10704206"
-158.454925,193.959188888889,-6.6908813038418,0.000167918904796006,0.00906618638645081,-3.63749224461335,"10753143"
100.3577,260.942222222222,6.68510430931536,0.000168907303063934,0.00906618638645081,-3.63781710613595,"10736332"
-550.4635,1100.49955555556,-6.68480285307816,0.000168959056550394,0.00906618638645081,-3.63783407598535,"10845767"
-1002.8205,1769.63,-6.68409825240001,0.000169080089725677,0.00906618638645081,-3.63787374692627,"10865129"
-42.22325,161.673111111111,-6.68169690232354,0.000169493305215816,0.00906618638645081,-3.63800902230225,"10863831"
54.753985,77.5905444444444,6.67958504490195,0.000169857630808622,0.00906618638645081,-3.63812808279167,"10910768"
373.52235,666.608333333333,6.67873505457267,0.000170004511136786,0.00906618638645081,-3.63817602743301,"10939444"
-61.1517,107.425866666667,-6.67838698034907,0.000170064699793765,0.00906618638645081,-3.63819566502235,"10868481"
1944.9565,4684.87111111111,6.67135549663113,0.000171285647659734,0.00909827406405405,-3.63859287416984,"10827989"
188.0031,255.813333333333,6.66832415092676,0.000171815004540025,0.00909827406405405,-3.63876441432816,"10910058"
-171.8467,439.800888888889,-6.66766448354505,0.000171930440729908,0.00909827406405405,-3.63880176801703,"10839455"
106.12252,145.513544444444,6.66712495453885,0.000172024917610276,0.00909827406405405,-3.63883232522501,"10934548"
-151.7269,354.570222222222,-6.66542051866747,0.000172323759344767,0.00909827406405405,-3.63892889666044,"10911678"
-765.836,1474.92444444444,-6.66421645256032,0.000172535217070101,0.00909827406405405,-3.6389971521527,"10902003"
567.67595,623.876222222222,6.66066252368518,0.000173161035484071,0.00911311598738843,-3.63919878197259,"10782065"
-49.57885,251.013555555556,-6.65743414707203,0.00017373170735723,0.00911311598738843,-3.63938215762906,"10770924"
-85.4017999999999,246.942444444444,-6.65533794900245,0.000174103362552641,0.00911311598738843,-3.63950133434605,"10726455"
-347.8144,444.433222222222,-6.65519948704065,0.00017412794280774,0.00911311598738843,-3.63950920948368,"10830743"
395.9981,1150.45855555556,6.6538011884066,0.000174376389297944,0.00911311598738843,-3.63958876010063,"10902506"
42.912585,74.505,6.64244691431899,0.000176408395304354,0.00918864101900591,-3.64023614969922,"10779770"
-1136.76,4020.25333333333,-6.6422126660267,0.000176450592581034,0.00918864101900591,-3.64024953281948,"10818376"
240.26735,919.384888888889,6.63947151546642,0.000176945212926115,0.00919800258082475,-3.64040622183992,"10770375"
596.1337,688.888111111111,6.63694202488504,0.000177403003808257,0.00920352657648464,-3.64055094460507,"10859296"
74.1779500000002,325.928777777778,6.63434326168785,0.000177874698688217,0.00920352657648464,-3.64069976344971,"10738947"
-426.68365,856.714222222222,-6.63297971358037,0.000178122748468734,0.00920352657648464,-3.64077790123064,"10755533"
125.6496,301.505666666667,6.63194281208001,0.000178311632857202,0.00920352657648464,-3.64083734543441,"10755309"
-209.6718,849.861333333333,-6.6302046440828,0.000178628759522171,0.00920363418109474,-3.64093704046305,"10701006"
141.00955,428.183111111111,6.61910597571419,0.000180668490345119,0.00929234027630689,-3.64157504450509,"10938841"
-31.332085,64.5370888888889,-6.61176198345761,0.00018203236089071,0.00934014743765297,-3.64199857013815,"10809563"
272.0424,298.400333333333,6.61066307115496,0.000182237421765667,0.00934014743765297,-3.64206203734505,"10873706"
-52.247725,131.015588888889,-6.60355245857123,0.000183570487617058,0.00938503721344775,-3.64247329598521,"10921558"
-135.81835,470.038888888889,-6.60256864565761,0.00018375577757555,0.00938503721344775,-3.64253027742455,"10843634"
-157.2047,272.241444444444,-6.59964056352977,0.000184308475419706,0.00939683734888532,-3.64269998471354,"10900988"
697.48245,724.589,6.59755564166366,0.000184703142637808,0.00940055332582041,-3.64282092940565,"10735091"
33.742245,53.1112333333333,6.59346979700804,0.000185479293959572,0.00941914199782481,-3.64305820142472,"10839417"
68.36965,231.470111111111,6.59224210695238,0.000185713212526429,0.00941914199782481,-3.64312956163372,"10908002"
-66.86215,371.179888888889,-6.58993053172973,0.000186154537043697,0.00942516229669768,-3.64326400634441,"10855765"
139.3298,238.247555555556,6.58695137608257,0.000186725029728785,0.00942525146717101,-3.6434374386671,"10752801"
-198.4419,150.2226,-6.5846276428063,0.000187171356785634,0.00942525146717101,-3.64357284072476,"10725289"
304.3904,773.565222222222,6.58218359235117,0.000187642068892269,0.00942525146717101,-3.64371537220464,"10730452"
122.93774,133.532755555556,6.58040487752776,0.000187985464914692,0.00942525146717101,-3.64381917936166,"10794824"
-34.707555,81.6685,-6.57978216007353,0.000188105850255524,0.00942525146717101,-3.64385553687798,"10924411"
134.75595,647.779333333333,6.57753454237237,0.000188541076282724,0.00942525146717101,-3.64398683043899,"10822583"
-104.21055,304.117,-6.57669347257866,0.000188704226695867,0.00942525146717101,-3.64403598766935,"10932181"
65.83144,91.3772777777778,6.57652296150199,0.000188737321431336,0.00942525146717101,-3.64404595513479,"10892339"
-64.46985,208.920333333333,-6.57264062200911,0.00018949259229732,0.00944310358716773,-3.64427306359484,"10791279"
40.27109,59.4449222222222,6.57136602589749,0.000189741281771324,0.00944310358716773,-3.64434769194609,"10728676"
50.40061,81.8299111111111,6.56699203711722,0.000190597453549694,0.0094466638487671,-3.64460404463212,"10727277"
-892.86475,1418.27522222222,-6.56622424089992,0.000190748184225949,0.0094466638487671,-3.64464908445007,"10933449"
-67.488365,94.0192111111111,-6.56604749463794,0.000190782901032813,0.0094466638487671,-3.64465945430397,"10764891"
-284.7945,980.432666666667,-6.54784992104491,0.000194395031113757,0.00959931802852503,-3.64573056144139,"10868359"
1075.2812,1590.31655555556,6.54721187911001,0.000194523046241077,0.00959931802852503,-3.64576824049226,"10937867"
-166.7917,718.210555555556,-6.53856063606149,0.000196268055306806,0.00965383132752233,-3.64627996491534,"10790481"
317.3853,440.086333333333,6.5371648667343,0.000196551211086082,0.00965383132752233,-3.64636267066627,"10842667"
-317.7689,874.769777777778,-6.53683067649748,0.000196619074412124,0.00965383132752233,-3.6463824789797,"10879467"
-105.0644,258.210111111111,-6.53484667425929,0.000197022496287844,0.00965740806468636,-3.64650012368526,"10750047"
874.488,1545.41333333333,6.53007905643014,0.000197995683989579,0.009665109177968,-3.6467831623626,"10837038"
-122.6926,441.740555555556,-6.52629558569625,0.000198771771453151,0.009665109177968,-3.64700811235233,"10834300"
30.9796,112.152611111111,6.52424695293337,0.000199193404100328,0.009665109177968,-3.6471300405045,"10937688"
362.3584,876.773777777778,6.5240932070948,0.000199225086720622,0.009665109177968,-3.64713919450739,"10843448"
-647.857,1548.74555555556,-6.52294646586855,0.000199461573372677,0.009665109177968,-3.64720748688011,"10792863"
-1397.719,2548.12555555556,-6.52196632491072,0.000199663949262274,0.009665109177968,-3.64726587942326,"10792859"
-219.83155,606.389888888889,-6.52162316931189,0.000199734856486363,0.009665109177968,-3.64728632789177,"10879427"
415.19135,517.766888888889,6.52033180264853,0.00020000194526455,0.009665109177968,-3.64736330185461,"10702660"
-62.5295,145.880911111111,-6.51537507246661,0.000201030806171317,0.009665109177968,-3.64765907986027,"10856576"
38.191045,45.4851777777778,6.51379469765124,0.00020136007308992,0.009665109177968,-3.64775349226246,"10867361"
-474.9605,1090.72044444444,-6.51071174528519,0.000202004117940785,0.009665109177968,-3.64793782030158,"10719722"
-369.869,1027.24777777778,-6.50981583407082,0.000202191705901923,0.009665109177968,-3.64799142378487,"10829209"
183.08277,147.5936,6.50835666244073,0.000202497643620232,0.009665109177968,-3.64807876396188,"10708921"
-290.1901,487.631222222222,-6.50787058981233,0.000202599669971024,0.009665109177968,-3.64810786826788,"10924653"
-123.4546,394.064888888889,-6.50639022191024,0.000202910749061077,0.009665109177968,-3.64819653807666,"10896862"
96.8926499999999,340.011,6.50606618842887,0.000202978910788489,0.009665109177968,-3.64821595290993,"10791820"
198.3536,504.501555555556,6.50548911270822,0.000203100363733963,0.009665109177968,-3.64825053453021,"10702428"
-262.3391,678.685444444444,-6.50532605017327,0.000203134696901224,0.009665109177968,-3.64826030742446,"10870020"
-205.28325,719.209,-6.49644372990767,0.00020501463178445,0.00973481245804717,-3.64879350231497,"10799568"
180.45685,450.274444444444,6.49526233207596,0.000205266121522457,0.00973481245804717,-3.64886454572999,"10936537"
-487.0485,786.139,-6.48905655991946,0.000206592794832813,0.00978185074269984,-3.64923821531467,"10799716"
-344.1601,560.421555555556,-6.48700563342583,0.000207033327646221,0.00978684730397524,-3.6493618876831,"10786710"
-271.97125,1061.70188888889,-6.48422224557778,0.000207632855083939,0.00979933154833958,-3.64952987083159,"10745145"
93.94615,186.622444444444,6.48125055941704,0.000208275063052168,0.00981378660000973,-3.64970939989969,"10830895"
-182.64395,388.230111111111,-6.47801401525251,0.0002089770117647,0.00983100550997417,-3.64990514367402,"10903860"
-64.8375,124.755533333333,-6.47393747059582,0.000209864870662312,0.00985690085454786,-3.65015200770933,"10780478"
79.6354000000001,173.283111111111,6.46947928847577,0.000210840631974856,0.00987583957932533,-3.65042238874076,"10886412"
192.9572,439.037555555556,6.46847036276529,0.000211062151465093,0.00987583957932533,-3.65048363729174,"10776798"
172.8873,948.541,6.46746905572484,0.00021128225292936,0.00987583957932533,-3.6505444448711,"10793878"
-116.13725,310.128444444444,-6.46578423480815,0.000211653174029336,0.00987737352411025,-3.65064680946019,"10923012"
34.700365,37.3294444444444,6.45797091776636,0.000213382759462333,0.00994220723274738,-3.65112231830749,"10708538"
111.47031,132.8448,6.44790817830997,0.000215633374545908,0.0100244026053351,-3.65173665780455,"10743961"
823.081000000001,3212.46777777778,6.44702064464935,0.000215833136125001,0.0100244026053351,-3.65179094729799,"10791531"
136.618392,88.9711433333333,6.44477973621843,0.000216338420435289,0.0100297658091916,-3.65192809699279,"10859277"
103.19353,102.942511111111,6.44255022489662,0.000216842434404329,0.0100297658091916,-3.65206465685916,"10788425"
162.61061,134.720522222222,6.44086486463645,0.00021722429747428,0.0100297658091916,-3.65216795827495,"10777677"
-891.79575,1015.89033333333,-6.43927528085847,0.000217585141920265,0.0100297658091916,-3.65226544557648,"10773002"
-314.7996,450.684666666667,-6.43892295049862,0.000217665212672946,0.0100297658091916,-3.65228706099242,"10909567"
-1358.297,1556.41844444444,-6.43693143256115,0.000218118419454025,0.0100348212691809,-3.65240929090659,"10859136"
-202.8957,506.332333333333,-6.43030462254749,0.000219634007976952,0.0100640076723079,-3.65281663269689,"10725445"
575.58735,596.1,6.43015959850174,0.000219667305838838,0.0100640076723079,-3.65282555781384,"10839857"
606.78235,807.083444444444,6.4296415462083,0.00021978629749204,0.0100640076723079,-3.65285744369196,"10757153"
60.9430500000001,188.543,6.4182586854053,0.000222418917422604,0.0101631837432981,-3.65355952918594,"10840888"
-184.64925,1070.64566666667,-6.41727540008622,0.000222647963158444,0.0101631837432981,-3.65362031011776,"10778629"
-393.0642,698.176,-6.41037470190921,0.000224262769039338,0.0102209243911314,-3.6540474661903,"10888602"
-23.49013,44.7995222222222,-6.40393178063402,0.000225782157189871,0.0102741432089484,-3.65444722844211,"10701610"
172.71625,398.262777777778,6.40120140495079,0.000226429475425971,0.0102875749534904,-3.65461691463662,"10787048"
115.37795,177.121888888889,6.39557227009329,0.000227770522971013,0.0103324348727875,-3.65496726994757,"10783533"
203.14172,154.236988888889,6.39398998653123,0.000228149056154212,0.0103335605061847,-3.65506587655965,"10753222"
40.00674,68.4487333333333,6.38796451585527,0.00022959692784589,0.0103679950507309,-3.65544188551596,"10729282"
241.9678,571.747444444444,6.38787251294723,0.000229619114048843,0.0103679950507309,-3.655447633023,"10884046"
-186.31505,630.969111111111,-6.38581857423073,0.00023011503277666,0.0103743527276811,-3.65557599329892,"10926503"
-1661.905,2084.20355555556,-6.38309684902239,0.000230774013424428,0.0103760596390612,-3.65574623075351,"10928837"
-125.45885,464.033111111111,-6.38272897584285,0.00023086324246559,0.0103760596390612,-3.65576925295475,"10853481"
-75.69715,120.935822222222,-6.37733209680011,0.000232176672975082,0.01041906194208,-3.65610734538069,"10940552"
2669.3964,1723.982,6.3716962476449,0.00023355709137728,0.010441420287344,-3.65646109993933,"10781166"
-158.66325,368.715,-6.37141017867194,0.000233627401499394,0.010441420287344,-3.65647907497243,"10857140"
-472.10405,810.369777777778,-6.37092323201243,0.00023374713726032,0.010441420287344,-3.65650967627477,"10903676"
40.478965,53.6165111111111,6.36748674937389,0.000234594069692694,0.0104479855768879,-3.65672578639698,"10757545"
-87.89555,328.205111111111,-6.3674247377752,0.000234609383803604,0.0104479855768879,-3.6567296885432,"10850494"
387.3991,1213.45577777778,6.36496604872706,0.000235217462893596,0.0104591217062002,-3.65688447343534,"10742575"
2152.6244,1882.78755555556,6.35512081703045,0.000237669897919066,0.0105521100270632,-3.6575056284418,"10817186"
-80.34565,274.487222222222,-6.35215042181443,0.000238415363722301,0.0105691448190945,-3.65769346356155,"10706619"
325.31265,700.34,6.35043192785565,0.000238847826653268,0.0105722733452251,-3.65780222436999,"10826039"
24.000669,20.84152,6.34891133692372,0.000239231210478422,0.0105732232721885,-3.65789851562141,"10935660"
-727.15245,935.463333333333,-6.34611399344214,0.000239938278797673,0.0105794626420345,-3.65807579310798,"10925014"
257.54695,249.436111111111,6.3454886593876,0.000240096656797045,0.0105794626420345,-3.65811544684424,"10733553"
-476.01175,958.251222222222,-6.34175010115388,0.000241045934833381,0.0106023963718181,-3.65835270065921,"10791677"
229.80885,257.014666666667,6.33887504476137,0.00024177878026048,0.0106023963718181,-3.65853537023418,"10888662"
190.25354,180.052088888889,6.33730105927849,0.000242181029257173,0.0106023963718181,-3.65863545414215,"10751295"
-40.77763,77.8589888888889,-6.33559063968594,0.000242618984873455,0.0106023963718181,-3.65874427695799,"10761792"
125.76985,273.003111111111,6.3350182726787,0.000242765735895815,0.0106023963718181,-3.65878070772159,"10763184"
-33.771625,51.0779888888889,-6.33490550959293,0.000242794659161578,0.0106023963718181,-3.6587878858889,"10843593"
-351.27315,930.713,-6.32943383976325,0.000244202709775349,0.010647967109518,-3.65913654271954,"10926851"
-584.04455,498.531444444444,-6.32517237135967,0.000245305590097057,0.0106801155128099,-3.65940855590777,"10855664"
89.38822,113.016377777778,6.32312849692505,0.000245836504407565,0.0106857334913038,-3.65953916470857,"10766078"
-313.1307,924.22,-6.3218618104196,0.00024616617510945,0.0106857334913038,-3.65962015694889,"10758830"
243.68555,618.863888888889,6.31733665509029,0.000247347901682271,0.010707686728221,-3.65990979514762,"10874929"
-362.9991,476.604666666667,-6.31643651881756,0.000247583716068892,0.010707686728221,-3.65996746519559,"10782454"
-252.83795,729.102777777778,-6.31572044797272,0.000247771487241645,0.010707686728221,-3.66001335572876,"10859254"
-575.7245,1292.31444444444,-6.3139309260574,0.000248241432321769,0.0107121494886974,-3.66012809128864,"10818594"
-52.317385,75.8156888888889,-6.31016722589998,0.000249233035010692,0.0107390765262571,-3.66036964063793,"10778472"
108.4284,240.746,6.3077698404298,0.000249866945144896,0.0107505345146731,-3.66052367075861,"10825113"
416.5466,675.010222222222,6.30109872899067,0.000251640305621069,0.0107860806051861,-3.66095297809963,"10757615"
-150.29465,387.069777777778,-6.30053275341941,0.00025179139640343,0.0107860806051861,-3.66098944746941,"10703838"
-341.07575,1029.36677777778,-6.29915156527864,0.000252160534663219,0.0107860806051861,-3.6610784770376,"10740703"
28.43259,65.7718666666667,6.29911634842719,0.000252169954588284,0.0107860806051861,-3.66108074764309,"10771765"
61.30448,122.189955555556,6.28403412064937,0.000256240200702797,0.0109304181365479,-3.66205580212295,"10834875"
270.28005,719.441666666667,6.28384113296671,0.000256292750856963,0.0109304181365479,-3.66206831268508,"10776968"
-432.27735,482.337333333333,-6.27876810247667,0.000257678409403628,0.0109625605079205,-3.66239748497492,"10737205"
-31.88367,59.9892,-6.27773048132265,0.000257962846692165,0.0109625605079205,-3.66246488633401,"10822516"
-81.0084,177.585666666667,-6.27495591057737,0.000258725130940425,0.0109625605079205,-3.66264523855251,"10837226"
-115.4082,398.117666666667,-6.27394861028754,0.000259002492086314,0.0109625605079205,-3.66271075919461,"10875936"
36.046815,52.5428666666667,6.27290930531183,0.000259289010379523,0.0109625605079205,-3.66277838633915,"10938801"
26.820725,46.7710222222222,6.27287702264546,0.000259297915758646,0.0109625605079205,-3.66278048736125,"10818946"
113.2908,194.471666666667,6.2712879743335,0.00025973668312755,0.0109652419955033,-3.66288393585985,"10847924"
-52.07255,165.980444444444,-6.26675299627031,0.000260993400112904,0.0110023971008635,-3.66317949050941,"10913037"
-218.1241,724.404555555556,-6.26522397506124,0.000261418631245596,0.0110044436501568,-3.66327924833446,"10924304"
34.40827,43.4499444444444,6.26241823070584,0.000262200921490869,0.011021493122927,-3.66346244529374,"10756285"
-338.57475,1279.42033333333,-6.25763551920812,0.000263540397407413,0.0110497268860354,-3.6637751496406,"10856302"
-97.77365,200.097444444444,-6.25637018100496,0.000263896040120024,0.0110497268860354,-3.66385796983965,"10848019"
-177.66785,399.449111111111,-6.25597470483208,0.000264007303568587,0.0110497268860354,-3.66388386264119,"10892381"
167.5348,267.012111111111,6.25426409726003,0.000264489164350842,0.0110540578645858,-3.66399590256599,"10788439"
-895.9555,1019.02755555556,-6.25071695550467,0.000265491459570433,0.0110800964284152,-3.66422844900411,"10711664"
286.38465,658.506666666667,6.24681551285347,0.00026659871912307,0.0111104350648522,-3.66448456430037,"10904358"
-2067.2908,1653.97808888889,-6.24369116040748,0.000267489115835026,0.0111316624359038,-3.66468992469905,"10843184"
-483.7645,1741.96555555556,-6.24216645407986,0.000267924828946944,0.011133934499084,-3.66479022552309,"10806855"
240.63825,731.971333333333,6.23575439670217,0.000269765800154734,0.0111945143263074,-3.66521263468451,"10823284"
324.20855,416.075888888889,6.23288428691229,0.000270594366346041,0.0111987738917054,-3.66540202456615,"10905625"
211.27275,311.616,6.23222889237965,0.000270783965138607,0.0111987738917054,-3.66544529940965,"10800760"
72.93809,92.2963888888889,6.23141902250678,0.00027101845489956,0.0111987738917054,-3.66549878810599,"10878030"
-91.66885,137.642288888889,-6.22929995943168,0.000271633071194792,0.0112083171495546,-3.6656388173397,"10855363"
-722.7002,582.812711111111,-6.22772062775574,0.000272092144983427,0.0112114244337741,-3.66574324995677,"10864887"
-415.1115,1457.92,-6.22495173746556,0.000272899066039254,0.0112154448039494,-3.66592648444607,"10905233"
-125.70005,268.726111111111,-6.22475147738973,0.000272957529116452,0.0112154448039494,-3.6659397439446,"10713278"
-486.41545,732.982555555556,-6.21670750278722,0.000275317337627798,0.0112489116524242,-3.66647313518218,"10730855"
78.224355,59.02,6.21616929889491,0.000275476029940492,0.0112489116524242,-3.66650887815349,"10719593"
-158.4848,278.451111111111,-6.21549634899627,0.000275674595085836,0.0112489116524242,-3.66655357953579,"10893420"
33.0425,62.0085555555556,6.2154613737524,0.000275684919441269,0.0112489116524242,-3.66655590309719,"10775794"
-117.99225,354.634,-6.2154194554947,0.000275697293870601,0.0112489116524242,-3.66655868795237,"10933538"
-66.850475,106.733677777778,-6.21289193874853,0.00027644456211749,0.0112636700665277,-3.66672668194223,"10743600"
24.347412,22.57726,6.21036468923997,0.000277193990201752,0.0112784752503537,-3.66689481066127,"10858566"
-68.0615,205.169444444444,-6.2020980806273,0.000279661090060099,0.0113498806130257,-3.66744582523275,"10713009"
237.0988,380.725444444444,6.20063354699078,0.000280100693154963,0.0113498806130257,-3.66754361513845,"10922783"
84.5433,184.049,6.19945974615236,0.000280453579509043,0.0113498806130257,-3.66762202938237,"10738460"
49.709285,61.8407555555556,6.19831259957724,0.000280798927415337,0.0113498806130257,-3.66769869498899,"10812361"
-132.15805,301.357888888889,-6.19416407243164,0.000282051767961847,0.0113498806130257,-3.66797621158444,"10898968"
-167.85235,285.712555555556,-6.19190278037283,0.000282737270513163,0.0113498806130257,-3.66812765556706,"10741330"
-117.7902,253.392,-6.19150442080976,0.000282858222415492,0.0113498806130257,-3.66815434739117,"10711657"
-48.8100499999999,234.335444444444,-6.19124099063543,0.000282938237796429,0.0113498806130257,-3.66817200045937,"10828409"
139.27788,159.5424,6.19041412105005,0.000283189557137288,0.0113498806130257,-3.66822742177535,"10826771"
53.64337,106.902377777778,6.18910181742401,0.000283588926241994,0.0113498806130257,-3.66831541337072,"10867073"
442.40275,456.622444444444,6.18755568268357,0.000284060255219078,0.0113498806130257,-3.66841913693531,"10860951"
263.68935,598.199666666667,6.18749290082309,0.000284079412135325,0.0113498806130257,-3.66842334992045,"10745271"
118.76695,178.470111111111,6.18519429152517,0.000284781781265425,0.0113498806130257,-3.66857766393194,"10770588"
-334.9421,915.572444444444,-6.18391034642399,0.000285174942077772,0.0113498806130257,-3.6686639154004,"10784454"
142.41015,305.093,6.18360738214853,0.000285267801146144,0.0113498806130257,-3.66868427341553,"10853785"
286.80145,410.765111111111,6.18224522223671,0.000285685718518903,0.0113498806130257,-3.66877583266044,"10927230"
-700.079999999999,1023.40733333333,-6.18184430020842,0.000285808852205763,0.0113498806130257,-3.6688027896738,"10858165"
39.5065500000001,155.570666666667,6.18141070383969,0.000285942087053705,0.0113498806130257,-3.66883194800715,"10781699"
-639.583,807.244888888889,-6.1766993110911,0.000287394229637827,0.0113920420958473,-3.66914907154538,"10895366"
-56.6840999999999,178.763666666667,-6.17394955270997,0.00028824552314985,0.011410304489566,-3.66933440628543,"10840571"
31.395905,49.4826555555556,6.17030889275813,0.000289376919126989,0.0114395904132285,-3.66958007057755,"10843852"
121.51875,209.372333333333,6.16657394074953,0.000290542719347499,0.0114701554094836,-3.66983243243445,"10812881"
-219.63975,681.667333333333,-6.16301700964105,0.000291657779290427,0.0114803081177132,-3.67007308168144,"10760358"
312.28605,636.106,6.16166844736667,0.00029208177464453,0.0114803081177132,-3.67016440124307,"10815284"
-798.088999999999,1847.96777777778,-6.16102659214612,0.000292283816603388,0.0114803081177132,-3.6702078808519,"10928855"
-132.08985,642.538,-6.16074729318372,0.000292371782007893,0.0114803081177132,-3.67022680385027,"10847874"
77.6367999999999,189.357444444444,6.15941855485144,0.000292790669858324,0.0114813243345518,-3.67031685430979,"10850866"
107.01255,305.707333333333,6.15349316397128,0.000294666751975473,0.0115241678242061,-3.6707189517599,"10776992"
133.43976,126.4618,6.15304912175079,0.000294807877506454,0.0115241678242061,-3.67074911910641,"10858275"
51.32981,111.440188888889,6.15149000176318,0.000295303988853819,0.0115241678242061,-3.67085508088313,"10820748"
-198.8505,545.79,-6.15099673388248,0.000295461138506551,0.0115241678242061,-3.67088861703515,"10776681"
105.02325,210.824,6.14696077314621,0.000296750426844503,0.0115590226264471,-3.67116323696963,"10771635"
-158.337525,131.666166666667,-6.1454669071809,0.000297229217610419,0.0115622561428373,-3.67126498589798,"10886121"
45.017305,58.8967111111111,6.136825041466,0.000300015777792456,0.0116485594601332,-3.67185467082881,"10832460"
77.39689,105.433977777778,6.13533082318226,0.000300500506997316,0.0116485594601332,-3.67195681668921,"10740804"
-167.95385,691.657444444444,-6.13488900294325,0.000300644000579875,0.0116485594601332,-3.67198703040183,"10776646"
-331.01675,922.669444444444,-6.12977868442712,0.000302309233088788,0.011697565477425,-3.67233684814023,"10844183"
157.67525,349.171888888889,6.1259298517903,0.000303570128452262,0.0117308171066196,-3.67260073966657,"10700568"
23.137705,38.5321444444444,6.12151835351338,0.000305022505742147,0.0117713705188257,-3.67290366146836,"10783381"
-314.9661,700.559666666667,-6.11641761014331,0.000306711375515855,0.0117849687128405,-3.67325451377437,"10742712"
-20.2248,27.5155,-6.11607255528851,0.000306825996537582,0.0117849687128405,-3.67327827158272,"10856497"
-188.10575,535.849444444444,-6.11592849104811,0.000306873866089199,0.0117849687128405,-3.67328819160896,"10930212"
-319.484,1412.61111111111,-6.11558368655721,0.000306988470954734,0.0117849687128405,-3.67331193637625,"10841484"
-312.039,634.943,-6.11398706525919,0.000307519766784977,0.0117898720037485,-3.67342192539757,"10754871"
-70.839,262.162,-6.10873861478757,0.000309273423966415,0.0118415646235319,-3.67378393162203,"10879942"
320.83365,174.513333333333,6.10713042301405,0.000309812975317521,0.0118466966766048,-3.67389499252059,"10906926"
125.1771,363.951666666667,6.10460709180752,0.000310661654250388,0.0118564281427272,-3.67406938274852,"10716785"
30.001163,24.1394622222222,6.1039616012944,0.000310879166061785,0.0118564281427272,-3.674114018893,"10711268"
57.6957,93.2798333333333,6.09949488023383,0.00031238894021177,0.0118849135818823,-3.67442318179119,"10704786"
214.58095,748.903111111111,6.09851217437986,0.000312722185396782,0.0118849135818823,-3.6744912666079,"10713089"
-166.30865,250.327444444444,-6.09814578943558,0.000312846530583538,0.0118849135818823,-3.67451665705672,"10776835"
-154.2901,174.624422222222,-6.09680452348403,0.0003133022008458,0.0118867668772847,-3.67460963541703,"10844302"
116.4329,296.212555555556,6.09364994248464,0.000314376803336837,0.0118993563438208,-3.67482849325092,"10830253"
74.8572,109.822666666667,6.09343943206455,0.000314448658089602,0.0118993563438208,-3.67484310689551,"10768130"
-475.355,1236.46311111111,-6.09062293328947,0.000315411776837442,0.0119015623388056,-3.67503873558111,"10844726"
-57.79155,194.545666666667,-6.08949792894956,0.000315797388999288,0.0119015623388056,-3.67511693204165,"10732265"
-442.316,1498.46111111111,-6.08912529554196,0.000315925229467161,0.0119015623388056,-3.67514283995662,"10865607"
866.390500000001,1597.82944444444,6.08850977623165,0.000316136522725856,0.0119015623388056,-3.67518564254905,"10717591"
-45.69985,163.034555555556,-6.08710785697494,0.000316618351285386,0.0119043610224598,-3.67528316622708,"10732521"
119.11646,106.478188888889,6.07894595170611,0.000319439688682893,0.0119722795753918,-3.67585192900366,"10715706"
-117.86055,288.578333333333,-6.07707210728038,0.000320091334572299,0.0119722795753918,-3.67598274556373,"10850427"
-298.74975,1069.16433333333,-6.07560079764595,0.000320604024286536,0.0119722795753918,-3.67608552271469,"10744119"
241.80515,327.662555555556,6.07115171295403,0.000322159868664053,0.0119722795753918,-3.67639664369868,"10734468"
-520.561,1131.99555555556,-6.06955121989755,0.000322721598439888,0.0119722795753918,-3.67650868773102,"10751348"
104.04685,444.643444444444,6.06948772019137,0.000322743907414452,0.0119722795753918,-3.67651313442956,"10766051"
-331.56075,947.935666666667,-6.06887868439862,0.000322957962853461,0.0119722795753918,-3.67655578862507,"10730833"
233.57479,183.315477777778,6.06843490678341,0.000323114034373365,0.0119722795753918,-3.6765868747972,"10740364"
258.44878,249.862844444444,6.06744964983207,0.000323460835780794,0.0119722795753918,-3.67665590893699,"10716080"
319.7181,650.093333333333,6.06710550609393,0.000323582068057417,0.0119722795753918,-3.67668002791989,"10919681"
-66.97125,193.377,-6.06694986810495,0.000323636911471513,0.0119722795753918,-3.67669093664742,"10818314"
-285.47505,392.682,-6.0666756840325,0.000323733552895163,0.0119722795753918,-3.67671015581455,"10900651"
-228.4169,511.232777777778,-6.06636596487105,0.000323842757670061,0.0119722795753918,-3.67673186814348,"10739449"
136.3832,134.442055555556,6.06287737528627,0.000325075622962545,0.0119722795753918,-3.676976598287,"10810264"
-282.44405,375.727111111111,-6.06192860558335,0.000325411813288685,0.0119722795753918,-3.67704320959607,"10928636"
-1486.7425,2374.27555555556,-6.06186176591313,0.000325435511959027,0.0119722795753918,-3.67704790314643,"10818793"
260.78705,368.781555555556,6.05990110941725,0.0003261315307722,0.0119722795753918,-3.67718563312215,"10806083"
-99.0917499999999,108.246822222222,-6.05961648681323,0.000326232706277836,0.0119722795753918,-3.67720563511529,"10927668"
-52.05755,112.226311111111,-6.0583711007162,0.000326675814537473,0.0119722795753918,-3.67729317953806,"10717056"
-661.7915,1696.59444444444,-6.0578576849848,0.000326858681220038,0.0119722795753918,-3.6773292816208,"10757448"
-26.87325,33.5704333333333,-6.05737460889209,0.000327030844840237,0.0119722795753918,-3.67736325644139,"10701100"
-134.96595,184.752133333333,-6.05502503148965,0.000327869640399817,0.0119751273104377,-3.67752858758818,"10728123"
-53.4725,151.996444444444,-6.05486053651469,0.000327928453767035,0.0119751273104377,-3.67754016777931,"10717785"
-99.4988999999999,271.346666666667,-6.05308234944489,0.000328564969057135,0.011983392017522,-3.6776653935472,"10775016"
-38.53036,76.5225555555556,-6.04272519081355,0.000332299609982053,0.012104489783062,-3.67839638807078,"10890962"
-73.9963499999998,413.277333333333,-6.04007465317949,0.000333262870203535,0.0121244601371433,-3.67858390192686,"10773922"
46.380137,45.9184322222222,6.03592974534254,0.000334775400993647,0.0121643390107318,-3.67887749822404,"10739913"
-52.28629,83.3531888888889,-6.03233628850812,0.000336092834646119,0.0121970385979524,-3.67913239183986,"10715997"
108.91411,151.759411111111,6.02954590162244,0.00033711979458294,0.012219128633928,-3.67933055137571,"10940100"
-154.80915,481.198333333333,-6.02678900935685,0.000338137830297928,0.0122408408603763,-3.6795265298759,"10701949"
24.468295,77.3714777777778,6.02376360355792,0.000339258927091673,0.0122662256139309,-3.67974182242708,"10897584"
-103.03585,284.058888888889,-6.02262359686023,0.000339682432715126,0.0122663567235348,-3.67982300855371,"10882709"
-112.7181,244.157666666667,-6.02081483296777,0.000340355575636032,0.0122683841278315,-3.67995188966997,"10783981"
-114.9745,201.068222222222,-6.02021676672616,0.000340578473597293,0.0122683841278315,-3.67999452276603,"10796662"
106.35015,388.600333333333,6.01666261702464,0.000341906425967714,0.0123010521283507,-3.68024807151493,"10804017"
133.77153,174.830233333333,6.01503769321667,0.000342515456302404,0.0123078063227779,-3.68036410092401,"10881820"
114.19349,96.1074222222222,6.01383239834017,0.000342967980959001,0.012308927021789,-3.68045021063182,"10766085"
-47.4036,120.387533333333,-6.01268499717352,0.000343399382791022,0.0123092878145484,-3.68053221936247,"10879250"
-876.69915,810.379333333333,-6.01126222175468,0.00034393515234548,0.0123133842409569,-3.68063395763673,"10717440"
-241.20005,293.109777777778,-6.00861285479812,0.000344935275588088,0.0123154503754596,-3.68082354620184,"10916232"
-127.4004,282.396,-6.00794183431458,0.000345189091762525,0.0123154503754596,-3.68087159343345,"10702383"
50.085875,54.8387888888889,6.00776096155304,0.000345257542873327,0.0123154503754596,-3.68088454651606,"10876586"
74.81366,124.167855555556,6.00397240436294,0.000346694767510732,0.0123202881085656,-3.68115605775845,"10779654"
-151.71095,475.626111111111,-6.00290280664436,0.000347101723823673,0.0123202881085656,-3.68123277954626,"10717256"
195.10412,229.127822222222,6.00241258140109,0.000347288418964394,0.0123202881085656,-3.68126795318682,"10907689"
-336.5245,1013.15955555556,-6.002050835292,0.000347426255767085,0.0123202881085656,-3.68129391248375,"10838354"
87.7834,190.498444444444,6.00185265675015,0.000347501793710482,0.0123202881085656,-3.68130813544371,"10776064"
-385.41485,536.974111111111,-5.99853094075042,0.000348770604469294,0.0123216839155793,-3.68154668268887,"10873838"
356.8933,443.116444444444,5.99843720527554,0.000348806483130831,0.0123216839155793,-3.68155341844173,"10838282"
356.8933,443.116444444444,5.99843720527554,0.000348806483130831,0.0123216839155793,-3.68155341844173,"10924172"
-59.16495,173.535666666667,-5.99696186682236,0.000349371728056561,0.0123256953258262,-3.6816594653494,"10938671"
604.9639,1082.27144444444,5.99593991350656,0.000349763860652768,0.0123256953258262,-3.68173295650165,"10833523"
-179.0716,237.507222222222,-5.99399246593967,0.000350512459153035,0.0123371939538515,-3.68187307801692,"10787611"
-225.41515,792.790888888889,-5.99115082963028,0.000351607958204342,0.0123527705527314,-3.6820777162085,"10700632"
-51.8094,109.629,-5.99065193253964,0.000351800681175891,0.0123527705527314,-3.68211366577334,"10901993"
113.4974,182.870888888889,5.98954796709585,0.000352227555415564,0.0123529121295442,-3.68219323865185,"10932836"
436.54885,571.596111111111,5.97791711131029,0.000356759802194426,0.0124637807214814,-3.68303353074479,"10928452"
339.231,1481.70333333333,5.97706242530502,0.000357095381114533,0.0124637807214814,-3.68309541983925,"10787731"
339.231,1481.70333333333,5.97706242530502,0.000357095381114533,0.0124637807214814,-3.68309541983925,"10791202"
339.231,1481.70333333333,5.97706242530502,0.000357095381114533,0.0124637807214814,-3.68309541983925,"10791204"
-34.954545,39.0286666666667,-5.97581508297997,0.000357585755627786,0.0124660027027567,-3.68318577642165,"10872770"
-36.953325,95.7459,-5.97299965116483,0.000358695335621182,0.0124897801368739,-3.68338987557513,"10923710"
-109.4284,212.041555555556,-5.97190146732244,0.000359129166578208,0.0124899993719235,-3.68346954312725,"10779733"
292.09355,619.969555555556,5.97018097058955,0.00035981000311823,0.0124987983722901,-3.68359442050145,"10860546"
-127.87435,281.614555555556,-5.96570567077157,0.000361587653095145,0.0125455020154374,-3.68391961515396,"10767175"
-43.907915,74.8872111111111,-5.96456670391631,0.000362041611768485,0.0125455020154374,-3.68400246230392,"10750539"
-468.95755,829.881222222222,-5.96356146938026,0.000362442791162771,0.0125455020154374,-3.68407561055901,"10729802"
1258.583,2670.28222222222,5.95912380791206,0.000364219691027828,0.0125901738200956,-3.68439884869425,"10940491"
123.92277,128.816266666667,5.95808444004814,0.000364637255930191,0.0125901738200956,-3.68447463177292,"10765036"
287.8126,488.312111111111,5.95711733875917,0.00036502626225854,0.0125901738200956,-3.68454517156087,"10718591"
-111.7538,320.471444444444,-5.95403036786406,0.000366271030616986,0.0126182097741092,-3.68477050025578,"10916040"
-103.63825,219.071555555556,-5.9517354528675,0.000367199451053157,0.0126352941850023,-3.6849381789036,"10884648"
275.7407,400.152222222222,5.9496461370205,0.000368046953636158,0.0126495572982667,-3.68509095778464,"10826249"
-135.1988,584.372444444444,-5.94134112867795,0.000371437170507555,0.0127510757922535,-3.68569940780444,"10714048"
251.3618,941.898555555556,5.93986658233751,0.000372042694426288,0.0127519530601992,-3.68580763089682,"10863262"
59.575745,63.1981888888889,5.93824437685249,0.000372710113109819,0.0127519530601992,-3.68592675878245,"10753875"
-118.32005,323.798111111111,-5.93762927935928,0.000372963525944835,0.0127519530601992,-3.68597194742547,"10831240"
-272.31765,735.954333333333,-5.93677477726801,0.000373315886136362,0.0127519530601992,-3.68603474100766,"10709575"
855.9501,1499.94466666667,5.93597688993238,0.000373645232406741,0.0127519530601992,-3.68609339195326,"10914478"
-54.3149,76.6162444444444,-5.9324812041717,0.000375091940179706,0.0127776974623493,-3.68635055414333,"10726255"
-32.61909,47.1504666666667,-5.93204153892601,0.000375274335000196,0.0127776974623493,-3.68638292168048,"10742466"
-44.047985,73.1933777777778,-5.92666256936631,0.000377513735518978,0.0128389828515151,-3.68677933595781,"10862836"
-130.8466,714.958555555556,-5.92267741968512,0.000379182360376257,0.0128700544237832,-3.6870735337907,"10857080"
108.11505,327.419333333333,5.92237708462391,0.00037930844317373,0.0128700544237832,-3.68709572299329,"10755983"
106.0233,295.752666666667,5.9207472776338,0.00037999345468386,0.0128756813856552,-3.68721617814712,"10848539"
144.621,257.336,5.9191031390172,0.000380685872761421,0.0128756813856552,-3.68733776541653,"10787973"
32.7408,28.1329666666667,5.91830615442546,0.000381022018286992,0.0128756813856552,-3.68739673035112,"10785588"
175.29076,152.110744444444,5.91779630824649,0.000381237228677747,0.0128756813856552,-3.68743446037216,"10797918"
348.4453,688.974777777778,5.91464527599612,0.000382570284898043,0.0128909947498479,-3.68766780191896,"10816487"
530.0396,1044.51855555556,5.91437493029731,0.000382684894944597,0.0128909947498479,-3.68768783422526,"10724637"
313.02695,413.484888888889,5.91271945655553,0.000383387541154623,0.0128909947498479,-3.68781054623604,"10829437"
207.7283,375.755888888889,5.9125590793814,0.00038345568691784,0.0128909947498479,-3.68782243815285,"10756560"
-560.353749999999,1128.94788888889,-5.91065443452356,0.000384266010693873,0.0129033876280584,-3.68796372043621,"10918600"
118.3999,264.869777777778,5.90863842705916,0.00038512577148246,0.0129174102044645,-3.6881133708627,"10927610"
107.70135,169.382666666667,5.90599665201623,0.000386255615050746,0.0129404490115739,-3.68830964023153,"10716925"
329.65691,240.385522222222,5.90242332686771,0.000387789688405047,0.0129550340718383,-3.68857542139162,"10811531"
-612.346,946.294222222222,-5.90176972584395,0.000388071013889767,0.0129550340718383,-3.68862407342771,"10785326"
67.937715,60.5156,5.90173427422837,0.000388086279546105,0.0129550340718383,-3.68862671266971,"10922857"
1023.0814,1004.92144444444,5.90085578835723,0.000388464771922037,0.0129550340718383,-3.68869212366676,"10940689"
179.23615,372.303111111111,5.89905460960685,0.000389242076886531,0.0129650343632799,-3.68882630320136,"10733056"
109.03385,149.162888888889,5.89810580300969,0.000389652227389598,0.0129650343632799,-3.68889702059542,"10802371"
219.68335,255.855444444444,5.8958415946172,0.000390632927640564,0.012965631506483,-3.68906587833415,"10816079"
51.22421,109.104855555556,5.89430455772164,0.000391300218063276,0.012965631506483,-3.68918058582255,"10820761"
76.07611,103.728244444444,5.89056583271759,0.00039292860528131,0.012965631506483,-3.6894598733306,"10815659"
33.17534,63.3107555555556,5.88897981333138,0.000393621646341191,0.012965631506483,-3.68957846683497,"10940479"
37.78805,132.799888888889,5.88831458897286,0.000393912729863833,0.012965631506483,-3.68962822908694,"10760564"
165.98735,365.254555555556,5.88785003301089,0.000394116147300207,0.012965631506483,-3.68966298750443,"10885299"
53.7933,244.407333333333,5.88767563042954,0.000394192543735562,0.012965631506483,-3.68967603796413,"10873015"
-100.20275,264.908444444444,-5.8873041638712,0.000394355317794916,0.012965631506483,-3.6897038374105,"10833189"
257.558,390.769222222222,5.88686719806728,0.000394546888058492,0.012965631506483,-3.68973654347852,"10771531"
349.62365,656.178888888889,5.88596668947936,0.000394942003974559,0.012965631506483,-3.68980396140498,"10713844"
-114.7859,466.310444444444,-5.88457950258836,0.000395551513727908,0.012965631506483,-3.6899078588662,"10841532"
-90.2083999999999,313.056777777778,-5.88442932465745,0.000395617561934956,0.012965631506483,-3.68991911006168,"10888250"
755.7235,1640.27111111111,5.8842677743648,0.000395688625282241,0.012965631506483,-3.68993121395709,"10814892"
-172.41895,438.310555555556,-5.88382471167607,0.000395883593612065,0.012965631506483,-3.68996441340111,"10735986"
120.7181,327.145888888889,5.88208223449734,0.000396651393444662,0.0129762304681885,-3.69009503260854,"10806981"
467.9598,1102.87733333333,5.87942937319901,0.000397823497362115,0.0129929321766147,-3.69029405644068,"10911546"
-91.7506999999999,218.210111111111,-5.87880089072819,0.000398101736740148,0.0129929321766147,-3.69034123508438,"10917994"
-35.58206,46.3199111111111,-5.87791077177203,0.000398496174103059,0.0129929321766147,-3.69040807278272,"10861678"
-157.9877,330.502444444444,-5.87307761634121,0.000400645421558734,0.0130375243877265,-3.69077136903197,"10872585"
82.3099,181.741777777778,5.87282887218849,0.000400756380508606,0.0130375243877265,-3.69079008397522,"10768173"
-108.24525,350.627,-5.87125991475016,0.000401457037171134,0.0130457907496301,-3.69090816819853,"10875939"
-15.612225,52.7124333333333,-5.868998189523,0.000402469444678359,0.0130641581742595,-3.69107851199669,"10796522"
75.75384,99.7940333333333,5.86738257973946,0.000403194357713631,0.0130731631145905,-3.69120027980136,"10940577"
85.62265,265.888111111111,5.86585550530184,0.000403880869300703,0.0130801578460507,-3.691315441249,"10840321"
-86.3117999999999,319.452,-5.86447940284231,0.000404500614116667,0.0130801578460507,-3.69141927283461,"10838109"
-932.72975,924.401444444444,-5.86367353160132,0.000404864035030664,0.0130801578460507,-3.69148010294523,"10747813"
157.94645,412.853222222222,5.86292697426196,0.000405201028639552,0.0130801578460507,-3.69153647191424,"10795927"
105.5016,205.59,5.86082267018795,0.000406152570502192,0.0130964030846038,-3.69169544115861,"10716990"
125.32925,117.777388888889,5.85726461591958,0.000407767091295798,0.0131202481399024,-3.69196451376501,"10812689"
-19.06616,26.0313111111111,-5.85721362089768,0.000407790282434154,0.0131202481399024,-3.69196837274903,"10887050"
-144.1428,267.781333333333,-5.85245474628892,0.000409960901953751,0.01316377430369,-3.69232881344842,"10740263"
-126.3338,294.013444444444,-5.8522724260223,0.000410044314929757,0.01316377430369,-3.69234263507956,"10810472"
-380.29945,486.712222222222,-5.85025955736637,0.000410966463123897,0.013178895997477,-3.69249529155812,"10837003"
129.05055,278.683,5.84750780697945,0.000412230814067844,0.013204946274318,-3.69270416810607,"10934620"
39.640605,61.3096666666667,5.84631051110025,0.000412782275857388,0.0132081285946306,-3.69279511708011,"10893906"
-351.3805,1245.09688888889,-5.84453981980809,0.000413599328963184,0.013219792993797,-3.69292969582151,"10888838"
447.66835,698.226111111111,5.84025966509958,0.000415581701824327,0.0132686380733288,-3.69325536522286,"10777829"
84.120915,69.4329333333333,5.82950046665543,0.000420611290695834,0.0134007227740497,-3.69407628490617,"10894161"
247.7138,365.927222222222,5.82944776479397,0.000420636091730116,0.0134007227740497,-3.69408031403883,"10754010"
-427.886475,356.861033333333,-5.82751306745,0.000421547660136256,0.0134151343608067,-3.69422827860596,"10834373"
358.3061,807.550555555556,5.82426282911659,0.000423083976212895,0.0134426464765076,-3.69447709269379,"10895027"
-120.30035,225.175777777778,-5.82373833833966,0.00042333246930879,0.0134426464765076,-3.69451727175539,"10796835"
-114.96985,273.562888888889,-5.82202431377751,0.000424145662031009,0.0134538451363452,-3.69464863026605,"10753185"
385.9539,407.835666666667,5.81795931221675,0.000426081132715382,0.0135005794047149,-3.6949604938785,"10923670"
-133.43415,654.861333333333,-5.81632201101638,0.000426863450102981,0.0135047567497783,-3.6950862384497,"10940637"
-606.1365,1534.07,-5.8157492156265,0.0004271375106728,0.0135047567497783,-3.69513024701468,"10753135"
44.65963,56.6714444444444,5.80856170206591,0.000430592995574614,0.0135992905650992,-3.69568326371513,"10815205"
20.48876,37.7500555555556,5.8050956879407,0.00043227032640493,0.0136296435044341,-3.69595046808626,"10893482"
-59.23785,149.634666666667,-5.80375586875635,0.00043292064271134,0.0136296435044341,-3.69605385001462,"10881590"
-149.44825,302.588555555556,-5.80368783695674,0.00043295369248014,0.0136296435044341,-3.69605910078776,"10726269"
26.12659,58.7017777777778,5.80180271481305,0.000433870589626361,0.0136438056031696,-3.69620464917269,"10726754"
120.49215,432.797666666667,5.80024704018474,0.000434628859984577,0.013644446922212,-3.69632483756958,"10925810"
344.5976,784.060888888889,5.79984494666073,0.000434825086759067,0.013644446922212,-3.69635591376416,"10720520"
-159.6428,354.350444444444,-5.79864050893777,0.000435413452262955,0.0136482495648175,-3.6964490275395,"10754311"
515.45485,727.029444444444,5.79643324878192,0.000436493973295964,0.0136532475171973,-3.69661977597366,"10749681"
58.48498,83.7626444444444,5.79640544017103,0.000436507605294114,0.0136532475171973,-3.6966219280702,"10752961"
-53.967725,95.4307444444444,-5.78672530313436,0.000441281516885968,0.013787805598189,-3.69737241477782,"10760768"
167.32726,143.595911111111,5.78548819653725,0.000441895750741401,0.0137922462202557,-3.69746851943346,"10879402"
78.78871,108.158244444444,5.7814649888121,0.000443899830810063,0.013840010306601,-3.69778136646244,"10856543"
318.2862,751.137333333333,5.7803239349374,0.000444470045492407,0.0138430148283744,-3.69787018022647,"10766521"
128.60985,397.166333333333,5.77817286333911,0.000445547188995408,0.0138617844295121,-3.69803771051337,"10703377"
30.49386,50.7400666666667,5.7760659475109,0.000446605010787679,0.0138766491927183,-3.69820193109026,"10766718"
-69.1263499999999,313.792777777778,-5.77533037119992,0.000446974973996986,0.0138766491927183,-3.69825929468943,"10887221"
-39.297225,115.286966666667,-5.7713084455116,0.000449003810110656,0.0139248379071897,-3.6985732189419,"10759556"
100.42095,167.143333333333,5.7694487659579,0.000449945343191797,0.013939239932137,-3.69871853091423,"10931247"
-61.8176499999999,164.271888888889,-5.7682435803499,0.000450556675624375,0.0139433927136552,-3.69881275533134,"10849712"
-38.611095,74.7952333333333,-5.76701246088887,0.000451182108157761,0.0139479726007628,-3.69890905071814,"10894540"
509.0283,1000.654,5.76489327316643,0.000452260938356084,0.0139536589280906,-3.69907491159335,"10819770"
390.9263,317.230222222222,5.764774830342,0.000452321318713693,0.0139536589280906,-3.69908418550804,"10825869"
73.629345,80.2543333333333,5.76167715003414,0.000453903627328694,0.0139877010219203,-3.69932687415266,"10705345"
-82.4903999999999,246.051,-5.76065219606673,0.000454428520331848,0.0139891199082978,-3.69940723575496,"10864269"
172.9787,344.079222222222,5.75472306412592,0.000457478065011192,0.0140673593119043,-3.69987270879243,"10939178"
711.6647,692.806222222222,5.7537590219941,0.000457976030841388,0.0140673593119043,-3.69994848862532,"10904812"
-195.84475,1010.37588888889,-5.75291079705655,0.000458414666424758,0.0140673593119043,-3.70001518687205,"10797062"
122.17155,240.006666666667,5.74816604619705,0.000460876832080526,0.0141280753120677,-3.70038866633958,"10887112"
-1654.39175,1973.23277777778,-5.7391984013275,0.000465570246866106,0.014220854035876,-3.70109634350953,"10940565"
-759.08025,883.799,-5.73667357529379,0.000466901151566108,0.014220854035876,-3.70129601362934,"10918848"
-72.584625,82.0452666666667,-5.73596724518433,0.00046727422729115,0.014220854035876,-3.70135190560531,"10745745"
-82.6813,199.897555555556,-5.73545880994821,0.000467542980408266,0.014220854035876,-3.70139214720089,"10807430"
-48.5154,201.18,-5.73497033792783,0.000467801341582172,0.014220854035876,-3.70143081589571,"10822961"
-102.6662,461.883777777778,-5.73480460586211,0.00046788903582448,0.014220854035876,-3.70144393726146,"10912558"
-92.0775,297.424666666667,-5.73454676478742,0.000468025503952994,0.014220854035876,-3.70146435269974,"10884048"
63.02065,153.630777777778,5.73328722973735,0.000468692771458511,0.014220854035876,-3.7015641087059,"10794798"
252.55135,337.146444444444,5.73314225165334,0.000468769644145185,0.014220854035876,-3.70157559405633,"10752515"
-343.67825,552.207111111111,-5.73313927894456,0.000468771220529492,0.014220854035876,-3.70157582956461,"10929396"
27.429955,45.9910111111111,5.73189525483708,0.000469431421289367,0.0142261094829332,-3.70167440825259,"10701077"
64.722805,85.4055111111111,5.72924490011345,0.000470841376650162,0.0142540517901117,-3.70188457882423,"10845046"
-58.58165,160.676111111111,-5.72736791901812,0.000471842728486435,0.0142599654446393,-3.70203354664484,"10902952"
-166.08335,645.215777777778,-5.72701572843622,0.000472030880113938,0.0142599654446393,-3.70206151003816,"10826097"
1368.4996,1067.05744444444,5.72613626308066,0.000472501079975725,0.0142599654446393,-3.7021313541978,"10729269"
47.63638,133.337844444444,5.72324375367559,0.000474051181920357,0.0142828339174832,-3.70236122830991,"10763913"
412.0783,977.885111111111,5.72234618953415,0.000474533326558652,0.0142828339174832,-3.70243260988946,"10867516"
-62.73416,73.3860111111111,-5.72198865574286,0.00047472553343863,0.0142828339174832,-3.7024610504986,"10789164"
-118.29875,271.035777777778,-5.71814725135352,0.000476796056038793,0.0143239915860991,-3.70276685950293,"10912669"
-427.15595,463.811111111111,-5.71763273409702,0.000477074136142754,0.0143239915860991,-3.70280785264807,"10813643"
-216.7606,429.190555555556,-5.71095955100109,0.000480697007061973,0.0143983999336555,-3.7033402353224,"10741831"
128.97968,129.122122222222,5.71064907274152,0.000480866301835947,0.0143983999336555,-3.70336503722869,"10919420"
-717.71,1705.52777777778,-5.70952429049576,0.000481480163003389,0.0143983999336555,-3.70345491205617,"10927468"
-248.72355,538.777,-5.70944436654815,0.000481523815129097,0.0143983999336555,-3.7034612997442,"10809251"
-580.68,1680.26,-5.70538094843548,0.000483748889931477,0.0144501432213274,-3.70378630659309,"10706339"
302.4564,1114.03366666667,5.70241139435773,0.000485382140383137,0.0144715842388816,-3.70402413271852,"10745933"
-124.57205,273.789444444444,-5.70163237266815,0.000485811606066459,0.0144715842388816,-3.70408656659381,"10828459"
27.64965,52.2774333333333,5.701199877057,0.000486050216561703,0.0144715842388816,-3.70412123630329,"10841778"
-137.174,209.105177777778,-5.70010784486686,0.000486653272024194,0.0144715842388816,-3.70420880057878,"10783669"
-207.042725,233.094011111111,-5.69936557293981,0.000487063648951166,0.0144715842388816,-3.70426833972106,"10728375"
105.93201,151.249133333333,5.6986875078511,0.000487438861198722,0.0144715842388816,-3.70432274305871,"10711299"
-38.4334,67.6265888888889,-5.69690142368856,0.000488428728300079,0.0144862506279782,-3.70446611196018,"10723723"
167.1075,355.377,5.69412067066281,0.000489974260724617,0.0145173509663377,-3.70468951242803,"10714667"
-114.8916,367.684666666667,-5.69137418906468,0.000491506033272616,0.0145410148190925,-3.70491038640385,"10913134"
1421.7395,2118.99222222222,5.69072572706566,0.000491868463668995,0.0145410148190925,-3.70496256909419,"10930624"
-422.598,1485.55666666667,-5.68999142011437,0.000492279228826514,0.0145410148190925,-3.70502167504733,"10903376"
-109.73955,288.017666666667,-5.6891258559686,0.000492763903296418,0.0145410148190925,-3.7050913669033,"10875089"
102.69305,213.879555555556,5.68433175868712,0.000495457901335527,0.0146016575466931,-3.70547777545984,"10821117"
111.8944,240.426444444444,5.68268811468421,0.000496385261757291,0.0146016575466931,-3.7056104133424,"10844587"
30.100903,23.7254511111111,5.68206312833721,0.000496738386737595,0.0146016575466931,-3.7056608694344,"10802706"
21.79895,60.5328222222222,5.68192189400245,0.000496818224187475,0.0146016575466931,-3.70567227312084,"10927372"
-225.54165,422.278666666667,-5.67640526664914,0.000499947764680034,0.014669939010353,-3.7061181714441,"10806314"
-405.38285,839.195444444444,-5.67605746686139,0.000500145794971986,0.014669939010353,-3.70614631411495,"10732534"
-516.4645,920.254222222222,-5.673044139641,0.000501865143917856,0.0147056051298057,-3.70639029396849,"10796785"
53.47245,319.980333333333,5.66926509315486,0.000504030603100999,0.0147542585561048,-3.70669665884018,"10774310"
42.03741,92.3976333333333,5.66576607026318,0.000506044778968736,0.014798390563356,-3.70698070697602,"10829674"
101.774,216.165888888889,5.66220563567851,0.000508103406168963,0.0148437329078201,-3.70727012065586,"10879690"
-66.0758,139.039577777778,-5.66124546559525,0.000508660149456392,0.0148451524537653,-3.70734823482479,"10934502"
181.4117,251.711222222222,5.65869788894167,0.000510140589425877,0.0148645817880867,-3.70755562714583,"10753600"
-57.2152,322.088222222222,-5.65834931906492,0.000510343517952043,0.0148645817880867,-3.70758401872468,"10805511"
-296.00375,531.907777777778,-5.65450430990934,0.000512587891121133,0.0149150823219251,-3.70789744572765,"10808065"
142.85163,116.741733333333,5.64941920946424,0.000515572823622001,0.0149790554728282,-3.70831264947891,"10783964"
-103.617225,138.9159,-5.64814982176291,0.00051632092990849,0.0149790554728282,-3.70841641911752,"10763863"
49.038755,62.4519222222222,5.64762531768122,0.000516630392168296,0.0149790554728282,-3.70845931050632,"10829826"
-117.7199,247.867444444444,-5.6472746489171,0.00051683740386838,0.0149790554728282,-3.70848799116823,"10906339"
-40.07358,61.8516,-5.64580162754609,0.000517707976425571,0.0149894160785893,-3.70860850830018,"10927487"
-118.5995,284.880111111111,-5.64208957842023,0.000519909008223651,0.0150382393725205,-3.708912508115,"10891026"
-144.91725,523.213333333333,-5.64007290304991,0.000521109097535316,0.0150449654933087,-3.70907784109577,"10885699"
-724.13925,1124.75833333333,-5.63996812900934,0.000521171530061902,0.0150449654933087,-3.70908643417869,"10872473"
-197.14835,440.162111111111,-5.63828025915569,0.000522178429795149,0.0150591516762443,-3.7092249117612,"10809791"
-429.84445,607.025222222222,-5.62230532654755,0.000531815039213292,0.015317722639568,-3.71053986812634,"10716078"
78.2883500000001,163.592222222222,5.62096548935213,0.000532632126974517,0.015317722639568,-3.71065051195323,"10895679"
-58.7771,136.272244444444,-5.62050125815244,0.000532915556446853,0.015317722639568,-3.71068886110519,"10754482"
-47.61295,161.327888888889,-5.61996735093121,0.000533241730829075,0.015317722639568,-3.71073297426566,"10787706"
203.69205,582.528,5.61542523288005,0.000536025502072594,0.0153608457211365,-3.71110861485112,"10884656"
-35.35965,136.138,-5.61471058960718,0.000536464946692053,0.0153608457211365,-3.71116777506266,"10879246"
287.4612,675.862333333333,5.61440207861694,0.000536654777133536,0.0153608457211365,-3.71119331936482,"10700938"
-211.71185,554.278444444444,-5.61356026321647,0.000537173132217737,0.0153608457211365,-3.7112630355454,"10730610"
-34.018395,93.5092333333333,-5.61323760774844,0.000537371956151212,0.0153608457211365,-3.71128976254534,"10700509"
-118.34895,171.764066666667,-5.61131024361544,0.000538561307729727,0.0153797947644342,-3.71144948188446,"10721892"
95.965333,54.6777511111111,5.60923431378274,0.000539845578697629,0.0154014147813208,-3.71162164147064,"10878457"
60.10523,101.065455555556,5.60643634474749,0.000541581873628092,0.0154211541418022,-3.71185389212677,"10829678"
37.40183,92.5334555555555,5.6062018412351,0.000541727674936833,0.0154211541418022,-3.71187336856221,"10787856"
-42.9186499999999,136.362444444444,-5.60553264459455,0.000542143981943119,0.0154211541418022,-3.71192895735225,"10879221"
265.0067,920.956555555556,5.6045572127733,0.000542751428473566,0.0154211541418022,-3.71201000937785,"10881461"
45.845445,40.3155333333333,5.60342655109947,0.000543456481233995,0.0154211541418022,-3.71210399698047,"10854961"
129.82245,221.903666666667,5.60253364068075,0.000544013990439726,0.0154211541418022,-3.71217824930403,"10815632"
460.42915,549.077777777778,5.60218385776788,0.000544232557000001,0.0154211541418022,-3.71220734318272,"10940647"
-64.2063,137.088866666667,-5.59971064350188,0.000545780738150489,0.0154500372910159,-3.71241316621347,"10751919"
-1200.23575,1951.85788888889,-5.59701446402369,0.000547474014379445,0.0154789271557127,-3.71263776155117,"10723020"
-28.909525,44.4731222222222,-5.59639959178172,0.000547860980317894,0.0154789271557127,-3.71268901294335,"10894814"
-141.1779,460.379666666667,-5.59193395748525,0.000550680445889615,0.0155033919483854,-3.71306159041087,"10732243"
225.30075,461.279666666667,5.5907990493813,0.000551399534113416,0.0155033919483854,-3.71315637745368,"10826602"
98.17795,370.187444444444,5.59040412729959,0.000551650002647308,0.0155033919483854,-3.71318937061753,"10824388"
-73.82525,143.870377777778,-5.58962405173085,0.000552145112186668,0.0155033919483854,-3.71325455516821,"10745618"
20.70125,37.3818555555556,5.58935384486542,0.000552316724947245,0.0155033919483854,-3.71327713858768,"10872665"
-159.08365,497.956555555556,-5.588332399181,0.000552965992126697,0.0155033919483854,-3.71336252987063,"10701440"
68.39168,43.9731722222222,5.58810441532732,0.000553111021374672,0.0155033919483854,-3.71338159342414,"10775900"
160.1663,634.824222222222,5.5875121900027,0.000553487954155231,0.0155033919483854,-3.71343112171968,"10764811"
-1358.8005,1212.93666666667,-5.58748849726971,0.000553503039712671,0.0155033919483854,-3.71343310339093,"10902868"
39.705295,70.0197777777778,5.58446556894328,0.000555431504720269,0.0155425057269137,-3.71368608670317,"10839194"
46.30306,71.1574777777778,5.58060322534725,0.000557906236034331,0.0155923300900791,-3.7140097358603,"10871616"
140.711915,91.8128888888889,5.57786965879251,0.000559665053277674,0.0155923300900791,-3.71423908088811,"10870713"
646.3799,554.341555555556,5.57765392640651,0.000559804118188735,0.0155923300900791,-3.71425719073417,"10741765"
22.54124,31.3825888888889,5.5772973525109,0.000560034055382586,0.0155923300900791,-3.71428712685234,"10910204"
233.5803,306.550666666667,5.57698287014177,0.000560236936029899,0.0155923300900791,-3.71431353249837,"10704808"
162.92237,181.905822222222,5.57670787191546,0.000560414410713462,0.0155923300900791,-3.71433662538971,"10853960"
-243.9185,483.017777777778,-5.57444561916899,0.000561876742766579,0.0156135083718319,-3.71452668763099,"10793475"
-31.91683,57.9008222222222,-5.57387771252884,0.00056224449945804,0.0156135083718319,-3.71457442536227,"10778449"
68.12548,84.5305111111111,5.56961695123346,0.000565012082211163,0.015657023344514,-3.71493290521228,"10768080"
-70.45705,374.626555555556,-5.56907536113373,0.000565364945009147,0.015657023344514,-3.71497851297712,"10829158"
-804.64825,959.820555555556,-5.56899195722858,0.00056541930678655,0.015657023344514,-3.71498553731336,"10821632"
-142.09305,334.019333333333,-5.56631251329643,0.000567168803299213,0.015685185813684,-3.71521131880349,"10776041"
85.761705,90.6168333333333,5.56566079371242,0.0005675952321249,0.015685185813684,-3.71526626977797,"10766072"
787.0072,1433.02377777778,5.56497085520419,0.000568047052470653,0.015685185813684,-3.715324457876,"10822786"
-165.2639,337.096777777778,-5.56269417847779,0.000569540789967086,0.0157092407157509,-3.71551657519613,"10872790"
34.903027,29.6076544444444,5.56200521545586,0.00056999367285192,0.0157092407157509,-3.71557474563691,"10785598"
53.64262,108.194544444444,5.56075158750404,0.000570818749088277,0.0157171526256974,-3.71568063033058,"10805524"
-70.3827499999999,406.203777777778,-5.55623915726005,0.000573799501971309,0.0157843490118548,-3.716062174063,"10924485"
117.51218,161.149955555556,5.55496464677059,0.000574644496715002,0.0157927227911873,-3.71617005586947,"10832081"
1052.7126,835.113666666667,5.55278405176935,0.000576093397557642,0.0158176621393317,-3.71635475339784,"10890860"
83.68074,142.6797,5.55142195124161,0.000577000486815695,0.0158196817855937,-3.71647020066329,"10891303"
-366.652,592.995555555556,-5.54996692130773,0.000577971198094686,0.0158196817855937,-3.71659358947847,"10785116"
-223.5733,494.186888888889,-5.54950376597407,0.000578280565156292,0.0158196817855937,-3.71663287990316,"10940629"
63.06499,95.5281444444445,5.54801646896483,0.000579275245292931,0.0158196817855937,-3.71675909653692,"10850084"
60.43166,149.174355555556,5.54800189883523,0.000579284998862823,0.0158196817855937,-3.71676033335152,"10750114"
72.17889,140.340366666667,5.54725483967871,0.000579785339086929,0.0158196817855937,-3.71682375802051,"10741861"
-143.7458,217.323777777778,-5.546317330817,0.000580413904986465,0.0158196817855937,-3.71690337685076,"10790912"
-365.7083,522.463777777778,-5.54619044153799,0.000580499037247775,0.0158196817855937,-3.71691415519446,"10888110"
357.3947,1065.14988888889,5.54395763280354,0.000581999317474657,0.0158457857042914,-3.71710390040852,"10749742"
208.3012,308.655111111111,5.54177759760024,0.000583468253499313,0.0158517236469005,-3.71728931430087,"10842433"
54.36998,122.999455555556,5.54134348991697,0.000583761247469111,0.0158517236469005,-3.71732625364544,"10776665"
310.5061,523.462111111111,5.54121909853806,0.000583845233246556,0.0158517236469005,-3.71733683953832,"10803141"
1335.2695,1947.77111111111,5.53959923655448,0.000584940135532732,0.015866704846289,-3.71747473733936,"10744134"
116.2832,226.617222222222,5.536590391403,0.000586979881871677,0.0159072637003703,-3.7177311009194,"10859567"
-236.98895,430.949777777778,-5.5342430516838,0.000588576614889648,0.0159263950094758,-3.7179313031482,"10828288"
58.19374,86.9441444444444,5.53395020142458,0.000588776155618328,0.0159263950094758,-3.71795629242766,"10868682"
-149.4565,354.022888888889,-5.53126210835954,0.000590611233634317,0.0159612549300582,-3.71818579914981,"10885945"
202.14125,623.155555555556,5.52419964205387,0.000595462603432267,0.0160774902926712,-3.7187898903492,"10934772"
73.80905,177.365222222222,5.52274764026516,0.000596465438119925,0.0160803341056096,-3.71891428663947,"10702590"
1329.9389,1365.77755555556,5.52245352808069,0.000596668794772397,0.0160803341056096,-3.71893949216133,"10724319"
1468.8055,2721.95444444444,5.51899143216354,0.000599068315593268,0.0161017244231707,-3.71923640444862,"10876313"
423.0345,850.467333333333,5.51870734614978,0.000599265681445111,0.0161017244231707,-3.7192607850532,"10911944"
241.0694,195.422055555556,5.51869695528034,0.000599272901750711,0.0161017244231707,-3.71926167685948,"10731341"
389.82625,491.685111111111,5.51812979196807,0.00059966715179057,0.0161017244231707,-3.71931035947304,"10729314"
191.31255,357.028,5.51347708561077,0.000602912157391934,0.0161739906024316,-3.71971011761255,"10759409"
-459.1273,673.721222222222,-5.51009237734508,0.000605284936287103,0.0162217798496817,-3.72000136948368,"10716064"
-163.4347,675.576555555556,-5.50935370809435,0.00060580412870551,0.0162217798496817,-3.72006498074257,"10728718"
64.41237,74.3141,5.50792313001842,0.000606811039882824,0.0162338623801619,-3.72018822667455,"10782485"
139.10127,174.501766666667,5.50709507293187,0.000607394707915388,0.0162346102443185,-3.72025959502579,"10794967"
44.92412,104.232655555556,5.5052579222758,0.00060869185540611,0.0162483049839006,-3.72041801419407,"10725043"
-49.7342,172.556111111111,-5.50421159621835,0.000609431990602218,0.0162483049839006,-3.72050828875611,"10875093"
-795.31,1847.24888888889,-5.50400870499293,0.000609575623411895,0.0162483049839006,-3.72052579784711,"10744485"
36.313705,49.4352444444444,5.49831619906091,0.000613620730533899,0.0163078618204834,-3.7210175941767,"10922060"
36.313705,49.4352444444444,5.49831619906091,0.000613620730533899,0.0163078618204834,-3.7210175941767,"10926752"
36.517487,28.6453822222222,5.49789108978912,0.00061392399628566,0.0163078618204834,-3.72105436318056,"10716624"
-471.515725,362.736455555556,-5.49627564282392,0.000615077932580359,0.0163078618204834,-3.72119414177166,"10759431"
-93.3848999999999,291.413,-5.49623283060627,0.000615108546362488,0.0163078618204834,-3.72119784730832,"10844327"
174.21725,320.414888888889,5.49468284253242,0.000616218027146797,0.0163078618204834,-3.72133204401434,"10815924"
30.32479,38.4280444444444,5.49422070053708,0.000616549253835444,0.0163078618204834,-3.72137207103732,"10816048"
-528.69115,756.131555555556,-5.49382368390659,0.000616833960143568,0.0163078618204834,-3.72140646298238,"10922002"
-528.69115,756.131555555556,-5.49382368390659,0.000616833960143568,0.0163078618204834,-3.72140646298238,"10926782"
-204.34825,533.190555555556,-5.49212884120595,0.00061805098269612,0.0163116058437855,-3.72155333813605,"10785216"
200.58515,472.836555555556,5.49207140384861,0.000618092273193351,0.0163116058437855,-3.72155831730124,"10928811"
403.1749,1025.00144444444,5.48934349699178,0.000620056804216861,0.016321570109131,-3.72179491973779,"10749070"
-723.8744,806.135444444444,-5.48795253275233,0.000621061163524616,0.016321570109131,-3.72191565723743,"10909639"
-135.8625,225.825666666667,-5.48750917632693,0.000621381669135164,0.016321570109131,-3.72195415443449,"10786036"
-55.8827,188.158444444444,-5.48749952926656,0.000621388645086834,0.016321570109131,-3.7219549921723,"10806587"
362.643,589.048666666667,5.486856468488,0.000621853847361144,0.016321570109131,-3.72201084156887,"10853750"
64.03526,107.241355555556,5.48661158805817,0.00062203109912331,0.016321570109131,-3.72203211282348,"10752764"
-219.5301,569.204666666667,-5.4861288567613,0.000622380677126444,0.016321570109131,-3.72207405045965,"10701129"
-800.3925,2766.71,-5.48493520557934,0.000623246007388437,0.0163236717531737,-3.72217778250319,"10720721"
-21.812205,27.6289666666667,-5.48386413723609,0.000624023597893962,0.0163236717531737,-3.72227090139175,"10792517"
457.8617,564.855888888889,5.48370791480785,0.000624137103727496,0.0163236717531737,-3.72228448653727,"10940628"
-123.6859,164.489088888889,-5.48006722047406,0.000626788744937683,0.0163783599236221,-3.72260130868526,"10793893"
-67.2908999999999,225.404333333333,-5.47459968662678,0.000630794228744621,0.016427509351277,-3.72307792346147,"10852892"
53.346345,42.7750666666667,5.47385257009854,0.000631343743691532,0.016427509351277,-3.72314312719698,"10712853"
78.22414,129.970644444444,5.47352760824945,0.000631582921997476,0.016427509351277,-3.72317149359458,"10765364"
258.12795,461.880333333333,5.47320659775329,0.000631819289824063,0.016427509351277,-3.72319951848169,"10833979"
320.1826,588.181777777778,5.47256766821995,0.000632290038584871,0.016427509351277,-3.72325530844976,"10768301"
247.345,390.116111111111,5.47228427252786,0.000632498961504827,0.016427509351277,-3.72328005825743,"10867364"
180.61495,427.921111111111,5.47213928895054,0.000632605874587067,0.016427509351277,-3.72329272113572,"10728538"
169.2316,254.194444444444,5.46790334082272,0.000635738312093105,0.0164771114680947,-3.72366299464927,"10753582"
238.8954,547.423333333333,5.46672185204258,0.000636615048133697,0.0164771114680947,-3.7237663766062,"10800200"
-799.725499999999,857.234444444444,-5.46641971721549,0.000636839463745444,0.0164771114680947,-3.72379282122519,"10822799"
72.75765,161.789333333333,5.4664116563465,0.000636845452279216,0.0164771114680947,-3.72379352680114,"10798471"
-479.60415,754.444,-5.46518311654599,0.000637758875896782,0.0164771114680947,-3.72390108717804,"10832680"
-80.09525,147.937711111111,-5.46499336581509,0.000637900084562715,0.0164771114680947,-3.7239177045593,"10865401"
58.608655,49.4416111111111,5.46344573049599,0.000639053087545188,0.0164923117487148,-3.72405328277912,"10766082"
-439.49025,1027.075,-5.4615154793581,0.000640494354137136,0.0165012594614317,-3.72422249032009,"10762887"
-61.2428499999999,267.252555555556,-5.46146849578207,0.000640529480018607,0.0165012594614317,-3.7242266104771,"10931056"
-73.566075,139.658166666667,-5.45937978423014,0.000642093184778639,0.0165183509762799,-3.72440985076572,"10902039"
-3679.1595,4529.8,-5.4590722498937,0.000642323773158554,0.0165183509762799,-3.72443684258908,"10911747"
42.10038,113.1559,5.45803070533734,0.000643105396672569,0.0165239059440567,-3.72452828062539,"10731941"
66.95915,203.894222222222,5.45688814377737,0.000643964030596987,0.0165314281105979,-3.72462862832632,"10830382"
411.6615,1460.72666666667,5.4545195234552,0.000645748062707614,0.0165626724354172,-3.72483679476509,"10887320"
92.2184,127.987055555556,5.4533135161862,0.000646658507301271,0.016571475116052,-3.72494285628041,"10871806"
-149.0157,189.3158,-5.45163813563596,0.000647925635349584,0.016589394838828,-3.72509027658172,"10771771"
-51.2254,251.069555555556,-5.44926308731183,0.000649726616370383,0.016620939904242,-3.72529942180594,"10859969"
301.76005,778.831777777778,5.44832231156888,0.000650441520032346,0.0166246706616141,-3.72538231772317,"10868134"
-980.02525,1338.29122222222,-5.44629818992279,0.000651982600293157,0.0166361535013135,-3.72556077180018,"10722949"
36.04994,70.4491555555555,5.44623640531907,0.000652029703532689,0.0166361535013135,-3.72556622110331,"10801596"
82.0410000000001,222.111666666667,5.441745116567,0.000655463801924912,0.0166762106752752,-3.72596268595834,"10732167"
-182.7005,450.341777777778,-5.44169719150652,0.000655500553064097,0.0166762106752752,-3.72596692012742,"10776536"
-51.394225,128.446522222222,-5.44128494715433,0.000655816774510096,0.0166762106752752,-3.72600334499172,"10712975"
-33.179695,43.3639888888889,-5.44119863484926,0.000655883003556215,0.0166762106752752,-3.72601097204517,"10704571"
-74.5670999999999,256.279666666667,-5.44009506695779,0.000656730439888591,0.0166832374529611,-3.7261085115673,"10882755"
272.85135,390.241666666667,5.43509817070368,0.00066058267361967,0.0167584785065515,-3.72655067400321,"10855062"
-904.5005,1997.95777777778,-5.43476607720794,0.000660839571422856,0.0167584785065515,-3.72658008965902,"10893849"
141.8662,405.980444444444,5.43330227843442,0.000661973232410949,0.0167681481595664,-3.72670979168018,"10703403"
126.6737,196.151222222222,5.43279212659795,0.000662368829196261,0.0167681481595664,-3.72675501126903,"10771040"
-144.7934,142.321377777778,-5.4256413939952,0.000667941283968508,0.0168907709162396,-3.72738976586323,"10843137"
60.12968,45.2528222222222,5.42509528186578,0.000668368973066781,0.0168907709162396,-3.7274383134981,"10854139"
81.5165,201.332555555556,5.42374376123327,0.000669428714198104,0.0169029303859839,-3.72755850245122,"10714264"
174.40755,378.962666666667,5.42184349900377,0.000670921853210378,0.0169260026076753,-3.72772759407382,"10903704"
251.6662,728.636444444444,5.4196324100211,0.000672663833182085,0.0169553073533921,-3.72792449691573,"10836015"
98.6831999999999,326.673,5.41797192553653,0.000673975293120921,0.0169584199632297,-3.72807247525612,"10731156"
75.8201000000001,166.803222222222,5.41761790190745,0.000674255266124652,0.0169584199632297,-3.72810403698822,"10922182"
273.98985,620.205666666667,5.41727219227501,0.000674528787474255,0.0169584199632297,-3.7281348615892,"10850988"
-698.5585,1546.78555555556,-5.41521663386729,0.000676157640261563,0.0169847543444551,-3.72831822505807,"10933589"
177.5082,930.132333333333,5.41303429203199,0.000677891688737112,0.0170020803047876,-3.72851305400463,"10700160"
140.1719,224.211222222222,5.41217514403105,0.000678575691658627,0.0170020803047876,-3.72858979867878,"10926588"
112.47805,369.087444444444,5.41215299783333,0.000678593333175268,0.0170020803047876,-3.72859177725029,"10902564"
-77.9799999999999,228.667222222222,-5.40871169802709,0.000681340782277126,0.0170562893002947,-3.72889942897189,"10915567"
-473.2325,1525.04444444444,-5.40775603587315,0.000682105925789372,0.017060824071927,-3.72898493605019,"10856424"
-626.75675,1349.16144444444,-5.40691618740761,0.000682779123297026,0.017063053300256,-3.72906010629899,"10793068"
-33.38965,101.468155555556,-5.40234340302696,0.000686457360520904,0.0171296752452557,-3.72946981024774,"10920449"
18.600675,28.6529666666667,5.40083569419866,0.000687674892407157,0.0171296752452557,-3.72960505052765,"10739816"
-2013.9945,2811.84333333333,-5.4003922835475,0.0006880334145368,0.0171296752452557,-3.72964483878363,"10854832"
196.50395,216.987388888889,5.39978682245553,0.000688523295084086,0.0171296752452557,-3.7296991789731,"10912003"
-83.62445,220.955777777778,-5.39870537977848,0.000689399247521712,0.0171296752452557,-3.72979626951755,"10782229"
151.5587,393.146222222222,5.39861356909568,0.000689473669160448,0.0171296752452557,-3.7298045139923,"10823597"
-92.0236999999998,661.032777777778,-5.3983853726002,0.000689658683218983,0.0171296752452557,-3.72982500696799,"10917924"
-112.64795,179.285644444444,-5.396374527757,0.000691291368352139,0.0171296752452557,-3.73000566551189,"10930893"
31.20356,118.585188888889,5.39619247640399,0.000691439392569324,0.0171296752452557,-3.73002202817322,"10889808"
582.2257,1339.16877777778,5.39582023784153,0.00069174216457647,0.0171296752452557,-3.73005548824881,"10903216"
62.117315,52.3447555555556,5.39563256189985,0.000691894871958709,0.0171296752452557,-3.73007235999937,"10809044"
535.6817,1199.54655555556,5.39480462799552,0.000692568983933125,0.0171318461444727,-3.73014680415837,"10742571"
278.25875,714.619555555556,5.39306955278063,0.000693984040704598,0.0171511019196016,-3.73030289010195,"10907211"
-139.7515,543.948222222222,-5.39199377022327,0.000694862999984298,0.0171511019196016,-3.73039971808291,"10857002"
75.55854,146.027533333333,5.39102337225031,0.000695656904711003,0.0171511019196016,-3.7304870945237,"10736695"
209.1527,313.049555555556,5.39097591685843,0.000695695754594642,0.0171511019196016,-3.73049136831835,"10780735"
-77.404725,117.4017,-5.39002588915126,0.000696474006941259,0.0171558108252799,-3.73057694320022,"10790651"
-485.89425,980.473,-5.3884741800254,0.000697747207437741,0.0171631011114934,-3.73071678142275,"10793840"
33.14341,59.2202444444444,5.38768991943419,0.000698391677338258,0.0171631011114934,-3.73078748931648,"10906647"
32.43274,63.7621111111111,5.38727575156303,0.000698732285559433,0.0171631011114934,-3.73082483860944,"10790886"
90.70802,121.419655555556,5.38680463038481,0.000699119953538615,0.0171631011114934,-3.73086733101825,"10820000"
239.97305,747.608888888889,5.38385008665701,0.000701556529798616,0.0171890498726349,-3.73113398659709,"10804856"
-184.01395,766.456222222222,-5.38362042252062,0.000701746321334501,0.0171890498726349,-3.73115472689995,"10885145"
74.1906,197.707,5.38334152615572,0.000701976873585611,0.0171890498726349,-3.73117991564681,"10882752"
177.77445,354.951666666667,5.38267224120649,0.00070253048360122,0.0171890498726349,-3.73124037349652,"10880691"
-607.428,1659.97,-5.38093248550359,0.000703971795656591,0.0172076302586501,-3.73139760078207,"10849875"
-1718.8115,2566.61777777778,-5.37970197867238,0.000704993177898703,0.0172076302586501,-3.73150886815125,"10782020"
44.29927,101.419544444444,5.37895357705864,0.000705615184590856,0.0172076302586501,-3.73157656698302,"10903800"
319.77985,297.985777777778,5.37823483140022,0.000706213111226989,0.0172076302586501,-3.73164160125788,"10719922"
182.47695,325.092666666667,5.37820855747413,0.000706234979123758,0.0172076302586501,-3.73164397893724,"10700546"
30.71724,60.7655666666667,5.37674040361748,0.000707458112239278,0.0172099439755656,-3.73177687825414,"10880880"
911.160999999999,1685.53444444444,5.37567277889981,0.000708349021667087,0.0172099439755656,-3.73187356752292,"10827515"
32.9302,88.4034444444444,5.374829834188,0.000709053311048613,0.0172099439755656,-3.7319499362994,"10773496"
-72.18025,160.167888888889,-5.37316963599939,0.000710442674464158,0.0172099439755656,-3.73210041758931,"10844119"
334.70315,794.402555555556,5.37315655544146,0.000710453633002399,0.0172099439755656,-3.73210160359405,"10737194"
334.70315,794.402555555556,5.37315655544146,0.000710453633002399,0.0172099439755656,-3.73210160359405,"10737201"
334.70315,794.402555555556,5.37315655544146,0.000710453633002399,0.0172099439755656,-3.73210160359405,"10737203"
160.09855,338.328111111111,5.37228795168848,0.000711181741386426,0.0172133085276413,-3.73218037241801,"10871909"
110.32195,138.370277777778,5.37110150805747,0.000712177603992836,0.0172231428170917,-3.73228800624181,"10751237"
176.21665,304.847111111111,5.36819123125532,0.000714626888308656,0.0172680809884608,-3.73255223063067,"10827696"
-603.1605,1290.86266666667,-5.36449603462286,0.000717750098362206,0.0173292160112012,-3.73288813797463,"10739490"
-29.453905,35.0964555555556,-5.36162697615096,0.000720185387198294,0.0173736547494723,-3.73314927073367,"10742288"
100.118,207.435888888889,5.35923795191221,0.000722220141570335,0.0174083656896335,-3.7333669289901,"10765411"
377.55841,351.812577777778,5.35545063607588,0.000725458782131253,0.0174720139003977,-3.73371238631792,"10771655"
969.315,1929.08666666667,5.35336805430142,0.00072724644941494,0.0175006406698584,-3.73390255896309,"10781581"
-57.0643,151.565688888889,-5.35263130871625,0.000727880022210402,0.017501470756259,-3.73396987144263,"10769186"
858.470500000001,1634.97444444444,5.35092362833974,0.000729350893162547,0.0175224152901732,-3.7341259653201,"10883583"
-831.4525,1270.76955555556,-5.34898767435514,0.000731022330553816,0.0175481399875096,-3.73430304726582,"10824892"
60.05461,92.8631777777778,5.34709999884012,0.000732656136390213,0.0175651666596876,-3.73447583838485,"10701917"
-402.2735,1064.55577777778,-5.34677925007767,0.000732934146579011,0.0175651666596876,-3.73450521088398,"10884577"
-587.584,1409.64555555556,-5.34428086393575,0.000735103601055411,0.0175993299636173,-3.73473412239847,"10807272"
240.32732,209.424822222222,5.34317551916123,0.000736065667515725,0.0175993299636173,-3.73483546746359,"10881124"
35.468844,26.7148366666667,5.34305924763197,0.000736166947885956,0.0175993299636173,-3.73484613044951,"10827713"
22.453065,66.7155,5.33769503666326,0.00074085621575266,0.0176969529738334,-3.73533858118891,"10882567"
-72.7240999999999,243.071777777778,-5.33669786494581,0.000741731529373969,0.0177033863554993,-3.73543023506962,"10797827"
-291.9255,398.172333333333,-5.33599756378672,0.000742346929763979,0.0177036107805101,-3.73549462316818,"10714818"
-84.53193,72.6409333333333,-5.33515105612779,0.000743091559764941,0.0177069142144967,-3.73557247683828,"10800865"
52.5428,115.047555555556,5.33312897516274,0.000744873603140664,0.0177280366949123,-3.73575854973076,"10749846"
24.596005,36.3669777777778,5.33276863889054,0.000745191656786207,0.0177280366949123,-3.73579172304413,"10829828"
187.235172,102.74296,5.3317717270978,0.000746072365889449,0.0177345468650076,-3.73588352447496,"10924780"
-62.0797,183.763222222222,-5.3302720810925,0.000747399362220666,0.017751388721111,-3.73602168603069,"10773358"
-455.00595,505.338333333333,-5.32959860084887,0.000747996149643581,0.017751388721111,-3.73608375898435,"10819269"
-133.531,503.096888888889,-5.32758499271404,0.000749783579718591,0.0177793648521907,-3.73626944277199,"10908308"
-277.50235,545.325222222222,-5.32171707991768,0.000755019176047626,0.0178812903520047,-3.73681135936297,"10829265"
-241.56675,573.497,-5.32139679964349,0.000755306096199556,0.0178812903520047,-3.73684097281754,"10861333"
38.64598,109.370511111111,5.3198338063255,0.000756708007717013,0.0178876296702722,-3.73698554052449,"10831802"
-900.4797,925.798,-5.31973306774752,0.000756798462122835,0.0178876296702722,-3.73699486119525,"10742254"
-42.623325,78.189,-5.31507055285322,0.000760998006288366,0.0179723490345257,-3.73742664310721,"10908810"
557.90165,497.463888888889,5.31282253900703,0.000763031934422174,0.0179899973106804,-3.73763509848356,"10787517"
132.05,211.891888888889,5.31006400047017,0.000765535925388778,0.0179899973106804,-3.73789113750953,"10938483"
133.93286,152.793855555556,5.30986518438337,0.000765716743598098,0.0179899973106804,-3.73790960137313,"10915778"
-100.4694,428.461333333333,-5.30961128506774,0.000765947726771426,0.0179899973106804,-3.73793318279248,"10709200"
61.32747,110.006933333333,5.30932646926356,0.000766206927023623,0.0179899973106804,-3.73795963835135,"10877530"
741.6645,1703.66666666667,5.30869018983649,0.000766786329062792,0.0179899973106804,-3.73801875049811,"10812021"
-99.2504999999999,225.387666666667,-5.30855700753736,0.000766907666970568,0.0179899973106804,-3.73803112531671,"10828638"
-552.531,496.856666666667,-5.30744139180119,0.000767924894901351,0.0179899973106804,-3.73813480890133,"10754876"
309.5898,625.837666666667,5.30686226715164,0.00076845352950187,0.0179899973106804,-3.73818864917429,"10731168"
-2645.816725,2092.23345555556,-5.30681400323864,0.000768497603629983,0.0179899973106804,-3.73819313672634,"10822294"
37.33365,89.0268333333333,5.30653305141367,0.000768754221145756,0.0179899973106804,-3.73821926110629,"10781156"
-261.31145,493.379777777778,-5.30564600604261,0.000769565053546064,0.0179899973106804,-3.738301761562,"10816688"
-76.79105,221.028444444444,-5.30544306599423,0.000769750689339034,0.0179899973106804,-3.73832064009372,"10737874"
-65.06525,406.626111111111,-5.30432444250073,0.000770774812697426,0.0179901184513663,-3.73842472636462,"10803588"
-303.2668,587.247555555556,-5.30365376633776,0.000771389547848008,0.0179901184513663,-3.73848715301613,"10779485"
38.294945,74.9332555555555,5.30342071456056,0.000771603286765318,0.0179901184513663,-3.73850884924075,"10833818"
-273.03575,884.899777777778,-5.30230402222866,0.000772628341748094,0.0179920639012072,-3.73861283567326,"10929491"
53.152395,61.7918666666667,5.30153507404417,0.000773335057799474,0.0179920639012072,-3.73868446582054,"10787794"
239.08005,346.959,5.30120640055821,0.000773637347644086,0.0179920639012072,-3.73871508926444,"10861617"
-69.340475,144.075611111111,-5.29979499327805,0.000774936931806694,0.0179920639012072,-3.73884663759467,"10819329"
-52.8139,188.059555555556,-5.29958004982265,0.000775135055829848,0.0179920639012072,-3.73886667730538,"10926232"
989.275,3296.50777777778,5.2993122742219,0.000775381955624695,0.0179920639012072,-3.73889164497848,"10935762"
290.56777,167.021711111111,5.29718665500506,0.000777344925969082,0.0180232973549689,-3.73908993009372,"10740952"
-105.03905,220.787777777778,-5.29389266729437,0.000780397645716806,0.0180797278524748,-3.73939752139702,"10717325"
1026.3853,1187.53344444444,5.29000690158611,0.000784015723371342,0.0181491563728767,-3.73976086834404,"10866283"
-337.90695,516.436333333333,-5.28800513542019,0.000785886769620691,0.0181708220134804,-3.73994825748202,"10824268"
-133.3072,185.861955555556,-5.28767520358095,0.000786195626242188,0.0181708220134804,-3.73997915672638,"10798646"
-112.93565,350.965777777778,-5.28672912299574,0.000787082012388712,0.018175191931547,-3.74006778191105,"10797911"
417.7976,1199.12522222222,5.28614590383444,0.000787628978754654,0.018175191931547,-3.74012243152762,"10863886"
-79.4464000000001,280.405888888889,-5.28459088952373,0.000789089373301664,0.0181945200881096,-3.7402682009218,"10871423"
-470.257975,480.268255555556,-5.28382626195374,0.00078980856419229,0.0181967408472504,-3.74033990989746,"10758064"
50.38872,95.1692666666667,5.28157945985634,0.000791926019077506,0.0182189162957683,-3.74055074221017,"10721834"
-74.8429,233.536888888889,-5.28148165264969,0.00079201833694892,0.0182189162957683,-3.74055992420181,"10857412"
62.5407999999999,214.206111111111,5.27898637657094,0.000794377566167215,0.0182569651889597,-3.74079429251825,"10700656"
-56.6211,203.264666666667,-5.27841139838473,0.000794922287956347,0.0182569651889597,-3.74084832878427,"10940579"
-127.7797,281.833222222222,-5.27409596906394,0.000799023736913462,0.0183367474078475,-3.74125426905718,"10906391"
-109.01745,331.597,-5.27281766928272,0.000800243105515832,0.0183503156079588,-3.74137464316697,"10721517"
-341.66395,913.041555555556,-5.27109361803253,0.000801890910747108,0.0183736792678949,-3.74153708530782,"10788348"
-115.9014,430.118666666667,-5.26947093008066,0.000803445236775117,0.0183948661027808,-3.7416900743004,"10913218"
-93.90845,188.527111111111,-5.26526172280691,0.000807492544501416,0.0184623339187914,-3.74208736431417,"10734822"
37.90873,60.6855444444444,5.26509220243011,0.000807656012467151,0.0184623339187914,-3.74210337799709,"10794204"
98.9305,203.250111111111,5.26113193922832,0.000811485231533229,0.0185239068817112,-3.74247777718425,"10723609"
-291.6468,828.4,-5.2601204886432,0.000812466403407798,0.0185239068817112,-3.74257348923493,"10860548"
262.5375,469.102333333333,5.25967388527545,0.000812900051421199,0.0185239068817112,-3.74261576237701,"10720847"
333.2995,1567.36111111111,5.2585512703919,0.000813991222502522,0.0185239068817112,-3.74272205499891,"10882730"
55.04466,33.3280333333333,5.25782321191766,0.000814699747367378,0.0185239068817112,-3.74279101410974,"10850775"
-305.24725,1051.95455555556,-5.25780067099611,0.000814721694316797,0.0185239068817112,-3.74279314941093,"10808440"
120.26105,148.544555555556,5.25773244440976,0.0008147881270281,0.0185239068817112,-3.74279961262626,"10789301"
117.78576,111.578966666667,5.25567488845583,0.000816794378377543,0.0185550785147135,-3.74299460718184,"10876206"
-111.92915,313.292111111111,-5.25413398909322,0.000818300404606994,0.0185693384097315,-3.74314073832175,"10850459"
304.5635,969.750555555556,5.25373244440763,0.000818693361803732,0.0185693384097315,-3.74317883289088,"10758020"
242.8974,449.644,5.2509652122963,0.000821407048762801,0.0186164356264984,-3.74344151890757,"10939909"
-155.52945,308.964,-5.24991554063177,0.000822438989500512,0.0186211770815493,-3.74354123393876,"10715875"
134.1601,348.168111111111,5.24945615114138,0.000822891066347648,0.0186211770815493,-3.74358488683625,"10832323"
-98.4656999999997,453.490666666667,-5.24787936027237,0.00082444483222229,0.018641897313113,-3.74373477751069,"10806151"
99.1128,162.933333333333,5.24639782375807,0.000825907667414258,0.0186605310099305,-3.74387569534607,"10745303"
-194.71455,324.107,-5.24285422110127,0.000829418101216079,0.0187253635308551,-3.74421307162289,"10918535"
25.30523,107.574788888889,5.24153286565372,0.000830731274833681,0.0187287253655423,-3.7443389907862,"10708306"
524.6255,1422.70388888889,5.24141433352304,0.000830849184423319,0.0187287253655423,-3.74435028945936,"10884961"
549.2462,674.287222222222,5.23940120105688,0.000832854549556958,0.0187535239528488,-3.74454226247258,"10917034"
111.4617,218.220333333333,5.23902170178581,0.000833233178982603,0.0187535239528488,-3.74457846816344,"10935672"
75.6419500000001,322.559444444444,5.23781754812672,0.000834435823061652,0.0187557621708737,-3.74469338374424,"10758711"
590.6366,682.824555555556,5.23728295827164,0.000834970352850026,0.0187557621708737,-3.74474441798661,"10930421"
-75.3307,252.548888888889,-5.23627928463802,0.000835974928427598,0.0187557621708737,-3.74484026108361,"10849933"
491.6689,1324.17811111111,5.23544750403344,0.000836808461031901,0.0187557621708737,-3.74491971752059,"10940452"
273.54935,700.531888888889,5.23445348255019,0.000837805771995821,0.0187557621708737,-3.74501470519407,"10911296"
39.69407,51.8648888888889,5.23440652989363,0.000837852912262308,0.0187557621708737,-3.74501919283237,"10857456"
125.6676,448.167666666667,5.23437412607452,0.000837885447254761,0.0187557621708737,-3.74502228996958,"10763477"
192.6879,367.243666666667,5.23336620509887,0.000838898140552037,0.0187557621708737,-3.74511864555201,"10908896"
-355.0833,447.301,-5.23315477704095,0.000839110739964807,0.0187557621708737,-3.74513886242534,"10918501"
59.389195,68.7783777777778,5.22892617092756,0.000843375206580662,0.0188338340896238,-3.74554354673035,"10762343"
-159.26085,378.246,-5.2284143719561,0.000843892956230492,0.0188338340896238,-3.74559257099733,"10829927"
-147.648,525.890666666667,-5.22623365277691,0.000846102940787676,0.0188501472961439,-3.74580156531774,"10738530"
219.68855,769.124555555556,5.22562046789273,0.000846725497323439,0.0188501472961439,-3.74586036264825,"10868935"
119.18925,268.797,5.22530670785524,0.000847044247005299,0.0188501472961439,-3.74589045392294,"10796386"
-257.85835,568.981888888889,-5.22514863724539,0.000847204881215751,0.0188501472961439,-3.74590561510886,"10917518"
-331.8014,590.600111111111,-5.22158634124804,0.000850833824973297,0.0189164835333104,-3.74624753180286,"10705631"
136.71159,171.618866666667,5.2198353550135,0.00085262381653656,0.0189370293214533,-3.74641576559787,"10901204"
-29.565005,73.5049777777778,-5.21941477762919,0.000853054377594048,0.0189370293214533,-3.74645619118716,"10884189"
511.8498,962.458,5.21782512409651,0.000854683921322128,0.0189587973253642,-3.74660904613887,"10885516"
-937.646749999999,1146.60011111111,-5.21636482436463,0.000856183873744341,0.018967789941392,-3.74674954467292,"10828351"
-64.04373,67.6034,-5.21616644771125,0.000856387859680153,0.018967789941392,-3.74676863695341,"10939732"
358.695,196.6915,5.21478293455066,0.000857811975681264,0.018984938679964,-3.7469018300309,"10802422"
203.14495,247.839444444444,5.20529111612873,0.000867652660381587,0.0191815545624938,-3.74781752223867,"10939084"
285.51925,754.631444444444,5.20439107075046,0.000868592192176413,0.0191815545624938,-3.74790452356116,"10703400"
34.9444,174.504444444444,5.20432079804429,0.000868665594789459,0.0191815545624938,-3.74791131760878,"10767098"
-213.6741,701.458333333333,-5.19890496355619,0.000874343159829469,0.0192923421988354,-3.74843547575483,"10778311"
556.18975,703.514444444444,5.19778165214989,0.000875525844499457,0.0192972345392935,-3.74854432850529,"10713796"
-491.61,1680.20666666667,-5.19743992726814,0.000875885979294281,0.0192972345392935,-3.74857745209222,"10833451"
315.4687,530.766111111111,5.19597951073307,0.000877426904771216,0.0193166161235767,-3.74871905983398,"10896040"
-141.47535,742.941666666667,-5.19436449953945,0.000879134408745724,0.0193396329948024,-3.74887574970442,"10790752"
51.59092,110.286877777778,5.19105754055454,0.000882642137372771,0.0194021876608037,-3.74919689574097,"10791545"
17.79164,51.5020555555556,5.18880995799873,0.0008850349301246,0.0194076490226128,-3.74941539515592,"10865960"
775.13175,598.651,5.18849173729126,0.000885374284503975,0.0194076490226128,-3.74944634624705,"10799291"
19.984107,22.0277933333333,5.18844182864609,0.000885427520620831,0.0194076490226128,-3.74945120085158,"10701430"
58.5807,158.656666666667,5.18794756383963,0.000885954928175134,0.0194076490226128,-3.74949928289581,"10714031"
315.9794,1082.02588888889,5.18680632018367,0.000887174013592017,0.0194076490226128,-3.74961033769789,"10857610"
221.84365,539.801777777778,5.18678510382754,0.000887196694473621,0.0194076490226128,-3.74961240272726,"10850362"
-1825.9555,2626.68222222222,-5.1864632212039,0.000887540874040212,0.0194076490226128,-3.7496437342457,"10854847"
151.31965,361.374777777778,5.18506597665433,0.000889036603916881,0.0194174971807819,-3.74977978439329,"10903013"
198.5422,229.019777777778,5.1838886942512,0.000890299012571091,0.0194174971807819,-3.74989447317116,"10799087"
39.915315,69.4095,5.18361457402601,0.000890593235673895,0.0194174971807819,-3.74992118488894,"10739525"
-118.7923,354.926222222222,-5.18238738876915,0.000891911725084201,0.0194174971807819,-3.75004080259962,"10766672"
-189.299,1386.28111111111,-5.18235341931515,0.000891948252330047,0.0194174971807819,-3.75004411451022,"10756899"
-144.58745,533.504111111111,-5.18090925761833,0.000893502672573257,0.0194174971807819,-3.75018495533696,"10765130"
-79.0311500000001,204.463444444444,-5.18066911754196,0.000893761434628575,0.0194174971807819,-3.75020838236519,"10789138"
-360.95365,789.750555555556,-5.18045953978837,0.000893987331493984,0.0194174971807819,-3.7502288296229,"10801929"
-131.74525,208.573555555556,-5.18040158146394,0.000894049813883896,0.0194174971807819,-3.75023448456185,"10819662"
75.7851,145.540666666667,5.17948884427885,0.000895034428330808,0.0194174971807819,-3.75032355599291,"10764231"
156.47175,358.208,5.17924048604136,0.00089530255023322,0.0194174971807819,-3.75034779794817,"10900419"
-76.2401,118.119111111111,-5.17456254254974,0.000900369233438829,0.0195075007965076,-3.75080483679604,"10822757"
72.26845,190.932111111111,5.17417726215684,0.000900787929571051,0.0195075007965076,-3.7508425154525,"10782597"
257.7414,1099.32033333333,5.16766069918961,0.000907902107296031,0.0196353092059919,-3.7514806472518,"10874923"
-74.320725,102.660366666667,-5.1675404941407,0.000908033913099715,0.0196353092059919,-3.75149243322939,"10877888"
249.6932,446.123555555556,5.16611656249281,0.000909596862288009,0.0196464852379169,-3.7516320894596,"10904707"
27.519505,49.5809111111111,5.16524244188561,0.000910557783138564,0.0196464852379169,-3.75171785906748,"10700360"
-356.14385,616.981444444444,-5.1644792091849,0.000911397714765513,0.0196464852379169,-3.75179277169921,"10715889"
-62.380275,112.095433333333,-5.16401649716036,0.000911907339155322,0.0196464852379169,-3.7518381983497,"10937501"
427.25115,657.169,5.16340779554871,0.000912578230103191,0.0196464852379169,-3.75189796974479,"10835942"
-180.43525,758.730555555556,-5.1630446097742,0.000912978779200267,0.0196464852379169,-3.75193363936734,"10715071"
49.248825,37.6260666666667,5.16184393358259,0.000914304348913034,0.0196464852379169,-3.75205159685549,"10899981"
-36.326985,85.9135333333333,-5.16162151633456,0.000914550133329049,0.0196464852379169,-3.75207345364214,"10922243"
63.0015,157.782666666667,5.16152107908105,0.000914661146257172,0.0196464852379169,-3.7520833241501,"10808764"
-2236.07625,2192.74233333333,-5.16074358189426,0.000915521010863545,0.0196464852379169,-3.75215974580679,"10839367"
-27.3907,100.908155555556,-5.1598696329205,0.000916488602980523,0.0196464852379169,-3.75224567503627,"10780278"
278.51865,838.960666666667,5.15922919891621,0.000917198370665191,0.0196464852379169,-3.75230866263573,"10743343"
128.8115,535.786555555556,5.15914360251095,0.00091729327940435,0.0196464852379169,-3.752317082334,"10723224"
-72.0235,416.458555555556,-5.15847431466595,0.000918035752620468,0.0196479827670728,-3.75238292640423,"10717831"
-370.65565,853.620555555556,-5.15689673265881,0.000919788447373347,0.0196710832368704,-3.75253819456005,"10727398"
-80.3451,278.512666666667,-5.15556993534901,0.000921265359291416,0.0196882561860566,-3.75266885267721,"10825276"
35.004425,51.3245222222222,5.15294657176793,0.000924193186782616,0.019724440987192,-3.75292738724065,"10877251"
-234.0164,329.129111111111,-5.15284309378479,0.000924308883119936,0.019724440987192,-3.75293759040089,"10883982"
-50.018975,110.842744444444,-5.14775183161932,0.000930020953733552,0.0198163588096974,-3.75344009969078,"10855369"
-162.85005,413.045,-5.1472127793912,0.000930627996792996,0.0198163588096974,-3.75349336169102,"10763976"
-58.40097,86.9605333333333,-5.14675560022408,0.000931143180391325,0.0198163588096974,-3.75353854269581,"10896086"
308.73125,681.188888888889,5.14659030734131,0.000931329521657921,0.0198163588096974,-3.75355487981056,"10822938"
106.1036,164.031055555556,5.14496987677623,0.000933158463116169,0.0198408233926316,-3.75371509368045,"10750580"
81.66883,139.397677777778,5.14357903093707,0.000934731416656021,0.0198598135317738,-3.75385268754192,"10741799"
-542.35025,1399.75144444444,-5.14105817614461,0.000937589744522747,0.0199060659858194,-3.75410225800256,"10929910"
-309.928,725.666222222222,-5.13807829371819,0.000940980909104387,0.0199591421254153,-3.75439758417971,"10885740"
452.0913,681.006666666667,5.13766169401341,0.000941456077525239,0.0199591421254153,-3.75443889884468,"10872098"
-104.84006,88.3451577777778,-5.13650075078637,0.000942781622553619,0.0199702519642101,-3.75455406569139,"10761301"
43.69973,107.740122222222,5.13449154474134,0.000945080533931301,0.0199702519642101,-3.75475350220339,"10851263"
-169.32705,547.587333333333,-5.13441891940223,0.000945163745976607,0.0199702519642101,-3.75476071396781,"10822075"
407.8613,648.340888888889,5.13421551185949,0.000945396847274788,0.0199702519642101,-3.75478091359592,"10719411"
-556.7575,1390.70622222222,-5.13421446745027,0.000945398044311037,0.0199702519642101,-3.75478101731628,"10870644"
140.382,430.964,5.13360033573271,0.000946102211173605,0.0199706864141804,-3.75484201397307,"10798386"
23.805575,35.7224555555556,5.13224551625398,0.000947657687786071,0.0199890770332002,-3.75497662782086,"10900318"
-103.8478,209.204222222222,-5.13041330128517,0.000949765723494412,0.0200190879120965,-3.75515878650592,"10879090"
26.83239,52.5426666666667,5.12980234747635,0.00095046979172192,0.0200194841350859,-3.75521955592644,"10853238"
-1720.54375,2301.10188888889,-5.12757321816035,0.000953043512123741,0.0200592313855785,-3.75544140024143,"10794172"
-93.4234499999999,407.731666666667,-5.12615735058632,0.000954682216695723,0.0200792557800928,-3.75558240668849,"10788139"
-99.6246,297.369,-5.12403632722169,0.00095714283692303,0.0201165257826399,-3.75579378290685,"10702025"
260.72275,259.714777777778,5.12227229507274,0.000959194600580454,0.0201451553280786,-3.75596971314552,"10908319"
323.66005,683.228111111111,5.12143967225112,0.00096016470600899,0.0201510429032663,-3.75605279351474,"10873325"
442.00325,404.767888888889,5.11943160894828,0.000962508765337701,0.0201857365905065,-3.75625327024014,"10741907"
-66.2330999999999,198.273666666667,-5.1163589877719,0.000966107651748931,0.0202262720408999,-3.75656032689898,"10848596"
22.884975,47.44,5.11622631974633,0.000966263374196779,0.0202262720408999,-3.75657359297787,"10812013"
-445.9333,448.853222222222,-5.11572881033553,0.000966847583368823,0.0202262720408999,-3.75662334721532,"10878448"
237.50005,457.254777777778,5.11541949606763,0.000967210996136687,0.0202262720408999,-3.75665428547627,"10769788"
-68.5514,145.271711111111,-5.11186251845144,0.000971400853555163,0.0202993594676399,-3.75701032565747,"10747858"
-86.2228499999999,268.013333333333,-5.11092155537623,0.000972512561176908,0.020308064304662,-3.75710459380009,"10934286"
428.0917,1190.05377777778,5.10640170433134,0.00097787203144679,0.0204053953762047,-3.75755787874382,"10853819"
-27.84071,72.2030111111111,-5.10454854089481,0.000980078787320113,0.0204368463188935,-3.75774395528216,"10823425"
-46.401675,88.9517333333333,-5.10352602545199,0.000981298738249542,0.0204476899709145,-3.75784668291656,"10869555"
49.04869,103.145977777778,5.10256266222454,0.000982449637167256,0.0204535009178007,-3.75794350465897,"10824844"
241.55055,421.543,5.10175927281893,0.000983410551089872,0.0204535009178007,-3.75802427577802,"10831804"
97.12825,139.060611111111,5.10027432018352,0.00098518937653184,0.0204535009178007,-3.75817363540958,"10729777"
-100.83505,431.894222222222,-5.10011083232321,0.000985385433962029,0.0204535009178007,-3.75819008455966,"10884220"
224.9615,572.253888888889,5.09996872760569,0.000985555883076609,0.0204535009178007,-3.75820438310666,"10820004"
423.7222,1017.84877777778,5.09978327931967,0.000985778369694781,0.0204535009178007,-3.75822304404698,"10824884"
123.05175,343.026666666667,5.09862575373783,0.000987168323865486,0.0204678037000754,-3.75833955136007,"10839222"
310.07175,691.412666666667,5.09732527546127,0.00098873249625851,0.0204795375251349,-3.75847050889128,"10782704"
192.49558,186.840011111111,5.09667433622529,0.00098951644369196,0.0204795375251349,-3.75853608270041,"10759585"
451.02135,579.935333333333,5.09584245407534,0.000990519297641564,0.0204795375251349,-3.75861990803961,"10833198"
-215.78515,534.256888888889,-5.09536773992736,0.000991092075765288,0.0204795375251349,-3.75866775502261,"10757195"
-167.058375,240.693633333333,-5.0946435370705,0.000991966579585209,0.0204795375251349,-3.75874076505124,"10729854"
-289.78975,1103.59455555556,-5.09442425592608,0.000992231536957751,0.0204795375251349,-3.75876287573592,"10772699"
-151.0564,363.941222222222,-5.09408519631498,0.000992641375217053,0.0204795375251349,-3.75879706765587,"10704223"
-166.3319,284.516111111111,-5.09286143044603,0.000994122144862928,0.0204956135074281,-3.75892051336561,"10857435"
-44.91948,73.2112666666667,-5.09197430333847,0.000995197090451074,0.0205033059241451,-3.75901003735397,"10804013"
-49.40515,250.858555555556,-5.08432529627339,0.0010045184908686,0.020680763349003,-3.75978319888332,"10838278"
-378.04095,953.411,-5.08311295258296,0.00100600466175218,0.0206967747805832,-3.7599059511252,"10823609"
-116.720725,117.082922222222,-5.08162442899403,0.00100783268598555,0.0207197917581857,-3.76005674530078,"10760644"
-106.00285,311.765222222222,-5.08039175423246,0.0010093492610973,0.0207298827603444,-3.76018168608377,"10891339"
-119.80255,457.605222222222,-5.08007229967917,0.00100974269760971,0.0207298827603444,-3.76021407483543,"10740747"
132.6494,223.085888888889,5.07932765983707,0.00101066043945618,0.0207341531448546,-3.76028958755667,"10773463"
309.9529,495.358444444444,5.07854074749333,0.00101163127333973,0.020739505978489,-3.7603694105322,"10810410"
293.92075,664.197444444444,5.07757314615816,0.00101282642787073,0.0207494468890712,-3.7604675953444,"10732712"
-186.6447,530.744,-5.0745870522343,0.00101652452722522,0.0207949101861013,-3.7607708315389,"10802650"
131.96395,289.799444444444,5.0744209781918,0.00101673063357998,0.0207949101861013,-3.76078770647671,"10756622"
-203.6265,1188.03333333333,-5.07397856432576,0.00101727991508265,0.0207949101861013,-3.76083266581403,"10940364"
1283.5616,1537.10022222222,5.07348519429436,0.00101789284473625,0.0207949101861013,-3.76088281247046,"10866512"
-46.54665,193.3,-5.07077028710086,0.00102127290499682,0.0208493827020104,-3.76115892861851,"10846173"
149.1226,239.992111111111,5.0700546965064,0.0010221658605873,0.0208530401195513,-3.76123175480283,"10908291"
-22.2000475,28.6497722222222,-5.06562638965651,0.00102771080812557,0.0209515307387163,-3.76168287241277,"10807933"
105.59605,169.110777777778,5.0636786789503,0.00103016007350095,0.0209809961156684,-3.76188153148611,"10873918"
488.0414,962.528888888889,5.06333532674348,0.00103059250448361,0.0209809961156684,-3.76191656751998,"10725105"
-661.32775,1147.35055555556,-5.05965883653695,0.00103523529457646,0.0210466049202779,-3.76229201047405,"10875698"
39.263555,41.1836888888889,5.05938229260417,0.00103558544796479,0.0210466049202779,-3.7623202725789,"10799833"
-800.462,885.311111111111,-5.05907355780847,0.00103597651384129,0.0210466049202779,-3.76235182805874,"10828344"
86.20801,79.8042111111111,5.05747375589279,0.0010380055299756,0.0210675243847157,-3.76251540221907,"10906934"
180.5907,387.517333333333,5.05712492906877,0.00103844852173583,0.0210675243847157,-3.76255108190115,"10851753"
281.72795,611.468222222222,5.05539249393877,0.00104065169197424,0.0210975701105729,-3.76272835457307,"10818108"
-1986.8555,1946.04711111111,-5.05205794194012,0.00104490672104869,0.0211636465099279,-3.76306989745495,"10908879"
63.34965,109.219,5.05170373288174,0.00104535982453022,0.0211636465099279,-3.76310620319398,"10909597"
-225.32335,443.581888888889,-5.04943462173633,0.00104826757374177,0.0212066643085685,-3.76333889998173,"10843125"
171.2224,246.531444444444,5.04771214467587,0.00105048075059033,0.0212066643085685,-3.76351567516093,"10871369"
-171.14925,468.998666666667,-5.04649807566918,0.00105204375677078,0.0212066643085685,-3.76364034355747,"10776807"
515.0566,937.767444444444,5.04642671107863,0.0010521357115331,0.0212066643085685,-3.76364767354267,"10843863"
145.74805,366.645111111111,5.04608634502887,0.00105257440133828,0.0212066643085685,-3.76368263591802,"10766835"
-60.9248499999999,151.379288888889,-5.04561491634192,0.00105318234542786,0.0212066643085685,-3.76373106859601,"10914833"
156.896,148.414055555556,5.0454512160712,0.00105339353959802,0.0212066643085685,-3.7637478885539,"10767951"
-50.61803,82.4692777777778,-5.04464578249423,0.00105443332670814,0.0212066643085685,-3.76383066107021,"10767247"
517.41395,510.382555555556,5.04422937742164,0.00105497133185958,0.0212066643085685,-3.76387346409483,"10868627"
146.35295,190.288555555556,5.04418417372559,0.00105502975417525,0.0212066643085685,-3.76387811107627,"10728830"
-245.58615,412.419,-5.04304211948358,0.00105650694737708,0.0212066643085685,-3.7639955421045,"10800562"
-65.8310999999999,427.399333333333,-5.04248528598093,0.00105722800605236,0.0212066643085685,-3.76405281687394,"10781752"
159.71755,209.120777777778,5.04219859980735,0.00105759945372181,0.0212066643085685,-3.76408230961775,"10940598"
51.09515,53.4772555555556,5.04216163544209,0.00105764735734868,0.0212066643085685,-3.76408611255107,"10712986"
165.767,299.806222222222,5.0407566188407,0.00105946993748137,0.0212145104807141,-3.76423070224398,"10933574"
-137.89385,138.234844444444,-5.04044072722726,0.00105988018356793,0.0212145104807141,-3.76426322128157,"10912307"
-2500.99475,2210.32077777778,-5.04014712596825,0.00106026163723897,0.0212145104807141,-3.76429344921115,"10740713"
-126.35425,139.528555555556,-5.03962268529229,0.00106094337688517,0.0212145104807141,-3.76434745187397,"10940538"
-87.3657500000002,433.929777777778,-5.0343441893696,0.00106783186628402,0.0213136676507863,-3.76489159573551,"10888758"
-181.18005,399.958333333333,-5.03417263380848,0.00106805656776567,0.0213136676507863,-3.76490929941328,"10775001"
-294.256,1307.39555555556,-5.03414637590283,0.00106809096463172,0.0213136676507863,-3.7649120092012,"10808290"
-511.946499999999,2178.21222222222,-5.0317775492684,0.001071199031951,0.0213610979654721,-3.7651565822441,"10897146"
-53.17235,122.640844444444,-5.03094836371701,0.00107228931943522,0.0213682538731109,-3.76524224542199,"10718720"
144.5362,397.372111111111,5.02880516406871,0.00107511302079987,0.0214043451100537,-3.76546378607097,"10793394"
-118.83065,479.580777777778,-5.02782488192501,0.00107640727027352,0.0214043451100537,-3.76556517787285,"10940613"
101.59355,178.077888888889,5.02723010119674,0.00107719337998769,0.0214043451100537,-3.76562671542798,"10771669"
-231.96705,606.316333333333,-5.02719041344753,0.00107724585684215,0.0214043451100537,-3.76563082212659,"10938858"
15.884615,35.7296888888889,5.02666266922222,0.00107794392903685,0.0214043451100537,-3.76568543653891,"10701399"
32.29149,32.7398333333333,5.02624520876576,0.00107849647436158,0.0214043451100537,-3.76572864592512,"10796881"
-54.79395,213.556333333333,-5.02538863618288,0.00107963119359029,0.0214123188659516,-3.7658173274969,"10830135"
39.405277,29.7839544444444,5.02446195852594,0.0010808602538936,0.0214221515992183,-3.76591330002084,"10766080"
28.36836,38.8363,5.02185744704014,0.0010843228459488,0.0214651930842636,-3.76618322284319,"10866970"
-532.03555,604.492555555556,-5.02172336004491,0.0010845014374058,0.0214651930842636,-3.76619712649348,"10803815"
97.376,177.237722222222,5.02018431196268,0.00108655361348986,0.0214900274882322,-3.76635676373099,"10737429"
197.95809,190.005533333333,5.01949814560923,0.00108746992114284,0.0214900274882322,-3.76642796658587,"10722720"
-17.599205,44.5636111111111,-5.01912918193305,0.00108796298538699,0.0214900274882322,-3.76646626138437,"10717459"
-122.4569,155.565111111111,-5.01755430208161,0.00109007032677688,0.0215171044097701,-3.76662977957828,"10940631"
625.787,1590.87555555556,5.01372266980278,0.00109521609734486,0.0216040803969161,-3.76702802834327,"10932126"
96.2514500000001,300.679222222222,5.01264011367927,0.00109667474992196,0.0216079247472603,-3.76714065256609,"10911315"
229.36835,353.044888888889,5.0124802951903,0.0010968902717939,0.0216079247472603,-3.76715728333266,"10867320"
-230.9222,556.397111111111,-5.00884542700692,0.00110180457703991,0.0216785993911814,-3.76753580540663,"10740681"
206.99875,257.295444444444,5.00866810889817,0.00110204492480527,0.0216785993911814,-3.76755428423115,"10874298"
-142.85805,212.245333333333,-5.00818198701957,0.00110270413826575,0.0216785993911814,-3.76760495084642,"10813357"
-37.475345,58.6190111111111,-5.00632727010764,0.00110522322325593,0.0217056893607424,-3.7677983480111,"10831447"
29.630835,66.4377,5.00607372677335,0.0011055680758809,0.0217056893607424,-3.76782479650546,"10889368"
-79.86355,253.309888888889,-5.0025987914519,0.00111030633202377,0.0217840760132588,-3.76818754641736,"10874740"
244.46495,303.300888888889,5.0012720583302,0.0011121212588826,0.0218050405751652,-3.76832617274171,"10872561"
-108.5358,111.016466666667,-5.00070810010213,0.00111289371784881,0.0218055513569653,-3.76838512048773,"10790921"
243.75845,509.086888888889,4.9982686894671,0.00111624176919236,0.0218418533457371,-3.76864024747665,"10830133"
243.75845,509.086888888889,4.9982686894671,0.00111624176919236,0.0218418533457371,-3.76864024747665,"10916237"
-44.42445,147.044,-4.99385640306674,0.00112232558527817,0.0218934680269615,-3.76910231810907,"10739206"
-132.6147,286.256333333333,-4.99335910526735,0.00112301354839094,0.0218934680269615,-3.76915444620761,"10759248"
50.007601,41.3073744444444,4.99285634770289,0.00112370953352903,0.0218934680269615,-3.76920715676733,"10792035"
146.4251,238.689222222222,4.99241753738662,0.00112431737987355,0.0218934680269615,-3.76925317125803,"10862499"
122.63995,286.296444444444,4.99232974264425,0.00112443903758544,0.0218934680269615,-3.76926237851697,"10740959"
34.92958,56.7868777777778,4.99211352926539,0.00112473870719339,0.0218934680269615,-3.76928505469448,"10833375"
-30.22403,74.6764777777778,-4.99187766900952,0.00112506570681495,0.0218934680269615,-3.76930979356534,"10808090"
-99.8197,223.938888888889,-4.99135877164209,0.00112578547878219,0.0218934680269615,-3.76936422749971,"10888998"
-78.90375,176.218666666667,-4.99103561549463,0.00112623398907442,0.0218934680269615,-3.76939813307626,"10822663"
563.6465,1884.36555555556,4.99070044214413,0.00112669938462377,0.0218934680269615,-3.76943330395955,"10940406"
26.137945,56.6286444444444,4.98896126154391,0.00112911765539633,0.0218934680269615,-3.76961587506816,"10710087"
152.99005,399.062777777778,4.98882139005975,0.00112931238841109,0.0218934680269615,-3.76963056344398,"10898281"
-45.3441499999999,128.367044444444,-4.98880689376103,0.00112933257266688,0.0218934680269615,-3.76963208579443,"10728269"
104.57795,287.186888888889,4.98827822800278,0.00113006894230867,0.0218934680269615,-3.76968761022884,"10890017"
242.0731,590.745444444444,4.98821441508252,0.00113015786177017,0.0218934680269615,-3.76969431310442,"10723650"
-144.7553,409.557111111111,-4.98646542725094,0.00113259795293508,0.0218934680269615,-3.76987809005117,"10739595"
981.492499999999,2762.25888888889,4.98640341757901,0.00113268457111697,0.0218934680269615,-3.76988460806413,"10739541"
981.492499999999,2762.25888888889,4.98640341757901,0.00113268457111697,0.0218934680269615,-3.76988460806413,"10888125"
-744.41075,1124.64277777778,-4.98566557771192,0.00113371577864052,0.0218934680269615,-3.7699621764654,"10732228"
67.82266,136.911744444444,4.98541930334802,0.00113406020108299,0.0218934680269615,-3.76998807196446,"10871868"
53.95578,52.9791666666667,4.98459888510281,0.00113520840777584,0.0218934680269615,-3.77007435584343,"10931034"
-366.93955,781.139555555556,-4.98448582166075,0.00113536674405582,0.0218934680269615,-3.77008624893259,"10805571"
123.0834,224.124333333333,4.98240897785256,0.0011382794985433,0.0219351565108469,-3.77030480335538,"10925808"
60.55055,127.195555555556,4.98144141863222,0.00113963928161847,0.0219468833046816,-3.77040668316276,"10903166"
-1528.163,2026.20244444444,-4.97916197636852,0.00114284978033977,0.0219777357607608,-3.7706468488429,"10912845"
123.264394,62.9893811111111,4.97839701502254,0.0011439294121592,0.0219777357607608,-3.77072749369732,"10767465"
442.2495,774.901333333333,4.9780939950646,0.00114435738923359,0.0219777357607608,-3.77075944567939,"10774440"
-464.57225,1053.83344444444,-4.97806087377753,0.00114440417944691,0.0219777357607608,-3.77076293838445,"10823098"
271.40355,796.145,4.97763721105856,0.00114500286944198,0.0219777357607608,-3.77080761838768,"10802579"
172.4289,185.116666666667,4.97676500255504,0.0011462364912645,0.0219869683885759,-3.77089962557307,"10788427"
52.4692,104.476444444444,4.97565915507947,0.00114780265440188,0.0220025634814281,-3.7710163232615,"10821746"
30.087635,69.8006222222222,4.97507368268527,0.00114863278065652,0.0220040380682621,-3.77107812704117,"10760568"
56.6468,160.657555555556,4.97296506184533,0.00115162798543584,0.0220469593489664,-3.77130083342784,"10722706"
-78.547675,121.262122222222,-4.97173703261462,0.00115337628314135,0.022065969047604,-3.77143061775073,"10706941"
180.9672,197.507666666667,4.96852258721168,0.00115796632299114,0.0221183669273203,-3.77177062766866,"10867236"
158.44673,217.660288888889,4.96843519954187,0.00115809138607527,0.0221183669273203,-3.77177987703853,"10741802"
20.052092,21.3125988888889,4.96822907329907,0.0011583864379681,0.0221183669273203,-3.77180169528551,"10940528"
62.5457,101.570588888889,4.96685671269813,0.00116035295044502,0.0221414442157419,-3.77194700243994,"10922186"
237.20345,307.862555555556,4.96191267955293,0.00116746778599959,0.0222346221313287,-3.77247112056329,"10767388"
-35.8018,156.911888888889,-4.96188134839469,0.00116751302573505,0.0222346221313287,-3.77247444517475,"10744682"
273.43625,551.845222222222,4.96187696718956,0.00116751935200446,0.0222346221313287,-3.77247491007633,"10821914"
551.5187,1530.50322222222,4.95930063858479,0.00117124595858533,0.0222794460214945,-3.77274842742456,"10875372"
33.03339,59.0703666666667,4.95919553062667,0.00117139827100074,0.0222794460214945,-3.77275959204115,"10847714"
-93.2278,308.264222222222,-4.95819272742615,0.00117285252720466,0.0222925918866343,-3.77286613303306,"10899487"
102.436637,72.8233322222222,4.95661571850421,0.00117514348645414,0.0223085602677858,-3.77303376285836,"10844005"
331.0906,587.434777777778,4.9565631740836,0.00117521990320129,0.0223085602677858,-3.77303934987875,"10905675"
-36.43463,81.0819111111111,-4.95572251114825,0.00117644324082918,0.0223170038106217,-3.77312875252633,"10718658"
1579.76303,868.348622222222,4.95416500181612,0.00117871341886934,0.0223170038106217,-3.77329446685347,"10936482"
-355.412,962.049111111111,-4.95382319922013,0.00117921226057996,0.0223170038106217,-3.77333084695256,"10741239"
253.53195,829.071666666667,4.95319673732058,0.00118012714594091,0.0223170038106217,-3.77339753750413,"10761517"
-246.4022,307.022111111111,-4.95300073293443,0.00118041355025293,0.0223170038106217,-3.77341840663419,"10790257"
-444.78525,1022.06966666667,-4.95272487268203,0.00118081676982044,0.0223170038106217,-3.77344778091353,"10772657"
496.337,643.657222222222,4.95216532955666,0.00118163510575421,0.0223170038106217,-3.77350737204782,"10937499"
-46.9813,119.706222222222,-4.95206901541059,0.00118177602844635,0.0223170038106217,-3.77351763076645,"10894115"
-58.022075,107.944911111111,-4.95017625601884,0.00118454916445255,0.0223404683161675,-3.77371931183077,"10796900"
-22.576895,83.4531444444444,-4.94918280610568,0.00118600754305844,0.0223404683161675,-3.773825226845,"10712270"
-168.06625,362.258888888889,-4.94861517022305,0.00118684171041405,0.0223404683161675,-3.77388576263383,"10836354"
-220.65165,246.0762,-4.94847496974487,0.001187047840316,0.0223404683161675,-3.77390071642028,"10782891"
-41.522425,96.7253888888889,-4.94808332262041,0.00118762386734453,0.0223404683161675,-3.77394249379933,"10749975"
-563.3396,898.253444444444,-4.94789061784867,0.0011879074059792,0.0223404683161675,-3.77396305212235,"10940580"
-93.15905,229.618777777778,-4.94757524431882,0.00118837159455481,0.0223404683161675,-3.77399670041507,"10842753"
24.3871,58.1722111111111,4.94626495695901,0.00119030229087549,0.0223539552409467,-3.77413654336773,"10926258"
-87.6257,107.021844444444,-4.94534639928228,0.00119165782185352,0.0223539552409467,-3.7742346203854,"10926668"
37.45804,67.7381777777778,4.94528259695351,0.00119175203868795,0.0223539552409467,-3.77424143403315,"10749368"
160.7977,537.717444444444,4.9450133454547,0.00119214973182019,0.0223539552409467,-3.77427019008048,"10887981"
-124.9668,387.116,-4.94398269111774,0.00119367338270908,0.0223681681863137,-3.77438029153162,"10852742"
169.8793,210.182111111111,4.94344786290694,0.00119446487614728,0.0223686518536965,-3.77443744275336,"10835964"
53.25644,51.6557888888889,4.93999928433189,0.00119958223346107,0.0224373363068314,-3.77480623794045,"10854091"
433.01217,264.629433333333,4.93968316993067,0.00120005251456367,0.0224373363068314,-3.77484006816873,"10852474"
-17.588625,26.4286333333333,-4.93898217947387,0.00120109609220275,0.0224373363068314,-3.77491510215379,"10742334"
-146.6945,345.317444444444,-4.93874019514783,0.00120145656912972,0.0224373363068314,-3.7749410088593,"10885404"
151.4668,373.795777777778,4.93800259159656,0.0012025560853393,0.0224373363068314,-3.77501999121253,"10767692"
-144.87315,417.590333333333,-4.93721945665,0.00120372467750048,0.0224373363068314,-3.77510387367237,"10721883"
899.9582,835.287222222222,4.93665546608149,0.00120456703187511,0.0224373363068314,-3.77516429904339,"10751352"
362.611,1747.01444444444,4.93635626118043,0.00120501417428005,0.0224373363068314,-3.77519636089142,"10786228"
57.567039,42.6907366666667,4.93588616913136,0.00120571706303589,0.0224373363068314,-3.77524674194531,"10759465"
-73.52441,101.262544444444,-4.9358220979199,0.00120581289798471,0.0224373363068314,-3.7752536093408,"10714126"
-302.697,1363.23,-4.93491274823873,0.00120717396210715,0.022442212084587,-3.77535109520654,"10790698"
-2338.3875,2234.22466666667,-4.93462077332087,0.00120761133008047,0.022442212084587,-3.77538240332681,"10832124"
100.97005,298.621777777778,4.93370165969299,0.00120898926071782,0.0224535360855755,-3.77548098182415,"10867699"
545.753,1216.51888888889,4.93303323090855,0.00120999244536734,0.0224578902788828,-3.77555269537604,"10821050"
244.515,1402.90333333333,4.93061203676841,0.0012136338226358,0.0225003463842361,-3.77581261242627,"10851599"
-83.3309500000001,257.726222222222,-4.93022572350126,0.00121421592938774,0.0225003463842361,-3.77585410593587,"10928084"
-920.05445,963.439111111111,-4.92997726201152,0.00121459047880948,0.0225003463842361,-3.77588079619917,"10916432"
-69.179915,68.1774111111111,-4.92757965249869,0.00121821131128562,0.0225308342701671,-3.77613848415904,"10836312"
526.47365,842.911888888889,4.92746498187244,0.00121838478047961,0.0225308342701671,-3.77615081459739,"10737518"
-1009.65075,1533.96633333333,-4.92735581636458,0.0012185499468359,0.0225308342701671,-3.77616255358224,"10827454"
-1690.197,3603.36333333333,-4.92585340419858,0.00122082556992166,0.0225586326373759,-3.77632416399876,"10909646"
170.07515,390.495555555556,4.92484809411713,0.00122235085302335,0.0225725397093705,-3.77643235486543,"10768668"
38.25509,79.4385222222222,4.92412320592328,0.00122345196507039,0.0225786012050324,-3.77651039296661,"10769301"
-129.5311,355.586222222222,-4.92124802736194,0.00122783007919865,0.0226450933924932,-3.77682013664521,"10859282"
-759.1655,1928.94111111111,-4.92041798499844,0.00122909719103152,0.0226541610970314,-3.77690962131615,"10802691"
-464.2375,713.971222222222,-4.91902911893503,0.00123122058009282,0.0226789899286454,-3.77705941547522,"10782166"
14.673396,14.0843133333333,4.9179950437192,0.00123280414566453,0.0226938502277527,-3.77717099638146,"10767071"
-346.7324,607.388111111111,-4.9166349787562,0.00123489031682847,0.0227094918322281,-3.77731782078552,"10741680"
158.7522,500.232333333333,4.91607292283362,0.00123575356744881,0.0227094918322281,-3.77737851948196,"10809048"
-28.659645,92.7772,-4.91592172770552,0.00123598589762589,0.0227094918322281,-3.77739484990623,"10769180"
-35.65655,159.695444444444,-4.91435225201325,0.00123840041466822,0.0227387695441778,-3.77756442365628,"10807560"
193.57775,281.010555555556,4.91357057970773,0.00123960487980373,0.0227387695441778,-3.77764891768204,"10707832"
-216.6814,468.186555555556,-4.91296484991315,0.00124053911868692,0.0227387695441778,-3.77771441094293,"10861722"
-80.89155,207.364,-4.91253311252898,0.00124120547250136,0.0227387695441778,-3.77776110099707,"10869288"
-81.9733499999999,287.339,-4.91110936655679,0.00124340568964151,0.0227387695441778,-3.77791512659912,"10847438"
-419.08425,1096.17033333333,-4.91099251511514,0.00124358645776935,0.0227387695441778,-3.77792777174195,"10891780"
76.87735,344.071111111111,4.91075183508785,0.00124395887811288,0.0227387695441778,-3.77795381886223,"10723601"
17.063716,17.0977077777778,4.91030672602674,0.00124464794639875,0.0227387695441778,-3.77800199629361,"10757489"
-238.403425,235.259922222222,-4.91020999224531,0.00124479775404065,0.0227387695441778,-3.77801246759924,"10762108"
-48.2528,145.420511111111,-4.90928330806242,0.00124623387085484,0.0227387695441778,-3.77811279979043,"10783662"
-167.115025,180.244255555556,-4.90889223834403,0.00124684046930308,0.0227387695441778,-3.77815515173021,"10928191"
68.89747,121.520377777778,4.90884124716139,0.00124691958683415,0.0227387695441778,-3.77816067442823,"10762981"
110.2605,235.160666666667,4.90784002321574,0.00124847419031811,0.0227404524714033,-3.77826913596071,"10923595"
215.55845,545.753555555556,4.90777920454947,0.00124856869186455,0.0227404524714033,-3.77827572573467,"10779607"
-60.23235,143.835466666667,-4.90684273910426,0.00125002478231339,0.0227477003369324,-3.77837721242115,"10917019"
-73.2001999999999,137.985577777778,-4.90643210230252,0.00125066385803847,0.0227477003369324,-3.77842172556083,"10790119"
31.376,58.7411888888889,4.90602190275953,0.00125130260975732,0.0227477003369324,-3.77846619835482,"10915920"
260.078,720.947222222222,4.90535549678662,0.00125234107943884,0.0227524205812975,-3.77853846343235,"10717941"
141.92957,188.468988888889,4.90439876208993,0.00125383361943881,0.0227599283728692,-3.7786422443089,"10901811"
-589.27225,1348.29122222222,-4.90372312651724,0.00125488880589904,0.0227599283728692,-3.77871555635007,"10933366"
379.67515,425.083111111111,4.90325507950507,0.00125562035601368,0.0227599283728692,-3.77876635454323,"10771649"
-89.3191,274.203222222222,-4.90309502323627,0.00125587062836534,0.0227599283728692,-3.7787837279181,"10891795"
-118.9389,410.891666666667,-4.90166581262337,0.00125810783502395,0.0227860132317141,-3.7789389098398,"10802508"
-630.404,1695.27444444444,-4.90117960914696,0.00125886990333356,0.0227860132317141,-3.77899172075702,"10759018"
-71.250025,146.479122222222,-4.89977311269041,0.00126107726718807,0.0228056631488827,-3.77914454883779,"10783592"
391.56,868.066666666667,4.89949337388148,0.00126151679498167,0.0228056631488827,-3.77917495480121,"10788079"
-691.5195,1162.968,-4.89871165864616,0.00126274591976767,0.0228137658009232,-3.77925994008351,"10826828"
79.48825,144.585111111111,4.89607068965936,0.0012669081181284,0.0228748169116212,-3.77954724679322,"10742352"
-556.542,1976.25,-4.89543920431854,0.00126790556576708,0.0228786863485605,-3.77961598851873,"10871479"
75.5977500000001,325.879,4.89430834104938,0.00126969393883749,0.0228789040673314,-3.77973913307099,"10926068"
-482.5026,919.306,-4.89417686032196,0.00126990204426312,0.0228789040673314,-3.7797534540654,"10775268"
-82.9571,172.678777777778,-4.893557286157,0.00127088319728968,0.0228789040673314,-3.77982094841725,"10884964"
380.61191,205.538188888889,4.89317935185121,0.0012714820979438,0.0228789040673314,-3.77986212726498,"10866030"
164.1091,422.140777777778,4.8929577703573,0.00127183337459253,0.0228789040673314,-3.77988627307018,"10815536"
-130.80905,257.536444444444,-4.89165901967539,0.00127389443800747,0.0229018782227386,-3.78002783994369,"10803868"
1321.4447,864.891555555556,4.88921676240774,0.0012777800896806,0.0229576061131174,-3.78029424432851,"10940643"
-127.6582,245.830222222222,-4.88852652477979,0.0012788806092403,0.0229632563726774,-3.78036958189543,"10822007"
42.64646,64.9921222222222,4.88715297496465,0.0012810736885584,0.0229682965309727,-3.78051956097,"10816409"
-249.96,1000.50666666667,-4.88693530831276,0.00128142160318712,0.0229682965309727,-3.78054333549019,"10738430"
58.18856,109.294022222222,4.88687380121372,0.00128151993378125,0.0229682965309727,-3.78055005393185,"10889770"
873.0486,1191.208,4.88552894630293,0.00128367199777469,0.0229865010418809,-3.78069699285081,"10831090"
83.19504,170.790033333333,4.88525595812067,0.00128410932088552,0.0229865010418809,-3.7807268288857,"10852392"
-40.47845,138.495777777778,-4.88327178649782,0.00128729283048052,0.0230293770665389,-3.78094378208289,"10930164"
654.8095,2694.07444444444,4.88225192710977,0.00128893250086763,0.0230311861974355,-3.7810553602929,"10782755"
-138.60485,669.112444444444,-4.88222819721187,0.00128897067956483,0.0230311861974355,-3.78105795699784,"10831886"
-77.743775,119.446811111111,-4.88138554052597,0.00129032721920849,0.0230375761683347,-3.78115018231743,"10702078"
161.2667,276.387888888889,4.88102664079583,0.00129090546270842,0.0230375761683347,-3.78118947154962,"10804947"
193.65503,184.381622222222,4.87928629312032,0.00129371345218362,0.023073592669165,-3.78138006709562,"10803921"
312.735,1054.23333333333,4.87857571142829,0.00129486186848194,0.0230773221106066,-3.78145792390324,"10808041"
-117.6813,335.247,-4.87781682951829,0.00129608957577759,0.0230773221106066,-3.7815410964892,"10853852"
-42.091545,75.3648666666667,-4.87769154597784,0.00129629237980097,0.0230773221106066,-3.78155482976955,"10704133"
17.50482,23.3817,4.87671475778864,0.00129787475506918,0.0230914208858654,-3.78166192576713,"10828021"
19.56849,51.3608666666667,4.87537565165908,0.00130004750773488,0.0231091758459557,-3.78180881243306,"10725776"
-280.6977,731.952666666667,-4.87512493256949,0.00130045475083012,0.0231091758459557,-3.78183632228922,"10766512"
56.7996000000001,166.752666666667,4.87412589331566,0.00130207887514949,0.0231158457346061,-3.78194596719439,"10711894"
-812.07445,614.439422222222,-4.87354436511678,0.00130302527768222,0.0231158457346061,-3.78200980963131,"10751890"
-457.1775,1177.5,-4.87343467730795,0.00130320387228371,0.0231158457346061,-3.78202185319749,"10701539"
39.519555,69.5289666666667,4.87276977639803,0.00130428704195368,0.0231210204148269,-3.78209486931599,"10742236"
-133.0239,767.098666666667,-4.87203252173067,0.00130548923083936,0.0231282973861377,-3.78217585292728,"10713706"
188.08325,550.778555555555,4.87030870672112,0.00130830486015629,0.0231641322330945,-3.78236529525926,"10826814"
-53.053725,98.1729666666667,-4.86899124049974,0.00131046124337967,0.0231769424261106,-3.78251016623039,"10720437"
-135.90425,267.738111111111,-4.86889734405919,0.00131061507797408,0.0231769424261106,-3.7825204940724,"10738274"
-230.9941,379.068555555556,-4.86582832719502,0.0013156540559184,0.0232431291288052,-3.78285826752183,"10871419"
-73.2973,280.409222222222,-4.86541628945699,0.00131633218492569,0.0232431291288052,-3.78290364660286,"10849172"
163.72115,482.646555555556,4.86516577461925,0.00131674466722026,0.0232431291288052,-3.78293124016881,"10770412"
69.95425,219.205777777778,4.86395142350932,0.00131874614481441,0.0232447236998921,-3.78306503574189,"10746256"
-134.1981,544.631,-4.86376779618189,0.00131904908609557,0.0232447236998921,-3.7830852730271,"10780737"
-53.9119499999999,140.176533333333,-4.86353537433403,0.00131943263569174,0.0232447236998921,-3.78311088994345,"10903391"
45.83451,104.226133333333,4.86318099124625,0.00132001768392281,0.0232447236998921,-3.7831499535376,"10770764"
219.40755,692.714666666667,4.86195474763202,0.00132204426730027,0.0232663862800664,-3.78328516353377,"10806960"
35.606673,27.17754,4.85968838902217,0.0013257987741255,0.0233184138394356,-3.78353522927099,"10716576"
-114.544,216.486555555556,-4.85882682416536,0.00132722911794544,0.0233208985093575,-3.78363035026912,"10828687"
-50.3846,207.342444444444,-4.85863040160863,0.00132755544857894,0.0233208985093575,-3.78365204072592,"10870046"
470.5349,1280.60422222222,4.85794947831215,0.001328687393064,0.0233208985093575,-3.78372724616816,"10754088"
167.73075,525.825,4.85768150268092,0.00132913315595537,0.0233208985093575,-3.7837568485141,"10714763"
61.404485,75.3367222222222,4.85524158512123,0.00133319934823944,0.0233596024748904,-3.78402651910808,"10759277"
30.43777,65.8033777777778,4.85515710396866,0.00133334038162569,0.0233596024748904,-3.78403586090524,"10910722"
-118.0605,194.760666666667,-4.85491907958477,0.00133373782871628,0.0233596024748904,-3.78406218292194,"10796845"
-441.41025,1259.27366666667,-4.8540821681212,0.00133513630988953,0.0233700851750226,-3.78415475235045,"10815512"
-179.42345,184.668844444444,-4.85354522654489,0.00133603438390189,0.0233718014918022,-3.78421415838714,"10906439"
94.92948,159.0414,4.85105205801718,0.00134021304282794,0.0234093340393673,-3.78449015891146,"10732913"
-230.71135,339.941222222222,-4.85101344800018,0.00134027786702246,0.0234093340393673,-3.7844944352401,"10924260"
48.06122,64.9382222222222,4.85038718120552,0.00134132981449957,0.0234093340393673,-3.78456380758264,"10840180"
111.54103,103.392111111111,4.85035426462123,0.00134138512979739,0.0234093340393673,-3.7845674542584,"10852967"
53.03572,112.292211111111,4.84914065545452,0.0013434263024468,0.0234309588057796,-3.78470193683804,"10737838"
1230.307,1868.19111111111,4.8477208794575,0.00134581853395484,0.0234586769993775,-3.78485934541768,"10765772"
-53.497,128.168955555556,-4.84718721010407,0.00134671893518128,0.0234603738654656,-3.78491853497048,"10891659"
86.6861500000001,380.506777777778,4.84506978086928,0.00135029792766538,0.0235087030147893,-3.78515350074263,"10914409"
321.82814,254.812588888889,4.8442427132456,0.00135169870143974,0.0235137805739458,-3.78524533067711,"10881293"
-169.24,955.741222222222,-4.84371584072477,0.00135259187326067,0.0235137805739458,-3.78530384506169,"10806566"
-58.5334999999999,223.726111111111,-4.84309273777996,0.0013536490099779,0.0235137805739458,-3.78537306219202,"10932430"
375.18785,775.843555555556,4.84267974509139,0.00135435017744112,0.0235137805739458,-3.78541894851603,"10932795"
-48.13942,92.2526222222222,-4.84199296798141,0.00135551704673106,0.0235137805739458,-3.78549527041914,"10921766"
-47.02205,157.562111111111,-4.84179751608071,0.00135584933010212,0.0235137805739458,-3.78551699480257,"10742533"
134.1991,300.086444444444,4.84157734913603,0.00135622373749225,0.0235137805739458,-3.78554146822041,"10901552"
-121.7869,157.880688888889,-4.84056213792703,0.00135795162752443,0.0235198325737032,-3.78565434452867,"10919775"
89.13975,222.350666666667,4.84003704204902,0.00135884628407924,0.0235198325737032,-3.78571274475411,"10804003"
-85.41405,281.741,-4.83995386092829,0.00135898806683135,0.0235198325737032,-3.7857219970994,"10915740"
-81.2819,85.1409111111111,-4.83880334937578,0.00136095077889459,0.0235398555681626,-3.785850000585,"10792660"
63.932008,52.3960177777778,4.83750168414638,0.00136317508381014,0.0235643768629759,-3.78599488989072,"10732800"
215.30105,549.785555555556,4.83479602911466,0.00136781125876071,0.0236305370274603,-3.78629629213126,"10759433"
28.634315,56.4240222222222,4.83364478098011,0.00136978915618793,0.0236385973228162,-3.78642463370259,"10749533"
-72.6221,328.553111111111,-4.83358257337895,0.00136989612061093,0.0236385973228162,-3.78643157025901,"10858085"
716.877,1616.49,4.83265991207171,0.00137148368499837,0.0236406585805138,-3.78653447268501,"10875768"
73.19365,158.240111111111,4.83212365161214,0.00137240731709726,0.0236406585805138,-3.78659429755839,"10793891"
144.8985,476.564333333333,4.83210279998424,0.00137244324476455,0.0236406585805138,-3.78659662400364,"10700802"
-74.30735,184.054111111111,-4.83154468551007,0.00137340526605652,0.0236425474932616,-3.78665890059787,"10759358"
-104.0098,470.712222222222,-4.83110047296833,0.00137417148091867,0.0236425474932616,-3.78670847719244,"10714811"
-30.8688500000001,270.215111111111,-4.8285626783696,0.00137855784011806,0.0236959376974474,-3.78699187285018,"10935534"
804.704,1961.72222222222,4.82836687635384,0.00137889690167935,0.0236959376974474,-3.78701374965068,"10901711"
126.87802,163.700211111111,4.82728160854004,0.00138077786285904,0.0237143118668807,-3.78713503583632,"10829244"
704.3854,1356.78977777778,4.82610709562742,0.00138281665840619,0.0237331441347022,-3.78726635324644,"10912837"
-107.68925,256.653111111111,-4.8257143412082,0.00138349916003964,0.0237331441347022,-3.78731027881943,"10823570"
195.487,372.476111111111,4.82380464047795,0.00138682295224278,0.0237762005439088,-3.78752395463848,"10844223"
222.09894,180.0282,4.82229988897071,0.00138944808011508,0.0238072353152386,-3.78769243221412,"10808702"
-205.3328,552.302777777778,-4.81917427116417,0.00139491825876416,0.0238460376658222,-3.78804270208904,"10817370"
-177.1611,302.913333333333,-4.8191385903709,0.00139498083968149,0.0238460376658222,-3.78804670307822,"10706884"
105.14785,298.042777777778,4.81884151146714,0.0013955020084939,0.0238460376658222,-3.78808001753133,"10782901"
-112.3533,322.718,-4.81834408559627,0.00139637512418039,0.0238460376658222,-3.78813580749728,"10749017"
212.08345,760.758111111111,4.8183397454048,0.00139638274500319,0.0238460376658222,-3.78813629432897,"10750781"
231.49655,562.939555555556,4.81783127201521,0.0013972758737563,0.0238460376658222,-3.78819333456671,"10880056"
-204.4043,302.900444444444,-4.81774557796865,0.00139742645594193,0.0238460376658222,-3.7882029487798,"10846604"
-46.791985,71.6767222222222,-4.81496975212636,0.00140231375029058,0.0238937655340806,-3.78851454782306,"10864588"
-284.032,1186.86355555556,-4.81492241376847,0.00140239725883819,0.0238937655340806,-3.78851986467584,"10801606"
12.78365,24.4121222222222,4.81449293463821,0.00140315514153402,0.0238937655340806,-3.7885681064906,"10889091"
223.038,868.96,4.81430044959032,0.00140349495640728,0.0238937655340806,-3.78858973023556,"10878286"
266.2448,845.363222222222,4.81301542150332,0.00140576585983505,0.0239184879611073,-3.78873413145921,"10720430"
248.9817,244.920333333333,4.81167524052022,0.00140813850304852,0.0239449116577762,-3.78888480695564,"10721962"
-752.25175,1340.61588888889,-4.80754684103072,0.00141547489508674,0.0240303881025965,-3.78934945185881,"10787507"
984.637,1794.54444444444,4.80689325630409,0.00141664017144331,0.0240303881025965,-3.78942307999212,"10734873"
58.95145,104.339944444444,4.80662633625237,0.00141711636435329,0.0240303881025965,-3.78945315464151,"10884158"
-73.0323999999999,148.284155555556,-4.80656718199262,0.0014172219208715,0.0240303881025965,-3.78945982014319,"10899756"
557.5267,607.089444444444,4.80653577217607,0.0014172779729162,0.0240303881025965,-3.78946335946327,"10874019"
41.296365,61.6148,4.80550840774693,0.00141911267944497,0.0240475393371841,-3.78957914867229,"10855925"
-145.76945,430.985777777778,-4.80336034815694,0.00142295714806941,0.0240750034743831,-3.78982139499008,"10933483"
252.9889,893.343111111111,4.80245562372108,0.00142457977059541,0.0240750034743831,-3.78992348521088,"10718296"
-110.03335,342.874888888889,-4.80225521637477,0.00142493947415098,0.0240750034743831,-3.78994610426747,"10910349"
136.96715,429.506888888889,4.80215860490159,0.00142511291383597,0.0240750034743831,-3.78995700898844,"10865342"
-172.7908,473.699888888889,-4.8019060261058,0.00142556645939576,0.0240750034743831,-3.78998551996784,"10849967"
459.85985,795.709555555556,4.80184394336617,0.00142567796298633,0.0240750034743831,-3.78999252826665,"10774472"
-1075.2285,1253.64666666667,-4.80092245912973,0.00142733411271759,0.0240890460825717,-3.7900965711663,"10798100"
156.234,362.491333333333,4.80042761666838,0.0014282243413204,0.0240901535261745,-3.79015245815692,"10716679"
-290.801,1427.70111111111,-4.79985269280497,0.00142925939858988,0.0240937011369906,-3.79021740292337,"10871250"
-134.02155,225.232666666667,-4.79860160624114,0.00143151460749347,0.0241118613189053,-3.79035877867025,"10804678"
-983.981775,754.266766666667,-4.79833960514652,0.00143198738236122,0.0241118613189053,-3.79038839409989,"10748466"
44.96311,118.241244444444,4.79743310734812,0.0014336244517082,0.0241255211591033,-3.79049088376237,"10767173"
395.7125,1365.65222222222,4.79647801379317,0.00143535149141729,0.0241347007113765,-3.79059890669252,"10864276"
211.3479,533.992,4.79621791674734,0.00143582220292916,0.0241347007113765,-3.79062833110273,"10770030"
25.17361,40.2810111111111,4.79529886970486,0.00143748680122673,0.0241487863203206,-3.79073232536256,"10836991"
950.3395,4137.64111111111,4.79463143016745,0.00143869700255167,0.0241552265704278,-3.79080787234642,"10850966"
-103.87675,330.539555555556,-4.79079959768215,0.00144566643189894,0.0242582993345754,-3.79124197315212,"10751993"
-90.09885,256.969666666667,-4.79008210671031,0.00144697551248189,0.0242632916128172,-3.79132332802082,"10867902"
78.70325,178.177222222222,4.78972638348735,0.00144762501818102,0.0242632916128172,-3.79136367116085,"10703465"
-91.8066999999999,226.019222222222,-4.78808647942188,0.00145062339281242,0.0242873760998161,-3.7915497272889,"10859249"
-62.42597,69.4371444444444,-4.78784485869467,0.00145106574084123,0.0242873760998161,-3.79157715049079,"10846881"
-116.81525,285.438111111111,-4.78757713017502,0.0014515560577216,0.0242873760998161,-3.7916075398473,"10789574"
38.3674,59.8235777777778,4.78667329497313,0.00145321267355635,0.0242914089432205,-3.79171015577666,"10776207"
-1293.91175,1987.61611111111,-4.78650327415449,0.00145352453074003,0.0242914089432205,-3.791729462922,"10882496"
324.24875,710.651555555556,4.7860852569036,0.0014542915808069,0.0242914089432205,-3.79177693734444,"10707995"
13.189465,28.3681444444444,4.78538859753513,0.00145557091308776,0.0242988849456833,-3.79185607439169,"10805285"
-103.64195,409.732111111111,-4.78426333656181,0.00145763991585231,0.0243195274138831,-3.79198394362395,"10875183"
-122.36965,475.268888888889,-4.7821230558779,0.00146158408443537,0.0243705840856625,-3.79222730887576,"10940609"
-178.7045,1117.80577777778,-4.78143494524288,0.00146285462643764,0.0243705840856625,-3.79230559491364,"10924762"
128.01705,232.462666666667,4.78122583409286,0.00146324097240098,0.0243705840856625,-3.79232938953521,"10751216"
131.92835,394.850222222222,4.78023524251022,0.00146507266598971,0.0243705840856625,-3.79244213453638,"10909482"
-749.146499999999,4709.32,-4.78010610322324,0.00146531164051113,0.0243705840856625,-3.7924568358234,"10798021"
-181.7217,594.223,-4.77989339425988,0.00146570535491576,0.0243705840856625,-3.79248105233357,"10782113"
-118.21985,163.656844444444,-4.77844125296102,0.00146839628669752,0.0244014386345742,-3.7926464292462,"10917209"
-84.2313999999999,273.559222222222,-4.77772304515326,0.00146972917401236,0.0244097032914139,-3.79272825668053,"10732427"
1454.924,3330.44888888889,4.77669626809965,0.00147163701332288,0.02441530402683,-3.79284527987685,"10873786"
251.77225,892.782777777778,4.77664202389419,0.00147173787879947,0.02441530402683,-3.79285146346009,"10783241"
675.3014,898.005555555556,4.77603111569793,0.0014728743652799,0.0244202904127622,-3.79292111309476,"10761463"
-41.826,157.143666666667,-4.77525952225658,0.00147431114680705,0.0244302472165747,-3.79300910604481,"10920078"
27.49911,57.2345666666667,4.77449149054053,0.00147574281479106,0.0244401080449581,-3.79309671897446,"10811420"
-60.0362,198.719444444444,-4.7731382186845,0.00147826910601504,0.0244641956200776,-3.7932511564889,"10938747"
334.50305,559.615222222222,4.77267857161117,0.00147912824945883,0.0244641956200776,-3.79330363058602,"10769894"
86.70571,135.042411111111,4.77236775813199,0.00147970951121644,0.0244641956200776,-3.79333911888861,"10934628"
935.1118,968.289444444444,4.77187579790615,0.0014806300504844,0.024465569171296,-3.79339529905299,"10884738"
176.1473,473.224888888889,4.7693300795438,0.00148540350434988,0.0245190603472005,-3.79368618269854,"10825111"
247.33702,245.294544444444,4.76921477455754,0.0014856201087846,0.0245190603472005,-3.79369936469566,"10920148"
-46.477575,130.5429,-4.76845256652766,0.00148705281017638,0.0245190603472005,-3.79378651734189,"10891251"
105.976,215.234444444444,4.76836130925462,0.00148722444496609,0.0245190603472005,-3.7937969536394,"10928524"
-325.24775,1060.63344444444,-4.76708189550357,0.00148963301666105,0.0245418316959521,-3.79394330793329,"10814961"
2029.5095,4302.87222222222,4.7666947216331,0.00149036273274105,0.0245418316959521,-3.79398761172644,"10809392"
127.19092,160.534877777778,4.76595004681885,0.0014917673361639,0.0245418316959521,-3.79407284259315,"10783818"
12.574055,30.6150888888889,4.7656010835019,0.00149242604661004,0.0245418316959521,-3.79411279124824,"10717798"
-128.418,282.013333333333,-4.76539986501719,0.00149280601505124,0.0245418316959521,-3.79413582881563,"10937660"
-54.06455,132.581711111111,-4.76404949663345,0.00149535869868155,0.0245442154587094,-3.79429047946541,"10726118"
-237.6079,370.559888888889,-4.76380138339133,0.00149582823989361,0.0245442154587094,-3.79431890339499,"10712560"
-146.456675,201.978344444444,-4.76357694860677,0.00149625310942018,0.0245442154587094,-3.79434461707064,"10702913"
128.51415,397.647,4.76354604500933,0.00149631162223459,0.0245442154587094,-3.79434815789632,"10903709"
-910.12025,1196.64811111111,-4.76285659031357,0.00149761768374815,0.0245445986463589,-3.7944271642366,"10930790"
17.670385,38.4383444444444,4.76220409581618,0.00149885487552987,0.0245445986463589,-3.7945019546863,"10879876"
32.686265,83.7269888888889,4.76220377729989,0.00149885547973931,0.0245445986463589,-3.79450199120001,"10884612"
-143.9544,223.593666666667,-4.75985739992638,0.00150331365858172,0.0245839163665061,-3.79477109506152,"10858160"
-69.5543,341.524777777778,-4.7597670651223,0.00150348558600879,0.0245839163665061,-3.79478146037645,"10885618"
68.4306,162.817,4.75926174715242,0.00150444771527688,0.0245839163665061,-3.79483944893792,"10745871"
-368.0504,747.738444444444,-4.75914535873052,0.00150466941486688,0.0245839163665061,-3.79485280688641,"10877984"
205.14315,566.935333333333,4.75835384239466,0.00150617806066132,0.0245839163665061,-3.79494366555771,"10827079"
508.1484,540.048333333333,4.75794987639604,0.00150694866372409,0.0245839163665061,-3.79499004783403,"10791591"
-60.895775,83.4149111111111,-4.75740510729961,0.00150798854302243,0.0245839163665061,-3.79505260825539,"10717909"
-130.066,642.611888888889,-4.75740509236894,0.00150798857153347,0.0245839163665061,-3.79505260997018,"10762723"
-110.05345,201.950555555556,-4.75495751556155,0.00151267028228665,0.024646486127564,-3.79533384909541,"10759729"
19.4184,41.3423,4.75327802650253,0.00151589197011453,0.024677280960654,-3.79552698562059,"10895073"
139.0235,430.664222222222,4.75279551088622,0.00151681894138368,0.024677280960654,-3.79558249684723,"10832879"
60.7358,249.116888888889,4.75222200388968,0.00151792152240897,0.024677280960654,-3.79564848974204,"10771535"
134.3307,269.100333333333,4.75221284646021,0.00151793913487695,0.024677280960654,-3.79564954359775,"10746276"
-24.219635,50.0317777777778,-4.74766281523871,0.00152671783334639,0.0248061928717361,-3.79617363410966,"10851667"
-135.0947,300.548111111111,-4.74702116865626,0.001527960256272,0.0248077434924727,-3.79624761599195,"10794669"
-47.531475,139.3299,-4.74673660352914,0.00152851161383072,0.0248077434924727,-3.79628043226409,"10788841"
-95.3802499999999,272.867777777778,-4.7459087954651,0.00153011676278626,0.0248200061677056,-3.79637591634967,"10745568"
56.472195,51.0946333333333,4.74090547954656,0.00153985758743965,0.0249554382489488,-3.7969536809266,"10889421"
308.52155,520.334888888889,4.74074332650081,0.00154017440825819,0.0249554382489488,-3.7969724245483,"10875578"
-265.32065,479.490111111111,-4.73959382375496,0.0015424223898718,0.0249780087016157,-3.79710533189953,"10832224"
-18.577705,48.2686222222222,-4.73699775400032,0.00154751247233631,0.0250401737949585,-3.79740571200328,"10869678"
-150.3673,437.993888888889,-4.73661367009085,0.00154826709526543,0.0250401737949585,-3.79745017842423,"10826335"
-113.246,346.786444444444,-4.73632600294739,0.00154883254766516,0.0250401737949585,-3.7974834867622,"10808181"
-333.59835,377.139666666667,-4.73368978008893,0.0015540249350704,0.0251102237019616,-3.79778890248058,"10767565"
293.2044,349.842666666667,4.73300544932233,0.00155537591565028,0.0251181603094568,-3.79786823574184,"10821820"
-51.6440499999999,216.020888888889,-4.73096764019991,0.00155940647396782,0.0251693374201635,-3.79810460026957,"10812865"
-52.551415,72.2776555555556,-4.72980689392425,0.0015617073903214,0.0251772123384687,-3.79823931832893,"10854256"
17.14986,32.0225,4.72961964133243,0.00156207892278114,0.0251772123384687,-3.7982610568518,"10907364"
37.066015,89.7255444444445,4.72941763458444,0.00156247983739453,0.0251772123384687,-3.79828450998644,"10700287"
21.17796,27.8722666666667,4.72801873820347,0.0015652592510193,0.0252080946853792,-3.79844697340202,"10741600"
-133.54525,395.264555555556,-4.72748744998155,0.00156631625936517,0.0252112193945422,-3.79850869867172,"10910772"
-122.8302,271.562,-4.72502014309835,0.00157123522503685,0.0252736741242846,-3.79879551831095,"10839405"
232.8738,350.008666666667,4.72420984801715,0.00157285434824949,0.0252736741242846,-3.79888977351369,"10921309"
207.62415,282.919,4.72387402411947,0.00157352592120181,0.0252736741242846,-3.7989288459409,"10901216"
-24.90228,30.9785,-4.72309195652924,0.00157509109422031,0.0252736741242846,-3.7990198576706,"10807923"
136.42565,321.837222222222,4.72306009372652,0.00157515489808612,0.0252736741242846,-3.79902356623396,"10938500"
-2437.6515,2074.33533333333,-4.72294411559142,0.00157538716301507,0.0252736741242846,-3.79903706550502,"10866658"
41.242455,62.0257,4.72169675976215,0.0015778875561499,0.0252998941083222,-3.79918228989196,"10868982"
600.998500000001,1513.09444444444,4.72082505842048,0.00157963749757604,0.0253010153873874,-3.79928382018432,"10822520"
-121.89225,283.175666666667,-4.72036811308978,0.00158055566105231,0.0253010153873874,-3.79933705603922,"10754449"
-121.89225,283.175666666667,-4.72036811308978,0.00158055566105231,0.0253010153873874,-3.79933705603922,"10877905"
484.2199,723.807444444444,4.71902949078518,0.00158324877350119,0.0253242738171857,-3.79949306498589,"10759162"
-426.865225,337.795522222222,-4.71878443853004,0.00158374232436497,0.0253242738171857,-3.79952163324195,"10930098"
-524.1005,1186.10444444444,-4.71755731820088,0.00158621634732495,0.025341040432344,-3.79966473216388,"10928486"
-61.4628499999999,106.264577777778,-4.71740400591843,0.00158652573939745,0.025341040432344,-3.79968261525544,"10833837"
-26.82614,66.3697111111111,-4.7162538884719,0.00158884883467944,0.0253481509904702,-3.79981680452715,"10781733"
306.7439,999.924222222222,4.71622429235289,0.00158890866410877,0.0253481509904702,-3.79982025842812,"10889961"
-149.20645,413.571222222222,-4.7153452207499,0.00159068685371813,0.0253481509904702,-3.79992286519925,"10863542"
-31.764115,53.6837555555556,-4.71525458373153,0.00159087031798561,0.0253481509904702,-3.79993344650297,"10758972"
-25.131425,82.0708777777778,-4.71481168335077,0.00159176715321104,0.0253481509904702,-3.79998515770492,"10863496"
-196.1486,379.628444444444,-4.71449612632421,0.00159240646532235,0.0253481509904702,-3.80002200625603,"10762442"
367.26435,548.131,4.7141812835377,0.0015930446093826,0.0253481509904702,-3.80005877590539,"10853453"
112.0515,650.977666666667,4.71303585930291,0.00159536858369497,0.0253713107262192,-3.8001925848978,"10925373"
38.876205,52.5884333333333,4.71249325311746,0.00159647077820136,0.0253750257423148,-3.80025599319273,"10770759"
-118.79205,312.131333333333,-4.70950749225232,0.00160255061669356,0.0254578106123359,-3.80060514480191,"10920705"
-130.33535,928.696777777778,-4.70847679457049,0.00160465526013846,0.0254773906356984,-3.80072576753403,"10938446"
754.11275,554.727222222222,4.70539303313873,0.00161097019123071,0.0255390062155041,-3.80108694928519,"10862216"
-75.3196499999999,203.242,-4.70524479826478,0.00161127442844577,0.0255390062155041,-3.80110432201578,"10788592"
-172.2116,443.472111111111,-4.70503876455327,0.00161169739600436,0.0255390062155041,-3.80112847027751,"10900772"
-60.3524,125.847911111111,-4.70380500184906,0.00161423272678561,0.0255390062155041,-3.80127311437474,"10915745"
-36.45832,88.4683222222222,-4.70379326579994,0.00161425686473948,0.0255390062155041,-3.80127449062078,"10768426"
99.65371,127.831077777778,4.70362489077033,0.00161460321102765,0.0255390062155041,-3.80129423607135,"10719212"
-93.3010500000001,320.573666666667,-4.70359949567022,0.00161465545560471,0.0255390062155041,-3.80129721428357,"10728723"
42.19777,79.0691444444444,4.70138390742309,0.00161922061978693,0.0255579266265701,-3.80155716072295,"10728346"
-133.896525,188.458433333333,-4.70137750807138,0.00161923382584998,0.0255579266265701,-3.80155791185843,"10794609"
-153.8657,486.518444444444,-4.7013134609686,0.0016193660035305,0.0255579266265701,-3.80156542960592,"10802782"
18.03371,37.3651222222222,4.70112701906136,0.00161975084134198,0.0255579266265701,-3.80158731492684,"10915018"
-107.15515,215.116888888889,-4.70089692344443,0.00162022592292763,0.0255579266265701,-3.8016143266865,"10735940"
284.7263,521.638222222222,4.69911751549314,0.00162390502395106,0.0256021378141967,-3.80182329942634,"10901960"
-110.77265,595.850111111111,-4.69852070941097,0.00162514101762171,0.0256078045786411,-3.80189342038763,"10863115"
191.18205,437.311,4.69738567996439,0.00162749450966751,0.0256194626928071,-3.80202682409457,"10839174"
433.95995,672.504888888889,4.69731808277851,0.0016276347900955,0.0256194626928071,-3.80203477086871,"10839771"
940.221000000001,2391.34,4.6924502909871,0.00163777135712743,0.0257512661071693,-3.80260758117136,"10749058"
940.221000000001,2391.34,4.6924502909871,0.00163777135712743,0.0257512661071693,-3.80260758117136,"10870043"
-134.689625,186.174144444444,-4.69116401271368,0.00164046134850879,0.025772623969252,-3.80275912319334,"10771492"
-221.7022,681.642888888889,-4.69095729212669,0.0016408941118234,0.025772623969252,-3.80278348490938,"10781290"
72.3171500000001,293.411555555556,4.69003927457785,0.00164281745757436,0.0257889678697352,-3.80289169557322,"10866850"
41.80751,102.388355555556,4.68858743601956,0.00164586423302588,0.0258032273690463,-3.80306290884587,"10703818"
1135.265,1788.71222222222,4.68848251417294,0.0016460846566585,0.0258032273690463,-3.80307528587514,"10797726"
115.66803,84.6645333333333,4.68834406400045,0.00164637556705355,0.0258032273690463,-3.80309161882149,"10702626"
-79.9272,249.438,-4.68674715858596,0.0016497350249734,0.0258403443243367,-3.80328006906719,"10787619"
166.2291,479.646,4.68598367071429,0.00165134383635593,0.0258403443243367,-3.8033702093435,"10927204"
47.64224,53.3233888888889,4.68541297072857,0.00165254752432925,0.0258403443243367,-3.80343760582434,"10797857"
224.34335,382.722555555556,4.68526863319398,0.00165285210431889,0.0258403443243367,-3.80345465365004,"10725819"
53.173065,62.2582333333333,4.68502194584907,0.00165337280374823,0.0258403443243367,-3.80348379231101,"10923277"
-79.1463999999999,236.168222222222,-4.68470080234737,0.00165405093059867,0.0258403443243367,-3.80352172990542,"10869137"
50.473295,78.0384555555556,4.68356449169535,0.00165645279958927,0.0258640363908076,-3.80365600354379,"10847709"
114.75675,688.356,4.68247132480049,0.00165876706111953,0.0258795556908319,-3.80378523503205,"10887695"
-645.56275,1214.79122222222,-4.68225829982297,0.0016592184503638,0.0258795556908319,-3.80381042471262,"10939595"
-47.1016,177.826555555556,-4.68065595518146,0.00166261803132718,0.0259187423517568,-3.80399996490473,"10833337"
-249.7085,686.409444444444,-4.67975678406608,0.00166452906300474,0.0259259741633941,-3.80410637893622,"10780373"
47.204515,78.7712444444444,4.67889458741689,0.0016663637599745,0.0259259741633941,-3.80420845209911,"10751196"
-207.549,417.841,-4.6788649777008,0.00166642680660008,0.0259259741633941,-3.80421195812217,"10872312"
-465.6595,1932.46222222222,-4.67876874237807,0.00166663173406086,0.0259259741633941,-3.80422335341937,"10909883"
-24.397145,36.6080444444444,-4.67619510609764,0.00167212234066083,0.025997542341706,-3.80452825784803,"10853871"
-213.96755,416.532111111111,-4.67502435954851,0.00167462653583014,0.0260141078933877,-3.80466705979204,"10758010"
16.525095,56.2482666666667,4.674502442116,0.00167574421972255,0.0260141078933877,-3.80472895789898,"10761388"
44.49727,109.130044444444,4.67390252858327,0.00167702993608599,0.0260141078933877,-3.80480012166712,"10827347"
-72.4534,109.326488888889,-4.67377110788473,0.00167731173640972,0.0260141078933877,-3.80481571345051,"10706994"
35.665615,81.1786444444444,4.67361798005815,0.00167764014757111,0.0260141078933877,-3.80483388157779,"10884205"
-141.36875,305.914444444444,-4.67270943319703,0.00167959013724419,0.0260297763665745,-3.80494170001081,"10894722"
-47.7394,146.733888888889,-4.67205024752487,0.00168100647553686,0.0260297763665745,-3.80501995027362,"10867505"
2224.845,5070.78,4.67190273020096,0.00168132361209441,0.0260297763665745,-3.80503746442827,"10796411"
22.34751,25.8908666666667,4.67038066366072,0.0016845995989864,0.0260666804474516,-3.80521823210084,"10771826"
-152.3195,592.890444444444,-4.66796198930125,0.00168981969541256,0.0261266532722059,-3.80550570523935,"10773571"
-66.4413499999999,172.665111111111,-4.6674000242552,0.00169103507607932,0.0261266532722059,-3.80557253668145,"10885178"
67.336,171.457111111111,4.66734302913206,0.00169115839452801,0.0261266532722059,-3.80557931561674,"10752531"
-307.6742,883.080111111111,-4.66674852513341,0.00169244528727467,0.0261327149167241,-3.80565003420536,"10727329"
-71.5860999999999,170.545555555556,-4.66593062962311,0.00169421748817509,0.0261409704058551,-3.80574735281409,"10937989"
-96.2156,308.150111111111,-4.66550117519398,0.0016951488314949,0.0261409704058551,-3.80579846453206,"10816311"
-32.3135525,25.3696211111111,-4.6648638260969,0.0016965320572627,0.0261409704058551,-3.80587433466592,"10827484"
18.019175,26.4656222222222,4.66466783024431,0.00169695767024517,0.0261409704058551,-3.80589766982281,"10764722"
48.63125,60.1023888888889,4.66443934143397,0.0016974539898647,0.0261409704058551,-3.80592487581848,"10872867"
108.09497,152.307988888889,4.66337044613722,0.00169977792787445,0.0261629675368409,-3.80605218051107,"10742568"
-634.96245,897.266666666667,-4.66126760651878,0.00170435993859948,0.0261873554277408,-3.80630278176683,"10850645"
32.471025,46.8837666666667,4.66124945831999,0.00170439954137894,0.0261873554277408,-3.80630494543032,"10714890"
93.90165,190.522666666667,4.66109503146175,0.00170473657035815,0.0261873554277408,-3.80632335711802,"10713583"
-156.3813,383.095,-4.66099818456677,0.00170494797095786,0.0261873554277408,-3.80633490434451,"10897821"
545.4645,1389.35666666667,4.65916960514534,0.00170894481928555,0.0262257237754636,-3.80655301074993,"10872062"
-106.25335,661.797888888889,-4.65903410659564,0.00170924139345802,0.0262257237754636,-3.80656917870509,"10798666"
79.9868,346.342888888889,4.65799902175937,0.0017115087994612,0.0262467286443357,-3.80669271519456,"10894512"
-556.393,1126.73622222222,-4.65681281959832,0.0017141112654389,0.0262569911383078,-3.80683434857299,"10737506"
-155.3185,389.538555555556,-4.65652961728362,0.00171473323385324,0.0262569911383078,-3.80686817279339,"10888557"
-129.63335,304.215777777778,-4.65588206692604,0.00171615630668873,0.0262569911383078,-3.80694552686031,"10710028"
120.32245,306.250444444444,4.65586607812217,0.0017161914603541,0.0262569911383078,-3.80694743707253,"10791815"
-231.08455,401.499555555556,-4.65564759446996,0.00171667190642048,0.0262569911383078,-3.80697354091213,"10888931"
160.5368,335.877888888889,4.65479287682059,0.00171855284071682,0.0262720055932503,-3.80707568159513,"10882238"
-192.83485,633.548222222222,-4.65401810957185,0.00172025977204546,0.0262843457011172,-3.80716829736918,"10741361"
150.7234,256.396777777778,4.65277124615217,0.00172301068258002,0.0263124604116675,-3.80731740619059,"10714353"
-123.878,150.711111111111,-4.6523680860319,0.00172390118531977,0.0263124604116675,-3.80736563442648,"10857267"
93.2702,119.213222222222,4.65171139099394,0.0017253527711815,0.0263208646774393,-3.80744420810075,"10901436"
-25.23373,47.8050888888889,-4.65047233017404,0.00172809526965456,0.0263395246431204,-3.80759251661158,"10849472"
-101.19025,224.511555555556,-4.65034419147132,0.00172837915865207,0.0263395246431204,-3.80760785816181,"10753694"
130.85929,217.822144444444,4.64966076723398,0.00172989413100061,0.0263488671235933,-3.80768969481293,"10700209"
-736.5555,1759.15,-4.64821539351236,0.00173310291191307,0.0263839856532716,-3.80786284279731,"10933130"
277.23531,176.502633333333,4.64695597764116,0.00173590414555359,0.0263879523673029,-3.8080137934207,"10841637"
103.44063,152.551233333333,4.64635218713088,0.00173724886450591,0.0263879523673029,-3.80808618856036,"10715916"
-75.8908999999999,275.049111111111,-4.64628096109605,0.00173740756882466,0.0263879523673029,-3.80809472976077,"10848003"
120.76465,205.212777777778,4.64622817662636,0.00173752519223201,0.0263879523673029,-3.8081010596598,"10791033"
60.28385,166.834222222222,4.64569564058223,0.00173871236563959,0.0263879523673029,-3.80816492850591,"10730190"
41.9816800000001,126.762344444444,4.64566394148932,0.00173878305973362,0.0263879523673029,-3.8081687307024,"10841565"
48.90935,292.058888888889,4.64514778639347,0.00173993460952375,0.0263886632863424,-3.80823064831749,"10792268"
48.270105,69.0851,4.64483337153039,0.0017406364808921,0.0263886632863424,-3.80826837140466,"10844198"
-93.8939,173.157777777778,-4.64359430814322,0.00174340545779062,0.0264089245657656,-3.80841707754886,"10897852"
-96.6171249999999,151.376255555556,-4.64322711544859,0.00174422695696826,0.0264089245657656,-3.80846115993578,"10921355"
-360.115499999999,1345.75666666667,-4.64302251031324,0.00174468489121406,0.0264089245657656,-3.80848572601802,"10861997"
190.87625,527.723888888889,4.64156435866723,0.00174795222804501,0.0264166216787566,-3.80866085681762,"10820586"
82.31852,111.166488888889,4.64074094666636,0.00174980022280634,0.0264166216787566,-3.80875979632952,"10853149"
248.0401,496.890444444444,4.64065107941616,0.00175000204185039,0.0264166216787566,-3.80877059651399,"10918708"
188.2685,1498.63888888889,4.64055983507636,0.00175020697942508,0.0264166216787566,-3.80878156258247,"10701124"
-40.42316,77.8586111111111,-4.64045353312263,0.00175044576982443,0.0264166216787566,-3.80879433881934,"10840038"
286.2916,770.181111111111,4.64037648575242,0.00175061886664177,0.0264166216787566,-3.80880359933173,"10882543"
297.1928,398.469888888889,4.63953632966744,0.00175250759565523,0.0264262512418155,-3.8089045977704,"10882697"
-121.190625,112.7335,-4.63928805290586,0.0017530661637105,0.0264262512418155,-3.80893445040757,"10853764"
631.6805,1228.39388888889,4.63869585240461,0.00175439926738956,0.0264282139104508,-3.80900566785522,"10721676"
-3405.21575,3201.22277777778,-4.63813704678099,0.00175565820823069,0.0264282139104508,-3.8090728843157,"10867810"
-402.27645,474.006666666667,-4.6380252079537,0.00175591028959352,0.0264282139104508,-3.80908633870939,"10940564"
44.011935,49.8395,4.63726851067527,0.00175761689847739,0.0264402781009879,-3.80917738601029,"10887492"
490.7095,1127.33611111111,4.63604452148009,0.0017603812342929,0.0264682333394919,-3.809324715547,"10778207"
-146.98315,215.252555555556,-4.63563580804526,0.00176130535313548,0.0264685054457304,-3.8093739273283,"10873170"
-42.54398,81.4735444444444,-4.6346312333791,0.00176357898591575,0.0264797281719832,-3.80949491797463,"10899157"
21.961135,44.6920444444444,4.63450497813363,0.00176386496278084,0.0264797281719832,-3.80951012746076,"10881622"
906.79675,903.326777777778,4.63259773280162,0.00176819115434437,0.0265168345023741,-3.80973997691924,"10823278"
-37.8279,110.2524,-4.63252036040446,0.00176836690133314,0.0265168345023741,-3.80974930496445,"10927900"
-360.5518,844.940555555556,-4.63179932464674,0.00177000560785347,0.0265168345023741,-3.80983624680915,"10729610"
362.0336,891.755222222222,4.63166451533752,0.00177031217401761,0.0265168345023741,-3.80985250470135,"10805882"
34.003225,56.2328444444444,4.63141705653278,0.00177087506380954,0.0265168345023741,-3.80988235024985,"10842032"
183.5701,847.444111111111,4.63034339038189,0.00177331956980779,0.0265398349960886,-3.81001187642484,"10767489"
-993.099,1100.03866666667,-4.62838423806315,0.00177778961162523,0.0265828304394762,-3.8102483664009,"10752081"
125.61895,247.339444444444,4.62828678718384,0.00177801227763184,0.0265828304394762,-3.81026013443872,"10739217"
-84.62319,85.9696333333333,-4.62696419762764,0.00178103727391086,0.0266110949414422,-3.81041989271748,"10938060"
182.96915,224.145222222222,4.62666403712005,0.00178172457402139,0.0266110949414422,-3.81045616116328,"10885015"
-160.0651,430.117555555556,-4.62363160080624,0.00178868439120953,0.0266831334784314,-3.81082280864267,"10867095"
-323.3747,408.457111111111,-4.62339369609702,0.00178923166293585,0.0266831334784314,-3.81085159166331,"10832772"
16.40246,30.6921222222222,4.62269110632373,0.00179084895238036,0.0266831334784314,-3.8109366103962,"10889787"
-308.8235,1144.56511111111,-4.6225791308931,0.00179110685533294,0.0266831334784314,-3.81095016242686,"10913340"
28.313955,58.5036,4.62220886756143,0.00179195993758819,0.0266831334784314,-3.81099497842662,"10913627"
-222.5858,403.703777777778,-4.62162503536291,0.00179330597881093,0.0266831334784314,-3.81106565753317,"10740408"
369.6504,651.297666666667,4.62125252690753,0.00179416538256751,0.0266831334784314,-3.81111076204181,"10803394"
43.52871,121.479633333333,4.62120742203128,0.00179426947318736,0.0266831334784314,-3.81111622392749,"10823421"
41.79948,79.2694666666667,4.62099136516021,0.00179476816886143,0.0266831334784314,-3.81114238823602,"10818581"
118.7058,317.921333333333,4.61843110116665,0.00180068919314009,0.0267356634663298,-3.81145260163865,"10811706"
224.72065,436.461444444444,4.618144718942,0.00180135281967325,0.0267356634663298,-3.81148732025491,"10774930"
31.73577,56.8574666666667,4.61811337565375,0.00180142546687387,0.0267356634663298,-3.81149112029131,"10772726"
-110.687125,159.219722222222,-4.61788188196915,0.00180196211970985,0.0267356634663298,-3.81151918784476,"10852007"
-99.5339499999999,297.169888888889,-4.61691089696275,0.00180421497155737,0.0267555005985162,-3.81163694289872,"10911062"
36.954,131,4.61579648611347,0.00180680437595114,0.0267775725439661,-3.81177214660552,"10702342"
-278.7535,1368.64555555556,-4.61548168897633,0.00180753655975564,0.0267775725439661,-3.81181034937254,"10731980"
39.250865,46.4256888888889,4.61448204160563,0.0018098637728698,0.0267984593312815,-3.81193169439351,"10716880"
132.15315,181.740333333333,4.61193769872263,0.00181580182003339,0.0268716778413988,-3.81224075972817,"10893739"
265.9704,279.648666666667,4.61121233013737,0.00181749858502215,0.0268716778413988,-3.81232892747087,"10808896"
274.3794,393.137,4.61118261437694,0.00181756813221757,0.0268716778413988,-3.81233253991919,"10820047"
-1498.4155,1589.02755555556,-4.61017723519751,0.0018199228441614,0.026872318431611,-3.81245478521785,"10915061"
-666.01925,1359.32344444444,-4.60978705322232,0.00182083758888214,0.026872318431611,-3.81250224081335,"10740159"
-88.5294499999998,428.792777777778,-4.60965676095661,0.00182114315823348,0.026872318431611,-3.81251808911941,"10898530"
-61.0554,286.182666666667,-4.6095938007272,0.00182129083640001,0.026872318431611,-3.81252574767464,"10703075"
684.2277,1054.618,4.60736018758491,0.00182653839572554,0.0269243907717427,-3.81279756843274,"10746246"
61.29575,171.856555555556,4.60719002163496,0.00182693885081839,0.0269243907717427,-3.81281828655913,"10751255"
90.899775,61.5074,4.60691555688979,0.00182758495585561,0.0269243907717427,-3.81285170621424,"10726972"
-313.06205,448.644111111111,-4.6061488506076,0.00182939114268028,0.0269357174543496,-3.8129450816024,"10898359"
13.755255,37.9683666666667,4.60580669069262,0.00183019782114342,0.0269357174543496,-3.8129867614622,"10888395"
-106.46005,336.563222222222,-4.60207310047524,0.00183902536595767,0.027042272629908,-3.81344192588051,"10920711"
-225.96945,886.828333333333,-4.60122233856392,0.00184104334871667,0.027042272629908,-3.81354573539277,"10916598"
768.4845,1796.53666666667,4.60087413017336,0.00184186998401169,0.027042272629908,-3.81358823350981,"10719210"
768.4845,1796.53666666667,4.60087413017336,0.00184186998401169,0.027042272629908,-3.81358823350981,"10834475"
68.53155,265.098666666667,4.60079149378353,0.00184206621939881,0.027042272629908,-3.81359831995679,"10879694"
-124.401825,117.0385,-4.59988061769714,0.00184423077160955,0.0270604509099957,-3.81370952133171,"10818742"
-169.2283,376.408222222222,-4.59888808410878,0.00184659252220171,0.0270815029837352,-3.81383073649838,"10870177"
179.5292,201.681555555556,4.59544934004588,0.00185480056661806,0.0271478942467729,-3.8142510624589,"10735827"
20.41677,26.8651,4.5954191646965,0.00185487276861359,0.0271478942467729,-3.81425475335545,"10917320"
-64.04895,207.515,-4.59534195102277,0.00185505753537664,0.0271478942467729,-3.81426419794001,"10813347"
-594.00735,645.058333333333,-4.59500651824587,0.00185586043442676,0.0271478942467729,-3.81430523053881,"10930190"
83.84915,193.471888888889,4.59467120443626,0.00185666342674387,0.0271478942467729,-3.8143462539403,"10729999"
-90.2158,227.242888888889,-4.59465795219566,0.00185669517029685,0.0271478942467729,-3.81434787537329,"10922562"
822.379,795.605777777778,4.5934819081619,0.00185951454296842,0.0271755166874835,-3.8144917995711,"10907524"
1329.694,1362.74111111111,4.5924956425181,0.00186188254545836,0.0271810178279638,-3.81461254951328,"10751448"
-134.2774,813.524555555556,-4.59237498031608,0.00186217247804345,0.0271810178279638,-3.81462732554609,"10757956"
288.70835,359.229222222222,4.59216289861969,0.0018626821966038,0.0271810178279638,-3.81465329829507,"10940068"
-111.52065,319.574666666667,-4.59158140872178,0.0018640805323737,0.0271878425725239,-3.81472452190656,"10889935"
-1734.39825,2120.88833333333,-4.59024278142787,0.0018673039357681,0.0272120428604421,-3.81488854455529,"10702068"
-1725.41675,1406.42411111111,-4.59011882750595,0.00186760272250245,0.0272120428604421,-3.81490373701377,"10751404"
34.453405,33.6327444444444,4.58867569629942,0.00187108517316714,0.0272491935438209,-3.81508066889341,"10940546"
-162.98495,558.657444444444,-4.58707384951512,0.00187495890112525,0.0272920026594286,-3.81527717618734,"10844808"
52.58643,71.4723666666667,4.5859954302081,0.00187757174563449,0.0273164247893257,-3.81540954081718,"10799457"
-615.97015,685.302888888889,-4.58431080199741,0.00188166127412112,0.0273622958995392,-3.81561642246609,"10728578"
-107.52635,371.033111111111,-4.58377034000051,0.00188297532851604,0.0273677817150585,-3.81568282293955,"10844827"
78.0745000000001,384.600777777778,4.58298512204992,0.00188488625092874,0.027369888632868,-3.81577931871855,"10902375"
38.12259,120.112033333333,4.58294085557963,0.0018849940415325,0.027369888632868,-3.81578475952304,"10861815"
32.72802,45.6784666666667,4.58239429065147,0.00188632550158136,0.0273721181554255,-3.81585194570174,"10741770"
560.59105,773.202777777778,4.58210875196268,0.00188702149534562,0.0273721181554255,-3.81588705106677,"10749325"
897.17,2123.11222222222,4.58096261428035,0.00188981799197134,0.0273990783213155,-3.8160280014864,"10764221"
265.6338,538.799666666667,4.5801715001581,0.00189175088619468,0.0274134972169104,-3.81612532830121,"10892962"
-286.0713,485.005,-4.57975394899943,0.00189277193776447,0.0274146947892172,-3.8161767096213,"10892035"
16.671964,18.9396477777778,4.57934517357945,0.00189377211065387,0.0274155889200407,-3.81622701914489,"10718749"
-113.21725,202.561222222222,-4.57769920815052,0.00189780520681814,0.0274603671678975,-3.81642967533748,"10776710"
-55.7741,118.491111111111,-4.57705853027575,0.00189937758085608,0.0274695131916483,-3.81650859263979,"10796991"
484.0354,399.659444444444,4.57598163618347,0.00190202372667589,0.0274903843207806,-3.81664128646935,"10792163"
65.8547,137.787055555556,4.57551080720087,0.00190318190838743,0.0274903843207806,-3.81669931903699,"10744441"
-1405.977325,1179.81718888889,-4.57532315865779,0.0019036437146895,0.0274903843207806,-3.81672245083927,"10936637"
43.593935,72.2713222222222,4.57477204128567,0.00190500072908644,0.0274957615611217,-3.8167903979263,"10723379"
269.7257,1186.46988888889,4.57440769133339,0.00190589844462489,0.0274957615611217,-3.81683532652426,"10843893"
-21.2716,115.095755555556,-4.57364609520316,0.00190777641513454,0.0275092695911848,-3.81692926079863,"10840504"
124.76835,228.48,4.5732078031067,0.00190885808385885,0.0275112876476825,-3.81698333180503,"10844181"
-450.84885,665.094333333333,-4.57168191468773,0.0019126290589749,0.0275520440477775,-3.81717164887255,"10855008"
-164.87495,289.162444444444,-4.57040210796348,0.00191579813501445,0.0275840939952253,-3.81732968214644,"10725045"
-1156.74,1409.54133333333,-4.56883035290729,0.00191969795641583,0.0276225183843428,-3.81752387361499,"10827517"
-192.1053,496.716666666667,-4.56856472957612,0.00192035787083591,0.0276225183843428,-3.8175567033111,"10936055"
181.65095,573.406555555556,4.56789277307313,0.00192202838125728,0.0276247175227408,-3.81763976888876,"10859371"
-57.9215,155.067111111111,-4.56774259123713,0.0019224019553547,0.0276247175227408,-3.81765833696276,"10853292"
-165.6138,366.142666666667,-4.56533886943096,0.00192839192452268,0.0276971689690292,-3.81795567442755,"10764388"
-71.2053,167.594,-4.56495603063663,0.00192934781507102,0.0276972811152259,-3.81800305682136,"10897347"
250.1809,614.525111111111,4.56442896029516,0.00193066467342856,0.0276981604170783,-3.81806830172349,"10715962"
35.769265,84.7661111111111,4.56396589282115,0.00193182243081751,0.0276981604170783,-3.81812563490121,"10862649"
-39.854655,59.6074,-4.56379359405899,0.00193225340350536,0.0276981604170783,-3.81814697014568,"10892197"
-180.2849,264.805977777778,-4.56195834843783,0.00193685041852393,0.0277445174526593,-3.81837431202356,"10892263"
-664.0092,771.584,-4.56174455239057,0.00193738671881376,0.0277445174526593,-3.8184008066738,"10930779"
-295.8449,863.306777777778,-4.55985344136856,0.00194213754824012,0.0277989252005325,-3.81863525846952,"10925695"
-147.68335,203.404555555556,-4.55929819418345,0.00194353484002697,0.0278053020649108,-3.8187041284216,"10889375"
-1641.8225,1690.36711111111,-4.55782753476079,0.00194724107380203,0.027844689539918,-3.81888661329136,"10815679"
-773.5705,909.236888888889,-4.55670916670142,0.0019500646382281,0.0278714228675126,-3.81902545452446,"10859939"
206.93635,423.154111111111,4.55589614416898,0.00195212008676175,0.0278871570731823,-3.81912642621546,"10843207"
35.047395,100.6394,4.55358799584921,0.00195796830094518,0.0279570312530853,-3.81941325632686,"10708832"
-2114.5305,2900.18666666667,-4.5527899730647,0.00195999470280431,0.0279614623430272,-3.81951248541727,"10855701"
30.929395,66.0890777777778,4.55271197543985,0.00196019288281371,0.0279614623430272,-3.81952218558369,"10926849"
46.40565,218.465333333333,4.55179604313671,0.00196252175790344,0.0279659654317865,-3.81963611745965,"10875023"
1015.741,2420.29444444444,4.5517839821092,0.00196255244467787,0.0279659654317865,-3.81963761798958,"10899824"
-731.22975,1194.045,-4.55120787562453,0.00196401883575621,0.0279659654317865,-3.81970930044383,"10919557"
252.29105,468.371555555556,4.55108267092169,0.00196433768282419,0.0279659654317865,-3.81972488125478,"10817444"
-255.60785,389.342111111111,-4.55011036552994,0.00196681567884664,0.0279876050861304,-3.81984590342527,"10796050"
372.196,1811.76444444444,4.54956949339952,0.00196819560516654,0.027993605846804,-3.81991324524178,"10911035"
-175.78245,519.269666666667,-4.54910636401327,0.00196937802341261,0.0279967929810102,-3.81997091889717,"10876527"
-200.417575,251.984922222222,-4.5475022716928,0.00197347941660199,0.0280365034901397,-3.82017075748384,"10742657"
-84.5310999999999,262.497222222222,-4.54699962522956,0.00197476650960497,0.0280365034901397,-3.82023340311687,"10767132"
-503.3735,1226.56444444444,-4.54688878189883,0.00197505046151528,0.0280365034901397,-3.82024721934919,"10744391"
-733.36125,1414.04166666667,-4.54617240622314,0.00197688670175174,0.0280417634010664,-3.82033652745102,"10868255"
452.7083,1096.87788888889,4.54599538002585,0.00197734074779889,0.0280417634010664,-3.8203586005409,"10817751"
43.00784,99.4277555555555,4.54548627238908,0.00197864716592116,0.0280466755483847,-3.82042208877358,"10732939"
-49.459575,85.2691666666667,-4.54453047239816,0.00198110237495043,0.0280678587690601,-3.82054131575662,"10918488"
261.4719,492.673333333333,4.54393720561138,0.0019826279940833,0.0280758575953221,-3.82061534249084,"10718510"
18.885486,18.8050133333333,4.54272884952873,0.00198573930320165,0.0281062926374675,-3.820766171847,"10904574"
-26.60005,66.4711555555556,-4.54183611896962,0.00198804134142965,0.0281252492728939,-3.82087764981968,"10779130"
-56.12195,128.370511111111,-4.54082504140299,0.00199065206047062,0.0281485524175163,-3.82100395296582,"10731803"
-139.96735,634.123888888889,-4.53872917479923,0.00199607571272366,0.0282006058397414,-3.82126592573074,"10885484"
158.65607,200.121488888889,4.53865657385443,0.00199626387610684,0.0282006058397414,-3.82127500431627,"10878938"
235.93235,340.078222222222,4.53782810120864,0.0019984124352536,0.0282173131384721,-3.82137862114873,"10780798"
-94.5856000000001,321.120555555556,-4.53712185506187,0.00200024599811589,0.0282243631189527,-3.82146697755577,"10850480"
43.49521,105.529244444444,4.53679945029845,0.00200108363650889,0.0282243631189527,-3.82150732076254,"10759495"
-53.4897500000001,324.957777777778,-4.53615780338368,0.0020027518317616,0.0282243631189527,-3.82158762650936,"10702859"
24.568045,43.0502111111111,4.536148423766,0.00200277622871189,0.0282243631189527,-3.82158880057051,"10729312"
210.8838,317.965333333333,4.53472314104954,0.00200648723330365,0.0282310955037842,-3.82176725525979,"10751469"
-1206.24775,1829.51988888889,-4.53454870510428,0.00200694192500261,0.0282310955037842,-3.82178910258346,"10794779"
15.093933,21.4633066666667,4.53453323504612,0.00200698225528253,0.0282310955037842,-3.82179104021088,"10791594"
-147.4688,461.859111111111,-4.53433202559461,0.00200750688650046,0.0282310955037842,-3.8218162427925,"10776966"
-77.60785,338.010222222222,-4.53411009146581,0.00200808572796822,0.0282310955037842,-3.82184404354424,"10856588"
-47.899315,71.2924555555556,-4.53353870220458,0.00200957684239181,0.0282384693956875,-3.82191563012657,"10841508"
61.128095,94.5315222222222,4.53268532980643,0.00201180607074558,0.0282445928002397,-3.82202257467957,"10865502"
21.025405,58.4639444444444,4.53222519719353,0.00201300917126652,0.0282445928002397,-3.82208025321222,"10905770"
-62.666125,105.958388888889,-4.53201559100479,0.00201355748416691,0.0282445928002397,-3.82210653119009,"10819402"
113.76798,142.150566666667,4.5314433977184,0.00201505512264388,0.0282445928002397,-3.82217827703161,"10743227"
-175.8269,286.737111111111,-4.53121488289444,0.00201565356767857,0.0282445928002397,-3.82220693438553,"10903674"
459.7286,923.775222222222,4.53115382038655,0.00201581351367494,0.0282445928002397,-3.82221459248215,"10919214"
21.366375,47.2297666666667,4.52900822978035,0.00202144240502893,0.0282796799188831,-3.82248379538812,"10906950"
29.357674,28.0221811111111,4.52876850165298,0.00202207238511565,0.0282796799188831,-3.82251388756788,"10763820"
-392.8489,625.198888888889,-4.52869868240249,0.00202225590283708,0.0282796799188831,-3.82252265224703,"10885892"
-251.8872,313.661733333333,-4.52866771473093,0.00202233730619303,0.0282796799188831,-3.82252653981431,"10797161"
188.1165,330.082333333333,4.52789259898255,0.00202437597995505,0.0282796799188831,-3.82262386026661,"10813246"
365.54895,509.342,4.52763642867872,0.00202505023849881,0.0282796799188831,-3.82265603045328,"10934689"
1257.484,1914.39777777778,4.52761988007253,0.00202509380400847,0.0282796799188831,-3.82265810875831,"10899055"
36.86445,162.24,4.52656845992822,0.00202786384067055,0.028301212726217,-3.82279018190022,"10735110"
-94.6384,298.181888888889,-4.52629943448621,0.00202857326790917,0.028301212726217,-3.82282398396816,"10734875"
19.21419,45.5154,4.52580562418087,0.00202987616115359,0.0283058721584444,-3.82288603865653,"10808063"
-40.78996,58.3711888888889,-4.52484831087565,0.0020324045757345,0.0283151295111515,-3.82300637347475,"10768395"
13.054408,15.1730011111111,4.52428288030328,0.00203389957492577,0.0283151295111515,-3.82307746949902,"10805263"
-107.24885,744.979444444444,-4.52386855941823,0.00203499579892687,0.0283151295111515,-3.82312957525941,"10769933"
236.1398,631.827222222222,4.52380125010356,0.00203517394880282,0.0283151295111515,-3.82313804099743,"10752903"
-90.27915,119.606133333333,-4.52372107097163,0.00203538618379606,0.0283151295111515,-3.82314812570905,"10897327"
-161.9983,309.095555555556,-4.52335085301335,0.00203636646668924,0.0283152831784195,-3.82319469479544,"10819080"
-234.8403,545.955333333333,-4.52195777219066,0.00204005974283682,0.0283531424011584,-3.82336998826073,"10914853"
26.544675,63.5733333333333,4.52122644357756,0.00204200152444019,0.0283666345863033,-3.8234620505343,"10729022"
87.03085,300.398777777778,4.52031070812724,0.00204443576623091,0.0283712731969144,-3.82357736359476,"10788010"
-241.5967,620.588888888889,-4.52023640078755,0.00204463343108533,0.0283712731969144,-3.82358672247607,"10930301"
90.52225,87.4956111111111,4.51996013281536,0.0020453685133898,0.0283712731969144,-3.82362152032714,"10839307"
86.05313,157.639955555556,4.5196402313272,0.00204622005291636,0.0283712731969144,-3.82366181879934,"10825634"
-73.27465,203.156888888889,-4.51924985972683,0.00204725969762166,0.0283722223938895,-3.82371100130215,"10735036"
-103.64085,304.869,-4.51825384022546,0.00204991491750217,0.0283955497391694,-3.8238365226354,"10779748"
-149.19885,633.778,-4.51723081092635,0.00205264603891691,0.0284199058677339,-3.82396549854139,"10881499"
81.95735,187.779888888889,4.51668570931457,0.00205410287996687,0.028426604232758,-3.82403424188399,"10722566"
-312.60555,646.145,-4.51573830066225,0.00205663760393801,0.0284447458859214,-3.82415375533772,"10909780"
108.872,543.579555555556,4.51546809973432,0.00205736113017566,0.0284447458859214,-3.82418784865788,"10752576"
-266.8183,416.005888888889,-4.51478445721729,0.0020591929790734,0.0284475624101337,-3.82427412509931,"10740381"
-165.24725,189.150177777778,-4.51466532728338,0.00205951237411627,0.0284475624101337,-3.82428916177995,"10849666"
-43.082725,105.228522222222,-4.51408817650181,0.00206106051527683,0.0284554923881368,-3.82436202011985,"10870987"
-856.237,1350.08022222222,-4.51330545522229,0.00206316209741492,0.0284710522030606,-3.82446085544036,"10821556"
219.28975,505.356111111111,4.51253123921878,0.00206524313498003,0.0284723483663179,-3.82455864644348,"10770566"
210.20007,134.771933333333,4.51234047492867,0.00206575624613271,0.0284723483663179,-3.82458274635662,"10908658"
122.7152,181.174888888889,4.51218302136498,0.00206617986364736,0.0284723483663179,-3.8246026393598,"10751445"
-138.0688,556.469888888889,-4.5112945475624,0.0020685720091535,0.0284784911677126,-3.82471491382023,"10795904"
963.4265,2558.93555555556,4.5112933331371,0.00206857528095728,0.0284784911677126,-3.82471506731105,"10828433"
319.2975,714.797,4.50956565738806,0.00207323554286005,0.0285292054399969,-3.82493350126054,"10938422"
273.58215,432.770666666667,4.50905750698782,0.00207460840744156,0.0285342275603431,-3.82499777585265,"10927122"
201.4184,243.903888888889,4.5084794015475,0.00207617147052323,0.0285342275603431,-3.82507091434739,"10845376"
92.63065,302.482777777778,4.50834660684347,0.00207653069738103,0.0285342275603431,-3.82508771707793,"10885269"
99.9754,208.814111111111,4.50761038801131,0.00207852349054898,0.0285481830055937,-3.82518088782024,"10822940"
-158.9792,372.281777777778,-4.50514224171788,0.0020852194362085,0.0286046831772076,-3.82549343433419,"10918806"
-88.2992,121.167911111111,-4.50511993885095,0.00208528004945211,0.0286046831772076,-3.82549625996326,"10917260"
-824.71175,887.111444444444,-4.5050115829928,0.00208557455902828,0.0286046831772076,-3.82550998829949,"10813678"
24.896395,33.0909444444444,4.50442093867379,0.00208718071639896,0.028613278953017,-3.82558483121285,"10734320"
40.07553,107.753066666667,4.50396490955456,0.00208842173023732,0.0286168632397529,-3.82564262827795,"10831122"
221.48477,251.679655555556,4.50321739227696,0.00209045771990016,0.02862193461052,-3.82573739072735,"10703059"
-139.4543,639.394111111111,-4.50310966933788,0.00209075129933764,0.02862193461052,-3.82575104899429,"10911158"
56.18802,130.606933333333,4.50102330735675,0.00209644615029922,0.0286797082147385,-3.82601569339847,"10897232"
-129.11195,283.991111111111,-4.50084452917357,0.00209693491978782,0.0286797082147385,-3.82603838051056,"10843172"
-302.13345,789.851666666667,-4.50044838832402,0.00209801838788682,0.0286810992904659,-3.82608865677136,"10700680"
-259.15375,419.947555555556,-4.49950247289982,0.00210060798298392,0.0287030690434482,-3.82620873912828,"10885560"
16.068801,15.9329633333333,4.49877559870441,0.00210260027798858,0.02871008984464,-3.82630104465042,"10741761"
-118.71335,202.511111111111,-4.49859802758758,0.00210308729607481,0.02871008984464,-3.82632359832362,"10877002"
79.4676,272.212333333333,4.49735009409545,0.00210651341992901,0.028743429729008,-3.82648214495397,"10821218"
-325.62485,361.825444444444,-4.49523750353562,0.00211232724038111,0.0287688894843004,-3.8267507197536,"10814561"
130.0782,480.244333333333,4.49498964217512,0.00211301049364344,0.0287688894843004,-3.82678224499838,"10837232"
-225.8048,682.186111111111,-4.49497228040958,0.00211305836199103,0.0287688894843004,-3.82678445333852,"10922226"
82.17837,113.2826,4.49495103048839,0.00211311695202666,0.0287688894843004,-3.82678715625527,"10876838"
-55.80255,80.8300666666667,-4.4943175441872,0.00211486440417035,0.0287688894843004,-3.82686774380942,"10815137"
-53.046865,81.2519555555556,-4.49420292904174,0.00211518073420147,0.0287688894843004,-3.82688232644609,"10723902"
29.49087,43.7791333333333,4.49416963614319,0.00211527262998143,0.0287688894843004,-3.82688656246771,"10831129"
-33.34935,225.243666666667,-4.49240663009351,0.00212014512120258,0.028821740144631,-3.82711095704811,"10766382"
318.0471,664.638666666667,4.49190100184329,0.00212154479615743,0.0288273533371829,-3.82717534162451,"10854108"
152.4066,415.381666666667,4.49080231209028,0.00212458964072318,0.0288553053296545,-3.82731528789775,"10884211"
166.41465,177.407166666667,4.49016175341541,0.0021263670387739,0.0288660254046193,-3.82739690709992,"10907869"
46.2512,105.342888888889,4.48925482938516,0.00212888630134556,0.0288839413985921,-3.82751250109654,"10834800"
-1045.301,1627.62177777778,-4.48897502679347,0.00212966419430983,0.0288839413985921,-3.82754817219775,"10726611"
-270.958325,292.272077777778,-4.48808587245668,0.00213213822709255,0.0289040771073234,-3.82766155334561,"10796043"
-213.91015,309.992222222222,-4.48713471984174,0.0021347882251635,0.0289063941247818,-3.82778288374435,"10764005"
-49.49375,150.470777777778,-4.48701397023691,0.00213512490052919,0.0289063941247818,-3.82779828995511,"10879244"
175.9284,383.324,4.486788569158,0.00213575352065897,0.0289063941247818,-3.82782705038661,"10781304"
-112.7059,267.889888888889,-4.48660449746638,0.00213626702661066,0.0289063941247818,-3.82785053919899,"10717992"
-49.084955,42.9003244444444,-4.48202487424649,0.0021490861177086,0.0290663897420089,-3.82843547331652,"10797024"
140.346,507.997,4.48088782233842,0.00215228184244579,0.0290801357214498,-3.82858086553942,"10887966"
175.01457,236.039933333333,4.48075659236793,0.00215265100114863,0.0290801357214498,-3.82859764976212,"10869915"
80.54236,149.058244444444,4.48060102570748,0.00215308870971096,0.0290801357214498,-3.82861754774257,"10831606"
138.1462,257.136111111111,4.47994265360573,0.00215494220263197,0.02908343594883,-3.82870177114197,"10923334"
191.29695,340.323666666667,4.47946719062947,0.0021562818356711,0.02908343594883,-3.82876260901121,"10788735"
-385.84135,733.819555555556,-4.47945377409176,0.00215631965034455,0.02908343594883,-3.82876432588795,"10834241"
73.4209,398.157111111111,4.47854919755027,0.00215887087294954,0.0291044087135893,-3.82888010272003,"10811708"
-145.438075,145.980255555556,-4.47765528495859,0.00216139524153089,0.0291250002703336,-3.8289945547721,"10842562"
-576.39525,1491.53033333333,-4.47679261228997,0.00216383443107805,0.0291444255737732,-3.82910504483228,"10873597"
160.41865,175.726777777778,4.4762478767437,0.00216537620020512,0.0291476397670208,-3.82917483302975,"10748236"
-1001.657275,841.817588888889,-4.47600340212776,0.0021660685265353,0.0291476397670208,-3.82920615844385,"10940651"
22.891145,73.5855222222222,4.47543694461349,0.00216767359881932,0.0291558087089814,-3.82927875215731,"10803666"
-126.83985,254.104333333333,-4.47508120300425,0.0021686822625735,0.0291559519644833,-3.82932435000806,"10776811"
-272.69335,661.764555555556,-4.47353914455677,0.00217306048877115,0.0291933675888367,-3.82952207935967,"10900511"
-923.453500000001,1980.55222222222,-4.47336395600929,0.00217355849278701,0.0291933675888367,-3.82954455030425,"10726080"
160.95895,541.078111111111,4.47304580900235,0.00217446319823744,0.0291933675888367,-3.82958536205311,"10910641"
41.69083,55.4432777777778,4.47245964028954,0.00217613114069375,0.0292023404429156,-3.82966056875144,"10834033"
162.4439,525.070888888889,4.4719279864838,0.00217764516312887,0.0292092404938691,-3.82972879592937,"10815706"
-25.785915,79.9465333333333,-4.47128797017057,0.0021794692941383,0.0292202918581717,-3.82981094803025,"10741518"
-86.9489499999999,192.304222222222,-4.47068871227033,0.00218117876313446,0.0292285268699545,-3.8298878869826,"10714276"
-68.209775,141.883144444444,-4.47037140484223,0.00218208451781237,0.0292285268699545,-3.82992863348168,"10884278"
-422.3773,761.963555555556,-4.46951654261822,0.00218452675761152,0.029247829833576,-3.83003843425052,"10860916"
41.76455,144.645222222222,4.46744934296317,0.0021904447822112,0.0293026376083495,-3.83030410207618,"10835252"
-1226.7515,1323.04311111111,-4.46738598823431,0.00219062643036336,0.0293026376083495,-3.8303122475407,"10702562"
961.85195,1117.85455555556,4.46480252340652,0.00219804759416094,0.0293884496182232,-3.8306445728167,"10799502"
-116.1055,192.897355555556,-4.4640874558382,0.0022001064926548,0.0294025210779586,-3.83073661502271,"10864590"
145.2025,288.365444444444,4.46332158256801,0.00220231400000357,0.0294071438020336,-3.83083522529854,"10795513"
198.2863,566.105444444444,4.4632690098956,0.00220246562055348,0.0294071438020336,-3.8308419953906,"10756079"
-219.58665,645.924333333333,-4.46159881476567,0.0022072884008101,0.0294580737054666,-3.83105714845128,"10884418"
17.860405,39.5444777777778,4.46091152099195,0.00220927632971177,0.0294711409571688,-3.83114572570683,"10835678"
33.90731,78.8133555555556,4.4602565423426,0.00221117260011816,0.0294794812938833,-3.83123016032488,"10824965"
42.5106,56.6132,4.45999864846426,0.00221191973013597,0.0294794812938833,-3.83126341185875,"10939082"
69.57545,324.746222222222,4.45834960355073,0.00221670357350055,0.0295297666193548,-3.83147611040264,"10888301"
-30.847195,72.8088555555556,-4.45679804461016,0.00222121487431325,0.0295630632373198,-3.83167635977413,"10798331"
94.38265,226.593444444444,4.45648645486818,0.00222212205206886,0.0295630632373198,-3.83171658918739,"10786703"
269.6137,841.995111111111,4.45644633515114,0.00222223888783304,0.0295630632373198,-3.831721769407,"10700969"
-111.86775,330.937,-4.45565887348125,0.00222453346771961,0.029580118673628,-3.83182346210509,"10912629"
-54.2872,183.149555555556,-4.45483668619522,0.00222693198065483,0.0295985399830984,-3.83192967257278,"10748991"
-456.84205,671.187888888889,-4.45427054176553,0.00222858518942872,0.0296070430759303,-3.83200282711398,"10855862"
-49.842095,69.3492777777778,-4.45360383605512,0.00223053375835315,0.0296101769378251,-3.83208899641274,"10852836"
-261.5472,602.948,-4.45317155761136,0.00223179815964607,0.0296101769378251,-3.83214487880187,"10747592"
61.60644,111.0707,4.45314981882374,0.00223186176549226,0.0296101769378251,-3.83214768931181,"10753024"
151.6539,589.575333333333,4.45273460653368,0.00223307701937885,0.0296128515860797,-3.83220137480966,"10788766"
174.0262,498.743777777778,4.45216451622464,0.00223474674507426,0.0296215478269507,-3.83227509964756,"10858185"
63.9121,311.284777777778,4.45088358243818,0.00223850339360935,0.0296249612118882,-3.83244081147162,"10855546"
-906.850999999999,3520.20111111111,-4.4506087866664,0.00223931019188339,0.0296249612118882,-3.83247637202532,"10936312"
-100.80225,164.2974,-4.45035507521222,0.00224005536714989,0.0296249612118882,-3.8325092074977,"10932189"
93.17235,219.258333333333,4.44982221551856,0.00224162130490296,0.0296249612118882,-3.83257818105582,"10920991"
287.3465,1006.55055555556,4.44977240521715,0.00224176774533023,0.0296249612118882,-3.83258462925193,"10798442"
-619.48475,997.063444444444,-4.44936457275735,0.00224296714839324,0.0296249612118882,-3.8326374299405,"10799376"
373.0909,183.733777777778,4.44911147768116,0.00224371183145517,0.0296249612118882,-3.83267020152392,"10783880"
48.4468,135.198111111111,4.44907561288368,0.00224381737836785,0.0296249612118882,-3.83267484567742,"10906054"
60.340765,56.8638777777778,4.44896910022104,0.00224413086745768,0.0296249612118882,-3.83268863844675,"10936877"
49.19128,84.3216111111111,4.44815973857942,0.00224651454289144,0.0296430333586407,-3.83279346477135,"10857124"
66.677326,46.5360911111111,4.4459703914542,0.00225297624459883,0.0297148749479505,-3.83307718882043,"10764069"
-50.4134999999999,224.073,-4.4451453845332,0.00225541642706457,0.0297336351535488,-3.83318416675294,"10795082"
81.44525,248.077888888889,4.44466681667173,0.00225683323691981,0.0297388931814954,-3.83324623799775,"10778505"
-76.532975,119.225144444444,-4.44259783514773,0.00226296962950314,0.0298063096286315,-3.83351472244985,"10856521"
-1351.97475,1359.65633333333,-4.44094947776179,0.00226787146041989,0.0298483404202665,-3.83372877898493,"10855853"
97.9136000000001,163.703555555556,4.44083774670205,0.00226820413955609,0.0298483404202665,-3.8337432934146,"10836993"
-37.206715,89.3942222222222,-4.44047934569172,0.00226927163592437,0.0298489426257967,-3.83378985578368,"10792843"
36.6089,31.1093722222222,4.43915051349365,0.00227323432226186,0.0298876091316642,-3.83396255039148,"10749716"
92.4179000000001,267.711222222222,4.43838726931223,0.00227551377559315,0.0299000887464918,-3.83406178180576,"10732607"
-41.499405,77.9422,-4.43814746056757,0.00227623048443205,0.0299000887464918,-3.83409296607556,"10913893"
-326.9017,634.112555555556,-4.43476637566148,0.0022863615583902,0.0300196703671062,-3.83453294624217,"10884772"
-127.250575,185.753388888889,-4.43327393819516,0.00229084905978499,0.030065078361437,-3.83472734145965,"10865163"
-224.26875,696.493,-4.43288764789312,0.0022920121252049,0.0300668353056739,-3.8347776755501,"10793304"
-286.616,759.010111111111,-4.43244168728385,0.00229335564682849,0.030070956852086,-3.8348357941779,"10839229"
-150.2018,735.126444444444,-4.43177767589074,0.00229535766295652,0.0300837051438366,-3.83492234841207,"10793600"
142.85895,396.973666666667,4.43117442673395,0.00229717812397016,0.0300940635487284,-3.83500100167715,"10760041"
216.90735,730.122666666667,4.43067713508303,0.00229868000942188,0.0300960887919638,-3.83506585382085,"10932230"
211.21425,384.419,4.43044114421576,0.00229939310548583,0.0300960887919638,-3.83509663394877,"10926160"
569.791,3096.04444444444,4.42987773264647,0.00230109654343578,0.0301048967397819,-3.83517013078373,"10877581"
31.61081,93.1111888888889,4.42862280864011,0.0023048956502423,0.030133108054635,-3.83533389318171,"10714963"
263.15486,256.594355555556,4.42848415421591,0.00230531582467684,0.030133108054635,-3.83535199192519,"10775501"
163.7215,497.441111111111,4.42743180509672,0.00230850754551624,0.030161332484218,-3.83548938831768,"10805044"
17.32889,25.8109888888889,4.42626466027233,0.00231205304763616,0.0301890625846507,-3.83564183854215,"10834140"
302.16205,457.049444444444,4.42605297701827,0.0023126967229564,0.0301890625846507,-3.83566949563362,"10820008"
112.61165,278.811222222222,4.42529457676748,0.00231500442409732,0.0302056897032511,-3.83576860177522,"10802373"
-55.04785,188.070888888889,-4.42354882849929,0.00232032598642602,0.0302616086461829,-3.83599684381902,"10901293"
16.742159,22.9506755555556,4.42258501241104,0.00232326967423574,0.0302721751812329,-3.83612292129251,"10771830"
-200.70305,683.510444444444,-4.42228027533458,0.00232420124576577,0.0302721751812329,-3.83616279402278,"10880516"
123.5446,459.477111111111,4.42191130234647,0.00232532972716859,0.0302721751812329,-3.83621107791436,"10787579"
129.88775,352.213888888889,4.42185379521518,0.00232550566279365,0.0302721751812329,-3.83621860393644,"10700736"
-402.788799999999,874.574555555556,-4.42158856444538,0.00232631728903498,0.0302721751812329,-3.83625331716459,"10855668"
142.77,603.712333333333,4.42096375349243,0.00232823047350758,0.0302835819470393,-3.83633510619391,"10817705"
20.389195,39.4469444444444,4.41960626514495,0.00233239302087984,0.0303242232808115,-3.83651287284505,"10737443"
278.6376,1036.20233333333,4.41872957133357,0.00233508557212191,0.0303457250462498,-3.83662772818497,"10749630"
-49.714225,125.448788888889,-4.41640881087371,0.0023422295228907,0.0304032207017267,-3.83693195967986,"10705772"
-454.823,667.321444444444,-4.41639861007387,0.00234226097612863,0.0304032207017267,-3.8369332975234,"10766926"
369.51295,474.246777777778,4.41627830825672,0.00234263195042058,0.0304032207017267,-3.83694907560995,"10817938"
-39.0455,77.6937444444444,-4.41526720255397,0.00234575241524843,0.0304302002926588,-3.83708171559273,"10744751"
100.3313,381.463888888889,4.41436557801947,0.0023485388058088,0.0304391462444284,-3.83720003758831,"10752650"
22.94541,45.8814,4.41398179296333,0.00234972594929366,0.0304391462444284,-3.83725041508731,"10701246"
243.30485,406.605888888889,4.41386076877068,0.00235010044255727,0.0304391462444284,-3.83726630287607,"10819523"
-72.2556499999999,319.254777777778,-4.41369620291265,0.00235060977365066,0.0304391462444284,-3.83728790792081,"10726251"
-157.7065,429.369222222222,-4.41321293246011,0.00235210618766505,0.0304450288730379,-3.83735136213924,"10791719"
-332.542,1029.93955555556,-4.4122654823964,0.00235504290363585,0.0304695409153312,-3.83747579860403,"10797766"
20.033425,35.0135444444444,4.41123575245377,0.00235823916797292,0.0304748165791618,-3.83761109368244,"10746638"
-117.734,484.249777777778,-4.41073308536964,0.00235980114796457,0.0304748165791618,-3.83767715827847,"10707626"
68.8396500000001,195.497,4.41010784328599,0.00236174558276946,0.0304748165791618,-3.83775935074037,"10799590"
-98.607825,116.0315,-4.41004925883343,0.00236192786311738,0.0304748165791618,-3.83776705310425,"10916867"
55.00425,177.299333333333,4.40983168646841,0.00236260495396895,0.0304748165791618,-3.83779565986992,"10867604"
-831.1075,956.020888888889,-4.40965363614329,0.00236315920794241,0.0304748165791618,-3.83781907201879,"10802593"
-46.633335,49.9566333333333,-4.40952836139452,0.00236354926106672,0.0304748165791618,-3.83783554558841,"10748922"
-299.0848,621.886222222222,-4.40937414907047,0.00236402950963612,0.0304748165791618,-3.83785582553978,"10823803"
138.72065,184.632222222222,4.40911426206168,0.00236483909033202,0.0304748165791618,-3.83789000517641,"10716644"
-54.55895,144.445777777778,-4.4065584013967,0.00237281696732289,0.0305523239690759,-3.83822632955441,"10835213"
160.57165,313.974777777778,4.40651737384187,0.00237294526890646,0.0305523239690759,-3.83823173108144,"10907958"
238.2444,591.968,4.40471987574565,0.00237857381172797,0.0305997532571471,-3.83846846743441,"10892152"
119.04235,380.144111111111,4.40467201166337,0.00237872388741634,0.0305997532571471,-3.83847477355695,"10836767"
-221.239675,245.979855555556,-4.40405600873118,0.00238065625446195,0.0306041272810319,-3.83855594282495,"10798558"
-28.18033,70.6177888888889,-4.40389580678186,0.00238115907817435,0.0306041272810319,-3.8385770554547,"10907284"
134.28785,254.679888888889,4.40224031102982,0.00238636191500919,0.0306575096680205,-3.83879530646701,"10864185"
39.777205,86.3750777777778,4.4014554045766,0.00238883300281303,0.0306757658655736,-3.83889883322362,"10774343"
-1122.096,1795.22666666667,-4.39991718040766,0.00239368378585004,0.0306895447761668,-3.83910181214372,"10861923"
215.7238,299.102444444444,4.39972409709932,0.00239429342785835,0.0306895447761668,-3.8391272993681,"10848017"
125.0097,192.342166666667,4.3994784375588,0.00239506931783565,0.0306895447761668,-3.8391597294895,"10784444"
55.73206,113.289744444444,4.3990319465594,0.00239648021166001,0.0306895447761668,-3.83921867981679,"10940607"
12.169328,11.0494622222222,4.39900571357305,0.00239656313490146,0.0306895447761668,-3.83922214368411,"10856020"
-256.0306,257.384822222222,-4.39867965200596,0.00239759408500518,0.0306895447761668,-3.83926520060208,"10814268"
-200.02505,367.142777777778,-4.39850356957246,0.00239815102721627,0.0306895447761668,-3.83928845482615,"10883175"
-34.48595,172.004111111111,-4.3984532912016,0.00239831008160433,0.0306895447761668,-3.8392950951028,"10842635"
125.5129,183.901111111111,4.39768602134671,0.00240073874165404,0.0307071723286695,-3.8393964447632,"10928032"
-275.9657,675.327777777778,-4.39674346738871,0.00240372588669266,0.0307319247500392,-3.83952098941299,"10744348"
174.1208,237.574222222222,4.3956192564109,0.00240729401463685,0.0307629853832465,-3.83966959720228,"10818134"
82.18465,200.829111111111,4.39531478402307,0.00240826136686126,0.0307629853832465,-3.83970985616317,"10811875"
-43.546245,51.5952333333333,-4.39420273805475,0.0024117980807312,0.030794698046539,-3.83985693739584,"10804164"
-36.54775,122.267555555556,-4.39183106745903,0.00241935970338523,0.0308777520204002,-3.84017083189359,"10709126"
-158.36365,433.908555555556,-4.39134076080535,0.002420926159678,0.0308784681796258,-3.84023576098004,"10724888"
24.947915,57.2264222222222,4.39100375776408,0.00242200347199811,0.0308784681796258,-3.84028039595893,"10746243"
-91.261,231.845555555556,-4.39055990111208,0.00242342316166422,0.0308784681796258,-3.84033919230324,"10730116"
-217.91785,621.159222222222,-4.39036993391344,0.00242403105369707,0.0308784681796258,-3.84036435978976,"10864525"
68.03408,118.890288888889,4.39016073085877,0.00242470069158833,0.0308784681796258,-3.84039207786224,"10711769"
-199.39525,880.275888888889,-4.38928161242416,0.00242751685568854,0.0309008616218235,-3.84050858015942,"10878202"
-223.1773,782.500888888889,-4.38764422940322,0.00243277150579961,0.0309187804423704,-3.84072567541806,"10711234"
1010.802,2405.89333333333,4.38752396360765,0.00243315794608782,0.0309187804423704,-3.84074162652808,"10855674"
1010.802,2405.89333333333,4.38752396360765,0.00243315794608782,0.0309187804423704,-3.84074162652808,"10862675"
1010.802,2405.89333333333,4.38752396360765,0.00243315794608782,0.0309187804423704,-3.84074162652808,"10936480"
83.3148,185.726,4.38668303750513,0.00243586188703659,0.0309396822469074,-3.84085318124895,"10835261"
-126.9671,654.205777777778,-4.38510416812959,0.00244094744510807,0.030990803416509,-3.84106272807643,"10855850"
-62.39805,362.077333333333,-4.38424634072978,0.00244371534631431,0.0310124674749029,-3.84117663260496,"10811135"
88.5159,170.859,4.38291233247634,0.00244802647935534,0.0310301704708458,-3.84135384131655,"10733045"
88.5159,170.859,4.38291233247634,0.00244802647935534,0.0310301704708458,-3.84135384131655,"10733047"
-19.804575,36.6110666666667,-4.3828287688592,0.00244829680753404,0.0310301704708458,-3.84136494491457,"10754480"
-40.722,48.1337333333333,-4.38180244060195,0.00245161962063274,0.0310588098860212,-3.84150134878923,"10845143"
44.454565,49.0413444444444,4.38037902734032,0.00245623612572608,0.0310795339847654,-3.84169061745667,"10804557"
468.83785,898.023777777778,4.37997597253789,0.00245754505145802,0.0310795339847654,-3.84174422999429,"10846286"
-123.9822,413.939,-4.37992920655821,0.00245769697357176,0.0310795339847654,-3.84175045113985,"10737021"
714.7915,1750.26111111111,4.37948472452822,0.00245914140900649,0.0310795339847654,-3.84180958498267,"10772718"
-1483.33725,1761.811,-4.37937213466378,0.00245950743900199,0.0310795339847654,-3.84182456555234,"10804480"
26.388965,18.7003888888889,4.37933178891494,0.00245963861753877,0.0310795339847654,-3.84182993388914,"10746416"
30.125565,60.2812,4.37683418904023,0.0024677740087818,0.0311688499319289,-3.84216242467052,"10746780"
-148.3397,326.793444444444,-4.37627319517305,0.0024696053364153,0.0311785005609492,-3.84223715099997,"10843132"
227.64535,271.905111111111,4.37485192160212,0.00247425159235449,0.0311927812064724,-3.84242654270485,"10811244"
-72.00175,180.291222222222,-4.37472063776807,0.00247468124773999,0.0311927812064724,-3.84244404221492,"10734306"
-236.90825,752.082444444444,-4.37468958704511,0.00247478287993259,0.0311927812064724,-3.84244818125938,"10936488"
47.4891500000001,278.361888888889,4.37462098962593,0.0024750074223524,0.0311927812064724,-3.84245732543552,"10784416"
-3286.993,3823.03622222222,-4.37249235588749,0.00248198615040258,0.0312355369455638,-3.84274119816893,"10725302"
-621.27325,947.196555555556,-4.37236091987066,0.00248241776261771,0.0312355369455638,-3.84275873408067,"10904880"
286.3201,354.734777777778,4.37232393636002,0.00248253922448398,0.0312355369455638,-3.84276366850332,"10729507"
14.90203,61.2721444444444,4.37228208267496,0.00248267668883409,0.0312355369455638,-3.84276925280131,"10787782"
126.7313,377.625222222222,4.37171551127587,0.00248453834994689,0.0312455029510755,-3.84284485614661,"10787212"
-107.1183,282.115666666667,-4.370754247928,0.00248770036902931,0.031271806618254,-3.84297316541449,"10844165"
273.17729,154.303588888889,4.37027103177625,0.00248929152837677,0.0312783495526877,-3.84303768317841,"10803947"
-120.9967,257.812888888889,-4.36958513430536,0.00249155198307277,0.0312932930496508,-3.84312928328725,"10896632"
15.459614,19.8990755555556,4.36816110878412,0.00249625213685522,0.0313388525681515,-3.8433195369789,"10829791"
22.97409,51.9121666666667,4.36712893557243,0.00249966494974993,0.0313624935436008,-3.84345750413937,"10711703"
439.6493,1084.45788888889,4.36688026834743,0.00250048790780187,0.0313624935436008,-3.84349075095557,"10918869"
87.1658,328.885555555556,4.36648004416544,0.00250181305700063,0.0313624935436008,-3.84354426770717,"10857180"
-178.2669,569.924666666667,-4.366293973791,0.00250242939858059,0.0313624935436008,-3.8435691513098,"10780834"
548.8772,1260.39822222222,4.36573413826317,0.00250428479733154,0.0313722881943583,-3.84364403023376,"10930534"
76.26525,340.391666666667,4.36472309138601,0.0025076393755162,0.0314008472851823,-3.84377930081228,"10898851"
158.58005,201.961222222222,4.36344169003331,0.00251189797375215,0.0314335703945048,-3.84395081940355,"10880913"
-49.2682999999999,174.202777777778,-4.36322795922205,0.00251260904779096,0.0314335703945048,-3.84397943611052,"10708727"
29.87411,53.1444222222222,4.36296610078121,0.00251348053815168,0.0314335703945048,-3.84401449993952,"10936434"
399.0779,871.886555555556,4.36239367273997,0.0025153867761187,0.0314391474314536,-3.84409116266442,"10746783"
-31.2286,136.965222222222,-4.36218597339271,0.00251607882161766,0.0314391474314536,-3.84411898313609,"10917954"
888.6721,1294.46077777778,4.36171924854314,0.00251763468263908,0.031445138785215,-3.84418150722107,"10929572"
-717.675,1302.73733333333,-4.36072334886238,0.00252095807575108,0.0314731919764924,-3.84431495943011,"10935177"
24.83022,32.6984333333333,4.35944828934515,0.00252521999301964,0.0315045108633636,-3.8444858951305,"10787603"
-76.868825,154.537677777778,-4.35920073094143,0.00252604836839875,0.0315045108633636,-3.84451909289303,"10743171"
29.91325,111.427777777778,4.35900549000097,0.00252670188789145,0.0315045108633636,-3.84454527710424,"10879446"
2151.569,1805.25888888889,4.35847513930991,0.0025284780278483,0.031513206956297,-3.84461641370929,"10911287"
409.3633,549.969444444444,4.35671620456957,0.00253437838336588,0.0315644798269244,-3.84485244708652,"10779091"
-34.433795,75.8419111111111,-4.35631096234764,0.00253573988559442,0.0315644798269244,-3.84490684991472,"10725976"
-69.1569499999999,180.063777777778,-4.35628316551203,0.00253583330436748,0.0315644798269244,-3.84491058189024,"10859552"
-232.6812,729.519333333333,-4.35454257336799,0.00254169047436699,0.0316202455975126,-3.84514435258667,"10849598"
36.341455,90.3466777777778,4.35384421173006,0.00254404461456323,0.0316202455975126,-3.8452381908082,"10791900"
-50.329695,92.2767666666667,-4.35383921375966,0.00254406147097593,0.0316202455975126,-3.84523886247299,"10804964"
-105.22725,401.677333333333,-4.35318680776791,0.00254626284907949,0.0316202455975126,-3.84532654891761,"10867192"
-265.6176,476.630333333333,-4.35304361462021,0.002546746294306,0.0316202455975126,-3.84534579773562,"10716335"
130.0155,194.519666666667,4.35302545166471,0.00254680762274756,0.0316202455975126,-3.8453482393777,"10722311"
152.53825,665.024777777778,4.35176291952312,0.00255107457440901,0.0316597674667735,-3.84551800364424,"10774015"
12.530596,11.6897577777778,4.34999621314302,0.0025570584902916,0.0317205548770186,-3.84575570108391,"10867389"
35.21689,114.182811111111,4.34852919545188,0.00256203891260103,0.0317688475351131,-3.84595320197344,"10730472"
-20.445385,46.3513222222222,-4.34685292128365,0.0025677426242663,0.0318260640752294,-3.84617901276138,"10918490"
-359.22885,309.600333333333,-4.34653310162294,0.00256883240976976,0.0318260687103536,-3.84622211240265,"10784389"
-837.6975,1371.796,-4.34489598076179,0.00257441875804586,0.0318740073149301,-3.84644281874008,"10890354"
103.29395,473.244222222222,4.34475985111889,0.00257488386606542,0.0318740073149301,-3.84646117722239,"10770948"
-1046.504,1699.12911111111,-4.34399103991906,0.0025775123393565,0.0318930306996869,-3.8465648775981,"10726085"
78.4480900000001,137.363977777778,4.34305435263003,0.00258071869262259,0.0319191853879239,-3.84669126376386,"10819500"
142.6995,369.297,4.34257539878179,0.00258235985940734,0.0319253925556778,-3.84675590629262,"10821402"
-167.9371,316.074888888889,-4.34199402873516,0.00258435348242479,0.0319253925556778,-3.84683438774359,"10712758"
42.41048,66.9440222222222,4.34195161660182,0.00258449898658786,0.0319253925556778,-3.84684011382158,"10888422"
91.83095,356.827555555556,4.34130049912585,0.0025867339035933,0.0319394946152048,-3.84692803331241,"10923349"
24.857165,38.0967888888889,4.34067623829424,0.00258887860438186,0.0319524712921046,-3.84701234733145,"10700064"
-66.6766499999999,190.482333333333,-4.33965286424086,0.00259239866387332,0.031982404799998,-3.84715061081411,"10703327"
-45.9969499999999,351.510111111111,-4.33911473212565,0.00259425173697324,0.0319917561181665,-3.84722333754996,"10852415"
-243.24025,401.460222222222,-4.33858672427904,0.00259607134260946,0.0320006870054822,-3.84729471084572,"10770313"
-81.341625,157.058766666667,-4.33785481758768,0.00259859590712571,0.0320013999265822,-3.8473936703874,"10921095"
65.68617,136.898933333333,4.33761842176007,0.00259941187535815,0.0320013999265822,-3.8474256389917,"10788655"
-121.2024,104.512866666667,-4.33761739554653,0.00259941541814813,0.0320013999265822,-3.84742577777643,"10740945"
-1120.1625,1663.88,-4.33594525675165,0.00260519509021738,0.0320386210261369,-3.84765199091382,"10862586"
30.634055,32.2231555555556,4.3354576812987,0.00260688299474625,0.0320386210261369,-3.8477179796822,"10820627"
-48.2874,131.314333333333,-4.33544712790249,0.00260691954194018,0.0320386210261369,-3.84771940812407,"10706221"
50.60785,222.150777777778,4.33541599417811,0.00260702736357349,0.0320386210261369,-3.84772362222497,"10720734"
423.9925,1385.36111111111,4.33515764582172,0.00260792225645764,0.0320386210261369,-3.84775859290235,"10888366"
-40.74631,54.7847888888889,-4.33401380234125,0.00261188841871178,0.0320673706450863,-3.84791346870156,"10831152"
-1190.3872,1058.85022222222,-4.33384974734297,0.00261245779883978,0.0320673706450863,-3.84793568732044,"10769349"
331.13455,374.388111111111,4.3332598969768,0.00261450608430372,0.0320790343329899,-3.84801558482603,"10898444"
-702.925499999999,2798.93666666667,-4.33284701968114,0.00261594085742397,0.0320831638156104,-3.84807152157091,"10708775"
-250.209975,272.414166666667,-4.33210120959362,0.00261853475547266,0.0321014999355343,-3.84817258696095,"10750406"
115.43945,496.394222222222,4.33150672694888,0.00262060433943723,0.0321074002802431,-3.84825316686728,"10896785"
250.2939,463.966333333333,4.33110186841815,0.00262201479613645,0.0321074002802431,-3.84830805461444,"10769797"
-59.4963499999999,170.179777777778,-4.33101625203358,0.0026223131741172,0.0321074002802431,-3.84831966296417,"10911928"
-95.70185,255.419444444444,-4.33012503395836,0.00262542130633666,0.0321271946856297,-3.84844052230376,"10893091"
47.60965,176.995444444444,4.3295035975536,0.00262759093496895,0.0321271946856297,-3.84852482100312,"10876520"
-28.584495,84.0146,-4.32934596836138,0.00262814157665859,0.0321271946856297,-3.84854620686369,"10921436"
236.73985,738.631111111111,4.32929240329721,0.00262832872248425,0.0321271946856297,-3.84855347443957,"10780803"
346.65395,955.112222222222,4.32738472878009,0.00263500318941686,0.0321750681561591,-3.84881240191053,"10924876"
-224.86545,676.786,-4.32711499538363,0.00263594839925965,0.0321750681561591,-3.84884902818466,"10712276"
34.892485,44.1309111111111,4.32705847555937,0.00263614650470396,0.0321750681561591,-3.84885670332667,"10811375"
-116.51455,537.547555555556,-4.32662922703166,0.00263765157383045,0.0321750681561591,-3.8489149988923,"10846631"
-59.25365,184.431444444444,-4.32660058200321,0.00263775204470463,0.0321750681561591,-3.84891888947539,"10874671"
118.7858,222.813888888889,4.32530370173754,0.00264230512922114,0.0322114319413445,-3.84909507792867,"10826137"
-258.6751,795.634888888889,-4.32482524788248,0.0026439870343079,0.0322114319413445,-3.84916010104522,"10714417"
-133.83285,395.685333333333,-4.32480990144221,0.00264404100073061,0.0322114319413445,-3.84916218686674,"10731783"
602.9335,1848.68444444444,4.32410096123453,0.00264653532157213,0.0322283796933756,-3.84925855653468,"10844946"
14.05271,28.3831888888889,4.32364975323403,0.00264812417063699,0.0322289531420608,-3.84931990527849,"10724351"
22.7495,29.4013388888889,4.32346109126807,0.00264878881680318,0.0322289531420608,-3.84934556000329,"10902865"
20.74535,65.3687555555556,4.32270765320866,0.00265144494265475,0.0322478403641614,-3.84944803319087,"10705880"
64.10075,157.350222222222,4.32148268068473,0.00265576955181493,0.0322759755604887,-3.84961470278559,"10878432"
764.5717,1467.91044444444,4.32130743285318,0.002656388866695,0.0322759755604887,-3.84963855348468,"10744460"
60.245875,104.932644444444,4.32111398578877,0.00265707267826984,0.0322759755604887,-3.84966488293476,"10815789"
-73.2966,225.255333333333,-4.32003428081787,0.00266089280791695,0.0323089453410165,-3.84981187450616,"10706272"
464.94795,515.560333333333,4.31924027200522,0.00266370590711668,0.0323206200782959,-3.84992001071302,"10735455"
107.39045,352.078888888889,4.31905662704349,0.00266435700290624,0.0323206200782959,-3.84994502611664,"10878642"
-208.83455,274.630444444444,-4.31852170839176,0.00266625448925115,0.0323206200782959,-3.85001790085589,"10809100"
-69.1877499999999,287.936888888889,-4.31851461142923,0.00266627967374181,0.0323206200782959,-3.85001886781392,"10721486"
-148.73275,500.450555555556,-4.31730434855863,0.00267057822100779,0.032359299937172,-3.85018380469983,"10917770"
-232.09515,543.048,-4.31693339576904,0.00267189725460036,0.0323618600314655,-3.85023437440876,"10897272"
-82.50345,225.031,-4.31652733575856,0.00267334193183199,0.0323659391614338,-3.85028973844594,"10917998"
60.7343,174.116222222222,4.31532408031689,0.00267762783763642,0.0324043991916779,-3.85045384709797,"10802434"
-2837.94725,3354.59411111111,-4.31450034171856,0.00268056622601271,0.0324201120417778,-3.85056623886328,"10791478"
15.40905,52.8364666666667,4.31433800726048,0.00268114570729565,0.0324201120417778,-3.85058839220196,"10735818"
-37.813225,60.7774222222222,-4.31391574366471,0.00268265368704685,0.0324227396388208,-3.85064602391858,"10739334"
43.21339,82.5135111111111,4.31348690800986,0.00268418607746917,0.0324227396388208,-3.85070456230972,"10821405"
-114.36555,150.114066666667,-4.31307009142763,0.00268567642827626,0.0324227396388208,-3.85076146940306,"10840318"
-218.60245,354.809555555556,-4.31303488482406,0.00268580235250039,0.0324227396388208,-3.85076627650989,"10795108"
150.93555,428.094666666667,4.31246460489123,0.00268784297650223,0.0324339713818819,-3.85084415166824,"10736790"
-30.492085,73.7022222222222,-4.31178790783657,0.00269026657101039,0.0324498132144911,-3.85093658116746,"10765051"
14.11687,33.0075444444444,4.31051873644637,0.00269481850357612,0.0324699913044949,-3.85111000195608,"10804411"
-155.33355,490.384666666667,-4.31050424002221,0.00269487054374476,0.0324699913044949,-3.85111198325649,"10835139"
371.95905,467.601333333333,4.31039191720515,0.00269527380411447,0.0324699913044949,-3.85112733536929,"10830972"
-217.3256,438.905444444444,-4.30997712880702,0.00269676354033998,0.0324745466065508,-3.85118403383997,"10808708"
37.6042,206.521777777778,4.30955064121008,0.00269829622523536,0.0324796151314486,-3.85124234105484,"10886714"
311.7095,791.378555555556,4.30893581159242,0.00270050742342252,0.0324831962877227,-3.85132641447917,"10796923"
74.227315,72.9471777777778,4.30884962484807,0.0027008175457958,0.0324831962877227,-3.85133820149091,"10703131"
-34.0146,152.273,-4.30714068230495,0.00270697474147657,0.0325438518919738,-3.85157200042232,"10782437"
18.1394,26.7366555555556,4.30607150397452,0.00271083464613373,0.0325737319183506,-3.85171835292177,"10707378"
103.2432,321.617666666667,4.30563999275681,0.00271239415924297,0.0325737319183506,-3.85177743679969,"10843793"
-792.133,983.222888888889,-4.30538841175008,0.00271330383994827,0.0325737319183506,-3.8518118886474,"10708535"
36.916145,41.4940555555556,4.30516318219829,0.0027141185180124,0.0325737319183506,-3.85184273475454,"10798475"
-1313.86785,1179.43633333333,-4.30490985025831,0.00271503516194919,0.0325737319183506,-3.85187743283174,"10827582"
-149.19315,561.588333333333,-4.30402805828494,0.00271822841153454,0.0325986555068021,-3.85199823579722,"10712211"
-184.1457,292.131666666667,-4.30355441539347,0.00271994530288228,0.0326029262399672,-3.85206314063945,"10706009"
-234.80385,871.215333333333,-4.30331419115179,0.00272081653224618,0.0326029262399672,-3.85209606393292,"10916923"
-102.0889,349.870555555556,-4.30219638593228,0.00272487449257497,0.0326381645863408,-3.85224930226577,"10788204"
-58.50365,131.486777777778,-4.30179150957737,0.00272634592950628,0.032642405731392,-3.85230482264953,"10877507"
-129.929,504.901777777778,-4.30109606696783,0.00272887537720393,0.0326475498025242,-3.85240020859473,"10940612"
300.6012,797.061333333333,4.30105889974936,0.00272901063249689,0.0326475498025242,-3.85240530712616,"10738038"
-153.1248,492.605333333333,-4.29874141530182,0.00273745855584749,0.0327352084529384,-3.85272336122389,"10937064"
-63.2210499999999,316.819555555556,-4.29824157174828,0.00273928434657661,0.032742038854724,-3.85279199793754,"10940102"
265.63763,182.298788888889,4.29797153258189,0.00274027127403985,0.032742038854724,-3.8528290843005,"10764661"
87.451619,47.8677922222222,4.29764849623025,0.00274145239936084,0.032742759768981,-3.85287345425996,"10850087"
26.407725,43.6066666666667,4.2953297380856,0.00274994673276372,0.0328307902946299,-3.85319210614009,"10840750"
111.0268,216.541444444444,4.29442527666982,0.00275326778242972,0.0328428105793319,-3.85331647842348,"10871487"
239.3334,554.652,4.29415199825118,0.00275427207516778,0.0328428105793319,-3.85335406549415,"10742033"
-37.19828,50.9776111111111,-4.29394853505314,0.00275502005606372,0.0328428105793319,-3.85338205268579,"10871588"
-22.764675,44.0550666666667,-4.29346179114839,0.00275681033968352,0.0328428105793319,-3.8534490152903,"10729576"
-18.77836,33.2243222222222,-4.29332282635109,0.0027573216947153,0.0328428105793319,-3.8534681353621,"10724776"
139.08611,165.817188888889,4.29294984241296,0.00275869468855978,0.0328428105793319,-3.85351945908342,"10768639"
138.47055,476.643666666667,4.29264437024522,0.00275981971596946,0.0328428105793319,-3.8535614985329,"10710051"
160.8984,997.957,4.29260974079003,0.00275994728459847,0.0328428105793319,-3.85356626459601,"10701333"
-14.5189325,15.5659211111111,-4.29223852445578,0.00276131517950124,0.0328457091424875,-3.85361735925713,"10700322"
-304.12715,470.688777777778,-4.29120482320926,0.00276512813587243,0.0328613030249883,-3.85375967805813,"10886387"
88.26295,261.220777777778,4.2910450006802,0.00276571817322923,0.0328613030249883,-3.85378168735387,"10913015"
46.39224,59.9670333333333,4.29088445227289,0.00276631102771322,0.0328613030249883,-3.85380379798996,"10910770"
-696.83015,895.786111111111,-4.29045210813775,0.00276790822241023,0.0328613030249883,-3.8538633470536,"10783213"
615.6215,2056.16555555556,4.29035952342543,0.00276825038490095,0.0328613030249883,-3.85387610054309,"10702187"
22.413492,27.64626,4.28891140805506,0.00277360810713846,0.0329115301551352,-3.85407563742516,"10865381"
-28.139,35.2980777777778,-4.28790089034356,0.00277735346294003,0.0329425919879537,-3.85421494406579,"10788668"
141.85045,412.376444444444,4.28611207457142,0.00278399691992077,0.0329983870545809,-3.8544616787399,"10760677"
78.20814,150.577033333333,4.28581032795981,0.00278511926785244,0.0329983870545809,-3.8545033161504,"10850160"
253.58155,532.672111111111,4.2857224818917,0.00278544610380627,0.0329983870545809,-3.85451543877275,"10792049"
244.866,289.786333333333,4.28471983647043,0.00278917944349984,0.0330115205086616,-3.85465383167614,"10932648"
65.04791,114.304522222222,4.28406344072678,0.00279162646121513,0.0330115205086616,-3.85474446177669,"10839751"
603.337000000001,2145.08777777778,4.28398901577758,0.0027919040612481,0.0330115205086616,-3.85475473926608,"10826824"
-106.194125,117.717411111111,-4.28396220075557,0.00279200408679504,0.0330115205086616,-3.85475844227883,"10825272"
186.98415,330.307666666667,4.28369242993274,0.00279301060340772,0.0330115205086616,-3.85479569835392,"10874918"
-136.62295,243.082888888889,-4.28360559787417,0.00279333465795206,0.0330115205086616,-3.85480769092686,"10742684"
-350.9105,1024.61577777778,-4.28317296097207,0.0027949498524104,0.0330172523203872,-3.85486744943532,"10701014"
326.6386,1050.77911111111,4.28131505706122,0.00280189760630112,0.0330859485329348,-3.85512418917222,"10819434"
-340.88075,409.901444444444,-4.28050099903344,0.00280494772102452,0.033108582917984,-3.85523674062007,"10845829"
396.9922,363.240777777778,4.28017627782011,0.00280616539038508,0.0331095782369587,-3.85528164644234,"10823548"
148.62035,352.091888888889,4.27872841296269,0.0028116016977333,0.0331603278149296,-3.85548194133476,"10867461"
-727.9025,1455.68577777778,-4.27791354925607,0.00281466628648724,0.0331830754210808,-3.85559471770236,"10805540"
-213.1626,585.043666666667,-4.27714662129361,0.00281755390019308,0.033203719096507,-3.85570089249387,"10791579"
-952.491775,836.023922222222,-4.27609233945501,0.00282152868737485,0.0332371528520036,-3.85584690078755,"10775927"
45.57877,131.256211111111,4.27420263578717,0.00282866833357798,0.033307826157657,-3.85610875729806,"10757674"
1532.0599,1834.08311111111,4.27373550329512,0.00283043625973147,0.0333152155083783,-3.85617351761471,"10724315"
-705.5984,728.213111111111,-4.27322706533591,0.00283236187198465,0.0333244541796857,-3.85624401764756,"10813628"
-204.14265,332.813333333333,-4.27165615389572,0.00283832036852469,0.0333600602246963,-3.85646192848328,"10766923"
-47.9465,250.364444444444,-4.27162993557991,0.00283841993017213,0.0333600602246963,-3.85646556651859,"10866724"
59.28966,77.9967,4.27152619431238,0.00283881391519802,0.0333600602246963,-3.856479961949,"10718954"
-378.0888,706.765333333333,-4.27091090644901,0.00284115185175351,0.0333741094479803,-3.85656535297496,"10873322"
29.50869,33.8664333333333,4.27040178549812,0.00284308795747599,0.03338342909554,-3.85663602538376,"10936278"
72.6741,108.1575,4.26954019483876,0.00284636770447057,0.0334085118997201,-3.85675565694447,"10885029"
-409.3354,699.683555555556,-4.26726578964854,0.00285504519406886,0.0334837417589401,-3.8570716501201,"10803323"
597.14445,593.772333333333,4.26714525917208,0.00285550584990676,0.0334837417589401,-3.85708840375902,"10940457"
37.81019,110.685088888889,4.26666868365684,0.00285732806380263,0.0334837417589401,-3.85715465506941,"10841037"
-49.2769,173.191555555556,-4.26665985832225,0.00285736181984794,0.0334837417589401,-3.85715588204225,"10906649"
25.9489,44.3491444444444,4.26468686850351,0.00286491916271836,0.0335588405852663,-3.85743028963902,"10850056"
51.117005,85.5954888888889,4.26387745303309,0.00286802580653998,0.0335817658966969,-3.85754292582687,"10816400"
-218.6655,182.507533333333,-4.26249454135688,0.00287334204694404,0.0336305346792561,-3.85773545040396,"10911773"
158.9495,516.908222222222,4.26193831638997,0.00287548331525457,0.0336421183707838,-3.85781291550583,"10827279"
-72.4198499999999,238.384,-4.26067357672343,0.0028803585457761,0.0336856663556057,-3.85798911743455,"10734185"
-443.970499999999,2496.07777777778,-4.2600766689313,0.00288266257204676,0.0336991214004698,-3.85807230800389,"10720992"
156.86065,317.267444444444,4.25968802602813,0.00288416378143413,0.0337031842843267,-3.8581264832484,"10922768"
-127.652075,198.093144444444,-4.2591806981168,0.00288612470855404,0.0337126138487396,-3.85819721503283,"10856922"
32.308393,21.5662677777778,4.25817030073958,0.00289003440403567,0.0337447901996395,-3.85833812649916,"10733836"
-149.82975,630.522,-4.25769178002377,0.00289188802267787,0.0337529431460292,-3.85840488102158,"10774497"
-1087.25075,1326.15344444444,-4.25693259502091,0.00289483147588451,0.0337738046072245,-3.85851081424005,"10819828"
41.69531,114.561688888889,4.25561523128181,0.00289994675571346,0.0338199778528595,-3.85869470746897,"10911538"
26.81824,43.1410777777778,4.25504987107326,0.00290214503060527,0.0338276117104347,-3.85877365605737,"10887118"
35.366265,54.0038,4.25464591948826,0.00290371680952599,0.0338276117104347,-3.85883007570357,"10729120"
107.4607,193.343111111111,4.25455386921535,0.00290407510679024,0.0338276117104347,-3.85884293354413,"10918653"
164.5223,443.570222222222,4.25364067792429,0.00290763221385313,0.0338555470288981,-3.8589705156204,"10788627"
54.552,146.863333333333,4.251702627547,0.00291519703741844,0.0339301060761523,-3.85924143115617,"10771131"
-15.062875,43.5716888888889,-4.25092752931104,0.0029182284524907,0.0339518622106982,-3.85934983753829,"10915131"
-63.732125,100.159411111111,-4.250148582703,0.00292127835635717,0.033973816044036,-3.85945881510527,"10742476"
12.624005,17.7386388888889,4.24891916078852,0.00292609908288357,0.0340108807408915,-3.85963088308976,"10734967"
490.49935,356.156111111111,4.2487421680248,0.00292679380374482,0.0340108807408915,-3.85965566150148,"10818452"
-200.2587,988.007333333333,-4.24709727395177,0.00293325878441027,0.0340649975525269,-3.85988602296931,"10740966"
-206.623,1172.63155555556,-4.24694786046307,0.00293384679439643,0.0340649975525269,-3.85990695509376,"10739455"
-529.428,1115.60066666667,-4.24666788786763,0.00293494895733929,0.0340649975525269,-3.8599461812095,"10931159"
119.40008,153.127622222222,4.24520500500999,0.00294071515412758,0.0341183687500727,-3.86015121082411,"10829660"
16.066145,21.1419888888889,4.24263973762704,0.00295085620645593,0.0342224347818196,-3.86051102646066,"10804350"
-12.646875,20.1694666666667,-4.2419224387781,0.00295369860923531,0.0342418060199208,-3.8606117022041,"10915283"
82.95246,121.8768,4.24059048422804,0.00295898453880716,0.0342894781105562,-3.86079872185901,"10785174"
-557.5713,712.624333333333,-4.23797166710023,0.00296940732374829,0.0343717241961418,-3.86116671252452,"10880824"
362.7238,600.842777777778,4.2378859656233,0.00296974908279004,0.0343717241961418,-3.86117876145215,"10789594"
112.78605,250.085333333333,4.23762574751137,0.00297078703746578,0.0343717241961418,-3.86121534845495,"10809086"
153.50095,200.242444444444,4.23762548082237,0.00297078810143281,0.0343717241961418,-3.86121538595367,"10820835"
70.78671,103.8542,4.23722170361696,0.00297239946067512,0.034376752907428,-3.8612721648895,"10705815"
-169.0425,1026.234,-4.23644981609427,0.00297548247564539,0.0343825507282732,-3.86138073212762,"10839565"
-39.4375499999999,298.807,-4.23644334829357,0.00297550832346199,0.0343825507282732,-3.86138164197207,"10833571"
63.9252,123.795,4.23615879181575,0.00297664576101605,0.0343825507282732,-3.86142167363045,"10923177"
-77.2239499999999,367.390444444444,-4.23567392301435,0.00297858497695878,0.0343825507282732,-3.86148989561428,"10835666"
-867.327,832.235333333333,-4.23562383672602,0.00297878537322035,0.0343825507282732,-3.86149694358584,"10873760"
-240.1575,1248.82333333333,-4.23371868534785,0.0029864187650033,0.0344570449450262,-3.86176513196745,"10824250"
-359.346425,385.847877777778,-4.2323993290136,0.00299171744872321,0.0344892876167293,-3.8619509744307,"10795444"
66.96705,289.920333333333,4.23223258685244,0.00299238782776059,0.0344892876167293,-3.86197446825949,"10919389"
523.134,1753.34,4.23214128182765,0.00299275498419966,0.0344892876167293,-3.86198733370558,"10934530"
511.23825,668.808,4.23057403114822,0.00299906482941948,0.0345392460474454,-3.86220824033023,"10725159"
74.96215,195.526111111111,4.23047733169441,0.00299945461841477,0.0345392460474454,-3.86222187469276,"10938887"
262.96985,444.883888888889,4.22910849270138,0.00300497820024074,0.0345892171559626,-3.86241493232596,"10925324"
-22.219905,47.5847666666667,-4.22810054517308,0.00300905253710723,0.034617151391785,-3.8625571564559,"10771188"
639.0175,2035.52777777778,4.2279219892764,0.00300977492076176,0.034617151391785,-3.86258235699152,"10821666"
424.28545,445.426111111111,4.22654611059445,0.00301534761112897,0.0346415598369059,-3.86277660072261,"10940529"
69.08525,120.116555555556,4.22640009080183,0.00301593968672668,0.0346415598369059,-3.86279722159965,"10740711"
69.08525,120.116555555556,4.22640009080183,0.00301593968672668,0.0346415598369059,-3.86279722159965,"10749816"
35.488965,74.9473333333333,4.22622735577067,0.00301664024868517,0.0346415598369059,-3.86282161670793,"10914537"
262.12635,751.043,4.22566396618135,0.00301892641331326,0.0346541910563983,-3.86290119476258,"10738480"
13.115565,11.4745,4.22504122505327,0.00302145560038738,0.034658775649149,-3.86298917643818,"10750874"
-123.96985,223.808888888889,-4.22450631865309,0.00302362988771345,0.034658775649149,-3.86306476572465,"10712330"
140.92025,219.298222222222,4.22441678128822,0.00302399400452266,0.034658775649149,-3.86307742006462,"10821838"
29.236785,46.8607666666667,4.2243610099659,0.00302422083075105,0.034658775649149,-3.86308530246341,"10870488"
-2152.949,1963.67977777778,-4.22410612998117,0.00302525768143117,0.034658775649149,-3.86312132791476,"10890547"
547.96145,1119.32322222222,4.22359188453962,0.00302735080061724,0.0346691596586563,-3.86319402367897,"10760620"
-1532.9855,2755.87111111111,-4.22246332170966,0.00303194985332944,0.0347082221846262,-3.86335361274888,"10838155"
-37.24794,84.1992,-4.22054449525755,0.0030397867019944,0.0347713304862057,-3.86362511314315,"10890645"
-161.3684,528.001111111111,-4.22031992694545,0.00304070531272832,0.0347713304862057,-3.86365690121923,"10807140"
721.6255,1565.94444444444,4.22008102381426,0.00304168289062469,0.0347713304862057,-3.86369072146433,"10914366"
-284.94725,470.788777777778,-4.21979116949069,0.00304286941439858,0.0347713304862057,-3.86373175881777,"10911576"
-191.80455,378.057333333333,-4.21965821230132,0.00304341384450017,0.0347713304862057,-3.86375058434264,"10907637"
-31.643175,117.061566666667,-4.21925657302657,0.00304505910801,0.0347765272796732,-3.86380745871115,"10721234"
544.43795,856.257222222222,4.21840793768843,0.00304853859843224,0.0348026598728407,-3.86392765944233,"10786132"
-1450.5955,1422.90888888889,-4.21811003754596,0.00304976103874837,0.0348030152289043,-3.86396986343383,"10863695"
114.9407,296.155555555556,4.21776470303133,0.00305117879082081,0.0348055982799841,-3.86401879364845,"10889027"
21.00699,43.1022,4.2173011984237,0.00305308280455124,0.0348137240640749,-3.86408447763334,"10877933"
34.174905,48.6202666666667,4.21633436712863,0.00305705855364016,0.0348236506987085,-3.8642215269647,"10924084"
342.1317,550.219333333333,4.21600126083245,0.00305842963142543,0.0348236506987085,-3.86426875706099,"10741302"
33.13191,27.5988333333333,4.21594639171949,0.00305865553851654,0.0348236506987085,-3.8642765373672,"10716609"
-219.208075,219.759188888889,-4.21593038994502,0.00305872142441589,0.0348236506987085,-3.864278806411,"10750489"
-51.5421499999999,310.425777777778,-4.21457593771917,0.00306430383080219,0.0348655588618272,-3.86447091826059,"10716250"
53.14746,113.375633333333,4.21445827057366,0.00306478931872295,0.0348655588618272,-3.86448761262851,"10791144"
-262.11845,545.844111111111,-4.21381272835052,0.00306745426981053,0.03487322139946,-3.86457921439765,"10814119"
21.449665,36.8673444444444,4.21348305492731,0.00306881620654511,0.03487322139946,-3.86462600358366,"10862749"
70.3823000000001,256.009222222222,4.21342792354461,0.00306904402745299,0.03487322139946,-3.8646338287383,"10897288"
-709.2017,990.430444444444,-4.21264687984284,0.00307227352170411,0.0348963447368056,-3.86474470535971,"10755094"
-326.597,1092.83177777778,-4.21151897267614,0.0030769437311675,0.0349086876427543,-3.86490488200369,"10885808"
873.65255,1069.48422222222,4.21124965214014,0.00307806001438838,0.0349086876427543,-3.86494313921188,"10729816"
-762.077,1529.49311111111,-4.2112329549493,0.0030781292355386,0.0349086876427543,-3.86494551119374,"10832563"
-297.82935,585.818,-4.21123037983807,0.00307813991126635,0.0349086876427543,-3.86494587701216,"10854199"
22.71333,38.9003333333333,4.21014635869932,0.00308263753410615,0.0349447892172062,-3.86509990480025,"10920369"
238.31885,664.128888888889,4.20967163867265,0.00308460939341217,0.0349447892172062,-3.86516737787245,"10794159"
930.2918,1553.67122222222,4.20959888002961,0.003084911733798,0.0349447892172062,-3.86517772032997,"10869047"
-30.105175,110.432922222222,-4.20862505799777,0.0030889614289621,0.0349771004595732,-3.86531617484266,"10839314"
307.4442,1041.78266666667,4.20794254928936,0.00309180310779862,0.0349957132860244,-3.86541324272535,"10808107"
-137.58945,127.592433333333,-4.20758430692188,0.00309329580958178,0.0349989417287345,-3.8654642030484,"10893661"
92.18394,144.5752,4.20729919010929,0.00309448437342785,0.0349989417287345,-3.86550476626342,"10799983"
96.6374499999999,487.178777777778,4.20551734955416,0.00310192351398099,0.0350695021429723,-3.86575836839088,"10863722"
-255.3803,291.007844444444,-4.20515473802158,0.00310343977549734,0.0350709565362532,-3.86580999893462,"10740271"
87.2937,248.782,4.20474816313162,0.00310514082327272,0.0350709565362532,-3.86586789786964,"10845296"
1361.966,3240.65222222222,4.20462564700427,0.00310565360988865,0.0350709565362532,-3.86588534676543,"10793458"
120.2985,473.443,4.20386633386369,0.00310883372972843,0.0350933031608526,-3.86599350760504,"10818801"
-495.7806,595.356666666667,-4.20335731985789,0.00311096753004521,0.0350953743610133,-3.86606603230436,"10811160"
28.182535,46.2842111111111,4.20317538108745,0.00311173060643797,0.0350953743610133,-3.86609195855937,"10757640"
-161.3805,1155.42333333333,-4.20296310592488,0.00311262117373127,0.0350953743610133,-3.86612221006496,"10860203"
366.97695,1061.44766666667,4.20011062919431,0.00312461506985725,0.0352170156831827,-3.86652896109134,"10892950"
-113.27285,716.027111111111,-4.19940173785999,0.00312760351444899,0.0352303091021003,-3.86663011596702,"10746901"
86.5346500000001,244.912444444444,4.19925881535342,0.00312820640141193,0.0352303091021003,-3.86665051359555,"10930259"
-31.995325,123.566655555556,-4.19888403802245,0.00312978791356878,0.0352345372281304,-3.86670400648629,"10712928"
49.3206,158.714666666667,4.19851805997489,0.00313133312833091,0.0352383536252154,-3.86675625095492,"10759147"
39.53625,146.177666666667,4.19814169082201,0.00313292307639695,0.0352426702941319,-3.86680998653763,"10916825"
-693.1415,1104.21711111111,-4.19617893944293,0.00314122875690424,0.0353225007329486,-3.86709034307066,"10829653"
-291.85025,947.531777777778,-4.1954538506722,0.0031443031003374,0.0353434670154893,-3.86719396780426,"10879662"
323.07165,437.217,4.19511197072135,0.00314575378434113,0.0353461734829776,-3.86724283708361,"10913023"
12.251632,11.3755377777778,4.19460672523274,0.00314789899532433,0.0353566786810477,-3.86731507018229,"10811283"
81.0183,351.704333333333,4.19379801058939,0.00315133599252678,0.0353712090732705,-3.86743071868351,"10821216"
-63.8915499999998,278.605555555556,-4.19373259114307,0.00315161419927854,0.0353712090732705,-3.8674400754403,"10722275"
79.7278,334.913777777778,4.19269438159145,0.00315603290978712,0.0354071987045012,-3.86758859944299,"10908655"
52.83541,117.947244444444,4.19153955318174,0.00316095583133042,0.0354488152232195,-3.86775387710889,"10701144"
72.4023,167.201,4.19124100612744,0.00316222985873165,0.0354494946634637,-3.86779661687656,"10721925"
-129.00065,514.752777777778,-4.19052855330922,0.00316527244224443,0.0354663094595356,-3.86789863111664,"10734061"
-1929.39,2331.80733333333,-4.1902051552046,0.00316665458259825,0.0354663094595356,-3.86794494696016,"10940554"
164.61652,166.629877777778,4.19003738534549,0.00316737185527241,0.0354663094595356,-3.86796897661308,"10803991"
-196.38485,429.690444444444,-4.18896201016909,0.00317197362011102,0.0354959216669939,-3.86812303965871,"10739169"
16.410728,19.5051288888889,4.18885160423156,0.00317244648019857,0.0354959216669939,-3.86813886055075,"10717157"
1098.8317,648.598444444444,4.18846220276323,0.00317411486509845,0.035500992216304,-3.86819466621743,"10757082"
-240.7641,471.086333333333,-4.18793255199329,0.00317638566891025,0.0355127940801929,-3.86827058476341,"10874909"
-292.788,679.133,-4.18719362201986,0.00317955666316757,0.0355346474207259,-3.8683765268714,"10771224"
-261.38075,741.315777777778,-4.18661269668272,0.00318205200999357,0.0355489359158517,-3.8684598368499,"10737866"
-143.90025,397.045333333333,-4.18500327262097,0.00318897630627333,0.0356126734753322,-3.86869074115514,"10875387"
-1694.70475,1752.07588888889,-4.18355791833973,0.00319520860260874,0.0356658334430997,-3.86889822945844,"10726280"
-232.00935,348.588333333333,-4.18333331350106,0.00319617826911875,0.0356658334430997,-3.86893048314184,"10816026"
-54.1136,212.295111111111,-4.18281414598518,0.00319842084264988,0.0356696140356309,-3.86900504736199,"10810836"
-305.7915,1049.79866666667,-4.18268961395365,0.00319895901873598,0.0356696140356309,-3.86902293522065,"10889074"
357.6617,559.763555555556,4.18204460066553,0.00320174806728497,0.0356774641493508,-3.86911559918496,"10772950"
19.231057,18.9362044444444,4.1819619750924,0.00320210553158068,0.0356774641493508,-3.86912747102655,"10892872"
136.46485,267.399444444444,4.18106821138687,0.00320597499398413,0.0357069590065774,-3.86925591351389,"10775782"
-242.274975,196.162833333333,-4.17999824601142,0.00321061395334779,0.035744998488225,-3.86940973655862,"10740171"
460.487,1553.94888888889,4.17890905936729,0.00321534370263847,0.0357840194014782,-3.86956638863524,"10774470"
76.9356000000001,390.046,4.17770869877113,0.0032205649463099,0.035828478424028,-3.86973910709083,"10833287"
-646.8067,1118.39755555556,-4.17726076485015,0.00322251568516939,0.0358314243299449,-3.86980358040939,"10884274"
371.6276,846.962222222222,4.1770683690047,0.00322335395541961,0.0358314243299449,-3.86983127632861,"10803664"
-957.229499999999,2972.66666666667,-4.1766259566252,0.00322528244404569,0.0358314243299449,-3.86989497068015,"10785244"
41.586265,71.8593444444444,4.1765219917002,0.00322573581117803,0.0358314243299449,-3.8699099401558,"10824530"
226.2735,751.976,4.17550081992419,0.00323019256956123,0.0358672921806012,-3.87005700655833,"10737411"
1047.3894,1251.93,4.17392030798876,0.00323710361629881,0.0359303742578091,-3.87028474268504,"10903346"
31.34921,54.9695222222222,4.17341342451099,0.00323932343060599,0.035941357653522,-3.87035780919589,"10772621"
-18.79051,37.8178222222222,-4.17216042737775,0.00324481779283998,0.0359886511009975,-3.87053848865059,"10840300"
328.95155,771.918888888889,4.17183165254113,0.003246261130249,0.0359909953165443,-3.87058591183251,"10872096"
428.12548,314.566511111111,4.17131672976556,0.00324852306076005,0.0359969907290982,-3.87066019756154,"10818440"
78.83895,161.687333333333,4.17114762665349,0.00324926626112932,0.0359969907290982,-3.870684596593,"10751586"
91.80127,176.038544444444,4.17073987276442,0.00325105907656958,0.0360031993415101,-3.87074343592828,"10799883"
-104.20295,162.575777777778,-4.17022904318275,0.00325330660487976,0.0360144369666378,-3.87081716235204,"10797657"
158.5492,348.890111111111,4.16897883817771,0.00325881429620445,0.0360617427459534,-3.87099766222788,"10750211"
-444.20065,843.934888888889,-4.16762632650131,0.00326478404291062,0.0361119461944116,-3.87119303148659,"10850958"
86.173375,59.1224777777778,4.1673911448823,0.00326582329861147,0.0361119461944116,-3.8712270137647,"10750685"
281.2655,765.198888888889,4.16513277129774,0.00327582115806004,0.0361969389762821,-3.8715534927438,"10700258"
-165.7601,576.260444444444,-4.1648715969682,0.00327697951355818,0.0361969389762821,-3.87159126756442,"10740688"
-50.492445,84.3500333333333,-4.16464544916749,0.00327798287764756,0.0361969389762821,-3.87162397943583,"10825274"
-28.60105,26.6585222222222,-4.16428676470347,0.00327957495639448,0.0361969389762821,-3.87167586838922,"10893453"
855.655,2178.78111111111,4.164257509001,0.00327970484939477,0.0361969389762821,-3.87168010097329,"10911795"
61.70858,114.532955555556,4.16366909081607,0.00328231856030463,0.0362121051437838,-3.87176524089389,"10719306"
-567.7845,1824.68333333333,-4.16259279619294,0.00328710520915697,0.0362512236996269,-3.8719210234122,"10937822"
176.58425,504.987888888889,4.16186026951547,0.00329036731875968,0.0362577726393898,-3.87202708632155,"10804187"
56.62472,71.6571222222222,4.16170438579384,0.00329106195613378,0.0362577726393898,-3.87204966069863,"10799454"
-1976.45675,1838.75677777778,-4.16162351984563,0.00329142236734654,0.0362577726393898,-3.87206137187867,"10769385"
-60.263475,142.646033333333,-4.16083282096588,0.00329494867921789,0.0362829365679124,-3.87217590196767,"10705822"
-87.13365,195.528333333333,-4.16007338295487,0.00329833941963217,0.0363021958742163,-3.87228593713932,"10755560"
20.31038,33.6104555555556,4.1598845900675,0.00329918292757049,0.0363021958742163,-3.87231329642682,"10901962"
49.06134,130.2072,4.15899582295191,0.00330315698397726,0.0363191804963039,-3.87244212078865,"10922085"
408.32715,789.859333333333,4.1589833189851,0.00330321293142601,0.0363191804963039,-3.87244393352161,"10762021"
487.5619,865.642777777778,4.15740650787766,0.00331027639026986,0.0363653674210661,-3.87267259853031,"10743357"
407.4962,630.157222222222,4.15715475619541,0.00331140564337245,0.0363653674210661,-3.87270911986182,"10879464"
479.9868,1181.26566666667,4.15704769922808,0.00331188598243845,0.0363653674210661,-3.87272465157681,"10887899"
-45.771525,129.7831,-4.1568245521679,0.00331288743208054,0.0363653674210661,-3.87275702759894,"10860756"
172.52905,345.039777777778,4.15654098925754,0.00331416049086665,0.0363653674210661,-3.87279817330024,"10899428"
-42.545725,103.192188888889,-4.15638025004296,0.0033148823660676,0.0363653674210661,-3.87282149898212,"10758044"
-455.9845,1452.64222222222,-4.15574367432373,0.00331774287856409,0.0363743780506166,-3.87291389001119,"10885998"
15.30268,22.3351111111111,4.15561789339674,0.00331830840242462,0.0363743780506166,-3.87293214824668,"10827058"
-91.6804,301.773555555556,-4.15536649395792,0.00331943903207174,0.0363743780506166,-3.87296864381404,"10778683"
-107.89125,182.205533333333,-4.15493728221483,0.00332137030683489,0.0363818943171633,-3.87303096056431,"10909033"
-147.13455,191.472866666667,-4.15442813341731,0.00332366283962829,0.0363921266425489,-3.87310489674994,"10926967"
-35.260005,74.5587666666667,-4.15401230222928,0.00332553646176574,0.0363921266425489,-3.87316529263723,"10757562"
112.6686,343.909333333333,4.15282979116873,0.00333087077448021,0.0363921266425489,-3.87333709545417,"10929867"
-143.60915,291.713111111111,-4.15274652378038,0.00333124674230473,0.0363921266425489,-3.87334919604919,"10898368"
153.2896,186.058111111111,4.15261449090532,0.00333184298941501,0.0363921266425489,-3.87336838415104,"10744127"
-33.5010675,38.1354966666667,-4.15239840080271,0.00333281907926413,0.0363921266425489,-3.87339979026198,"10830164"
563.95755,727.162,4.15224419782619,0.0033335158107572,0.0363921266425489,-3.87342220343068,"10710771"
563.95755,727.162,4.15224419782619,0.0033335158107572,0.0363921266425489,-3.87342220343068,"10752146"
563.95755,727.162,4.15224419782619,0.0033335158107572,0.0363921266425489,-3.87342220343068,"10760208"
144.10655,249.514555555556,4.15076943109166,0.00334018716795633,0.0364088599234594,-3.87363662633557,"10854620"
-145.6059,149.200266666667,-4.1506946497418,0.00334052583811858,0.0364088599234594,-3.8736475024,"10781745"
112.87367,143.824155555556,4.15059548027261,0.00334097501454431,0.0364088599234594,-3.87366192591549,"10745731"
38.20082,88.0751222222222,4.15034120144193,0.00334212703874099,0.0364088599234594,-3.87369891155559,"10869104"
-111.6579,183.978866666667,-4.15018438062717,0.00334283773800643,0.0364088599234594,-3.87372172344705,"10862564"
-89.8001499999999,189.542222222222,-4.15014425961204,0.00334301958943573,0.0364088599234594,-3.87372755986126,"10932996"
-1054.083,1460.83666666667,-4.14976168960754,0.00334475415286567,0.0364088599234594,-3.87378321698304,"10784517"
32.94107,47.9983555555556,4.14970333256899,0.00334501882777316,0.0364088599234594,-3.87379170761944,"10882383"
-519.72735,822.379666666667,-4.1490816742251,0.0033478397273817,0.0364212001510819,-3.87388216751721,"10710067"
574.87705,642.818111111111,4.14890409995439,0.00334864597815451,0.0364212001510819,-3.8739080110416,"10850131"
-1088.56375,1263.10988888889,-4.1481466732905,0.0033520873228454,0.0364383001531653,-3.87401826421824,"10880805"
-514.871,364.525644444444,-4.14800910539207,0.00335271276825181,0.0364383001531653,-3.87403829247127,"10858390"
-719.3505,820.725666666667,-4.14714707794759,0.0033566348032231,0.0364673592939233,-3.87416381778755,"10831557"
-182.6432,834.860444444444,-4.14642457454077,0.00335992585282869,0.0364764594769898,-3.87426905848053,"10879555"
73.272495,99.8136333333333,4.14641497142531,0.00335996961910658,0.0364764594769898,-3.87427045748036,"10798841"
545.37975,726.672,4.14584685922443,0.00336255989143574,0.0364908018003449,-3.87435323040976,"10929766"
30.26424,63.8407333333333,4.14557746950544,0.00336378891108129,0.0364908018003449,-3.8743924863895,"10831582"
67.3280000000001,249.603555555556,4.14522693398765,0.00336538886368271,0.0364946066308933,-3.87444357323506,"10854558"
-211.13835,499.786333333333,-4.1448042840455,0.00336731906212714,0.0365019885272661,-3.87450517923973,"10702250"
-113.99925,392.675666666667,-4.14414145453666,0.00337034854463121,0.0365212768482404,-3.87460181448661,"10886756"
-78.57453,86.4876666666667,-4.14367893555583,0.00337246424580308,0.0365306527537602,-3.87466926078797,"10933472"
823.7765,1592.85888888889,4.14232161062816,0.00337868134640036,0.0365844317471238,-3.87486726106404,"10889455"
59.94,62.3364,4.14141209573404,0.00338285422181624,0.0366074914606534,-3.87499999526545,"10767266"
67.4411000000001,651.286222222222,4.1411850187842,0.00338389692439718,0.0366074914606534,-3.87503314208544,"10769236"
-167.9925,310.623666666667,-4.14103843023493,0.00338457022096341,0.0366074914606534,-3.87505454142436,"10891502"
-740.1395,1125.34111111111,-4.14025349049878,0.00338817799439412,0.036632950380544,-3.87516914947769,"10804582"
-545.99425,899.377888888889,-4.13986243503498,0.00338997693030041,0.0366388405630027,-3.87522626002064,"10831300"
15.226971,23.5405966666667,4.1393361311281,0.00339239966584692,0.0366514659164393,-3.87530313620816,"10882006"
56.59995,150.319333333333,4.13837586067999,0.00339682490093638,0.0366857089301129,-3.8754434415128,"10783145"
19.33358,48.5576222222222,4.13562869289244,0.00340951920404583,0.036805596394818,-3.87584511962176,"10833969"
-2719.04975,3418.26344444444,-4.13509612742869,0.00341198604393195,0.036805596394818,-3.87592303843616,"10722992"
59.575395,46.6567833333333,4.13507827302541,0.00341206877880648,0.036805596394818,-3.87592565096478,"10729771"
-51.47245,218.467555555556,-4.13488488780214,0.00341296503845971,0.036805596394818,-3.87595394903391,"10796970"
-258.6692,427.865111111111,-4.13305301389094,0.00342146763186716,0.0368682721138207,-3.87622211259138,"10791401"
-192.46935,674.208666666667,-4.13303544134007,0.00342154930508907,0.0368682721138207,-3.87622468591744,"10820713"
-30.875875,39.5471888888889,-4.13281738677544,0.00342256294833579,0.0368682721138207,-3.87625661930889,"10865578"
17.50307,34.4874222222222,4.13196445410501,0.00342653098741185,0.0368877578052607,-3.87638155451968,"10844944"
64.21575,116.887833333333,4.13188579110084,0.00342689719598403,0.0368877578052607,-3.87639307894093,"10781321"
157.68635,557.575222222222,4.13111729254571,0.00343047709670953,0.0369052527642396,-3.87650568532984,"10849863"
313.79475,562.562333333333,4.13099459460334,0.00343104903497209,0.0369052527642396,-3.87652366709587,"10762590"
-155.69765,383.093444444444,-4.13066941488158,0.00343256531021954,0.0369073898860075,-3.87657132733902,"10898520"
-2360.49375,2090.94566666667,-4.13041022232406,0.00343377441330075,0.0369073898860075,-3.87660932042417,"10826725"
-111.77435,421.904111111111,-4.12969361472323,0.00343711969875811,0.0369297590583006,-3.87671438242298,"10855367"
22.454975,30.7440888888889,4.12911134596459,0.00343984045216025,0.0369406900173637,-3.87679977048737,"10777512"
-876.6015,1988.15333333333,-4.12893476130666,0.0034406660346836,0.0369406900173637,-3.87682566993971,"10898003"
-27.6486999999999,109.413288888889,-4.12848373059582,0.00344277570051057,0.0369497609532387,-3.87689183010824,"10927612"
-388.79585,659.658444444444,-4.12797007837636,0.00344517997576207,0.0369619859757301,-3.87696719011526,"10768588"
114.36913,168.627844444444,4.12667104927241,0.0034512684955925,0.0370075988342734,-3.87715784298952,"10755013"
-22.890185,30.1984444444444,-4.12634482324559,0.0034527993343635,0.0370075988342734,-3.87720573686667,"10874634"
923.79245,1100.12122222222,4.12585754013604,0.00345508731075351,0.0370075988342734,-3.87727728713701,"10893361"
487.83575,488.272888888889,4.12544086164796,0.00345704507066866,0.0370075988342734,-3.87733848089873,"10719900"
-89.1895500000001,247.519,-4.12519133978185,0.00345821802024705,0.0370075988342734,-3.87737513063058,"10816807"
66.337905,79.4412333333333,4.12493967364368,0.00345940148493076,0.0370075988342734,-3.87741209890644,"10847963"
285.17355,416.28,4.12453877873883,0.00346128760400321,0.0370075988342734,-3.87747099546499,"10736917"
26.1695,109.877888888889,4.12419778413457,0.00346289277982877,0.0370075988342734,-3.87752109911716,"10913800"
453.5181,1168.463,4.12411583649275,0.00346327865462128,0.0370075988342734,-3.87753314098799,"10723697"
-187.67555,276.345444444444,-4.12401624982516,0.00346374765050303,0.0370075988342734,-3.87754777535679,"10781273"
72.77568,107.134066666667,4.12397744513551,0.00346393041682339,0.0370075988342734,-3.87755347790109,"10819300"
350.83065,555.467333333333,4.1235891393079,0.0034657598731716,0.0370075988342734,-3.87761054612277,"10796858"
-131.535175,181.654122222222,-4.12355949476266,0.00346589958275388,0.0370075988342734,-3.87761490325188,"10713480"
-24.92721,76.3334,-4.1224799021442,0.0034709916608086,0.037042885646059,-3.87777361496581,"10912099"
213.87845,454.227888888889,4.12232132588876,0.00347174029228827,0.037042885646059,-3.87779693297797,"10817573"
-79.3279499999999,231.385333333333,-4.12028813303373,0.00348135437021934,0.0371319045533362,-3.87809603308191,"10705192"
280.9014,552.043666666667,4.1198317048495,0.0034835165678682,0.0371414062093801,-3.87816321000782,"10924151"
506.9867,1130.05822222222,4.11954796899379,0.00348486141597605,0.0371421894951931,-3.87820497613754,"10845607"
91.6264,140.111944444444,4.11901052684312,0.00348741031529633,0.037144047135216,-3.87828410062308,"10749117"
-72.336125,144.862011111111,-4.11897505798031,0.00348757860244737,0.037144047135216,-3.87828932307788,"10837006"
457.584,1470.27666666667,4.11839138648669,0.003490349176043,0.0371600075907143,-3.87837527350816,"10744756"
35.9059,209.094777777778,4.11763403861974,0.00349394770014563,0.0371847679825335,-3.87848682822047,"10881619"
-1352.75575,2081.19922222222,-4.11717485127059,0.00349613147072954,0.0371944591354308,-3.87855448088132,"10794464"
555.1285,1726.57777777778,4.11585334935479,0.00350242440327726,0.0372286853958124,-3.8787492466963,"10754136"
171.53995,632.691777777778,4.11576638396794,0.00350283895720688,0.0372286853958124,-3.87876206734432,"10753567"
91.4087500000001,252.776111111111,4.11569660258682,0.00350317163528063,0.0372286853958124,-3.87877235499728,"10797631"
-40.13697,85.7197666666667,-4.11416387993058,0.00351048739841527,0.0372928650390195,-3.87899838978158,"10707992"
30.59804,30.2403888888889,4.11282633966594,0.00351688502467195,0.037335475797413,-3.87919575029467,"10721723"
237.7591,430.832111111111,4.1127909489813,0.00351705447369346,0.037335475797413,-3.87920097375102,"10788497"
-160.8405,262.952333333333,-4.11228704927764,0.00351946807947647,0.0373412065115114,-3.87927535415277,"10849927"
-162.20945,284.098111111111,-4.11209770072396,0.0035203754934971,0.0373412065115114,-3.879303307562,"10813126"
-67.56285,192.786666666667,-4.11187795385498,0.00352142890186944,0.0373412065115114,-3.87933575122886,"10755580"
21.27086,35.4565555555556,4.11101522451921,0.0035255678900264,0.0373715313277327,-3.87946315226251,"10930988"
-119.16695,371.196111111111,-4.10997990566195,0.00353054181969786,0.0374106814365808,-3.87961609622096,"10759662"
-31.152455,68.5449444444444,-4.10970539140395,0.00353186192485709,0.0374111001714196,-3.87965665953132,"10769168"
133.39285,197.272111111111,4.10844024422911,0.00353795275213224,0.0374611825409815,-3.8798436584825,"10705797"
176.1055,746.860111111111,4.10819087250505,0.00353915464548193,0.0374611825409815,-3.87988052845699,"10846151"
-214.031,1264.44111111111,-4.10712542136744,0.00354429475210894,0.0374630373771527,-3.88003809712586,"10757258"
-592.236,858.104,-4.10703521954273,0.00354473028693375,0.0374630373771527,-3.88005143998629,"10838704"
314.6608,956.755444444444,4.10677759574568,0.0035459745282339,0.0374630373771527,-3.88008955085776,"10771465"
113.84214,151.967366666667,4.1067098670719,0.00354630171452637,0.0374630373771527,-3.88009957074571,"10725242"
-34.28673,69.9971333333333,-4.10662572623622,0.0035467082307171,0.0374630373771527,-3.88011201904153,"10882511"
14.72625,29.7887,4.10652753367064,0.00354718269973596,0.0374630373771527,-3.88012654674734,"10882227"
1291.85028,667.5614,4.10588145879605,0.00355030625934966,0.0374630373771527,-3.88022214807856,"10768642"
-136.84985,341.790444444444,-4.10586894517014,0.00355036678792063,0.0374630373771527,-3.8802239999878,"10701902"
-47.37525,150.803333333333,-4.10576467762809,0.00355087117468802,0.0374630373771527,-3.88023943103847,"10905511"
-178.12,1085.47555555556,-4.10508370764312,0.00355416722107937,0.0374842748002212,-3.88034022637468,"10759636"
-200.1285,697.56,-4.10404675067582,0.00355919266907912,0.0375197145347342,-3.88049376506192,"10735280"
71.6325000000001,224.128666666667,4.10386049462127,0.00356009614192796,0.0375197145347342,-3.88052134990111,"10749352"
-62.50485,168.143666666667,-4.10222875294677,0.00356802182930267,0.0375896825536416,-3.88076309880051,"10827477"
17.63337,53.3978333333333,4.10193939694578,0.00356942927490748,0.0375909541590292,-3.88080598398641,"10778659"
296.0455,948.582777777778,4.09962455218743,0.00358071042087456,0.0376961708956502,-3.88114923820963,"10815315"
-154.639,1236.13555555556,-4.09930933331587,0.00358224958064111,0.0376987893547728,-3.88119600392519,"10777658"
-106.88915,257.053111111111,-4.09884704681502,0.00358450813817386,0.0377057613423974,-3.88126459885651,"10854623"
-258.55355,824.074111111111,-4.09851515110726,0.00358613060327646,0.0377057613423974,-3.88131385373949,"10826474"
116.1293,534.619222222222,4.09820713191565,0.00358763705771219,0.0377057613423974,-3.88135957090438,"10827029"
-58.5117,356.536,-4.09811765926173,0.00358807477688317,0.0377057613423974,-3.88137285173649,"10936520"
20.997975,31.6363333333333,4.09773349687342,0.0035899548358107,0.0377119527412347,-3.88142987993762,"10779548"
-87.4776,263.312666666667,-4.09607839422112,0.00359806693790655,0.0377835828626894,-3.88167567400516,"10758415"
18.887235,25.6179666666667,4.09513195609555,0.00360271457445044,0.037818793955442,-3.88181629741427,"10750996"
37.1096,160.308555555556,4.09461191211438,0.00360527109186597,0.0378221443793118,-3.8818935884058,"10908218"
-1404.83675,2070.86611111111,-4.09454034616075,0.00360562306073743,0.0378221443793118,-3.88190422604,"10870261"
56.70555,86.9209666666667,4.09381899015436,0.00360917283676106,0.0378434967574727,-3.8820114655864,"10851384"
-77.4493,181.420888888889,-4.09338477160657,0.00361131143444172,0.0378434967574727,-3.88207603263386,"10804552"
-254.567,610.543111111111,-4.09324697696194,0.00361199038153239,0.0378434967574727,-3.8820965245717,"10731686"
15.164355,21.4187333333333,4.09307455073003,0.00361284016076509,0.0378434967574727,-3.88212216823893,"10709518"
-538.1572,967.678222222222,-4.09200269977954,0.00361812747412072,0.0378852960677286,-3.88228161507184,"10871489"
-220.30905,467.898666666667,-4.09130616349772,0.00362156788100799,0.0379077334560256,-3.88238526620199,"10797741"
95.2382000000001,352.380888888889,4.08887121802255,0.00363362259550906,0.0380202902955594,-3.88274782883172,"10762389"
54.812865,58.7855333333333,4.08702967451504,0.00364276830373452,0.0381007195361466,-3.88302226135481,"10813253"
57.829805,86.1082555555556,4.08679859858603,0.00364391765537049,0.0381007195361466,-3.88305671083431,"10874240"
1005.03555,1014.27266666667,4.08651993002204,0.00364530424918338,0.0381015807998723,-3.88309825966638,"10794866"
488.0206,1216.05244444444,4.08587240601545,0.00364852838601136,0.0381216410117796,-3.88319482130655,"10840732"
53.231155,106.956011111111,4.08511837257152,0.00365228673062371,0.0381472665528928,-3.8833072966364,"10706509"
906.521499999999,2274.11444444444,4.0848217083732,0.00365376654510227,0.0381490835770614,-3.88335155753149,"10835645"
-101.29005,503.18,-4.08438389327422,0.00365595162777794,0.0381582603979653,-3.88341688676689,"10718791"
90.7700500000001,276.264444444444,4.08139937087074,0.003670884640702,0.03830043710481,-3.88386252207025,"10774104"
251.9854,546.156111111111,4.08094604141382,0.00367315861945129,0.0383040912525929,-3.88393025624345,"10852270"
975.83045,670.156222222222,4.08080684031536,0.00367385718113799,0.0383040912525929,-3.88395105734786,"10847761"
-33.36545,59.3587111111111,-4.07970308737975,0.00367940129140964,0.0383389173164358,-3.88411603311242,"10735578"
-67.51625,198.584777777778,-4.07961937467026,0.00367982214538529,0.0383389173164358,-3.88412854836296,"10832378"
-130.77025,496.247888888889,-4.07924129839114,0.00368172351824873,0.0383450520007552,-3.88418507672726,"10876915"
-429.236,1207.40844444444,-4.0789560812555,0.00368315859721888,0.0383463276048298,-3.88422772666377,"10728240"
20.59095,26.5028333333333,4.07800655649199,0.00368794051150275,0.0383824346644251,-3.88436974777894,"10750547"
-118.137895,106.488188888889,-4.07734417152872,0.00369128032319907,0.0384012602095811,-3.88446885211361,"10762429"
31.928715,50.5818,4.07712654912209,0.00369237830932818,0.0384012602095811,-3.88450141776735,"10877313"
-1295.11425,2135.25366666667,-4.07672719813236,0.00369439410056426,0.0384025640128588,-3.88456118495819,"10732207"
-638.2696,709.287222222222,-4.07633893355522,0.00369635506960846,0.0384025640128588,-3.88461930181054,"10888138"
417.157,835.812111111111,4.07632068736049,0.00369644725146022,0.0384025640128588,-3.88462203318224,"10862666"
-92.20275,292.296,-4.07475345786982,0.0037043743361386,0.0384712377731791,-3.88485671229131,"10901069"
397.24595,660.664555555556,4.07413943372056,0.00370748508372952,0.0384728001908912,-3.88494869595576,"10843357"
-225.618025,252.018722222222,-4.07401802999654,0.00370810046863197,0.0384728001908912,-3.88496688538636,"10864671"
-77.009945,76.9916777777778,-4.07394404006027,0.00370847557121756,0.0384728001908912,-3.88497797141966,"10867033"
42.163454,30.5830588888889,4.07311470593668,0.00371268280138906,0.0384876314878743,-3.8851022536449,"10760290"
15.28311,65.3927333333333,4.073022943148,0.00371314863231792,0.0384876314878743,-3.8851160074713,"10753604"
16.08928,54.7437111111111,4.07288332795103,0.00371385750545347,0.0384876314878743,-3.88513693457294,"10801174"
-73.3112500000001,245.264222222222,-4.07235715241685,0.00371653038713394,0.0385016733084153,-3.88521581386863,"10885441"
-45.908175,92.6605666666667,-4.07204435611887,0.00371812032226938,0.038504490285281,-3.88526271296994,"10783175"
98.4232999999999,194.212888888889,4.07148875845755,0.00372094621960917,0.038520100233757,-3.88534603049135,"10710513"
22.142195,44.2708555555556,4.07113192241447,0.00372276239153214,0.038525249913645,-3.88539955113957,"10731193"
-69.5688,126.142933333333,-4.07045407474107,0.00372621503567666,0.0385367160844808,-3.88550123961945,"10838255"
-232.87905,810.221,-4.07039646666967,0.00372650862390149,0.0385367160844808,-3.8855098830235,"10935131"
2134.797,2820.99666666667,4.06977735687952,0.00372966537093341,0.038555712719904,-3.885602785234,"10726979"
448.0004,1095.18688888889,4.06897764605872,0.00373374724548083,0.0385732932168205,-3.88572282099091,"10833591"
-248.4074,488.255111111111,-4.06884202879949,0.0037344399392689,0.0385732932168205,-3.88574318068554,"10826866"
-128.7964,415.751555555556,-4.06816670330083,0.00373789137132606,0.0385732932168205,-3.88584458060785,"10889462"
-62.075665,95.7671555555555,-4.06810533617123,0.00373820517499863,0.0385732932168205,-3.88585379617816,"10745408"
-85.09515,386.864333333333,-4.0676216110987,0.00374067972072123,0.0385732932168205,-3.88592644537725,"10917692"
3147.36168,1436.64573333333,4.06761167211631,0.00374073058313691,0.0385732932168205,-3.88592793822547,"10733017"
-105.6623,382.876777777778,-4.06738552301885,0.00374188809533145,0.0385732932168205,-3.88596190766953,"10847728"
-82.094375,174.125811111111,-4.06713345539363,0.0037431787231711,0.0385732932168205,-3.88599977379349,"10923361"
62.30363,99.2643222222222,4.0669999558442,0.00374386245738523,0.0385732932168205,-3.88601982987082,"10840680"
264.8603,384.538888888889,4.06686189161263,0.00374456971188139,0.0385732932168205,-3.88604057280573,"10749869"
-205.71355,594.128555555556,-4.06634098555212,0.00374723942830433,0.0385871881066206,-3.88611884433722,"10760307"
424.32895,940.243444444444,4.06594657401077,0.00374926220838357,0.0385934041228084,-3.88617811925774,"10794511"
-252.9797,386.523777777778,-4.0657082226413,0.00375048518876747,0.0385934041228084,-3.88621394475342,"10806016"
-59.2719,103.599333333333,-4.06524651155797,0.00375285545162843,0.0386013834160189,-3.88628335182237,"10868398"
545.6745,717.24,4.06504250288094,0.00375390327531011,0.0386013834160189,-3.88631402353341,"10821695"
-423.452,539.494111111111,-4.06471706296636,0.00375557544398935,0.0386049898032037,-3.88636295685388,"10804415"
76.7293,235.980111111111,4.06227316082384,0.00376815835123676,0.0387207098392651,-3.88673062031872,"10905335"
304.70495,1049.73822222222,4.06156552796188,0.00377181022078618,0.0387446075211137,-3.88683714237297,"10757786"
-233.09885,425.658111111111,-4.06052807073904,0.00377717111181911,0.0387860375608729,-3.88699336660901,"10794229"
65.25428,87.0339222222222,4.06002195252657,0.00377978937702702,0.0387893678350134,-3.8870696025742,"10772758"
45.3024,135.519,4.05995208667647,0.00378015096276728,0.0387893678350134,-3.8870801275545,"10894999"
-89.2088,190.135444444444,-4.05893393520377,0.00378542456862533,0.0388269255916619,-3.88723353985356,"10763116"
-39.47073,42.0660333333333,-4.05867604308287,0.00378676160279148,0.0388269255916619,-3.88727240793406,"10842727"
379.6762,410.137777777778,4.0584761592119,0.00378779824523298,0.0388269255916619,-3.88730253599918,"10889684"
316.7231,611.798222222222,4.05768486585288,0.00379190507450739,0.0388369344991213,-3.88742182881975,"10726151"
-1520.61675,1580.75833333333,-4.05756650531881,0.00379251978093748,0.0388369344991213,-3.88743967561099,"10841348"
741.11335,731.937111111111,4.05751970705898,0.0037927628577392,0.0388369344991213,-3.88744673223228,"10936086"
158.75792,199.169655555556,4.05593423353855,0.00380100796728223,0.0389077248620123,-3.88768587831363,"10817827"
20.88108,117.7384,4.05428123102638,0.00380962484152316,0.0389822697443985,-3.88793536645806,"10886842"
129.3138,253.672,4.05373877128393,0.00381245719835749,0.0389911976366848,-3.88801727484576,"10767189"
-155.0735,336.041444444444,-4.05360295603641,0.0038131666888481,0.0389911976366848,-3.88803778487983,"10903234"
32.583495,84.4647333333333,4.05285458822466,0.003817078670861,0.039015781001351,-3.88815081839722,"10702656"
-601.304499999999,2502.01555555556,-4.05263222676558,0.00381824186632651,0.039015781001351,-3.88818441019252,"10720658"
15.799575,26.6362333333333,4.05175340960263,0.00382284279047176,0.0390227477497952,-3.88831720000228,"10858218"
256.62575,870.614888888889,4.05135682615705,0.00382492100487013,0.0390227477497952,-3.88837713878942,"10869661"
-348.0638,630.427777777778,-4.05109164364096,0.00382631131922639,0.0390227477497952,-3.88841722304775,"10828316"
244.34,1278.73555555556,4.05092320086742,0.0038271947238198,0.0390227477497952,-3.88844268652904,"10832865"
-176.041,1024.57355555556,-4.0508897722724,0.00382737006752268,0.0390227477497952,-3.88844774012455,"10848159"
-91.4542499999999,251.435666666667,-4.05076154523955,0.00382804273978498,0.0390227477497952,-3.88846712555853,"10852799"
-1061.4005,1561.86044444444,-4.0507174775986,0.00382827394574221,0.0390227477497952,-3.88847378795099,"10804396"
441.43475,682.188222222222,4.05006260961484,0.00383171156120118,0.0390441651722816,-3.8885728079429,"10708053"
193.58755,313.346111111111,4.0486618675186,0.00383907569208087,0.0390590454210257,-3.88878469283841,"10909480"
31.14232,52.3024111111111,4.04861821969401,0.00383930540712087,0.0390590454210257,-3.88879129712258,"10932623"
31.14232,52.3024111111111,4.04861821969401,0.00383930540712087,0.0390590454210257,-3.88879129712258,"10937236"
145.4207,762.189222222222,4.04849041402961,0.00383997812343787,0.0390590454210257,-3.88881063583935,"10836394"
-176.95425,301.075666666667,-4.04847255387965,0.00384007214202376,0.0390590454210257,-3.88881333839651,"10725993"
79.2694000000001,359.759444444444,4.04807449236721,0.00384216824353215,0.0390590454210257,-3.88887357700268,"10758679"
63.62685,163.271,4.04800565323674,0.00384253085986266,0.0390590454210257,-3.88888399536175,"10938048"
-191.3618,746.921111111111,-4.04721388565909,0.00384670422103429,0.0390870588748653,-3.889003844234,"10743535"
655.988500000001,2281.85444444444,4.04677811629218,0.00384900322110791,0.0390870588748653,-3.88906982176289,"10780979"
-183.11025,929.824666666667,-4.04672176516589,0.00384930062240664,0.0390870588748653,-3.88907835440018,"10807768"
-66.1631,195.679777777778,-4.04551220646172,0.00385569022237741,0.0391369178963847,-3.88926154954903,"10850484"
426.6157,599.299777777778,4.04507217115544,0.00385801758360156,0.0391369178963847,-3.88932821688365,"10874691"
-184.7011,995.130222222222,-4.04454376653697,0.00386081433469498,0.0391369178963847,-3.88940828756302,"10833668"
38.58545,132.549888888889,4.0440950737091,0.00386319090171619,0.0391369178963847,-3.88947629213335,"10790229"
-618.634,1379.21755555556,-4.04402313934599,0.00386357205924599,0.0391369178963847,-3.88948719571304,"10890967"
80.32561,116.835411111111,4.04394345097024,0.00386399435018384,0.0391369178963847,-3.88949927497523,"10750993"
194.0036,444.114222222222,4.04385210147595,0.00386447849786357,0.0391369178963847,-3.88951312230215,"10940497"
21.038855,32.1242222222222,4.04376729004628,0.00386492805268261,0.0391369178963847,-3.88952597898638,"10765173"
1926.5825,2054.97888888889,4.042980539504,0.00386910102225484,0.0391542914325918,-3.88964526371419,"10892184"
-120.9454,420.103888888889,-4.04271793898039,0.00387049495141699,0.0391542914325918,-3.88968508648804,"10772797"
17.60995,41.8438444444444,4.04268599874363,0.0038706645326667,0.0391542914325918,-3.88968993042839,"10940009"
36.705735,87.215,4.04199161968377,0.00387435320082593,0.0391780389092865,-3.88979525222766,"10845363"
-1103.07275,1933.50344444444,-4.04117748009876,0.0038786828860245,0.0391977586471831,-3.88991877505126,"10799745"
744.81235,826.926111111111,4.04112037074376,0.00387898679568037,0.0391977586471831,-3.88992744125226,"10752334"
28.56323,77.4520888888889,4.03961444703203,0.00388700989818059,0.0392652514403347,-3.89015603046687,"10783933"
314.07685,491.305111111111,4.03891269478772,0.0038907547293795,0.0392722480419063,-3.89026259727354,"10923857"
-44.69325,154.340333333333,-4.03873876617564,0.00389168348349203,0.0392722480419063,-3.89028901422524,"10728247"
98.4962500000001,477.635111111111,4.03872904436786,0.00389173540361877,0.0392722480419063,-3.89029049086351,"10868193"
-127.2422,786.793111111111,-4.03846170857397,0.00389316342540141,0.0392730926483691,-3.89033109847696,"10828843"
-300.703475,250.683011111111,-4.03689405359265,0.00390154871030112,0.0393188817371237,-3.89056930569883,"10799229"
18.210015,46.0221,4.03661995921149,0.0039030168220088,0.0393188817371237,-3.89061096952991,"10790617"
-54.471825,121.8129,-4.03652951954045,0.00390350136806906,0.0393188817371237,-3.89062471781881,"10757606"
-179.23375,451.954555555556,-4.03618211844581,0.00390536323210208,0.0393188817371237,-3.89067753285954,"10897239"
394.8506,903.073555555556,4.0356962448873,0.0039079688324071,0.0393188817371237,-3.89075141163058,"10826859"
-381.8394,338.0654,-4.03544814043294,0.00390930006804084,0.0393188817371237,-3.89078914213235,"10919912"
-117.584475,192.300233333333,-4.03536819017915,0.00390972915531349,0.0393188817371237,-3.89080130134372,"10790640"
80.47045,177.499444444444,4.03519193479691,0.00391067528464034,0.0393188817371237,-3.89082810842056,"10893774"
-18.31492,42.8446555555556,-4.03512256001685,0.00391104775238276,0.0393188817371237,-3.89083866028765,"10792101"
-42.1971,106.765933333333,-4.03486063255286,0.00391245436513873,0.0393188817371237,-3.89087850186699,"10702535"
-105.670475,138.400544444444,-4.03485077141633,0.00391250733243714,0.0393188817371237,-3.89088000191548,"10769959"
-123.37645,196.821022222222,-4.03424780342745,0.00391574753424562,0.0393379121270466,-3.89097173458486,"10755285"
-160.93665,474.665,-4.03314631089033,0.00392167415542883,0.0393839081391192,-3.8911393656202,"10801271"
19.154885,74.3866222222222,4.03172467347088,0.00392933762494876,0.0394473090636609,-3.89135582356271,"10825657"
112.24645,365.355111111111,4.03124734995278,0.00393191430050898,0.0394596167554344,-3.89142852732965,"10867743"
-1072.039,1355.41222222222,-4.03033230959344,0.00393685894152192,0.0394914155382292,-3.89156793966638,"10920122"
45.58416,140.211966666667,4.02994384657355,0.00393896012131663,0.0394914155382292,-3.89162713944056,"10807464"
117.0152,165.416555555556,4.02981976867205,0.00393963150803288,0.0394914155382292,-3.89164605015027,"10894549"
-51.36085,297.858555555556,-4.02966113628077,0.00394049004908394,0.0394914155382292,-3.89167022862992,"10745974"
33.901545,37.0330333333333,4.02829502346971,0.00394789199747339,0.0395520290857982,-3.89187851059351,"10883461"
-99.6052999999999,297.926777777778,-4.02662002394794,0.00395698803097503,0.0396295674792268,-3.89213403655267,"10728328"
37.35968,51.8727222222222,4.02571612482946,0.00396190600872944,0.0396652234883557,-3.89227199767837,"10745583"
410.32375,495.510111111111,4.02505313273666,0.00396551743582972,0.0396877788182012,-3.8923732200732,"10873790"
153.76995,211.066,4.02403436055112,0.0039710737719902,0.0397297771146993,-3.89252881178856,"10721480"
149.6789,280.888555555556,4.02283325817678,0.00397763530793772,0.0397818000294736,-3.89271232853164,"10804567"
806.685499999999,1965.63888888889,4.02122893430705,0.0039864178463964,0.039852515134877,-3.89295758649354,"10776256"
-167.8118,545.441777777778,-4.0210052193777,0.00398764418669184,0.039852515134877,-3.8929917985682,"10814752"
49.958025,96.5982666666667,4.02079474367294,0.00398879832458344,0.039852515134877,-3.89302398870675,"10842409"
403.8491,826.926888888889,4.02053980731451,0.00399019674337126,0.0398528573199481,-3.8930629821602,"10856965"
-45.0311,172.111777777778,-4.01995629289254,0.00399339952149267,0.0398712144979108,-3.89315224729461,"10832253"
55.382495,41.0908222222222,4.01854251445633,0.00400117092319445,0.0399351579604382,-3.89336860840095,"10860617"
-314.92,1007.43755555556,-4.01752985428052,0.00400674743381464,0.0399453790108656,-3.89352365603033,"10778859"
-314.92,1007.43755555556,-4.01752985428052,0.00400674743381464,0.0399453790108656,-3.89352365603033,"10817274"
-635.70925,1494.44055555556,-4.01738679676379,0.00400753589693787,0.0399453790108656,-3.8935455643481,"10724116"
-236.53535,454.507777777778,-4.01736349604666,0.00400766433493691,0.0399453790108656,-3.89354913281434,"10875723"
-364.16825,1145.68544444444,-4.01656547874351,0.00401206583705973,0.0399756109699396,-3.89367136723344,"10753198"
-61.401675,165.761166666667,-4.01581027500456,0.00401623599648501,0.0399916776228424,-3.89378707849491,"10914621"
-96.3875500000001,369.118888888889,-4.01577766418899,0.00401641617530703,0.0399916776228424,-3.89379207583884,"10735319"
-366.7639,962.590222222222,-4.01534615956728,0.00401880111243668,0.0400017906980325,-3.89385820636261,"10889522"
-31.91824,57.7904555555556,-4.01317859922227,0.00403080438116115,0.0401058255889356,-3.89419056404718,"10742464"
-362.3045,1163.53577777778,-4.01296331030055,0.00403199869085725,0.0401058255889356,-3.89422359005336,"10763531"
542.368,1640.42444444444,4.01271253914067,0.00403339031808887,0.0401060125094106,-3.89426206261047,"10737056"
11.808333,13.23354,4.0113761419772,0.00404081524148824,0.0401661709645585,-3.89446715149729,"10722672"
253.5721,263.434111111111,4.01025797726969,0.00404703899764353,0.0402007717796143,-3.89463883090806,"10730098"
-2913.036,4346.42333333333,-4.00987792920657,0.00404915671373408,0.0402007717796143,-3.89469719914784,"10882672"
106.98985,325.926444444444,4.00976418320426,0.00404979076499889,0.0402007717796143,-3.89471467006175,"10703983"
33.38985,162.277333333333,4.00976243975954,0.00404980048426799,0.0402007717796143,-3.8947149378536,"10875951"
99.00983,122.716888888889,4.0088486921732,0.00405489785876187,0.0402376990644936,-3.89485531363353,"10939584"
25.640763,29.3665566666667,4.00835086652919,0.00405767790594525,0.0402429388797921,-3.89493181365733,"10823044"
-33.17006,63.4449111111111,-4.00826082726625,0.00405818093858656,0.0402429388797921,-3.89494565140896,"10749809"
-651.366,1867.66,-4.00645598612428,0.00406827843486942,0.0403161981998511,-3.89522313127582,"10940030"
38.80883,105.599288888889,4.00644702808862,0.0040683286196057,0.0403161981998511,-3.89522450898438,"10762028"
-78.5524,128.389022222222,-4.00597787657345,0.00407095783406754,0.0403285731313832,-3.89529666919305,"10766953"
49.5273,181.039333333333,4.00545454552876,0.00407389284094235,0.0403439679509457,-3.89537717818131,"10917709"
126.28085,250.406222222222,4.00359962263506,0.00408431421154304,0.040433465054564,-3.89566266964856,"10932565"
-37.0407,139.813666666667,-4.0032206515966,0.00408644688637803,0.0404408737597045,-3.89572102229605,"10900136"
58.01445,252.957,4.00243604749531,0.00409086609148751,0.0404636976304644,-3.89584186005529,"10858315"
-204.03135,187.0224,-4.00231395685466,0.00409155421771736,0.0404636976304644,-3.89586066666314,"10924798"
-25.209845,46.5832444444444,-4.00207375291419,0.00409290841712953,0.0404636976304644,-3.89589766980448,"10727884"
-460.526,848.782777777778,-4.00127715181945,0.0040974028773761,0.0404944274897379,-3.89602040985,"10916493"
-178.86205,529.977555555556,-4.00084505407027,0.00409984301665927,0.0405048406792979,-3.89608700312596,"10821004"
149.4707,378.962222222222,3.99943181917662,0.00410783476494078,0.0405700760050642,-3.8963048831485,"10801386"
-832.2435,1137.876,-3.9983041319905,0.00411422379721567,0.0406194437349979,-3.89647882523586,"10744766"
15.229745,26.7045555555556,3.99801337370266,0.00411587285448894,0.0406219964767027,-3.89652368603615,"10798130"
94.484,222.552888888889,3.99759566686211,0.00411824315614044,0.0406316634797322,-3.89658814241143,"10729009"
129.50615,278.456888888889,3.99711645885605,0.00412096426083511,0.0406447839014305,-3.89666210183662,"10791085"
-104.244575,134.694677777778,-3.99559508616114,0.00412961596957365,0.0407075737756786,-3.89689699628181,"10788399"
-218.86208,170.811944444444,-3.99550702297956,0.00413011736397314,0.0407075737756786,-3.89691059714184,"10830754"
19.850235,30.9696666666667,3.99494908635663,0.00413329554250069,0.040714655214226,-3.89699677803783,"10773706"
-67.506085,75.5666555555556,-3.99474966421623,0.0041344321512534,0.040714655214226,-3.89702758600014,"10836490"
33.481385,88.1865555555556,3.9946471011066,0.00413501684194594,0.040714655214226,-3.89704343150521,"10938126"
-39.122335,104.589555555556,-3.99409439537522,0.00413816923444499,0.0407319663123572,-3.8971288326683,"10866986"
42.791705,56.6414555555556,3.99245279473001,0.00414754747940127,0.0407909061834297,-3.89738259152419,"10810434"
-56.97235,136.068155555556,-3.99234429336695,0.00414816813914116,0.0407909061834297,-3.89739936934388,"10772915"
-281.49035,521.644777777778,-3.99221103684533,0.00414893054254772,0.0407909061834297,-3.89741997607279,"10876434"
-201.45495,442.931666666667,-3.99186591880434,0.00415090577546568,0.0407909061834297,-3.89747334989809,"10933733"
210.3896,225.408888888889,3.99182524460879,0.00415113863501528,0.0407909061834297,-3.89747964078623,"10730446"
347.7152,549.521888888889,3.99133250972165,0.00415396065739333,0.0407971253368007,-3.89755585763638,"10732058"
246.8608,307.186111111111,3.99103350883481,0.00415567412141487,0.0407971253368007,-3.89760211453324,"10912990"
-88.01435,159.630511111111,-3.99091358412388,0.00415636157965345,0.0407971253368007,-3.89762066897094,"10714528"
-646.8615,1835.31,-3.99046728985441,0.00415892099992159,0.0407971253368007,-3.89768972599625,"10832705"
18.615785,32.5354222222222,3.99031256787151,0.00415980869985027,0.0407971253368007,-3.89771366956778,"10910220"
-348.7021,562.026888888889,-3.99025300513164,0.00416015048874955,0.0407971253368007,-3.89772288741551,"10867102"
92.242915,100.392311111111,3.98929441134034,0.00416565535013031,0.040829405995446,-3.89787126721369,"10727603"
736.1725,1863.63777777778,3.98919313612226,0.00416623739550984,0.040829405995446,-3.89788694671123,"10873870"
-107.0127,319.639,-3.98766537500286,0.00417502832465827,0.0409018368466018,-3.89812355005791,"10928390"
158.9024,271.249888888889,3.98677670644923,0.00418015102254396,0.0409259859441862,-3.89826124172618,"10834704"
-73.37394,86.9621,-3.98664590624385,0.00418090558689614,0.0409259859441862,-3.8982815120959,"10779469"
-525.427,671.713888888889,-3.98650891256235,0.00418169603763249,0.0409259859441862,-3.8983027433776,"10899884"
-29.9986,60.1509888888889,-3.98618842652345,0.00418354586421081,0.0409303780566157,-3.89835241668889,"10813244"
41.800485,72.1856333333333,3.98524440288848,0.00418899983567739,0.0409660061920905,-3.89849877007784,"10791989"
70.67316,146.290133333333,3.98499319739675,0.00419045243157212,0.0409660061920905,-3.89853772381728,"10881645"
315.52555,747.623777777778,3.98483036833992,0.00419139428041892,0.0409660061920905,-3.89856297528413,"10782984"
-430.5663,989.985,-3.98431191406734,0.00419439468380808,0.040971038339601,-3.89864338753597,"10724529"
-218.54225,357.246111111111,-3.98425675619648,0.00419471403004541,0.040971038339601,-3.89865194346754,"10897752"
60.3837,197.225,3.98401275481728,0.00419612703325336,0.0409711414269598,-3.89868979444906,"10922771"
141.37305,218.091666666667,3.98354985420351,0.00419880908275575,0.0409823690252264,-3.89876161220436,"10741212"
1369.224,1558.995,3.98333016790173,0.00420008259264489,0.0409823690252264,-3.89879570041585,"10796445"
116.0105,257.874222222222,3.98185107229825,0.00420866766624179,0.0410473767256244,-3.8990252834337,"10851492"
1628.371,5059.46444444444,3.98169837630513,0.00420955503080615,0.0410473767256244,-3.89904899213719,"10837537"
273.604,1257.35777777778,3.98133572322029,0.00421166332973477,0.0410542317366939,-3.89910530591953,"10700782"
-141.6567,428.407666666667,-3.97960397828525,0.00422174659091678,0.0411387941651244,-3.89937432472539,"10803995"
-80.1330999999999,137.402888888889,-3.97933645605998,0.00422330658279119,0.0411402729275297,-3.89941589912507,"10890964"
185.94135,372.542,3.97840597675676,0.00422873728567118,0.041179443687866,-3.89956053404179,"10753732"
-94.30085,148.233911111111,-3.97662005593486,0.00423918181316355,0.0412576616882987,-3.89983828532794,"10793243"
51.7424000000001,217.174222222222,3.97635307094115,0.00424074559549836,0.0412576616882987,-3.89987982399906,"10823593"
-56.002075,121.992388888889,-3.97630857108741,0.00424100630006028,0.0412576616882987,-3.89988674789302,"10700288"
242.98001,134.681155555556,3.97594621937081,0.00424312979767269,0.0412645785316944,-3.89994313193548,"10823955"
-73.4828499999999,286.091555555556,-3.97529921970698,0.00424692427115659,0.041267009846306,-3.90004382845121,"10899943"
-96.1147,110.617855555556,-3.97509062923071,0.00424814837504435,0.041267009846306,-3.9000762980177,"10829933"
-1121.27775,1247.69233333333,-3.97498081564562,0.00424879296378533,0.041267009846306,-3.90009339284588,"10714794"
-830.744375,614.008477777778,-3.97481345654677,0.00424977553831686,0.041267009846306,-3.90011944725341,"10728453"
-305.58215,258.366511111111,-3.97469984694836,0.00425044268595655,0.041267009846306,-3.90013713491494,"10795952"
-35.80528,68.4307222222222,-3.97429253328539,0.00425283547372506,0.0412765234316957,-3.90020055516951,"10850407"
308.00335,471.519777777778,3.97365734790403,0.00425656980171627,0.0412947684454434,-3.90029947577513,"10830291"
44.6128,199.989111111111,3.97349202010056,0.00425754236180173,0.0412947684454434,-3.90032522707628,"10928916"
-149.6977,344.079888888889,-3.97262947968246,0.00426262023772673,0.0413288824757326,-3.90045960216953,"10870211"
-1175.145,2086.33333333333,-3.97230227315097,0.0042645482461802,0.0413288824757326,-3.90051058933561,"10773452"
-48.428575,109.379588888889,-3.97209353164542,0.0042657787102347,0.0413288824757326,-3.90054311997367,"10876567"
-18.62128,50.6779555555556,-3.97193417245342,0.00426671833870095,0.0413288824757326,-3.90056795654835,"10830546"
95.703124,55.6880477777778,3.97104693801126,0.00427195380801786,0.0413658795317978,-3.90070626240656,"10824695"
-63.05715,190.922,-3.97065317239283,0.0042742795894309,0.0413746865227417,-3.90076765941236,"10761968"
39.4586,337.284555555556,3.96950507278337,0.0042810686384037,0.0414203309826271,-3.90094672742639,"10826418"
-317.6334,600.703,-3.96937633698324,0.00428183061434702,0.0414203309826271,-3.90096681116877,"10775499"
-86.7014,131.164644444444,-3.96855121486849,0.00428671790795601,0.0414530553333335,-3.90109556001976,"10825890"
414.28105,415.004111111111,3.96765006395368,0.00429206239016703,0.0414530553333335,-3.90123621889117,"10881211"
-95.08925,318.368111111111,-3.96757700305556,0.00429249600880933,0.0414530553333335,-3.90124762496374,"10737225"
-299.25255,626.560666666667,-3.96752923586971,0.00429277953399737,0.0414530553333335,-3.90125508242303,"10785545"
301.3705,1035.26944444444,3.9674386586719,0.00429331721610678,0.0414530553333335,-3.90126922379979,"10823049"
-2738.732,3799.58777777778,-3.96713279090025,0.00429513343656832,0.0414530553333335,-3.90131698109328,"10898561"
171.90095,448.731222222222,3.96675185590389,0.00429739655722402,0.0414530553333335,-3.90137646703375,"10784219"
205.5178,213.934444444444,3.96644517000349,0.00429921949944075,0.0414530553333335,-3.90142436475017,"10733380"
210.4979,1036.43922222222,3.9663167345887,0.00429998316732891,0.0414530553333335,-3.90144442527081,"10919270"
-72.22765,150.293422222222,-3.96608346961978,0.00430137051777306,0.0414530553333335,-3.90148086181639,"10725060"
-81.3477499999999,319.973444444444,-3.96600699570034,0.00430182545358397,0.0414530553333335,-3.90149280793824,"10925725"
42.731475,67.4704666666667,3.96593717831083,0.00430224083558113,0.0414530553333335,-3.90150371453957,"10925839"
18.876515,35.0738222222222,3.96563566865111,0.00430403517802695,0.0414566711806394,-3.90155081857701,"10877675"
-30.09064,81.0905222222222,-3.96536543827913,0.00430564405590063,0.0414584988296246,-3.90159304058674,"10764126"
116.0945,265.642555555556,3.96481875205516,0.00430890085630923,0.0414641808021007,-3.90167847074801,"10707237"
-280.02305,372.897111111111,-3.96478990118336,0.00430907280465454,0.0414641808021007,-3.90168297974756,"10934118"
-125.23365,368.616,-3.96448761375255,0.00431087485203452,0.0414678623402491,-3.90173022618282,"10856764"
1293.8558,1704.46122222222,3.96360897689006,0.00431611733890959,0.0414865722105889,-3.90186758520287,"10905192"
-40.78285,132.788888888889,-3.96345099984714,0.0043170606545359,0.0414865722105889,-3.90189228699547,"10899947"
168.69385,249.925444444444,3.9631903767635,0.00431861737728208,0.0414865722105889,-3.90193304213568,"10755497"
269.60253,205.685566666667,3.9628326731386,0.00432075495374092,0.0414865722105889,-3.90198898498529,"10768739"
76.78484,110.431855555556,3.96256312928651,0.00432236645465651,0.0414865722105889,-3.90203114523264,"10935323"
493.3284,807.328666666667,3.96241678307275,0.00432324167436733,0.0414865722105889,-3.90205403756295,"10716464"
493.3284,807.328666666667,3.96241678307275,0.00432324167436733,0.0414865722105889,-3.90205403756295,"10905681"
75.1319,200.647555555556,3.96225981808471,0.00432418061139328,0.0414865722105889,-3.90207859237865,"10876076"
-72.92105,212.685444444444,-3.96102858885799,0.00433155322611231,0.0415436624910194,-3.90227125121796,"10836594"
42.3725000000001,108.955722222222,3.96036880326606,0.00433550959632873,0.0415679610591229,-3.90237452998349,"10926948"
-47.823625,135.123855555556,-3.95976813893882,0.00433911483123297,0.0415888781757349,-3.90246857710069,"10751099"
72.94898,117.335788888889,3.95849347605871,0.00434677615199119,0.0416486449669631,-3.90266822550954,"10796092"
30.41112,34.4363333333333,3.95784643388297,0.00435067074806055,0.0416722935192921,-3.90276960820582,"10800386"
-81.2667,174.283666666667,-3.95662731345998,0.00435801893407797,0.0417276931027712,-3.90296069643602,"10914517"
-33.3593,32.5890444444444,-3.95609837875478,0.0043612112145697,0.0417276931027712,-3.90304363100432,"10754987"
-99.3825999999999,317.220555555556,-3.95598660587079,0.00436188611966271,0.0417276931027712,-3.90306115864914,"10714505"
-102.0796,380.506888888889,-3.95593993529787,0.00436216795837144,0.0417276931027712,-3.90306847750999,"10934199"
-83.75595,328.454333333333,-3.95506649183525,0.00436744620918062,0.0417645085286424,-3.90320547484101,"10700901"
-273.77305,970.248888888889,-3.95456345672239,0.00437048918748561,0.0417715779218401,-3.90328439550252,"10922572"
-193.73975,634.618444444444,-3.95447158728399,0.00437104517378877,0.0417715779218401,-3.90329881045535,"10848849"
331.947,802.09,3.95379049092682,0.00437516948771569,0.0417973189712643,-3.90340569511029,"10893366"
-169.60385,225.410311111111,-3.95267646343021,0.00438192440407118,0.0418345420786594,-3.90358058021497,"10940675"
-39.34635,158.348333333333,-3.95235940479133,0.00438384894307459,0.0418345420786594,-3.9036303672382,"10858038"
23.99083,29.8837111111111,3.95231881135615,0.00438409541001256,0.0418345420786594,-3.90363674197529,"10742031"
21.433855,38.1866777777778,3.9519916875311,0.00438608211804345,0.0418345420786594,-3.90368811668677,"10782177"
-20.625605,43.6499444444444,-3.95195376813613,0.00438631247503859,0.0418345420786594,-3.90369407233641,"10740636"
-58.4701500000001,243.860666666667,-3.95162828327806,0.004388290302531,0.0418345420786594,-3.90374519681788,"10739236"
271.048,418.039777777778,3.95124379264591,0.00439062791848119,0.0418345420786594,-3.90380559769574,"10725893"
218.96385,680.922666666667,3.95118458835742,0.00439098798617774,0.0418345420786594,-3.90381489908351,"10736661"
59.7479,185.875222222222,3.95068869402055,0.00439400515640763,0.0418345420786594,-3.90389281571049,"10890301"
104.749895,123.995788888889,3.95059800866367,0.00439455715462596,0.0418345420786594,-3.90390706611533,"10801104"
23.80562,27.7090555555556,3.95055517897842,0.00439481788318634,0.0418345420786594,-3.903913796596,"10817068"
331.15865,686.494222222222,3.94932319643332,0.00440232478907597,0.041892350615005,-3.90410744429265,"10823508"
21.56727,30.5635333333333,3.94812024809343,0.00440966809438453,0.0419412259503342,-3.90429661692897,"10779312"
-406.0876,535.599222222222,-3.94780967837681,0.0044115660831041,0.0419412259503342,-3.90434547057303,"10888596"
-204.1562,783.224111111111,-3.94777666381825,0.00441176789708281,0.0419412259503342,-3.90435066421578,"10865212"
-78.12955,241.959555555556,-3.9470353169465,0.00441630227727879,0.0419644609380405,-3.90446730562802,"10752397"
47.85914,87.3990888888889,3.94690745014825,0.00441708486973624,0.0419644609380405,-3.90448742719304,"10921343"
-55.514625,139.940433333333,-3.94631352262525,0.00442072188420927,0.0419761435013152,-3.90458090268307,"10701119"
-67.9283,109.683644444444,-3.94623740263053,0.00442118825061775,0.0419761435013152,-3.90459288439998,"10884974"
154.38015,517.433,3.94540408168575,0.00442629724362533,0.0420109966456369,-3.90472407678238,"10894857"
289.8746,720.033555555555,3.94448156842256,0.0044319604735281,0.0420510858310003,-3.90486936008184,"10781280"
1621.1975,5026.26222222222,3.94373184952273,0.00443656867591379,0.0420811419799174,-3.90498746861987,"10749612"
-375.1045,517.032888888889,-3.94210684604577,0.00444657458485809,0.0421212110563707,-3.90524358396156,"10754931"
127.84707,182.2016,3.94183405274245,0.0044482566798715,0.0421212110563707,-3.90528659437246,"10785773"
-273.741,453.529333333333,-3.94171229780889,0.0044490076647287,0.0421212110563707,-3.90530579252441,"10740396"
-35.79093,48.0651,-3.94132124623643,0.00445142059492282,0.0421212110563707,-3.90536745908765,"10873725"
61.61793,100.679566666667,3.94131869825155,0.00445143632153062,0.0421212110563707,-3.90536786092051,"10752270"
61.61793,100.679566666667,3.94131869825155,0.00445143632153062,0.0421212110563707,-3.90536786092051,"10752289"
61.61793,100.679566666667,3.94131869825155,0.00445143632153062,0.0421212110563707,-3.90536786092051,"10752292"
26.919785,38.8331888888889,3.94094561896759,0.0044537396772996,0.0421212110563707,-3.90542670206631,"10908452"
-1705.97325,1735.21166666667,-3.94094079664604,0.00445376945824362,0.0421212110563707,-3.90542746268629,"10717955"
-909.9775,1707.76955555556,-3.94067648372564,0.00445540208861993,0.0421217428204107,-3.90546915465911,"10729795"
-84.5937,174.265,-3.94046492057992,0.00445670935366227,0.0421217428204107,-3.90550252908719,"10876147"
26.559018,22.29369,3.94010963473112,0.0044589056208446,0.0421288708950046,-3.90555858211676,"10838743"
27.205225,37.4829111111111,3.93936894343001,0.00446348809022494,0.0421585325146562,-3.90567546475363,"10770066"
-1110.264,925.508733333333,-3.93908728570028,0.00446523196458135,0.0421613725317646,-3.90571991967536,"10866606"
-177.097175,267.750544444444,-3.93869893101936,0.00446763765165833,0.042170457626994,-3.90578122281253,"10867799"
29.719714,28.2930977777778,3.93835702450766,0.00446975676682149,0.0421768327473911,-3.9058352015274,"10727116"
92.6525,282.864888888889,3.93576741929265,0.00448584213037191,0.0423137253058406,-3.90624426778432,"10783868"
103.0912,224.430111111111,3.93555553837069,0.00448716098437373,0.0423137253058406,-3.90627775553401,"10719195"
216.7516,759.358444444444,3.93379560985606,0.00449813180362539,0.042403492259152,-3.90655601750377,"10888150"
639.28585,638.222444444444,3.93331028899888,0.00450116220798939,0.0424053040773634,-3.90663278463575,"10751896"
330.99475,626.589777777778,3.93297753629874,0.0045032412265932,0.0424053040773634,-3.90668542710788,"10803049"
188.303,824.239222222222,3.93294150796325,0.00450346639140364,0.0424053040773634,-3.90669112730254,"10779357"
-288.80125,926.991888888889,-3.93283531015008,0.00450413016197914,0.0424053040773634,-3.90670792976529,"10753257"
38.078475,30.9390666666667,3.9318442073542,0.00451032995027592,0.0424499932884539,-3.90686477369585,"10897723"
-22.10215,129.128222222222,-3.93103225961627,0.00451541588430871,0.0424841737984524,-3.9069933105526,"10883087"
413.67535,1032.71711111111,3.93012881642236,0.0045210821851544,0.0425237910357697,-3.9071363789478,"10784805"
83.7085999999999,445.846222222222,3.92951708641902,0.00452492323364428,0.0425462205818101,-3.90723328014996,"10803943"
336.61275,560.851666666667,3.92823735412693,0.00453297002021352,0.0426081680085321,-3.90743607011448,"10756617"
-1550.75775,1987.16833333333,-3.92794211885606,0.00453482860438865,0.0426119275807688,-3.9074828680911,"10919897"
55.0768,377.293777777778,3.92699472152572,0.00454079825827971,0.0426536879595613,-3.90763307667416,"10811452"
-98.2667249999999,174.0409,-3.92677358256659,0.00454219289526238,0.0426536879595613,-3.90766814583845,"10838989"
-194.50345,324.439222222222,-3.92549343178074,0.00455027536351278,0.0427123346103667,-3.90787121624055,"10914164"
231.2201,537.393888888889,3.92520392133175,0.00455210538487423,0.0427123346103667,-3.90791715516106,"10834225"
2256.3833,3119.07622222222,3.92509021803725,0.00455282433000212,0.0427123346103667,-3.90793519876364,"10724311"
-61.08895,136.086555555556,-3.92410898696346,0.00455903372354387,0.0427568575279649,-3.90809094333101,"10721634"
867.837,2187.89333333333,3.92349720494379,0.0045629097909286,0.0427794758126406,-3.9081880773377,"10797169"
145.021,725.855777777778,3.92274669273535,0.00456766965233536,0.0427876449310889,-3.90830726905396,"10712845"
-763.19625,1403.34166666667,-3.92253602783247,0.00456900668042872,0.0427876449310889,-3.90834073173467,"10829690"
-131.83795,206.914755555556,-3.92251322571908,0.00456915142396759,0.0427876449310889,-3.90834435385714,"10729752"
-168.4695,276.411666666667,-3.92243632192808,0.0045696396311699,0.0427876449310889,-3.90835657028124,"10707721"
-114.1757,225.483444444444,-3.9218135994849,0.00457359491768101,0.0428109586431057,-3.90845550512406,"10813578"
84.455945,91.1777555555555,3.9214427812819,0.00457595195691382,0.0428193018799745,-3.90851443000613,"10887486"
-96.1606499999999,523.381333333333,-3.9211684544023,0.00457769650701784,0.0428195312407094,-3.90855802733558,"10863218"
-169.1252,603.642444444444,-3.92080400147815,0.00458001530965193,0.0428195312407094,-3.90861595503455,"10789747"
-37.922375,77.2000111111111,-3.92074770146749,0.00458037362659057,0.0428195312407094,-3.90862490432147,"10780934"
-129.25885,413.995222222222,-3.9203325483746,0.00458301676631473,0.0428305348084193,-3.90869090183612,"10780853"
28.60635,66.6138333333333,3.91953160920133,0.0045881207115409,0.0428645214157198,-3.90881825810666,"10850015"
-154.44515,428.928111111111,-3.91883065655813,0.00459259251299191,0.0428798111035181,-3.90892974782436,"10777492"
72.87309,152.9927,3.91881493707842,0.00459269285078757,0.0428798111035181,-3.9089322484237,"10790346"
21.047515,29.4423111111111,3.91851707454054,0.00459459455970577,0.0428838611716435,-3.90897963419996,"10934805"
93.0097500000001,621.881666666667,3.91815707546719,0.0045968941106756,0.0428864311032695,-3.90903691227253,"10762665"
216.90385,409.130111111111,3.91801438322894,0.00459780592234682,0.0428864311032695,-3.90905961768059,"10792997"
-13.80241,51.4759555555556,-3.91773301368443,0.00459960445991841,0.0428895131477997,-3.90910439328279,"10754058"
265.28035,624.902777777778,3.91683910318739,0.00460532343153878,0.0429052355168739,-3.90924667741134,"10819994"
27.304695,35.0435,3.9165511684341,0.00460716717951363,0.0429052355168739,-3.90929251852102,"10779997"
27.304695,35.0435,3.9165511684341,0.00460716717951363,0.0429052355168739,-3.90929251852102,"10780059"
-290.84115,965.474666666667,-3.9164035607806,0.0046081126711981,0.0429052355168739,-3.90931602059848,"10753444"
-618.2207,682.168444444445,-3.91632221094341,0.00460863384171802,0.0429052355168739,-3.9093289736821,"10836019"
-66.9857,186.131777777778,-3.91554634401882,0.00461360764570992,0.0429378572034946,-3.90945253292684,"10713833"
29.615305,49.4088777777778,3.91507113211264,0.00461665690839042,0.0429406785798421,-3.90952823010728,"10764544"
-432.949,1574.17222222222,-3.9149061904445,0.00461771578586075,0.0429406785798421,-3.90955450713155,"10907634"
-17.656985,32.0757111111111,-3.91437250218655,0.00462114369878703,0.0429406785798421,-3.90963954096055,"10714377"
-1762.25675,2156.35677777778,-3.91423957168809,0.00462199794520755,0.0429406785798421,-3.90966072380787,"10754235"
510.6195,1399.4,3.91414156605523,0.00462262786397004,0.0429406785798421,-3.90967634197288,"10704652"
-182.23945,323.575888888889,-3.91408557904289,0.00462298775480986,0.0429406785798421,-3.90968526431988,"10745757"
29.746255,23.2695277777778,3.91368076846248,0.00462559081950334,0.0429406785798421,-3.90974978250094,"10754260"
-992.577,1648.98866666667,-3.91351752231981,0.00462664099155123,0.0429406785798421,-3.90977580329698,"10826723"
-63.6147499999999,249.838777777778,-3.91344002961574,0.00462713959640388,0.0429406785798421,-3.90978815590184,"10770479"
-166.9599,305.517,-3.9130162331723,0.00462986741668785,0.042952348907945,-3.90985571702509,"10779270"
-216.53695,381.445555555556,-3.91275928478834,0.00463152213988776,0.0429540596173591,-3.90989668478647,"10724950"
-159.969925,138.879855555556,-3.91244783869514,0.00463352867564986,0.0429590310156887,-3.90994634706554,"10796468"
159.07475,488.496888888889,3.91165696577402,0.00463862818822047,0.0429926662089698,-3.91007248404284,"10940483"
91.48595,198.180222222222,3.91136290227711,0.00464052583487053,0.0429966133015882,-3.91011939424782,"10866314"
481.1393,941.605888888889,3.91081112992851,0.00464408877756521,0.0430159827355073,-3.91020742951775,"10940481"
34.9765,48.0161111111111,3.91021020978601,0.00464797242675548,0.0430383095008668,-3.91030332754565,"10886131"
-66.4489,113.293755555556,-3.90939420510186,0.00465325172323013,0.043064656079523,-3.91043358534874,"10864642"
216.9901,882.456444444444,3.90888738643919,0.00465653392745866,0.043064656079523,-3.91051450873053,"10923560"
45.92572,112.172211111111,3.90879059087952,0.00465716106741744,0.043064656079523,-3.91052996580154,"10746532"
20.99479,32.9362777777778,3.9087625432415,0.00465734280547389,0.043064656079523,-3.91053444477483,"10705553"
-33.025325,104.283877777778,-3.90863207238605,0.00465818830736266,0.043064656079523,-3.91055528051386,"10855187"
-129.99465,257.643,-3.9082729747749,0.00466051625176593,0.0430725472252736,-3.91061263253734,"10778196"
39.5886,148.026333333333,3.90680307394637,0.00467005831508129,0.0431255351992857,-3.91084747509414,"10838512"
104.57402,141.784322222222,3.90670969011835,0.00467066523816002,0.0431255351992857,-3.91086239928514,"10757810"
350.20805,385.981222222222,3.90659234673877,0.00467142800012031,0.0431255351992857,-3.91088115334467,"10872336"
349.754000000001,1373.97222222222,3.90634664065363,0.00467302558626686,0.0431255351992857,-3.91092042533253,"10802567"
-288.0937,632.480555555556,-3.90613458976378,0.00467440481780102,0.0431255351992857,-3.91095432108217,"10923576"
-139.0124,334.652111111111,-3.90602668927618,0.00467510679729369,0.0431255351992857,-3.91097156973697,"10709135"
109.3709,263.070888888889,3.90557636515539,0.004678037741731,0.04313752529301,-3.91104356494345,"10762115"
-797.010500000001,2453.93111111111,-3.90537333474163,0.00467935981562089,0.04313752529301,-3.91107602833953,"10769807"
-156.10695,264.600333333333,-3.90455250490648,0.00468470891207626,0.0431725476823835,-3.91120730011439,"10816176"
-264.2229,532.61,-3.90433698328779,0.00468611448965695,0.0431725476823835,-3.91124177441566,"10933333"
156.3985,508.257444444444,3.90354445913135,0.00469128703187766,0.0432065760874129,-3.91136856914165,"10753614"
-59.021205,84.3848333333333,-3.90329804579609,0.00469289654046989,0.0432077779808659,-3.91140800029742,"10769271"
-121.61385,899.551,-3.90227004004642,0.00469961761628091,0.0432560267933303,-3.91157254241991,"10910071"
-227.44195,312.362888888889,-3.90163309450658,0.00470378714118986,0.0432807677299907,-3.91167452421514,"10719863"
33.772535,88.4593555555556,3.90034554820291,0.00471222772756134,0.0433433316198314,-3.91188075032098,"10754401"
-82.86206,94.4008777777778,-3.90014347138588,0.00471355393154666,0.0433433316198314,-3.91191312619081,"10855707"
-834.29825,1355.78277777778,-3.89841026877667,0.00472494520630962,0.0434344081992225,-3.91219091554958,"10868673"
87.9046,179.289111111111,3.89774766276737,0.00472930792329338,0.0434381005982332,-3.91229716368578,"10778295"
17.903496,22.2283633333333,3.89771409204602,0.00472952907415707,0.0434381005982332,-3.91230254743279,"10872626"
-761.48575,1305.28588888889,-3.8976718205545,0.00472980755812212,0.0434381005982332,-3.91230932662369,"10765293"
-33.859375,47.5176888888889,-3.89662501999757,0.00473670948996547,0.0434878161658867,-3.91247723988755,"10708172"
-960.614,2073.24444444444,-3.89622917883475,0.004739322232741,0.0434981337440451,-3.91254075283042,"10896020"
-2330.4755,2588.86511111111,-3.89479967831351,0.00474877053071748,0.0435711627777577,-3.91277019736448,"10822299"
-40.5766,102.887755555556,-3.89417463525838,0.00475290811812852,0.0435858041994041,-3.91287056057129,"10806174"
-17.167385,44.3870111111111,-3.89398803799732,0.00475414408384831,0.0435858041994041,-3.91290052717252,"10760322"
135.8744,559.810222222222,3.8937301825965,0.00475585261115629,0.0435858041994041,-3.91294194101135,"10863698"
-243.7675,665.294888888889,-3.89365753617312,0.00475633407912987,0.0435858041994041,-3.91295360940392,"10881167"
-124.70945,499.169777777778,-3.89339718097125,0.00475806002717952,0.0435879478313022,-3.91299543005596,"10881685"
73.9948999999999,255.259222222222,3.89287016792454,0.0047615557653073,0.0436062978456701,-3.91308009653716,"10875256"
105.08007,122.466333333333,3.89229737600488,0.00476535829036397,0.043622886049917,-3.91317213697133,"10823012"
162.97155,367.617,3.89214753829441,0.00476635353841771,0.043622886049917,-3.91319621733872,"10830454"
-550.9737,567.7746,-3.89036872423245,0.00477818581149061,0.0437174820848376,-3.91348219572966,"10702695"
-87.9547999999999,286.744777777778,-3.88986094817831,0.00478156921262833,0.0437347410700451,-3.91356386625671,"10728558"
-156.8659,528.871222222222,-3.88876358108207,0.00478888995969782,0.0437879910117722,-3.91374042075444,"10771869"
57.4807,406.318777777778,3.88780633180919,0.00479528578978519,0.0438327531485559,-3.91389449251123,"10779671"
-69.88858,70.7617888888889,-3.88701929181406,0.00480055124794213,0.0438671580098158,-3.91402121102548,"10856673"
18.762525,29.9944,3.88614385251928,0.00480641541494965,0.0439070106104875,-3.91416220734159,"10880497"
-1121.402,1443.02111111111,-3.88540824406367,0.00481134887052208,0.0439255949402362,-3.91428071941878,"10842018"
-125.58805,716.157888888889,-3.88539213541984,0.00481145696613801,0.0439255949402362,-3.91428331501706,"10797009"
48.20497,115.565711111111,3.88516776043405,0.00481296288578436,0.0439256162903168,-3.9143194703997,"10764361"
-218.1924,507.909,-3.88491586469891,0.00481465411769368,0.0439273283554975,-3.91436006413352,"10861890"
15.730945,29.8633111111111,3.88445213954639,0.00481776924566332,0.0439386378521545,-3.91443480505195,"10935843"
-57.32882,95.2429444444444,-3.88428363241559,0.00481890174841867,0.0439386378521545,-3.91446196748743,"10740240"
-299.07475,977.229888888889,-3.88291622558049,0.0048281024019029,0.0440087936253327,-3.91468245097377,"10700003"
-44.7674,191.194777777778,-3.88234673673806,0.00483193979678495,0.044022874679405,-3.91477431062882,"10890003"
219.74625,793.348,3.88223975750968,0.00483266102200492,0.044022874679405,-3.91479156882389,"10787071"
21.03975,25.6819,3.88175018111091,0.00483596309071551,0.0440308388358023,-3.91487055772186,"10716655"
105.36145,156.455111111111,3.88166325155152,0.00483654966194597,0.0440308388358023,-3.91488458460106,"10846114"
46.504295,71.3166555555556,3.87915165531177,0.00485353011485359,0.0441716600546208,-3.91529005555602,"10840975"
28.6219,82.7596444444444,3.87868846291048,0.00485666866520044,0.0441734255743691,-3.91536487577474,"10813851"
124.9517,299.921888888889,3.87867672401098,0.00485674823525959,0.0441734255743691,-3.9153667721508,"10701830"
110.4727,199.121777777778,3.87761221359991,0.00486396965658036,0.0442253375497475,-3.91553877537197,"10734043"
1977.9725,8129.60888888889,3.87738843406404,0.00486548919812603,0.0442253893696496,-3.91557494251997,"10809399"
699.188,1654.93222222222,3.87681410735637,0.0048693914124628,0.0442470919824847,-3.91566777914316,"10726650"
340.8548,409.389222222222,3.87652394534066,0.004871364172074,0.0442512540183364,-3.91571468994241,"10705485"
76.53723,140.148566666667,3.87579730514564,0.00487630823703318,0.0442823962812208,-3.91583218952297,"10889657"
19.089925,37.9115111111111,3.87511220348834,0.00488097461082682,0.0443109982227144,-3.91594300218963,"10887228"
299.36765,396.416888888889,3.87470624104574,0.00488374197103669,0.0443223479160813,-3.91600867884716,"10769908"
-138.3133,468.388222222222,-3.8741975976403,0.00488721166477268,0.0443242617281904,-3.91609098166683,"10829831"
417.95595,959.1,3.87411505108603,0.00488777500299243,0.0443242617281904,-3.91610433991294,"10733750"
-118.98505,547.912555555556,-3.87397931997907,0.00488870145036714,0.0443242617281904,-3.91612630576457,"10801287"
27.17253,86.4438,3.87375076785674,0.0048902618839084,0.0443242617281904,-3.91616329575564,"10800342"
878.4835,3619.73111111111,3.87348221909549,0.00489209607715154,0.0443242617281904,-3.91620676313785,"10759492"
60.77962,97.8766444444445,3.87332345725529,0.00489318077116932,0.0443242617281904,-3.91623246248039,"10780491"
161.34535,285.845444444444,3.87293603500549,0.00489582880540623,0.0443242617281904,-3.91629518245811,"10781014"
11.587745,40.9674888888889,3.87289773616286,0.00489609066190424,0.0443242617281904,-3.91630138318224,"10705431"
173.05725,240.079333333333,3.87228891060024,0.00490025533962274,0.0443482216517159,-3.91639996651218,"10714411"
-414.236,1247.82511111111,-3.87159593779754,0.00490500025848068,0.0443734279793939,-3.91651220326905,"10865740"
-49.3645,226.166222222222,-3.87143859077012,0.00490607833139735,0.0443734279793939,-3.91653769199967,"10778192"
-13.429275,32.6609333333333,-3.87118728729404,0.00490780068065462,0.044374127066756,-3.9165784039736,"10879553"
-454.795000000001,2297.64888888889,-3.87098413507916,0.00490919349215291,0.044374127066756,-3.91661131815323,"10787256"
159.066882,88.68526,3.87020939580666,0.00491450900255654,0.0444006414602559,-3.9167368628586,"10764773"
-125.915,609.540777777778,-3.87011362591004,0.00491516651203079,0.0444006414602559,-3.91675238473667,"10812068"
-50.0421500000001,228.358444444444,-3.86889502344841,0.00492354109839895,0.044462543940843,-3.91694993910862,"10831332"
-79.499,202.637111111111,-3.86816646400812,0.00492855528784914,0.0444940711307864,-3.91706809395948,"10731711"
30.192051,24.6917133333333,3.86733152664766,0.00493430835106219,0.0445322471942943,-3.91720354130955,"10872057"
-59.612735,98.1873111111111,-3.8665931659349,0.00493940197111796,0.0445644500260161,-3.91732335765196,"10836347"
-760.926499999999,1792.72444444444,-3.86560848357459,0.0049462036433856,0.0446120386655965,-3.91748319819381,"10810649"
801.5464,1166.56944444444,3.86492980709818,0.00495089744211448,0.0446405919363989,-3.91759340081261,"10932740"
-230.0764,171.149022222222,-3.86445575288339,0.00495417888918586,0.0446523395489912,-3.91767039412311,"10903911"
-91.777325,141.851877777778,-3.86430004350633,0.00495525723344388,0.0446523395489912,-3.91769568664408,"10925669"
-28.74375,60.4366,-3.86387118338159,0.00495822854977818,0.0446607812045133,-3.91776535597356,"10806246"
-104.9797,304.483555555556,-3.86372359691072,0.00495925153102762,0.0446607812045133,-3.91778933438708,"10850492"
185.10877,203.660544444444,3.86250928282666,0.0049676770408416,0.0447228712083656,-3.91798667577542,"10794016"
75.302,223.792555555556,3.861853001987,0.00497223703908593,0.0447501333517733,-3.91809336791066,"10937624"
25.9492,45.0980777777778,3.86039566616172,0.00498237904329306,0.0448174989511021,-3.91833038412558,"10921270"
874.7655,2195.39666666667,3.86020848038349,0.00498368333016767,0.0448174989511021,-3.91836083697836,"10902467"
34.220629,32.3827644444444,3.86011649075637,0.00498432443664444,0.0448174989511021,-3.91837580337328,"10716552"
-445.29835,909.943222222222,-3.85925946039486,0.00499030162587798,0.0448497807134385,-3.91851526458888,"10878416"
30.26583,107.3249,3.85911934814059,0.00499127954300654,0.0448497807134385,-3.91853806886284,"10730297"
15.796395,29.0155,3.85885503111445,0.00499312491090325,0.0448497807134385,-3.91858109168429,"10935700"
-31.15079,88.1556444444444,-3.85872178362077,0.00499405547548489,0.0448497807134385,-3.91860278199863,"10800126"
-1040.0995,1656.49755555556,-3.8583271119668,0.00499681284884413,0.0448578803165055,-3.91866703399354,"10839443"
35.96322,102.129933333333,3.85803757713529,0.0049988367234037,0.0448578803165055,-3.9187141760335,"10710154"
-34.001,110.907044444444,-3.85793358539429,0.00499956384988506,0.0448578803165055,-3.91873110923645,"10817340"
121.68365,473.071222222222,3.85768979557434,0.00500126891161117,0.044859401284559,-3.91877080870923,"10713362"
14.242675,30.8311777777778,3.85643448926348,0.0050100583929048,0.0449244462524005,-3.91897528525039,"10704437"
413.597600000001,921.414555555556,3.8553779941024,0.00501746868073562,0.0449673863231878,-3.91914745364469,"10803676"
-35.48328,86.3048333333333,-3.85531290076801,0.00501792563201178,0.0449673863231878,-3.91915806365108,"10892912"
100.4536,368.627444444444,3.85487331279869,0.00502101268307286,0.0449812525370409,-3.91922972201151,"10864441"
-213.37425,805.53,-3.85446068727579,0.00502391224312381,0.0449934311068728,-3.91929699612419,"10754563"
-299.73175,1069.73788888889,-3.85402616827021,0.00502696759447632,0.0450069970288174,-3.91936785121612,"10905716"
57.21475,216.146777777778,3.85309391221319,0.00503352955366332,0.0450438932072835,-3.91951990984835,"10935215"
-16.520695,34.6122888888889,-3.85300265906167,0.00503417235988844,0.0450438932072835,-3.91953479690303,"10873688"
25.869695,80.2790222222222,3.85272261339246,0.0050361456103274,0.0450477519473683,-3.91958048684689,"10774422"
-50.142385,82.1770555555556,-3.85131645814863,0.00504606618598361,0.0451061019479815,-3.91980997757449,"10882065"
93.0739,208.933777777778,3.85126175476103,0.00504645254799513,0.0451061019479815,-3.91981890790359,"10899315"
265.592,1297.49888888889,3.85108689158255,0.00504768779405284,0.0451061019479815,-3.9198474555746,"10905917"
113.6397,282.659333333333,3.85092313915263,0.00504884484733003,0.0451061019479815,-3.91987419106783,"10865956"
-233.02995,565.566333333333,-3.85058908346257,0.00505120612427051,0.0451134013189969,-3.91992873678785,"10778759"
257.0551,1016.29411111111,3.85022368867031,0.00505379027985256,0.0451226861967031,-3.91998840764378,"10793456"
31.44042,89.0613,3.84950332539253,0.00505888901217526,0.0451476828380618,-3.92010607112141,"10915195"
76.5297,120.3375,3.84939153548492,0.00505968075620642,0.0451476828380618,-3.92012433368914,"10833568"
10.857263,11.6761122222222,3.84884541278448,0.00506355054408623,0.0451684169755527,-3.92021356229859,"10716934"
337.39049,237.225088888889,3.84845576751952,0.00506631348588693,0.0451792680637059,-3.92027723613697,"10813992"
1019.7199,762.138444444444,3.84792053314404,0.00507011142680812,0.045199339402738,-3.92036471687764,"10940455"
678.3645,1924.38333333333,3.84744518710494,0.00507348697205911,0.0452156340456788,-3.92044242425889,"10765495"
421.99565,901.070222222222,3.84686756299353,0.00507759206575425,0.0452249732861199,-3.92053687060619,"10933899"
-67.72615,166.862888888889,-3.84686208533203,0.00507763101179137,0.0452249732861199,-3.92053776634929,"10869728"
-72.9642999999998,256.838222222222,-3.84640141296784,0.00508090752872336,0.0452403634697118,-3.92061310522915,"10929676"
57.36234,106.431033333333,3.84587610895799,0.00508464650608548,0.0452598607644062,-3.92069903024153,"10830888"
-441.4095,446.1448,-3.84533544373303,0.00508849790536236,0.0452803465754663,-3.92078748594752,"10728478"
50.74794,102.0382,3.84508375396414,0.00509029187188511,0.0452825172793093,-3.9208286699717,"10732725"
-21.4662,189.058666666667,-3.84480288003655,0.00509229465567399,0.0452865437049802,-3.92087463408348,"10729632"
71.98735,228.792777777778,3.84398554106655,0.00509812754074193,0.0453246189821165,-3.92100841705894,"10807685"
-79.72595,255.645444444444,-3.84278804175719,0.00510668637010286,0.0453807260927542,-3.92120450063818,"10762044"
-66.3484,357.047222222222,-3.84256092019355,0.00510831140458431,0.0453807260927542,-3.92124170060999,"10771018"
186.39875,276.899888888889,3.84245091863695,0.00510909865540729,0.0453807260927542,-3.92125971879588,"10865452"
79.6363,378.841111111111,3.84201346849794,0.00511223065448343,0.0453851987920337,-3.92133138035389,"10715025"
21.057045,34.3579666666667,3.84151802600028,0.00511578034886395,0.0453851987920337,-3.92141255649428,"10734720"
-19.26573,36.9318333333333,-3.84149222776635,0.00511596525779568,0.0453851987920337,-3.9214167838461,"10905116"
-873.59275,1130.41055555556,-3.84140887929344,0.00511656270729875,0.0453851987920337,-3.92143044178376,"10832175"
-66.77535,343.586666666667,-3.84129628405187,0.00511736991924965,0.0453851987920337,-3.92144889294839,"10724494"
37.20275,172.477555555556,3.84066802887734,0.00512187648362205,0.0454113807564596,-3.92155186072337,"10704129"
226.38767,166.991822222222,3.83987147904697,0.00512759637508714,0.045436537814228,-3.92168244668413,"10840667"
42.93122,121.632822222222,3.83977196124669,0.00512831147749058,0.045436537814228,-3.92169876437467,"10749714"
-310.739325,280.581233333333,-3.83962331391652,0.00512937980801411,0.045436537814228,-3.92172313887035,"10887445"
-226.89325,352.911555555556,-3.83909823653452,0.00513315545945999,0.0454561999371519,-3.92180924969814,"10727156"
28.009075,31.0848777777778,3.83816329994451,0.00513988565450687,0.0455020059123526,-3.92196261877524,"10791533"
389.33595,739.485,3.83789034818792,0.00514185229920791,0.0455056264977461,-3.92200740472607,"10820666"
-903.03625,1207.86055555556,-3.8373394878221,0.00514582376343978,0.0455154481534465,-3.9220978041805,"10728736"
-137.18795,738.720777777778,-3.83721293423654,0.00514673662487887,0.0455154481534465,-3.9221185750636,"10760797"
57.60057,78.5917333333333,3.83708826155998,0.00514763608882684,0.0455154481534465,-3.92213903822085,"10873850"
30.33789,62.1870666666667,3.83658852990388,0.00515124314852637,0.0455335604662781,-3.92222107149452,"10883799"
-457.9928,622.840444444444,-3.83616785129953,0.005154281706878,0.045546638168401,-3.92229013998976,"10901722"
1949.16201,1002.94546666667,3.83592370748082,0.00515604603795311,0.0455484514523019,-3.92233022947477,"10844331"
-416.364,1326.59733333333,-3.83468054963093,0.00516503990816758,0.0455575096284247,-3.92253441946677,"10796564"
731.08685,964.759888888889,3.83467447952007,0.00516508386486554,0.0455575096284247,-3.92253541672691,"10899619"
-180.84185,353.974444444444,-3.83461289875116,0.00516552982460154,0.0455575096284247,-3.92254553397871,"10754354"
-82.3752499999999,410.667777777778,-3.8344975065118,0.00516636559112053,0.0455575096284247,-3.92256449268675,"10839419"
157.8873,212.197333333333,3.83427220667902,0.00516799781812508,0.0455575096284247,-3.92260151139647,"10778568"
-869.4927,799.173,-3.8342208822487,0.00516836972500484,0.0455575096284247,-3.92260994488968,"10803878"
30.064265,68.9213555555556,3.83420367890112,0.00516849439025997,0.0455575096284247,-3.92261277173478,"10783465"
-347.92875,549.983,-3.83379331090545,0.00517146910734878,0.0455575096284247,-3.9226802086989,"10940616"
195.061263,98.5301066666667,3.83363255442766,0.00517263491602651,0.0455575096284247,-3.92270662916043,"10767482"
-1351.30375,1739.63455555556,-3.83362829271335,0.00517266582588775,0.0455575096284247,-3.92270732959882,"10712743"
162.5378,276.798222222222,3.83275588228211,0.00517899752224654,0.0455995279128723,-3.92285073952178,"10700034"
84.1137,277.196666666667,3.83220412214726,0.00518300632726528,0.0456210746745188,-3.92294146449215,"10789087"
-89.56795,248.835222222222,-3.83169530470069,0.00518670608433888,0.0456277198177523,-3.92302514542301,"10883557"
-190.377,2025.52,-3.83167071291318,0.00518688497004023,0.0456277198177523,-3.92302919023984,"10838466"
-233.8567,452.037888888889,-3.831139262576,0.00519075246678508,0.0456363581961238,-3.92311661160416,"10723419"
139.82534,137.836755555556,3.83110646464786,0.00519099124685833,0.0456363581961238,-3.92312200730811,"10911380"
-13.25236,48.0899222222222,-3.83081074429759,0.00519314472396076,0.0456365125330673,-3.92317066036907,"10735375"
48.99993,88.7160666666667,3.83067506331109,0.0051941330927791,0.0456365125330673,-3.92319298497171,"10930299"
-2026.254,3800.44666666667,-3.83043759399407,0.00519586342506199,0.0456379898075048,-3.92323206035111,"10825362"
69.416515,87.5954444444444,3.82932301432401,0.00520399313597518,0.0456956583932608,-3.92341551088433,"10816418"
-101.79585,372.221,-3.82860385078923,0.00520924593787331,0.0457280381096848,-3.92353392067839,"10812610"
-33.905915,68.3575444444444,-3.82754532031525,0.00521698784372262,0.0457822417742604,-3.92370826619458,"10912977"
236.42875,348.074444444444,3.82686440969966,0.005221974429125,0.045783532440731,-3.92382045300146,"10861968"
33.670245,82.6627333333333,3.8267914731604,0.0052225088762584,0.045783532440731,-3.9238324717529,"10916454"
-45.4801500000001,268.304,-3.8266618157313,0.00522345909423653,0.045783532440731,-3.92385383800796,"10780716"
-126.97045,251.850888888889,-3.82642263401522,0.00522521246761418,0.045783532440731,-3.92389325555267,"10922745"
-192.213,992.15,-3.82632956966765,0.0052258948666348,0.045783532440731,-3.92390859368505,"10872018"
-104.5827,474.58,-3.82620658469976,0.00522679680680374,0.045783532440731,-3.92392886393452,"10738705"
-31.744,145.304555555556,-3.82602822297637,0.00522810516267128,0.045783532440731,-3.92395826301262,"10879242"
69.2553000000001,270.997333333333,3.82507772842532,0.0052350833560129,0.0458309035548579,-3.92411496528635,"10816470"
-418.5855,921.392,-3.82481274430641,0.00523703055628202,0.0458342152999469,-3.92415866175118,"10869616"
358.26285,710.815333333333,3.82375095501472,0.00524484077180688,0.0458668786814139,-3.92433379750448,"10779811"
-68.5049,187.196777777778,-3.82357700027637,0.00524612152369252,0.0458668786814139,-3.92436249706169,"10808296"
104.8439,428.202888888889,3.82346346539677,0.00524695761182908,0.0458668786814139,-3.92438122940349,"10749797"
61.9899,150.310666666667,3.82344734257361,0.00524707635434578,0.0458668786814139,-3.92438388960546,"10835169"
-19.96037,48.0255444444444,-3.82323875466596,0.00524861283740558,0.0458668786814139,-3.92441830726062,"10713472"
-267.70355,748.435444444444,-3.82143582613997,0.00526191355764657,0.0459693608472149,-3.92471591035277,"10822904"
37.656335,70.6715888888889,3.82080267614009,0.00526659306269235,0.0459964872147965,-3.92482047081339,"10783396"
41.48064,93.2977,3.82012030692446,0.00527164133815154,0.0460268171108067,-3.92493318779561,"10782056"
1266.0265,2035.29444444444,3.81990337255404,0.00527324734037146,0.0460270832989578,-3.92496902819467,"10816886"
31.367295,37.7297,3.81653610273623,0.00529824323756314,0.0462314450245429,-3.92552572597188,"10705937"
-25.048675,74.1433555555556,-3.81612303637915,0.00530131825119105,0.046235280480945,-3.92559406592204,"10825171"
155.6585,289.100555555556,3.81605189138321,0.005301848073224,0.046235280480945,-3.92560583762558,"10724993"
-212.0099,896.329777777778,-3.81547454019152,0.00530614975164622,0.0462589850327044,-3.925701378401,"10846095"
-147.43695,430.862666666667,-3.81520927472371,0.00530812742387008,0.0462624208117364,-3.92574528191,"10812422"
-131.7838,266.712222222222,-3.81468164744595,0.00531206347123723,0.0462777305627628,-3.92583262156141,"10773266"
-39.87593,58.5357444444444,-3.81454916809924,0.00531305224575568,0.0462777305627628,-3.92585455400827,"10794320"
879.59685,1140.93033333333,3.81406111741366,0.00531669657076254,0.0462956702289886,-3.92593536217413,"10839876"
185.1467,335.645222222222,3.81335421392827,0.00532197984782583,0.0463190451927792,-3.926052433207,"10714846"
-44.068875,119.366433333333,-3.81327770236306,0.00532255201999589,0.0463190451927792,-3.92606510626194,"10802884"
-116.62565,436.121777777778,-3.81291665554432,0.00532525290679764,0.0463276201211347,-3.92612491353542,"10936899"
200.2001,247.100222222222,3.81272209403752,0.0053267089747002,0.0463276201211347,-3.92615714599388,"10791652"
-72.0975499999999,351.796444444444,-3.8121040298222,0.00533133730455044,0.0463540738140288,-3.92625955483017,"10803511"
-1031.0265,1454.934,-3.81160867854788,0.00533504982135128,0.0463717071236117,-3.92634164843963,"10899139"
-243.91195,452.671888888889,-3.81140995290615,0.00533653999279738,0.0463717071236117,-3.92637458721657,"10702367"
334.91725,371.047111111111,3.81095234195964,0.00533997314919685,0.0463877417724166,-3.92645044573101,"10940447"
-13.459185,21.1204,-3.80914708491696,0.00535353994035056,0.0464879858949555,-3.92674983374987,"10807957"
-82.0089000000001,448.855,-3.80899355607664,0.00535469543836946,0.0464879858949555,-3.92677530484184,"10739371"
69.39159,99.9208666666667,3.80782135240953,0.0053635265714083,0.0465508215261801,-3.92696982762161,"10799076"
-83.2272,282.143333333333,-3.80748676452702,0.00536605015021072,0.0465588919181039,-3.92702536717451,"10937604"
-126.29065,327.177222222222,-3.80715900205022,0.00536852348425823,0.0465665216951069,-3.92707978062328,"10881178"
-455.842325,407.423411111111,-3.80693557675452,0.00537021017852273,0.0465673256620253,-3.92711687644568,"10775936"
26.820815,87.8249222222222,3.80619541638904,0.00537580189842278,0.046590424682061,-3.92723978957584,"10801698"
88.66155,220.758333333333,3.80596360878489,0.00537755442870826,0.046590424682061,-3.9272782913384,"10770172"
-32.9819,102.403377777778,-3.80594986114928,0.00537765838392242,0.046590424682061,-3.92728057483977,"10702670"
-28.915065,95.3416,-3.8050932780079,0.00538413984386283,0.0466248910278158,-3.92742287810028,"10757332"
236.02299,165.336866666667,3.80481741512486,0.00538622898333995,0.0466248910278158,-3.92746871680723,"10855449"
-25.573735,80.1437555555556,-3.80479159529286,0.00538642456421163,0.0466248910278158,-3.92747300740178,"10816531"
483.6175,2470.12111111111,3.8045125570709,0.00538853871767684,0.046629375029091,-3.92751937909994,"10764839"
-172.64125,643.651555555556,-3.80361158282285,0.00539537109280004,0.0466746731137283,-3.92766914032226,"10701361"
-85.7448999999999,346.461555555556,-3.80293373661918,0.0054005175409681,0.046689525614019,-3.92778184679735,"10783917"
-67.455455,101.851977777778,-3.80288818393528,0.00540086358179207,0.046689525614019,-3.92778942195284,"10789199"
65.65272,142.345766666667,3.80275406660269,0.00540188254177395,0.046689525614019,-3.92781172567581,"10911707"
14.5392,21.5726166666667,3.80133229206714,0.00541269719762731,0.0467691617661888,-3.92804823702294,"10795921"
304.3057,1055.61877777778,3.80104077412288,0.00541491748117707,0.0467745119145793,-3.92809674669625,"10777711"
167.31415,425.795444444444,3.79961520740727,0.00542578907754119,0.0468378655011508,-3.92833404395599,"10805029"
-212.974825,250.092722222222,-3.79949545744881,0.00542670337466929,0.0468378655011508,-3.92835398318833,"10823555"
495.55335,871.734333333333,3.79934729790531,0.00542783480911176,0.0468378655011508,-3.92837865408107,"10746654"
-438.92425,557.663555555555,-3.79923863691801,0.00542866476986707,0.0468378655011508,-3.92839674872885,"10867329"
82.9144000000001,172.440444444444,3.79880952817464,0.00543194366467569,0.046852318340666,-3.92846821289888,"10856961"
22.26673,54.3153444444444,3.79859263703314,0.0054336017756681,0.0468527869759055,-3.92850433859822,"10897891"
689.422,2722.98777777778,3.79616043314567,0.00545223294355303,0.0469995671917847,-3.92890965450164,"10871286"
51.26473,76.6570444444445,3.79562333645205,0.00545635643815797,0.0470167867204291,-3.92899920990766,"10797811"
42.63076,96.7992444444444,3.79548106146359,0.00545744929721966,0.0470167867204291,-3.92902293588398,"10727109"
132.9249,191.290333333333,3.79462307831397,0.00546404471370165,0.0470406650880131,-3.92916604162075,"10842121"
111.3849,191.095,3.79452727274742,0.00546478171252913,0.0470406650880131,-3.92918202423914,"10738934"
133.1194,290.790777777778,3.7944277315315,0.0054655475613079,0.0470406650880131,-3.92919863066948,"10773862"
-77.2134,368.776333333333,-3.79428293437053,0.00546666180508676,0.0470406650880131,-3.92922278825945,"10913899"
145.227986,71.5628355555556,3.79368374671256,0.00547127526667776,0.0470665004831343,-3.92932276937138,"10747296"
63.561195,97.7252,3.79283432345023,0.00547782257908259,0.0471039012182107,-3.92946454418342,"10850442"
323.20927,240.747044444444,3.79270142838432,0.00547884768739235,0.0471039012182107,-3.92948672946966,"10793495"
-31.077975,126.502166666667,-3.79222811954681,0.00548250030531531,0.0471050079634869,-3.92956575200023,"10758212"
-241.6962,1033.93466666667,-3.79215385930922,0.00548307362316795,0.0471050079634869,-3.92957815160786,"10882890"
-43.5847,193.868222222222,-3.79205801753721,0.00548381365385839,0.0471050079634869,-3.92959415531191,"10940656"
94.564,174.170444444444,3.79179564092387,0.00548584011116195,0.0471085634942638,-3.9296379700708,"10904930"
66.5143,362.304111111111,3.79098250735422,0.00549212542333967,0.0471260660058632,-3.9297737845729,"10834190"
162.9038,619.064888888889,3.79088072492207,0.00549291271875124,0.0471260660058632,-3.92979078785431,"10772665"
105.27865,422.255111111111,3.79075413439568,0.00549389207562867,0.0471260660058632,-3.92981193637576,"10841066"
-150.81785,457.931444444444,-3.79067933812634,0.00549447081860877,0.0471260660058632,-3.92982443250176,"10766253"
125.10604,203.233644444444,3.79048898849221,0.00549594396118217,0.0471260660058632,-3.9298562356001,"10924860"
203.963,527.434222222222,3.79014590519921,0.00549860020053975,0.0471282988575199,-3.92991356284479,"10794680"
1736.6615,5173.43555555556,3.78999262233702,0.00549978740080287,0.0471282988575199,-3.92993917795016,"10803653"
79.089,311.571666666667,3.7898304191954,0.00550104398932508,0.0471282988575199,-3.92996628535212,"10742674"
53.1843999999999,298.388111111111,3.7887232856264,0.00550962918326123,0.0471880114218099,-3.93015135432632,"10777094"
153.58325,521.430222222222,3.78805544953824,0.00551481481871413,0.0472185815105259,-3.93026302785639,"10936705"
30.878325,29.6466,3.78776765673031,0.00551705109471581,0.0472238882745466,-3.93031116045497,"10741912"
76.4387,121.103555555556,3.78718294747593,0.00552159753591662,0.0472304376231005,-3.93040896780155,"10938407"
-28.823165,40.7942444444444,-3.78718053828091,0.00552161627706075,0.0472304376231005,-3.93040937084513,"10890492"
91.3264,361.982111111111,3.78704556348033,0.00552266635587428,0.0472304376231005,-3.93043195189352,"10702309"
233.992,1175.36444444444,3.78652280279061,0.00552673535736441,0.0472514037840339,-3.93051941979487,"10920632"
128.42245,76.2304444444444,3.78507782589461,0.005537999322279,0.04730356488665,-3.93076128275291,"10836945"
456.0804,949.716,3.78495298577184,0.00553897363727818,0.04730356488665,-3.93078218497241,"10872575"
79.0053999999999,315.648111111111,3.78482161732793,0.00553999910099155,0.04730356488665,-3.93080418131375,"10816394"
122.21575,564.918111111111,3.78481995167299,0.00554001210442133,0.04730356488665,-3.9308044602182,"10755171"
171.4946,273.006222222222,3.78468037582069,0.00554110186099534,0.04730356488665,-3.93082783202859,"10923940"
460.085,1353.55222222222,3.78449473835769,0.00554255160563439,0.04730356488665,-3.93085891872499,"10725724"
-436.3809,721.037333333333,-3.78396387456161,0.0055466996561715,0.0473251412837015,-3.93094782886179,"10774163"
25.4488,36.7127777777778,3.78354838463123,0.00554994852270063,0.0473390353699785,-3.93101742848544,"10744545"
-577.776999999999,2204.25222222222,-3.78296361112187,0.00555452453520838,0.0473626048134958,-3.93111540381884,"10829976"
-72.1599,221.410333333333,-3.78278101555645,0.00555595422386014,0.0473626048134958,-3.93114600109066,"10904418"
171.20935,259.601444444444,3.78193139112992,0.00556261181174799,0.047405525515871,-3.93128839938115,"10798538"
-258.694,569.306888888889,-3.78171845232598,0.00556428172269996,0.0474059277477272,-3.93132409545112,"10819672"
30.34456,61.7311111111111,3.78142657654062,0.00556657154720705,0.0474116096735005,-3.93137302884932,"10741606"
-287.7358,744.618222222222,-3.78077200198894,0.00557171049021009,0.0474343794881729,-3.93148278898538,"10832555"
164.0657,244.765888888889,3.78060637400087,0.00557301161069875,0.0474343794881729,-3.93151056609288,"10940007"
79.46765,194.728555555556,3.78046582188648,0.00557411599859306,0.0474343794881729,-3.93153413915365,"10876688"
62.13817,140.420044444444,3.78016953414499,0.0055764448473269,0.0474403785002353,-3.93158383594747,"10939713"
-1303.54525,1565.20455555556,-3.7791953658228,0.00558410925373432,0.0474917518889649,-3.93174727418256,"10921936"
325.99075,630.173777777778,3.77856296247216,0.00558909081952421,0.0475089076074202,-3.93185340623343,"10850257"
79.263334,47.4813644444444,3.77847098042413,0.00558981577692853,0.0475089076074202,-3.93186884509646,"10862200"
282.1209,1097.41866666667,3.77820284436865,0.00559192966903558,0.0475089076074202,-3.93191385387284,"10876224"
131.8146,435.119666666667,3.77811385950385,0.00559263138433347,0.0475089076074202,-3.93192879170714,"10908393"
1651.8545,3541.88555555556,3.77749981751162,0.00559747615935993,0.0475362408487038,-3.93203188434283,"10929286"
1063.0365,1716.52666666667,3.776961252528,0.00560172912565326,0.0475585337625209,-3.93212232483103,"10802128"
-65.4917,274.139777777778,-3.77652014150538,0.00560521509271477,0.0475608801266465,-3.93219641381174,"10939166"
226.83686,181.603622222222,3.77651426762495,0.00560526152789909,0.0475608801266465,-3.93219740047222,"10885693"
-77.7627499999999,264.546777777778,-3.77623726721138,0.00560745178622945,0.0475656493852808,-3.93224393190379,"10910953"
-34.50907,55.4355555555556,-3.77541141218086,0.00561398731555477,0.0476072642776828,-3.93238269082338,"10735870"
-35.821905,93.4569333333333,-3.77398756033642,0.00562527436162141,0.0476891367383656,-3.93262202664433,"10893431"
17.538145,25.8768111111111,3.77369031286239,0.00562763374542713,0.0476952980095469,-3.93267200744476,"10745134"
30.974725,36.4505444444444,3.77337768897467,0.00563011632285141,0.0477006749100252,-3.93272457981498,"10746538"
75.56326,120.816411111111,3.77319925925228,0.00563153377711635,0.0477006749100252,-3.93275458823627,"10939194"
95.8730499999999,181.598444444444,3.77258820618796,0.00563639091010693,0.0477249472613412,-3.93285737094725,"10746093"
58.73722,160.233711111111,3.77242780713319,0.00563766663239845,0.0477249472613412,-3.93288435496711,"10883898"
-595.543,666.088222222222,-3.77215576175559,0.00563983103315955,0.0477294391085525,-3.93293012507141,"10846694"
91.26475,134.852111111111,3.77184671622688,0.0056422908886065,0.0477364280393137,-3.9329821259877,"10899053"
-55.1455500000001,595.333666666667,-3.77087326543697,0.00565004661122369,0.0477882054720002,-3.93314596164462,"10861778"
55.797145,106.999511111111,3.77030390266862,0.0056545881592732,0.0477976957936142,-3.93324181578252,"10781773"
-132.34295,514.518111111111,-3.76994840108322,0.00565742581753179,0.0477976957936142,-3.93330167619387,"10905124"
-684.38175,791.655333333333,-3.76973018412005,0.00565916840850063,0.0477976957936142,-3.93333842422078,"10893899"
-1564.97,2639.54777777778,-3.76942768475336,0.00566158499545042,0.0477976957936142,-3.93338937055902,"10767001"
-190.38355,571.107888888889,-3.76942515128724,0.00566160523930583,0.0477976957936142,-3.93338979726506,"10863187"
-596.032999999999,2119.85444444444,-3.76932406860528,0.00566241301152183,0.0477976957936142,-3.93340682273057,"10895705"
583.41385,763.434444444444,3.76929797862073,0.00566262152193122,0.0477976957936142,-3.93341121720113,"10899826"
49.539295,91.1632444444444,3.76854987145673,0.00566860387463455,0.0478343713441865,-3.93353724329072,"10708011"
113.123045,88.8559888888889,3.76800147551294,0.00567299350781502,0.0478379813228382,-3.93362964880756,"10834109"
-105.21965,354.669111111111,-3.767810846935,0.00567452024652729,0.0478379813228382,-3.93366177451309,"10724778"
34.270427,25.0554988888889,3.7675116754597,0.00567691718987053,0.0478379813228382,-3.93371219711786,"10932107"
444.50325,911.943,3.76746080767198,0.00567732484733918,0.0478379813228382,-3.93372077098669,"10905248"
309.6811,628.808444444444,3.76734396947639,0.0056782613143415,0.0478379813228382,-3.93374046492932,"10745387"
-26.2545,152.768333333333,-3.7672696987249,0.00567885668609581,0.0478379813228382,-3.93375298426888,"10908182"
373.5129,811.142333333333,3.76686774893333,0.00568207997062624,0.0478513359071419,-3.93382074447422,"10753602"
138.38965,283.921111111111,3.76662600470776,0.00568401949112746,0.0478538747590195,-3.93386150240623,"10873649"
-711.61475,1517.50677777778,-3.76525359289008,0.00569504384176433,0.0479328754806405,-3.93409296120706,"10917622"
653.6975,1661.92222222222,3.76489598268206,0.00569792022480797,0.0479432723063192,-3.934153292401,"10940592"
-510.88415,833.674777777778,-3.76423743851026,0.00570322119748047,0.0479740581811674,-3.93426441458667,"10741814"
53.46449,94.7300555555556,3.7636765286425,0.00570774042664431,0.0479982523960814,-3.93435908397405,"10939513"
685.0156,878.833777777778,3.76299901432798,0.00571320425001533,0.0480129143636973,-3.93447346056394,"10717882"
-80.6778,211.872,-3.76293352328575,0.00571373270035656,0.0480129143636973,-3.93448451818931,"10868384"
-131.1797,559.742111111111,-3.7628490455108,0.00571441443289435,0.0480129143636973,-3.93449878197516,"10815150"
71.579125,121.702244444444,3.76238562005877,0.00571815580990922,0.0480305358915147,-3.93457703793629,"10760754"
-575.92585,702.565555555556,-3.76017408852617,0.00573604636869211,0.0481616791019739,-3.93495067622151,"10858374"
224.67885,1018.16266666667,3.76004828206229,0.00573706590247379,0.0481616791019739,-3.93497194066315,"10734188"
65.602,344.413444444444,3.75948850759715,0.00574160466095607,0.0481722053569829,-3.93506656888098,"10830699"
28.38963,40.1123333333333,3.75945413618415,0.00574188347627389,0.0481722053569829,-3.93507237992236,"10751073"
-27.98066,53.1248111111111,-3.75923304526908,0.00574367727661523,0.0481722053569829,-3.93510976071876,"10745533"
148.87145,260.782888888889,3.75908046528731,0.00574491557005985,0.0481722053569829,-3.93513555990639,"10940250"
101.0055,258.941333333333,3.75793648551543,0.00575420888293683,0.0482276278459714,-3.93532903887066,"10920860"
-17.80651,43.8040555555556,-3.75786048965574,0.00575482681834245,0.0482276278459714,-3.93534189487322,"10927871"
56.040215,85.6262222222222,3.75712082239654,0.00576084489443713,0.0482518821686912,-3.93546704165318,"10705849"
81.64715,180.917222222222,3.75709878015513,0.00576102433779677,0.0482518821686912,-3.93547077159323,"10751459"
-145.79775,288.137,-3.75488052019582,0.00577911359537221,0.048389516931844,-3.93584630041834,"10733367"
68.28595,135.872111111111,3.754398578293,0.00578305172949794,0.048393371968362,-3.93592793010838,"10869244"
140.94978,207.585066666667,3.75433779166138,0.00578354864474419,0.048393371968362,-3.93593822700332,"10800410"
76.271,250.559222222222,3.75421610522725,0.0057845435378079,0.048393371968362,-3.93595884067771,"10880233"
36.33417,84.2614,3.7527846584613,0.00579626063927573,0.0484775145478962,-3.93620139917398,"10880838"
29.432645,47.8646555555556,3.75253655662999,0.00579829405947518,0.0484806418584739,-3.93624345340599,"10877229"
-181.0474,822.757888888889,-3.75198054651089,0.00580285384364409,0.0485048847462714,-3.93633771368358,"10896400"
668.9152,1178.79044444444,3.75149380627789,0.00580684870520267,0.0485155050099022,-3.93642024698416,"10827512"
-42.159575,62.5007111111111,-3.75125050248914,0.00580884669574969,0.0485155050099022,-3.93646150810401,"10718968"
-181.4545,248.823555555556,-3.75121887480232,0.0058091064737673,0.0485155050099022,-3.93646687202323,"10811126"
87.9943,382.985777777778,3.75076857434697,0.00581280642374258,0.0485325312555632,-3.93654324802246,"10758219"
1169.8935,2603.60666666667,3.75005320175742,0.00581868956308844,0.0485677705417331,-3.93666461006722,"10802700"
207.06745,400.257777777778,3.74923298600757,0.00582544276900313,0.0486102499439181,-3.93680379917251,"10712171"
-168.8608,641.920555555556,-3.74801640900141,0.00583547485981871,0.0486800578397327,-3.93701032985706,"10921910"
327.21255,229.2965,3.74718123289084,0.00584237256743259,0.0487236860362477,-3.93715216769412,"10872252"
-24.6716249999999,115.643633333333,-3.74678562244465,0.00584564295575518,0.0487370471773493,-3.93721936984781,"10819737"
-427.50875,1024.94611111111,-3.7457494110338,0.00585421828922566,0.0487946171473433,-3.93739543839253,"10751903"
81.6132,208.187333333333,3.74513268268408,0.0058593285179377,0.048823281039085,-3.93750026305781,"10825022"
181.80925,452.222111111111,3.74470962456959,0.0058628367518918,0.0488282797842733,-3.93757218398096,"10814430"
48.4115,367.218222222222,3.7446572506482,0.00586327122212743,0.0488282797842733,-3.93758108847972,"10768305"
65.878756,46.3768911111111,3.74411054395699,0.00586780851124524,0.0488432148716505,-3.93767404890929,"10851251"
-117.0495,351.317,-3.74390506382255,0.00586951482696049,0.0488432148716505,-3.93770899314363,"10845470"
372.71,663.622888888889,3.74379203065153,0.00587045368572315,0.0488432148716505,-3.9377282168814,"10860765"
-87.36725,318.187111111111,-3.74363572127693,0.00587175226361459,0.0488432148716505,-3.93775480203245,"10820073"
-176.605875,171.5137,-3.74282753271502,0.00587847139414339,0.0488851873921164,-3.93789228416047,"10732439"
403.9012,467.241444444444,3.74242780770959,0.0058817976768551,0.0488989292349587,-3.9379602975382,"10889260"
232.5082,903.843777777778,3.74175993118645,0.00588735986095535,0.0489208907699744,-3.93807396001773,"10886029"
94.7195,237.958555555556,3.74170849591421,0.00588778845578251,0.0489208907699744,-3.93808271471687,"10708903"
56.483395,93.3519111111111,3.74121106677385,0.00589193510929416,0.0489267516241213,-3.93816738998978,"10909123"
34.438825,48.1392444444444,3.74111237783231,0.00589275816871805,0.0489267516241213,-3.93818419129262,"10889232"
-135.1089,293.097,-3.74102126648449,0.00589351814079835,0.0489267516241213,-3.93819970310594,"10940665"
30.3619,273.842777777778,3.74062987757724,0.00589678396260092,0.0489399564441543,-3.93826634362048,"10753075"
505.4076,804.643,3.73910738730455,0.00590950634688808,0.0490316155688691,-3.93852566716335,"10807542"
773.3815,2484.35111111111,3.7385141705211,0.00591447139801153,0.0490380583853635,-3.93862674944451,"10822220"
22.714,45.0040111111111,3.73834581112303,0.00591588133055899,0.0490380583853635,-3.93865544150023,"10925692"
456.1999,788.815111111111,3.73778057283362,0.00592061757431557,0.0490380583853635,-3.93875178363543,"10895144"
-74.4288,239.068333333333,-3.73734047192928,0.00592430807830617,0.0490380583853635,-3.93882681100382,"10802191"
30.74864,45.2335222222222,3.73731401043503,0.00592453005192801,0.0490380583853635,-3.93883132249614,"10853375"
114.3516,690.384333333333,3.73728501531665,0.00592477328921253,0.0490380583853635,-3.93883626600492,"10892859"
206.7974,830.132555555556,3.73708570946309,0.00592644553640078,0.0490380583853635,-3.93887024803109,"10745323"
855.72365,1116.74822222222,3.73690981776236,0.00592792175029151,0.0490380583853635,-3.93890024003254,"10716085"
-151.95485,545.327111111111,-3.73686038748139,0.00592833667681435,0.0490380583853635,-3.93890866894854,"10829944"
-151.95485,545.327111111111,-3.73686038748139,0.00592833667681435,0.0490380583853635,-3.93890866894854,"10931089"
88.6088,123.002988888889,3.73681147923366,0.00592874725190333,0.0490380583853635,-3.9389170090022,"10914670"
42.14352,124.903933333333,3.73627692916766,0.00593323667957603,0.0490510507631602,-3.9390081729565,"10703512"
84.35185,417.435111111111,3.73622463201081,0.00593367609355131,0.0490510507631602,-3.93901709288039,"10721014"
-146.097775,169.288855555556,-3.73560591256744,0.00593887737662114,0.0490801594570325,-3.93912263651923,"10704728"
32.41539,44.7057,3.73540552594343,0.00594056297896625,0.0490802055620815,-3.93915682457808,"10874981"
332.39155,687.905777777778,3.73452711087455,0.00594795803400908,0.0491274091053269,-3.93930672203971,"10825686"
-21.5940725,29.5606744444444,-3.73382235289538,0.00595389825935525,0.0491625731342013,-3.93942702180769,"10890106"
342.34085,460.075888888889,3.73326904748598,0.00595856638026306,0.0491759554585594,-3.93952149165852,"10701242"
2268.11545,1549.79811111111,3.73323123426941,0.00595888554539947,0.0491759554585594,-3.93952794850671,"10890729"
-266.2365,572.253666666667,-3.73191916444383,0.00596997150732975,0.0492515615320919,-3.93975205011681,"10732257"
-245.0049,278.388733333333,-3.73170964513058,0.0059717438248557,0.0492515615320919,-3.93978784634595,"10708407"
60.1517,163.740888888889,3.73154880347858,0.0059731047616965,0.0492515615320919,-3.93981532795856,"10815500"
147.5029,451.310444444444,3.73126208794924,0.00597553158449819,0.0492528848509944,-3.93986432069825,"10729252"
-86.4152749999999,154.899211111111,-3.73105203312534,0.00597731020429604,0.0492528848509944,-3.939900217358,"10919609"
-43.7487,173.687333333333,-3.73080575958794,0.00597939622449061,0.0492528848509944,-3.93994230713928,"10907605"
-241.58975,423.084777777778,-3.73053332170243,0.00598170477354717,0.0492528848509944,-3.93998887315644,"10919494"
-68.3139,195.651666666667,-3.73052918242969,0.00598173985574095,0.0492528848509944,-3.93998958069219,"10918143"
211.14125,261.022555555556,3.73033559332891,0.00598338085630791,0.0492528848509944,-3.94002267257776,"10775628"
36.58167,100.5491,3.72970174391764,0.00598875719324272,0.0492832542657444,-3.94013103900871,"10815955"
83.1398500000001,437.549444444444,3.7294329993849,0.00599103825643664,0.0492840178461616,-3.94017699292854,"10883510"
965.5562,915.712888888889,3.72929334591784,0.00599222398129548,0.0492840178461616,-3.94020087479356,"10746483"
-69.30907,82.0429888888889,-3.72881477567702,0.00599628917784011,0.0493035722041714,-3.94028272373341,"10773030"
-52.08825,224.067666666667,-3.72839071051428,0.00599989385018436,0.0493193300335638,-3.94035526317507,"10797032"
225.89323,180.567011111111,3.72686572684191,0.00601287581913928,0.0494121390099395,-3.94061621906959,"10855506"
-342.71655,656.349333333333,-3.72632269916289,0.00601750579335121,0.0494362807218679,-3.94070917860605,"10911976"
89.50685,354.030222222222,3.72598227299653,0.006020410288182,0.0494462373232918,-3.94076746505067,"10744338"
61.14765,279.912333333333,3.72575267109308,0.00602237008464944,0.0494484316056629,-3.94080678083897,"10779368"
130.4615,317.222888888889,3.72417190097821,0.00603588149941383,0.0495454459465792,-3.94107755616226,"10764358"
32.88724,127.912811111111,3.72339244694774,0.00604255571583763,0.0495780729929848,-3.94121113108136,"10846668"
-74.19365,166.157444444444,-3.72331136765547,0.00604325042541312,0.0495780729929848,-3.94122502789091,"10818114"
121.06775,210.384888888889,3.72160103794627,0.00605792493785915,0.0496845084600273,-3.94151827400475,"10903707"
-58.50605,275.456111111111,-3.72107563200115,0.00606244053899386,0.0497075885226401,-3.94160839607828,"10704424"
-155.5036,471.459888888889,-3.72070177252135,0.0060656558677461,0.0497126734888414,-3.94167253453441,"10822436"
42.1685,60.1041555555556,3.72060783428846,0.00606646405790784,0.0497126734888414,-3.94168865178425,"10860584"
-32.10969,50.2669666666667,-3.720076999456,0.00607103321968625,0.0497248991437895,-3.94177973939557,"10722235"
-1235.12775,1458.15233333333,-3.72003903452829,0.00607136014396855,0.0497248991437895,-3.94178625461765,"10867165"
88.0098,365.182666666667,3.71943268206877,0.00607658413172473,0.0497537356570084,-3.94189032442292,"10940518"
978.747,2066.48666666667,3.71890696419318,0.00608111731135398,0.0497659934170988,-3.94198057404134,"10910754"
79.8547496,79.4250502222222,3.71886396949792,0.00608148820767587,0.0497659934170988,-3.94198795570476,"10720939"
-26.57178,76.2888,-3.71843422896724,0.00608519672078035,0.0497823962477954,-3.94206174349864,"10726001"
-113.65135,406.980888888889,-3.71743262726224,0.00609384959655293,0.0498253455729313,-3.94223376822648,"10849307"
-26.22854,33.5086111111111,-3.71743168647131,0.00609385773026917,0.0498253455729313,-3.94223392983763,"10807947"
-21.41149,40.8759222222222,-3.71673414871323,0.0060998915721637,0.0498607253467236,-3.94235377025306,"10771769"
-60.3817,216.382888888889,-3.7162537760283,0.00610405060996137,0.0498807649005347,-3.94243631903378,"10744830"
57.38528,128.045288888889,3.71602095906366,0.00610606741692403,0.0498832923708106,-3.94247633244453,"10908220"
-707.804249999999,1200.43233333333,-3.7145000596092,0.00611925996170198,0.0499770926813424,-3.942737810667,"10917448"
42.14034,97.9982,3.71412790003176,0.00612249278100693,0.0499895204316201,-3.9428018165237,"10925923"
90.27134,130.869755555556,3.71316132511583,0.00613089761755993,0.0500375967957501,-3.94296809498399,"10752063"
718.46265,1000.22733333333,3.71305688092189,0.00613180654921563,0.0500375967957501,-3.94298606600443,"10702286"
-54.37935,326.113,-3.71241436471252,0.00613740125668464,0.0500442155386222,-3.94309663512889,"10872000"
1599.1495,4484.19111111111,3.71239771014595,0.00613754634886753,0.0500442155386222,-3.9430995015319,"10871337"
19.121655,32.1078333333333,3.71231225434839,0.0061382908851902,0.0500442155386222,-3.94311420953906,"10720777"
-404.145775,343.386255555556,-3.71205098300739,0.00614056781945559,0.0500442155386222,-3.9431591805395,"10728954"
-131.23105,514.783888888889,-3.71198043995922,0.00614118274477856,0.0500442155386222,-3.94317132343465,"10835914"
269.7888,329.810333333333,3.71162827282191,0.00614425357927503,0.0500552772071782,-3.94323194840837,"10831267"
47.76601,68.9886777777778,3.71126235568535,0.00614744605190676,0.0500625502254037,-3.94329494897445,"10929711"
436.4455,2192.77777777778,3.71097150694152,0.00614998485053486,0.0500625502254037,-3.94334503110835,"10746271"
225.9175,246.925777777778,3.71081060092488,0.00615138987004677,0.0500625502254037,-3.94337274037364,"10779115"
41.92564,111.466477777778,3.71058405365413,0.00615336864639784,0.0500625502254037,-3.94341175643048,"10824596"
-47.206325,130.309611111111,-3.71054445574901,0.00615371458408382,0.0500625502254037,-3.94341857633986,"10790774"
60.05878,60.8744111111111,3.70895491604006,0.0061676184177679,0.0501616938910555,-3.94369242558017,"10848956"
31.25312,62.8397555555556,3.70847792285344,0.00617179726981149,0.0501706067982076,-3.94377463507652,"10831236"
-199.09525,392.842222222222,-3.70843779074469,0.00617214899817752,0.0501706067982076,-3.9437815524981,"10741967"
-67.748725,111.999255555556,-3.70800455453029,0.0061759473601238,0.0501875177131173,-3.94385623448699,"10920002"
24.21732,33.1321333333333,3.70756695082997,0.00617978655264548,0.0502047509313084,-3.94393168176815,"10815026"
43.392187,39.0157044444444,3.70674004369086,0.00618704816192416,0.0502497706428836,-3.94407428295704,"10858408"
13.626675,86.1329,3.7061445162163,0.00619228353049025,0.0502783132461763,-3.94417701004034,"10932619"
-161.99945,424.665444444444,-3.7058430994822,0.0061949351351252,0.050285866917907,-3.94422901252921,"10867609"
-101.2807,285.791555555556,-3.70537258790396,0.00619907671888826,0.0502983918883027,-3.94431020026643,"10759034"
-1090.1205,1608.154,-3.70505445640755,0.00620187868603924,0.0502983918883027,-3.94436510268951,"10813271"
-77.829725,101.433011111111,-3.70492688329016,0.00620300267647486,0.0502983918883027,-3.94438712082745,"10751328"
278.819,1177.00055555556,3.70469238660197,0.00620506929180037,0.0502983918883027,-3.94442759591961,"10867049"
-25.258185,55.4601,-3.70469040579633,0.00620508675174379,0.0502983918883027,-3.94442793783008,"10777639"
54.238595,86.6272222222222,3.70391547608667,0.00621192145547231,0.0503381250739786,-3.94456171949732,"10799068"
149.5913,890.026222222222,3.70361382687518,0.00621458411015767,0.0503381250739786,-3.94461380595535,"10876337"
-34.224345,87.6942,-3.70354886325072,0.00621515770321903,0.0503381250739786,-3.9446250241497,"10891615"
138.16725,324.336666666667,3.70248805841367,0.00622453204382773,0.0504000773637426,-3.94480824739683,"10940450"
-47.831175,63.4985,-3.70215020085043,0.00622752086872639,0.0504103060845034,-3.94486661790588,"10718311"
69.192315,67.8401,3.70188720215749,0.00622984852440545,0.0504151786127371,-3.94491206045865,"10780908"
60.3994,286.272777777778,3.70159112587885,0.00623247004513876,0.0504224258927399,-3.94496322376581,"10738716"
105.91525,214.142444444444,3.70106919980795,0.00623709416081175,0.0504373527673065,-3.94505342886584,"10744904"
223.674,352.822666666667,3.7009931732041,0.0062377680409488,0.0504373527673065,-3.94506657011784,"10920056"
-181.19665,477.854555555556,-3.70075549279105,0.00623987528100783,0.0504404306749758,-3.94510765577899,"10938384"
-695.0705,1121.06177777778,-3.69993052526942,0.00624719523383557,0.0504856325204073,-3.94525028907095,"10851043"
1040.24985,1256.06366666667,3.69940525332403,0.00625186076782684,0.0505093640683886,-3.94534112946531,"10918392"
638.234500000001,1739.78777777778,3.69903948403873,0.00625511177958575,0.0505216575971297,-3.94540439615633,"10816558"
49.60241,63.8701555555556,3.69860693809236,0.00625895864606416,0.0505387556346375,-3.94547922440956,"10873814"
-133.080175,145.812655555556,-3.69831625286529,0.00626154528969131,0.0505456712055933,-3.94552951834681,"10940524"
21.98447,39.0056555555556,3.6979728314899,0.00626460267601134,0.0505505423310605,-3.94558894373132,"10700529"
24.74038,110.744344444444,3.6978597873443,0.00626560942632882,0.0505505423310605,-3.94560850649399,"10906024"
75.32865,159.228,3.69711088584931,0.00627228337731605,0.0505904159538683,-3.9457381281282,"10857427"
621.0295,1488.99111111111,3.6956631345723,0.00628520680321685,0.050663880086022,-3.9459888122785,"10773205"
-355.3416,613.537,-3.69544484825789,0.0062871578166977,0.050663880086022,-3.94602662135092,"10811278"
533.15375,1145.43222222222,3.69537968246828,0.00628774038523453,0.050663880086022,-3.94603790923175,"10840741"
55.91803,85.0283777777778,3.69531390132632,0.00628832851344957,0.050663880086022,-3.94604930398429,"10788341"
-98.8051,279.449222222222,-3.69504015168341,0.00629077665370348,0.0506696303174231,-3.94609672653255,"10729213"
32.399315,73.4011555555556,3.6935105214553,0.00630447489614848,0.050765967369372,-3.94636179961527,"10777232"
35.38122,111.303266666667,3.69209639550243,0.00631716714900406,0.0508333816458885,-3.94660699289577,"10816287"
-73.8554,330.102777777778,-3.69199663670869,0.00631806354882734,0.0508333816458885,-3.94662429487302,"10745492"
-258.836,784.517777777778,-3.69184231331708,0.00631945051624685,0.0508333816458885,-3.94665106171474,"10911042"
-506.322499999999,1206.34777777778,-3.69175238526697,0.00632025888655999,0.0508333816458885,-3.94666666013316,"10940602"
-79.84655,367.296444444444,-3.69160910751237,0.00632154705002782,0.0508333816458885,-3.94669151338775,"10796965"
236.5513,540.476111111111,3.69122866781283,0.00632496882182599,0.0508469012550425,-3.94675751176431,"10845635"
170.504,592.903555555555,3.69071234358661,0.00632961594249141,0.050870261387605,-3.94684709843899,"10903259"
58.3450000000001,198.724111111111,3.68989846364927,0.00633694859715053,0.0508955567994309,-3.94698834902648,"10829993"
-547.0479,505.2592,-3.68940281905324,0.00634141855945173,0.0508955567994309,-3.94707439045221,"10929041"
825.0295,1924.31777777778,3.68925742558644,0.00634273042748,0.0508955567994309,-3.94709963308438,"10785933"
444.34235,651.074888888889,3.68910740370004,0.00634408436142414,0.0508955567994309,-3.94712568073595,"10781838"
444.34235,651.074888888889,3.68910740370004,0.00634408436142414,0.0508955567994309,-3.94712568073595,"10852115"
-23.79435,156.929333333333,-3.68878698152244,0.00634697717769599,0.0508955567994309,-3.9471813191913,"10921680"
56.17562,88.3050222222222,3.68860700620543,0.00634860263869428,0.0508955567994309,-3.94721257325135,"10762740"
-324.448,397.139888888889,-3.6885409915231,0.00634919896698827,0.0508955567994309,-3.94722403772674,"10907542"
46.05867,66.919,3.68840015482277,0.00635047138281645,0.0508955567994309,-3.94724849716267,"10872572"
-493.75925,1355.26144444444,-3.68836463746316,0.006350792314179,0.0508955567994309,-3.94725466574999,"10727418"
-167.87125,1075.30655555556,-3.688239059726,0.00635192716131735,0.0508955567994309,-3.94727647651484,"10716801"
40.799625,38.5166666666667,3.6873181488715,0.00636025607015886,0.0509483193950153,-3.94743645499597,"10871957"
587.2581,956.34,3.68698411249306,0.00636328005013518,0.0509585700067569,-3.94749449675258,"10897802"
119.3486,186.796222222222,3.68672421481285,0.00636563392732395,0.0509634501378026,-3.94753966131813,"10758137"
111.09115,208.641444444444,3.68608519271462,0.00637142547089934,0.0509935261479122,-3.9476507282934,"10797669"
-824.6164,865.564222222222,-3.68592462196085,0.00637288163093132,0.0509935261479122,-3.94767864093938,"10744947"
-8.59749999999999,20.7307888888889,-3.68533026810174,0.0063782747155438,0.0510116217673457,-3.94778197452082,"10922268"
-47.6798,162.590777777778,-3.68525226266293,0.00637898288829099,0.0510116217673457,-3.94779553816371,"10759531"
15.189975,23.2267,3.68509822936252,0.00638038152727737,0.0510116217673457,-3.94782232275896,"10741918"
890.2025,1216.32055555556,3.68447692341361,0.00638602638201842,0.0510427837822945,-3.94793037641832,"10807514"
-326.4925,1335.93222222222,-3.6842309348394,0.00638826277855827,0.0510466927824949,-3.94797316421564,"10802712"
141.01335,241.087,3.68368282433284,0.00639324891850088,0.0510693491013162,-3.94806851804805,"10861976"
-24.350595,45.3922333333333,-3.68353500486691,0.00639459433876274,0.0510693491013162,-3.94809423731838,"10857541"
-236.56685,799.032777777778,-3.68224912606123,0.00640631090393694,0.0511489387121109,-3.94831802926479,"10788559"
-132.0579,236.394,-3.68197525164404,0.0064088093341965,0.0511549059806603,-3.94836570787515,"10808159"
1601.962,3233.62111111111,3.68106319104328,0.0064171371576752,0.0511888557881342,-3.9485245233857,"10916408"
9.66232,17.9630444444444,3.68086392010275,0.00641895819615834,0.0511888557881342,-3.94855922935443,"10798477"
21.00164,43.7274222222222,3.68071522297036,0.00642031742560979,0.0511888557881342,-3.94858512884847,"10921083"
-86.6187,440.371,-3.68058100867572,0.00642154453274504,0.0511888557881342,-3.94860850702427,"10922279"
-35.3273,138.905777777778,-3.68038721600532,0.00642331680113088,0.0511888557881342,-3.9486422649727,"10875085"
48.27315,132.162333333333,3.6802995832653,0.00642411838979938,0.0511888557881342,-3.94865753107354,"10726734"
-670.98105,575.6856,-3.68016735876023,0.00642532806788143,0.0511888557881342,-3.94868056625742,"10805527"
-60.127675,142.133788888889,-3.67993518572329,0.0064274527311694,0.0511918222705515,-3.94872101651996,"10737713"
-86.6160499999999,289.441777777778,-3.67944204194749,0.00643196808395273,0.0512017798344492,-3.94880694606068,"10808751"
-12.55359,29.2864666666667,-3.67941582194464,0.00643220825605629,0.0512017798344492,-3.9488115153029,"10815724"
97.1042,489.229222222222,3.67889606233616,0.00643697117154137,0.0512240399577867,-3.94890210079796,"10762495"
16.984703,15.7599788888889,3.67847828533575,0.00644080228350878,0.0512240399577867,-3.948974925279,"10839870"
717.212,1556.25888888889,3.67837984168449,0.00644170538945808,0.0512240399577867,-3.9489920870789,"10914308"
-367.1585,1369.56444444444,-3.67834573540519,0.00644201830645952,0.0512240399577867,-3.94899803301604,"10867725"
1597.627,3283.22444444444,3.6776961581604,0.00644798112635146,0.0512575022109474,-3.94911129201711,"10706197"
31.794064,25.3306311111111,3.6772006909051,0.00645253325420661,0.0512739298955935,-3.94919769934798,"10904787"
-38.457275,118.497877777778,-3.67708921789016,0.00645355789094602,0.0512739298955935,-3.9492171419796,"10884558"
566.2408,931.949777777778,3.67619713451572,0.00646176400418778,0.0513213052763687,-3.94937276465215,"10874330"
169.15015,316.930444444444,3.6760591565793,0.0064630342339892,0.0513213052763687,-3.94939683937822,"10855525"
-1041.27175,1861.65055555556,-3.67520415825361,0.00647091133333053,0.051359636775408,-3.94954604947842,"10765399"
110.88845,341.954555555556,3.67515359179176,0.00647137752345714,0.051359636775408,-3.94955487559409,"10907960"
-73.615,442.060222222222,-3.67399323106051,0.00648208517097014,0.0514306453516354,-3.94975745679638,"10721421"
14.234595,31.2517666666667,3.67311658183219,0.00649018732685384,0.05147236293481,-3.94991056505477,"10872307"
-65.2350499999999,228.472444444444,-3.67304310762867,0.00649086688066818,0.05147236293481,-3.9499233997443,"10892097"
-129.72265,838.385888888889,-3.67177755451705,0.0065025837699667,0.0515512841942489,-3.95014452603766,"10832115"
29.153886,24.4948966666667,3.67118275565804,0.00650809841306471,0.051577755049487,-3.95024848987244,"10801683"
29.109255,67.8642666666667,3.67103665033428,0.0065094537847422,0.051577755049487,-3.95027403092539,"10749509"
-41.101575,69.7521333333333,-3.67072123396064,0.00651238082894321,0.0515869559481418,-3.95032917447704,"10700508"
152.6646,457.730333333333,3.67051668399804,0.00651427979177023,0.0515880102566483,-3.95036493899915,"10812748"
670.42565,1032.88655555556,3.67028992992815,0.00651638558069061,0.0515907014510286,-3.95040458901665,"10871750"
-337.94925,1124.10433333333,-3.66992322793919,0.00651979255884324,0.0516036900065149,-3.95046871736986,"10831308"
54.81965,138.283888888889,3.66966704636005,0.0065221738365839,0.0516085553797297,-3.9505135233162,"10916035"
773.72555,995.542222222222,3.66933426088265,0.0065252685567066,0.051619061905125,-3.95057173367564,"10798580"
799.97015,994.862888888889,3.66869513432838,0.00653121648124756,0.0516504649370077,-3.95068354923656,"10762217"
-57.3497,179.111444444444,-3.66852784541103,0.00653277428432407,0.0516504649370077,-3.95071282097317,"10817778"
-378.85875,399.055733333333,-3.66776513989888,0.00653988167206448,0.0516926686059772,-3.95084630037098,"10702689"
20.383005,35.0872333333333,3.66715235672109,0.00654559797299687,0.0517150816637186,-3.95095356996526,"10886192"
12.27326,15.5612722222222,3.66708167296727,0.00654625768441266,0.0517150816637186,-3.95096594496735,"10907671"
28.50761,105.684188888889,3.6666760937292,0.00655004444383917,0.0517310079433137,-3.95103695837009,"10800442"
236.99885,366.547222222222,3.66596937408179,0.00655664844680972,0.0517426280959464,-3.95116072475227,"10821822"
-369.767,1360.96111111111,-3.66573172838134,0.00655887074614107,0.0517426280959464,-3.95120235056079,"10709825"
-33.13818,63.3046,-3.6656167473236,0.00655994625895601,0.0517426280959464,-3.95122249187675,"10935058"
34.458488,28.6701955555556,3.66559593388025,0.00656014096443135,0.0517426280959464,-3.95122613787602,"10716616"
71.8877000000001,232.886888888889,3.66557128579342,0.00656037155019461,0.0517426280959464,-3.9512304556467,"10830975"
423.54445,509.162777777778,3.66474951486548,0.00656806427501048,0.0517893197652244,-3.95137443370466,"10868855"
118.23805,237.321444444444,3.66451976051642,0.00657021676504193,0.0517923131608028,-3.95141469569284,"10729852"
118.06192,117.549044444444,3.66323264387449,0.00658228927099808,0.0518734822667758,-3.95164031348583,"10891910"
-43.163415,81.7363,-3.66284774207917,0.00658590405888811,0.0518764768417346,-3.95170780388619,"10795307"
366.8968,627.395444444444,3.66273147975877,0.00658699634836689,0.0518764768417346,-3.95172819176317,"10734975"
-411.2555,1939.01777777778,-3.66262504501029,0.00658799647712861,0.0518764768417346,-3.95174685704932,"10821252"
12.540692,18.2173988888889,3.66227342286656,0.00659130169676379,0.0518885173185819,-3.95180852575853,"10794222"
-14.23506,35.9614666666667,-3.66188915327676,0.00659491582634704,0.0519029824759974,-3.95187592962099,"10726290"
109.2169,220.887444444444,3.66159072798212,0.00659772403468041,0.0519110988282127,-3.95192828245249,"10876208"
276.19495,609.534111111111,3.66125780004597,0.00660085842395933,0.0519217765206106,-3.9519866950291,"10897415"
-559.397,1866.46111111111,-3.66102395494826,0.00660306093750869,0.0519251203844896,-3.95202772778608,"10899125"
35.81428,71.8373777777778,3.65834911562506,0.00662831035089693,0.0521096497823204,-3.95249733822992,"10914023"
-40.00052,81.3541111111111,-3.65797356129845,0.00663186368495475,0.0521235581631068,-3.95256331057879,"10868123"
49.4203300000001,143.821511111111,3.65742481647114,0.00663705933357341,0.0521334502816516,-3.95265972346888,"10831492"
-85.9445499999999,197.216222222222,-3.65739689691412,0.00663732379893286,0.0521334502816516,-3.95266462938679,"10850688"
123.41445,324.448666666667,3.65727528331325,0.0066384759035991,0.0521334502816516,-3.95268599946507,"10707121"
-35.31356,55.4656444444444,-3.65654331306655,0.00664541472799032,0.0521685161600715,-3.95281464274296,"10931099"
-812.09375,1310.06744444444,-3.65630569579677,0.00664766892324077,0.0521685161600715,-3.95285641143178,"10728182"
25.408915,42.4279111111111,3.65623937100144,0.00664829827014261,0.0521685161600715,-3.95286807076131,"10832163"
-115.49235,767.029666666667,-3.65565843256588,0.00665381343701179,0.0521977727574818,-3.95297020717854,"10777992"
-482.427999999999,1654.23555555556,-3.6550086652666,0.00665998782593849,0.0522163515291729,-3.95308447102577,"10876011"
-80.3940999999999,266.162888888889,-3.65492439360018,0.00666078906257721,0.0522163515291729,-3.95309929253748,"10809442"
369.21515,492.743222222222,3.65484501681449,0.00666154385394768,0.0522163515291729,-3.95311325357802,"10913186"
117.23805,534.146,3.65306846534708,0.00667846095892473,0.0523349137483978,-3.95342582810977,"10771004"
227.5778,683.761888888889,3.65259084060357,0.00668301693662309,0.0523485590934847,-3.95350989918628,"10700457"
-191.7775,559.133555555556,-3.65251024600443,0.00668378604157931,0.0523485590934847,-3.95352408686326,"10885365"
178.8629,657.905222222222,3.65217056737544,0.00668702859481926,0.0523599178153444,-3.9535838877851,"10924769"
467.0106,781.807666666667,3.65136581744276,0.00669471740198605,0.0524060756113667,-3.95372559566709,"10923668"
44.88548,59.8510222222222,3.65064159311285,0.00670164491960888,0.0524457425047184,-3.95385316049457,"10901920"
67.17355,156.761111111111,3.6503997550208,0.00670395991038209,0.0524457425047184,-3.95389576557369,"10806709"
-24.337695,51.3066666666667,-3.65027333471457,0.00670517040648741,0.0524457425047184,-3.95391803882187,"10701589"
344.79325,891.162444444444,3.64998735833122,0.00670790954099741,0.0524473486056431,-3.95396842721844,"10727846"
1291.38605,1409.80655555556,3.6497834548926,0.00670986329571576,0.0524473486056431,-3.95400435785334,"10932534"
-210.368275,221.203988888889,-3.64964999004948,0.00671114245357715,0.0524473486056431,-3.95402787771426,"10852682"
77.2379,431.957555555556,3.64950244409575,0.00671255687124323,0.0524473486056431,-3.95405388039368,"10761375"
-161.4162,610.381666666667,-3.6487006246899,0.00672024891076328,0.0524934095398499,-3.95419521379825,"10731009"
57.26,77.9072888888889,3.6479194833917,0.00672775163595829,0.0525190858882074,-3.95433294330824,"10804476"
-186.5554,407.459888888889,-3.64764540750036,0.00673038620693987,0.0525190858882074,-3.95438127748443,"10728319"
23.10297,38.7983666666667,3.64761732879239,0.00673065617743843,0.0525190858882074,-3.95438622953709,"10785897"
11.69041,24.4075777777778,3.64760996658398,0.0067307269653402,0.0525190858882074,-3.95438752796886,"10822071"
-25.04809,36.5260555555556,-3.64685061597729,0.00673803242198353,0.0525620505142395,-3.95452146970184,"10706875"
655.183,1285.37444444444,3.64608865817329,0.00674537147595184,0.0526011017754325,-3.95465590972578,"10835777"
20.415655,58.4279444444444,3.64595709156324,0.00674663956844477,0.0526011017754325,-3.9546791272668,"10781686"
-348.5075,1593.31777777778,-3.64566007462613,0.00674950327491001,0.0526055175019675,-3.95473154602248,"10715990"
-1014.47375,1400.90677777778,-3.64552486647864,0.00675080732234121,0.0526055175019675,-3.95475541004256,"10854737"
201.2156,593.272555555556,3.64532739114802,0.00675271240415947,0.052606330713364,-3.95479026629765,"10738643"
914.5155,2089.15333333333,3.64501565032499,0.00675572099567951,0.05261573798128,-3.95484529674992,"10881922"
-135.64815,267.906333333333,-3.64464102584111,0.00675933836781335,0.052625587195409,-3.95491143634568,"10897075"
108.83715,248.729666666667,3.64434804766367,0.00676216880530551,0.052625587195409,-3.95496316784831,"10928242"
-173.4018,709.504333333333,-3.64423768170147,0.00676323536982107,0.052625587195409,-3.95498265677246,"10829816"
1519.302,4357.80333333333,3.64377207869625,0.0067677368844257,0.052625587195409,-3.95506488396322,"10762140"
40.16825,170.751555555556,3.64356444656914,0.00676974533237265,0.052625587195409,-3.95510155719029,"10915988"
-1552.78875,2455.50166666667,-3.64351486474129,0.00677022503689716,0.052625587195409,-3.95511031505194,"10770795"
-1185.936,2208.95533333333,-3.64346168274926,0.00677073961339207,0.052625587195409,-3.95511970900805,"10845977"
-350.28575,795.622444444444,-3.64326607071234,0.00677263266906769,0.052625587195409,-3.95515426312411,"10928821"
-496.48065,838.604333333333,-3.64320766037328,0.00677319805075436,0.052625587195409,-3.95516458157856,"10922964"
-87.3855499999999,342.879777777778,-3.64192516155213,0.00678562468556508,0.0527081200649025,-3.95539119792283,"10875756"
-140.1483,378.834666666667,-3.64105263097067,0.0067940928944743,0.052759869702066,-3.95554543564343,"10933279"
-1495.06825,2277.73322222222,-3.64043343565466,0.00680010924435442,0.0527923265017736,-3.95565492179797,"10891120"
65.5120000000001,236.381444444444,3.63985733898379,0.00680571194042968,0.0527923265017736,-3.95575681010213,"10722546"
60.62376,114.154733333333,3.63976133678007,0.00680664606698229,0.0527923265017736,-3.95577379116813,"10812737"
35.778445,52.0746111111111,3.63972584963658,0.00680699140083364,0.0527923265017736,-3.9557800683615,"10780561"
42.17601,123.292133333333,3.63969332397529,0.00680730793223048,0.0527923265017736,-3.95578582178235,"10733102"
299.9789,1064.80255555556,3.63865551785648,0.00681741585253096,0.0528481468014533,-3.95596943480067,"10906608"
93.7017,625.951,3.63858290459437,0.00681812368366802,0.0528481468014533,-3.95598228452123,"10896042"
933.98045,1052.45522222222,3.63825709677166,0.00682130061139532,0.0528587469658628,-3.95603994413273,"10867008"
-179.4132,798.361,-3.63778451775852,0.00682591150389141,0.0528804504573544,-3.95612359100297,"10806283"
701.357,2327.83222222222,3.63713086359859,0.0068322946099202,0.0528940007980352,-3.95623931277257,"10744318"
-49.3626,157.868666666667,-3.63711007932287,0.00683249767841674,0.0528940007980352,-3.9562429928494,"10915047"
634.484000000001,1966.14888888889,3.63693030767171,0.00683425436940671,0.0528940007980352,-3.95627482452782,"10723233"
408.63485,641.030888888889,3.63686395359303,0.00683490288945652,0.0528940007980352,-3.956286574207,"10904668"
32.60077,61.0776111111111,3.6361069938229,0.00684230578524185,0.0529372672696121,-3.95642063391379,"10744281"
-1753.6055,2931.54777777778,-3.63570445768328,0.00684624598483529,0.0529537278795283,-3.95649193970588,"10793579"
275.876125,194.207211111111,3.63420176382288,0.00686097642818088,0.0530536170918148,-3.95675822406332,"10736057"
-77.41544,115.528477777778,-3.63400335567955,0.00686292388979819,0.053054633108379,-3.95679339413043,"10840783"
-38.83077,96.7817,-3.63343584200284,0.00686849754120693,0.053083673854185,-3.95689400674181,"10720636"
-40.1895,125.1478,-3.63299698218471,0.00687281097457344,0.0531029621293807,-3.95697182542415,"10876594"
181.82955,319.874333333333,3.63195710989594,0.00688304314649813,0.0531679594081958,-3.95715626685775,"10909733"
62.824,400.541777777778,3.63095570182841,0.00689291221265462,0.0532181075025818,-3.95733395391548,"10723669"
-37.5443,110.692844444444,-3.63092869577457,0.00689317857156738,0.0532181075025818,-3.95733874671846,"10862398"
1576.779,3217.14666666667,3.63073050805738,0.00689513362013451,0.0532191370088797,-3.95737392086094,"10732190"
1014.3312,1119.41966666667,3.62984840760349,0.00690384239959656,0.0532595809116435,-3.95753050680905,"10713467"
-442.53845,690.325444444444,-3.62983045658971,0.00690401974780564,0.0532595809116435,-3.95753369391864,"10820145"
50.9968,201.976444444444,3.62824395853957,0.00691971288670102,0.0533385910999724,-3.95781545316712,"10720224"
-96.70775,138.454377777778,-3.62820093557457,0.00692013898636245,0.0533385910999724,-3.95782309630361,"10738657"
-25.129565,73.8576444444444,-3.62812471423775,0.006920893951645,0.0533385910999724,-3.95783663751588,"10828477"
-108.24655,244.489222222222,-3.62805697623825,0.00692156496405818,0.0533385910999724,-3.95784867193324,"10929288"
-709.19125,1098.84188888889,-3.62739128413575,0.00692816300462853,0.0533700786175405,-3.95796695587943,"10798119"
20.590945,32.1552111111111,3.62727616207001,0.006929304723637,0.0533700786175405,-3.95798741441412,"10802026"
25.06804,59.7184111111111,3.62706696207664,0.00693137997137076,0.0533719911659529,-3.95802459395423,"10901263"
12.86238,30.2710333333333,3.62583398864127,0.00694362445997174,0.0534521857637983,-3.95824378027152,"10847235"
756.613,1791.04444444444,3.62440171588613,0.00695787716212016,0.053538292839039,-3.95849852331649,"10834406"
12.76914,21.0781333333333,3.62434167502086,0.00695847531696553,0.053538292839039,-3.95850920512937,"10802589"
844.8432,1154.04266666667,3.62341745852826,0.00696768971822885,0.0535950730459025,-3.9586736619226,"10883459"
21.38835,26.1236333333333,3.62321947033974,0.00696966534607455,0.0535961577836856,-3.958708899714,"10822253"
99.3612,253.155333333333,3.62287198733863,0.00697313415584634,0.053608721376025,-3.95877075080097,"10830328"
11.37789,27.1818,3.62244988396832,0.00697735035580469,0.0536270227030987,-3.95884589495445,"10830316"
53.5723,117.270111111111,3.62180466173622,0.00698380044935723,0.0536502566464749,-3.9589607823858,"10756452"
39.4271,143.385555555556,3.62178008998011,0.0069840462116295,0.0536502566464749,-3.95896515814961,"10773461"
167.35815,244.123,3.62123225068314,0.00698952799961612,0.0536782520979982,-3.95906272839909,"10901621"
235.594,306.977444444444,3.62089812705005,0.00699287356122152,0.0536838054983453,-3.95912224569085,"10871494"
66.70972,53.6818444444444,3.62065639650084,0.00699529506163659,0.0536838054983453,-3.95916530968803,"10769771"
-200.1934,907.405555555556,-3.62060960093431,0.00699576393277883,0.0536838054983453,-3.95917364671054,"10872829"
87.82939,120.375144444444,3.62009983531042,0.0070008737354239,0.0536981380934571,-3.95926447519606,"10914673"
-75.8514499999999,309.059444444444,-3.62005654375287,0.00700130786602239,0.0536981380934571,-3.95927218955273,"10896748"
114.8816,215.388888888889,3.61961641594687,0.00700572312822954,0.0537056677207619,-3.95935062540535,"10832057"
135.6555,471.851333333333,3.61933794209046,0.00700851824980822,0.0537056677207619,-3.95940025933702,"10749983"
-26.8257775,31.2742322222222,-3.61921294413538,0.00700977327701411,0.0537056677207619,-3.95942254009522,"10731408"
-26.8257775,31.2742322222222,-3.61921294413538,0.00700977327701411,0.0537056677207619,-3.95942254009522,"10740320"
391.27525,722.889111111111,3.61889509840633,0.00701296565017934,0.0537056677207619,-3.95947920047045,"10704198"
-18.753005,35.1819111111111,-3.6188598550954,0.00701331972186987,0.0537056677207619,-3.95948548349096,"10775312"
89.4164500000001,296.323444444444,3.61864630169506,0.00701546559284216,0.0537080219678435,-3.95952355661349,"10778324"
-140.47335,336.506,-3.61826914847687,0.00701925709295684,0.0537229700585908,-3.95959080437805,"10881542"
30.141405,67.4007,3.61801239436425,0.00702183947888831,0.0537286586003779,-3.9596365899857,"10754140"
301.9847,589.197222222222,3.61759350313883,0.00702605478731267,0.0537468354429307,-3.95971129809884,"10822644"
245.9385,690.461,3.61682342259039,0.00703381116734578,0.05379208362378,-3.95984867044594,"10711881"
-9.670055,27.4002777777778,-3.61624635889237,0.00703962943942734,0.0538106856796584,-3.95995163705944,"10908152"
140.4006,464.872666666667,3.61621681504044,0.00703992745490705,0.0538106856796584,-3.95995690922575,"10798900"
-51.41285,156.585444444444,-3.61484969628725,0.00705373262816485,0.05390210436809,-3.96020093839955,"10858985"
-197.40465,248.1496,-3.6142354045475,0.0070599451552757,0.0539274331846121,-3.96031062945556,"10765212"
108.0009,584.111,3.6138358971381,0.0070639886340793,0.0539274331846121,-3.96038198106398,"10837266"
-35.000965,81.8498555555555,-3.61364765604293,0.00706589470908525,0.0539274331846121,-3.96041560442561,"10815189"
-146.40635,356.055111111111,-3.61356477398303,0.00706673412294308,0.0539274331846121,-3.96043040945448,"10875091"
563.75845,825.397111111111,3.61338800064594,0.00706852480551075,0.0539274331846121,-3.96046198759712,"10914199"
40.97656,119.004744444444,3.61329559491964,0.0070694610518637,0.0539274331846121,-3.96047849544961,"10795602"
72.900868,59.3297677777778,3.61324548467218,0.00706996881964347,0.0539274331846121,-3.96048744765056,"10745345"
-577.53775,1148.13655555556,-3.61288301514509,0.00707364288724269,0.0539413738731161,-3.96055220786835,"10749172"
33.094635,48.7500666666667,3.6126776085649,0.00707572583616443,0.0539431770818653,-3.96058891050742,"10734287"
705.711,2098.05333333333,3.61239178770015,0.00707862532454164,0.0539512027735871,-3.96063998649614,"10752098"
58.93444,129.267144444444,3.61139213759592,0.00708877617695997,0.0540144776300753,-3.96081866623557,"10775857"
-360.2165,1050.49977777778,-3.61112574816088,0.00709148382388192,0.0540173125016686,-3.96086629256847,"10898140"
478.7638,416.735111111111,3.61088370694349,0.00709394494659514,0.0540173125016686,-3.96090956993024,"10721865"
41.2759,167.895444444444,3.61080993205268,0.00709469528544199,0.0540173125016686,-3.96092276177949,"10905543"
-132.1102,229.663555555556,-3.60996698060071,0.00710327466746528,0.0540685425052972,-3.96107351761606,"10786401"
510.1325,2198.46555555556,3.6096581430622,0.00710642072138223,0.054078399310878,-3.96112876289981,"10708521"
48.88019,97.2300888888889,3.60945439144839,0.00710849710425437,0.0540801131259602,-3.96116521376296,"10853300"
281.2574,522.666888888889,3.60871780205612,0.00711600890902476,0.0541231669534624,-3.96129701169427,"10894523"
1736.236,5331.78444444444,3.60838006695962,0.0071194559938016,0.0541352908388652,-3.96135745477282,"10765090"
52.8048,175.372,3.60714512812927,0.00713207554308683,0.0542171363298825,-3.96157853176328,"10852351"
1009.3135,3552.66777777778,3.60683280492448,0.00713527088057716,0.0542273162084238,-3.96163445959529,"10815998"
-149.8206,867.506666666667,-3.60658599379818,0.00713779705317168,0.0542324065309122,-3.96167866077541,"10816875"
-67.5798999999999,229.826888888889,-3.60618586122449,0.00714189453641315,0.0542494297937529,-3.96175032882161,"10712791"
755.27705,1211.89788888889,3.60488721139387,0.00715521041913954,0.0543364484493742,-3.96198300484923,"10706219"
248.5292,1136.28822222222,3.60439637998929,0.0071602501217085,0.054355859124533,-3.96207097537402,"10700880"
-66.69544,55.9601222222222,-3.60408083654319,0.00716349202257559,0.054355859124533,-3.96212753798636,"10863688"
337.0133,296.899888888889,3.60366521354974,0.00716776453322695,0.054355859124533,-3.96220205049889,"10900358"
-512.1695,886.949111111111,-3.60355390395338,0.00716890923229642,0.054355859124533,-3.96222200794741,"10726769"
222.9884,714.410555555556,3.60352663179616,0.00716918972674822,0.054355859124533,-3.96222689788312,"10901923"
-73.226635,102.139088888889,-3.60339263381426,0.00717056806765499,0.054355859124533,-3.96225092463172,"10730691"
61.308939,38.4010033333333,3.60327020966784,0.00717182760399849,0.054355859124533,-3.96227287716493,"10840721"
-159.2045,542.473444444444,-3.60308373567482,0.00717374655800058,0.054355859124533,-3.96230631675145,"10920170"
145.9205,441.829555555556,3.6026907672194,0.00717779228517521,0.054355859124533,-3.96237679374093,"10729554"
-25.41064,55.9546222222222,-3.6025273142515,0.0071794757989052,0.054355859124533,-3.96240611128733,"10722237"
-510.448,977.680222222222,-3.60237289822004,0.00718106662204708,0.054355859124533,-3.96243380957958,"10801653"
1470.0215,3033.41888888889,3.60220782950447,0.00718276760705213,0.054355859124533,-3.96246342045894,"10926564"
146.32965,423.019,3.60193997673843,0.00718552866651422,0.054355859124533,-3.96251147315948,"10920994"
-253.41845,639.234777777778,-3.60192825928899,0.00718564947728172,0.054355859124533,-3.96251357537597,"10875954"
232.34081,219.615522222222,3.60190880745127,0.00718585003692758,0.054355859124533,-3.96251706523205,"10828827"
-23.20681,47.7264222222222,-3.60174528896244,0.00718753624283121,0.054355859124533,-3.96254640310289,"10759045"
-270.83505,509.537666666667,-3.60143970538999,0.00719068855840951,0.0543622130986952,-3.96260123456115,"10859590"
16.506325,48.5620444444444,3.60130311240186,0.00719209809086249,0.0543622130986952,-3.96262574573315,"10902016"
100.68785,368.553555555556,3.60080633527899,0.00719722692703014,0.0543869082892546,-3.96271490133815,"10719538"
13.097338,12.1892511111111,3.59952580737728,0.00721046537917533,0.054447099437782,-3.9629447914605,"10809090"
46.58954,142.979422222222,3.59935710542506,0.00721221140242674,0.054447099437782,-3.96297508631991,"10797992"
100.636225,79.2433111111111,3.59930354112802,0.00721276587391829,0.054447099437782,-3.96298470559341,"10795112"
34.386145,61.6602111111111,3.59895729435873,0.00721635114894676,0.054447099437782,-3.96304689050576,"10721232"
-294.7952,568.998111111111,-3.59893379913755,0.00721659450335207,0.054447099437782,-3.96305111047054,"10910936"
86.10664,112.524977777778,3.59890794090617,0.0072168623430222,0.054447099437782,-3.96305575489721,"10874936"
37.899765,59.6074,3.59858444401194,0.00722021402158166,0.054447099437782,-3.96311386233781,"10815869"
56.18685,221.187333333333,3.59847005830702,0.00722139954350038,0.054447099437782,-3.96313441030685,"10767028"
14.594715,27.04,3.59841542506471,0.00722196584929846,0.054447099437782,-3.96314422479907,"10877278"
29.32546,57.3207777777778,3.59816966543142,0.00722451387888446,0.0544522570840379,-3.96318837633084,"10775584"
25.242128,25.7524955555556,3.59703781567053,0.0072362612535991,0.0545267310453041,-3.96339176921059,"10716596"
70.8834,219.430333333333,3.59674757177346,0.00723927695240796,0.0545353885734002,-3.96344393975751,"10891901"
1531.916,4460.64555555556,3.59479900066419,0.00725955778596416,0.0546599796801951,-3.96379433653871,"10835975"
1531.916,4460.64555555556,3.59479900066419,0.00725955778596416,0.0546599796801951,-3.96379433653871,"10921288"
51.99475,96.5635777777778,3.59371882145277,0.00727082645255058,0.054719132008442,-3.96398868684383,"10799888"
233.65045,286.863444444444,3.59368686858402,0.00727116007588047,0.054719132008442,-3.96399443712955,"10858827"
-143.7179,439.855777777778,-3.5932685314492,0.0072755294854207,0.0547379135686532,-3.96406972802972,"10713671"
15.0121,24.4651444444444,3.59249077812383,0.00728366033770535,0.0547849776276324,-3.96420973669169,"10781214"
91.8311,334.233222222222,3.59203788640741,0.00728839945987969,0.0548065126952189,-3.96429128353511,"10933015"
-299.28665,464.110111111111,-3.59057073067681,0.00730377458043746,0.054907995520561,-3.96455555155377,"10741244"
16.109465,60.2488222222222,3.58922063806541,0.00731795349844065,0.0549923695236071,-3.96479886171699,"10797499"
13.827585,43.6164333333333,3.58914367407106,0.00731876267227303,0.0549923695236071,-3.96481273566018,"10717357"
27.397505,64.6926888888889,3.58869250538523,0.00732350802941753,0.0550115232397666,-3.96489407376542,"10716632"
-93.3568499999999,202.077666666667,-3.5884142750272,0.00732643607037674,0.0550115232397666,-3.96494424083232,"10905406"
-44.13518,93.4823444444445,-3.58825909175935,0.00732806973058456,0.0550115232397666,-3.96497222382769,"10929390"
51.7058499999999,275.983777777778,3.58818555644328,0.00732884399428944,0.0550115232397666,-3.96498548444678,"10751687"
73.5336000000002,616.597,3.58787352658433,0.00733213037131882,0.0550220541144896,-3.96504175681933,"10903400"
367.7772,904.824333333333,3.58754133015192,0.00733563087512445,0.0550226923085309,-3.96510167328989,"10762983"
37.80467,121.607155555556,3.5874106288969,0.00733700862179364,0.0550226923085309,-3.96512524920252,"10899378"
585.1402,1384.44211111111,3.58732933236981,0.00733786572307923,0.0550226923085309,-3.96513991406253,"10737445"
-1551.52,2670.64555555556,-3.58687337933986,0.00734267477026761,0.0550324325323013,-3.96522217043489,"10878767"
-33.1288,156.297888888889,-3.58679958059739,0.00734345345948992,0.0550324325323013,-3.96523548543937,"10743956"
-59.4545500000001,531.633555555556,-3.5865645413041,0.00734593406924129,0.0550324325323013,-3.9652778944209,"10940474"
-93.71045,459.346111111111,-3.5864920084478,0.00734669976298949,0.0550324325323013,-3.96529098253469,"10754785"
317.19895,274.678111111111,3.5861907028664,0.00734988140932965,0.0550421521384662,-3.96534535508918,"10798438"
-33.7550349999999,95.8664222222222,-3.58549673312669,0.00735721499690192,0.0550674791752994,-3.96547060969429,"10759714"
138.87273,122.615833333333,3.58528461935421,0.0073594580849986,0.0550674791752994,-3.96550890058026,"10795196"
26.46509,117.102422222222,3.58526800756328,0.0073596337843004,0.0550674791752994,-3.96551189947709,"10800493"
-32.767925,104.739477777778,-3.58515744909331,0.00736080325116534,0.0550674791752994,-3.96553185887278,"10767827"
49.68463,133.604177777778,3.58497430347904,0.00736274096736386,0.0550678736867813,-3.96556492441704,"10815919"
469.8322,955.903111111111,3.58447536284669,0.00736802261629074,0.055093271746178,-3.96565501580128,"10769131"
-120.900075,135.153233333333,-3.58353563930639,0.00737798124638646,0.0551471200181505,-3.96582474282133,"10889291"
36.99286,81.7899111111111,3.58343962789674,0.00737899952594476,0.0551471200181505,-3.96584208715358,"10812001"
-25.983215,64.5256444444444,-3.58253261450621,0.00738862654345804,0.055182245856972,-3.96600596854566,"10727710"
-1128.9665,1170.85311111111,-3.58248401497067,0.00738914275560899,0.055182245856972,-3.96601475119263,"10763850"
496.0598,892.152222222222,3.58244051324803,0.00738960485268024,0.055182245856972,-3.9660226127252,"10799987"
45.05982,132.720766666667,3.58195637345035,0.00739474970824403,0.055182245856972,-3.96611011397605,"10785019"
83.4184500000001,451.109666666667,3.58192449598727,0.00739508859758466,0.055182245856972,-3.96611587591961,"10846749"
1038.19526,700.744355555556,3.58185811805481,0.00739579431459347,0.055182245856972,-3.96612787414241,"10854406"
25.50322,87.6036444444444,3.58154072887687,0.00739916972611405,0.055182245856972,-3.96618524830777,"10773722"
30.5315,147.860555555556,3.5814766233492,0.00739985168325273,0.055182245856972,-3.96619683743219,"10895391"
238.4329,297.097777777778,3.58139420306803,0.00740072857194145,0.055182245856972,-3.96621173794099,"10936853"
35.464365,57.8501,3.58121941622551,0.0074025885367794,0.055182245856972,-3.96624333863076,"10759479"
-983.787499999999,2236.68111111111,-3.58089042407022,0.0074060908037182,0.055191978311896,-3.96630282454546,"10830003"
-41.12691,86.7190333333333,-3.58074189058931,0.00740767258714809,0.055191978311896,-3.96632968365499,"10860421"
34.0182,147.781,3.57863639435366,0.00743013351597585,0.0553452117633143,-3.96671057767012,"10733004"
-415.556499999999,2373.81222222222,-3.57775893987681,0.00743951541616382,0.0554009695049222,-3.9668694014914,"10761152"
11.178715,36.3190777777778,3.57733226738954,0.00744408203801885,0.0554208493013972,-3.96694665019469,"10803598"
240.69105,692.65,3.57644837322861,0.00745355175695545,0.055477213000687,-3.96710671757946,"10724524"
-1062.85525,1965.92388888889,-3.57626982232261,0.00745546624487986,0.0554773282928987,-3.96713905836666,"10901563"
42.01157,48.8994888888889,3.5754985531061,0.00746374210012885,0.0555247674339608,-3.96727878247837,"10853020"
56.3542,168.347111111111,3.57527552158225,0.00746613709301813,0.0555284442554562,-3.96731919463552,"10701227"
-12.43085,44.8142777777778,-3.57482192773951,0.00747101047512023,0.055550547218163,-3.96740139384817,"10771528"
-12.97844,20.3106444444444,-3.57428257529359,0.00747680965593319,0.0555795209385324,-3.96749915210853,"10920833"
51.3532,161.271444444444,3.57395301227253,0.00748035551808286,0.0555917339367267,-3.96755889545654,"10842590"
-490.0915,1016.95355555556,-3.57295819365106,0.00749106993163905,0.055657201674187,-3.96773928114778,"10811293"
-102.777,244.810333333333,-3.57227578072862,0.00749842912732465,0.0556977138382055,-3.9678630584568,"10847562"
119.7506,265.671888888889,3.57119046880195,0.00751014909795956,0.055737197517947,-3.96805997911964,"10872697"
258.272,1442.62555555556,3.57103455259378,0.00751183439562643,0.055737197517947,-3.96808827533274,"10717935"
140.0928,545.647666666667,3.57089185471875,0.00751337716970434,0.055737197517947,-3.96811417407646,"10767058"
280.61255,278.449888888889,3.5708584436453,0.00751373844138546,0.055737197517947,-3.96812023816951,"10824513"
97.33745,301.318888888889,3.57042711992553,0.007518403978549,0.055737197517947,-3.96819852998006,"10910256"
397.6455,1493.00333333333,3.57041938380872,0.00751848768666797,0.055737197517947,-3.96819993431759,"10701312"
16.929385,70.4562111111111,3.56998442217635,0.00752319575760823,0.055737197517947,-3.96827889942259,"10883987"
12.20841,22.7011,3.56990858225838,0.00752401697863409,0.055737197517947,-3.96829266908865,"10799461"
112.87316,160.919188888889,3.56988641636976,0.00752425701663504,0.055737197517947,-3.96829669365064,"10882159"
36.827275,87.4926777777778,3.56987040142467,0.00752443045015088,0.055737197517947,-3.96829960143379,"10724391"
-86.53705,336.596888888889,-3.56983284044094,0.00752483723276277,0.055737197517947,-3.96830642133131,"10892884"
164.1081,311.847333333333,3.56944679916589,0.00752901938935427,0.055737197517947,-3.96837651985468,"10909722"
10.629425,22.9468888888889,3.56942609709423,0.00752924373407516,0.055737197517947,-3.968380279283,"10814723"
151.27344,173.5817,3.56918967513832,0.0075318063027689,0.055737197517947,-3.96842321478926,"10880163"
-10.977745,20.8001222222222,-3.56913831587855,0.00753236310675891,0.055737197517947,-3.9684325424082,"10741956"
564.02815,944.461777777778,3.56894266216648,0.00753448466017318,0.0557387781368192,-3.96846807771709,"10863772"
102.6202,853.157777777778,3.5686631418075,0.00753751671907978,0.0557470920078979,-3.96851884966775,"10814833"
-178.67165,373.701777777778,-3.56830615283116,0.00754139099957403,0.0557616291221351,-3.96858370066326,"10912849"
-221.915,1456.10111111111,-3.56785317959494,0.00754631002037365,0.055783881815586,-3.9686660006634,"10727734"
18.52545,44.9314333333333,3.56714295413433,0.00755402953380118,0.0558268198331565,-3.96879506834856,"10798142"
1773.737,4121.06555555556,3.56532811130154,0.00757379350446895,0.0559587262113191,-3.9691250306456,"10750545"
543.47095,811.174444444444,3.56477267750795,0.00757985328924455,0.055983840382028,-3.96922606034599,"10747633"
9.880778,16.7044288888889,3.56466530856146,0.00758102528073194,0.055983840382028,-3.96924559244843,"10769650"
225.90215,324.521555555556,3.56442461104135,0.00758365332924587,0.055989094859891,-3.96928938195291,"10834483"
-742.2389,773.158444444444,-3.56410543951538,0.00758713969129992,0.0560006818953097,-3.96934745408545,"10832566"
-927.90875,1268.10011111111,-3.56391760285147,0.00758919225988555,0.0560016829200041,-3.96938163352596,"10940557"
-16.59876,33.2863333333333,-3.56371654666186,0.00759138993942975,0.0560037539622477,-3.96941822108521,"10845784"
14.444345,26.8971888888889,3.56312524581711,0.00759785718729056,0.0560373137766994,-3.96952583996857,"10858511"
525.3065,962.795555555556,3.56263006237052,0.0076032776858284,0.056063138393183,-3.96961598334873,"10904227"
-117.12885,503.025333333333,-3.56202444925788,0.00760991259960672,0.0560979022671993,-3.9697262519534,"10852896"
-29.21524,46.7409888888889,-3.56161427211448,0.00761440988072219,0.0561071034711608,-3.96980095014426,"10874570"
607.1979,834.001333333333,3.56156029664197,0.00761500189166675,0.0561071034711608,-3.96981078057518,"10851386"
-215.940175,239.652788888889,-3.56065473155904,0.00762494158140781,0.0561661733129722,-3.96997573852176,"10797722"
54.32368,104.360477777778,3.56021600728364,0.00762976209045857,0.05617486386832,-3.97005567661079,"10782764"
89.2983999999999,347.851777777778,3.56019735247848,0.00762996713320647,0.05617486386832,-3.97005907591268,"10920841"
-47.5572,126.361266666667,-3.55934686289779,0.00763932145834176,0.0562295633872502,-3.97021407822452,"10870417"
289.8053,662.429555555556,3.55880563620164,0.00764528063980312,0.0562550430700754,-3.97031274267946,"10720965"
58.815475,75.5353111111111,3.55868275135206,0.00764663435446256,0.0562550430700754,-3.97033514708645,"10927036"
379.28725,471.486111111111,3.55765203005464,0.00765799896841837,0.0563244667329744,-3.97052310883,"10766437"
544.351500000001,2633.83,3.55696049761016,0.00766563381269285,0.0563628665120727,-3.97064925665214,"10878430"
777.99635,1113.22755555556,3.55682972573675,0.00766707850752985,0.0563628665120727,-3.97067311541352,"10895397"
19.839159,20.07307,3.55630757243993,0.0076728498588913,0.0563771520707909,-3.97076839157594,"10722241"
251.48581,210.467911111111,3.55610615208494,0.00767507739166736,0.0563771520707909,-3.97080514924546,"10708015"
49.81407,123.377266666667,3.55588861517188,0.0076774839334471,0.0563771520707909,-3.97084485115313,"10830161"
895.43265,852.511666666667,3.55572946327084,0.00767924508966185,0.0563771520707909,-3.97087389944735,"10923127"
-500.8645,886.937555555555,-3.5556087585389,0.00768058108106288,0.0563771520707909,-3.97089593153639,"10820763"
16.25163,38.2804666666667,3.55545734936893,0.00768225726734959,0.0563771520707909,-3.97092356946646,"10773449"
109.60873,112.864411111111,3.55538034663461,0.00768310988126458,0.0563771520707909,-3.97093762598951,"10766918"
282.5965,482.233444444444,3.55508419413258,0.00768638997391525,0.0563771520707909,-3.97099169112198,"10721585"
282.5965,482.233444444444,3.55508419413258,0.00768638997391525,0.0563771520707909,-3.97099169112198,"10778543"
812.266000000001,4242.52111111111,3.55387784676296,0.00769976652602572,0.056461089179547,-3.97121198146137,"10778888"
113.67315,313.372,3.55341805129123,0.00770487148287897,0.0564843451695925,-3.97129597041056,"10869666"
1233.85,3124.36777777778,3.55310386863873,0.00770836182264244,0.0564957557166774,-3.97135336911408,"10877916"
104.7678,231.988666666667,3.55269243968168,0.00771293504542905,0.0565044691773938,-3.9714285440827,"10869535"
174.471395,124.208622222222,3.55264891475326,0.00771341901415235,0.0565044691773938,-3.97143649748876,"10795286"
-59.74319,51.0126111111111,-3.55115932561135,0.00773000178733527,0.0566117503673133,-3.97170877089362,"10836416"
114.46505,562.885555555556,3.5509445419934,0.00773239598609978,0.0566150918140148,-3.97174804237653,"10736033"
101.8601,314.668555555556,3.55050581583168,0.00773728893376227,0.0566367223530271,-3.97182826971214,"10796853"
172.8635,175.998222222222,3.55018269494372,0.00774089468857977,0.0566489222024472,-3.97188736533187,"10769621"
253.19125,868.849444444444,3.54873192446671,0.007757106132132,0.056753342986252,-3.97215278430935,"10853665"
1518.681,4343.26333333333,3.54841640012255,0.00776063670349438,0.0567649576003717,-3.97221052852739,"10876420"
182.9111,227.889722222222,3.54769185256358,0.00776875053564592,0.0568100821397647,-3.97234315382075,"10767985"
-360.88125,1287.78633333333,-3.54741771409322,0.00777182282610629,0.0568183263368041,-3.97239334298116,"10897186"
676.8108,1188.938,3.54697707824745,0.00777676377758554,0.0568402244179094,-3.97247402511427,"10705058"
-119.3781,356.361666666667,-3.54571538792582,0.00779092991902992,0.0569295214243472,-3.97270511849006,"10773009"
58.85695,226.139444444444,3.54529806829686,0.00779562159249459,0.0569452709067119,-3.97278157928635,"10932893"
58.547295,117.8239,3.54499676321314,0.00779901085502388,0.0569452709067119,-3.97283679139826,"10884334"
-53.5424,188.605777777778,-3.54495867418861,0.0077994394152353,0.0569452709067119,-3.97284377139296,"10806698"
-584.28455,658.078777777778,-3.54483045580053,0.00780088225401044,0.0569452709067119,-3.97286726874662,"10702605"
237.75485,246.167222222222,3.54455584254127,0.00780397342777108,0.0569534455040484,-3.97291759824424,"10887506"
-940.37725,1189.76855555556,-3.54438464768574,0.00780590113638016,0.0569534455040484,-3.97294897642176,"10723441"
-367.1094,515.487666666667,-3.54400429060387,0.00781018589382053,0.0569633135669401,-3.97301869892048,"10782144"
110.94236,212.983855555556,3.54391843991209,0.00781115335623886,0.0569633135669401,-3.97303443740057,"10701088"
-412.1135,3169.04444444444,-3.54307327322114,0.00782068446446205,0.0570051026812292,-3.97318940337647,"10863876"
-432.99615,551.341666666667,-3.54306424717197,0.00782078631979074,0.0570051026812292,-3.97319105861457,"10881063"
19.082255,31.8276222222222,3.54278723247182,0.00782391300629415,0.0570089969623183,-3.97324186152995,"10734347"
793.8865,2156.30444444444,3.54267116644844,0.0078252234483089,0.0570089969623183,-3.97326314892807,"10880678"
15.10714,36.2742444444444,3.54215752205786,0.00783102555115389,0.0570358188810608,-3.97335736624699,"10790352"
137.10895,583.251111111111,3.54193779307742,0.00783350899854085,0.0570358188810608,-3.97339767641352,"10920659"
10.825715,31.1180888888889,3.54182694650044,0.00783476214040177,0.0570358188810608,-3.97341801291108,"10752955"
21.453025,91.3688777777778,3.54108962568858,0.00784310312942566,0.0570823156011563,-3.97355330695115,"10917676"
431.00825,513.167222222222,3.54069929944854,0.00784752254823961,0.0571002549749121,-3.97362494450029,"10730057"
-59.0491,257.890555555556,-3.54028087713967,0.00785226302680838,0.0571155631239965,-3.97370175010619,"10763611"
331.26425,659.616555555556,3.54016851349643,0.00785353656017984,0.0571155631239965,-3.97372237760802,"10890936"
-39.3554999999999,114.023066666667,-3.53957491001533,0.00786026813408403,0.0571342637086393,-3.97383136445741,"10838927"
681.976500000001,2780.57666666667,3.53938462322328,0.00786242732215659,0.0571342637086393,-3.97386630659018,"10801135"
-127.91795,332.836777777778,-3.53929760405891,0.00786341494085008,0.0571342637086393,-3.97388228663515,"10725999"
43.18307,77.9408555555556,3.53907845177106,0.00786590278176877,0.0571342637086393,-3.9739225336565,"10799057"
-45.19505,126.353111111111,-3.53893558837666,0.00786752503409905,0.0571342637086393,-3.97394877208628,"10787698"
139.4549,582.529555555556,3.53890765825892,0.00786784222974792,0.0571342637086393,-3.97395390192123,"10802949"
-41.96378,72.0956111111111,-3.53856767189902,0.00787170446542216,0.0571481049336091,-3.97401635038143,"10849643"
-67.227825,155.899966666667,-3.5380808473659,0.00787723829460184,0.0571740719350306,-3.97410578367985,"10731738"
96.231,488.334333333333,3.53765172753963,0.00788211961871293,0.0571952912421956,-3.97418462957613,"10810875"
194.09325,251.984666666667,3.53722979254889,0.00788692235484505,0.0572047166080033,-3.97426216756839,"10840568"
-423.2608,1042.73088888889,-3.53719357179771,0.00788733478801387,0.0572047166080033,-3.97426882433504,"10759698"
64.372755,72.0128333333333,3.5368460547427,0.00789129301206825,0.0572192191746244,-3.97433269668364,"10768412"
103.2899,314.434222222222,3.53556382287197,0.00790591596239236,0.0573110245472284,-3.97456843733511,"10827830"
-789.46775,720.063844444444,-3.53480554309901,0.00791457718419153,0.0573595777372789,-3.97470790115713,"10743452"
90.56585,336.866888888889,3.53445187589802,0.00791862029586646,0.0573746461615681,-3.97477296149806,"10826784"
56.65191,110.596666666667,3.53416883363122,0.00792185761004295,0.0573838701264058,-3.97482503587287,"10853388"
-12.62635,42.4528888888889,-3.53370857083356,0.00792712490500356,0.0574023952959315,-3.97490972710245,"10756322"
16.209395,40.8903555555556,3.53353141364429,0.00792915330402043,0.0574023952959315,-3.97494232898062,"10723805"
24.281399,23.1988588888889,3.53343043791208,0.00793030969447455,0.0574023952959315,-3.97496091229706,"10918979"
21.399181,26.9669911111111,3.53261930438172,0.00793960544498705,0.0574428277794702,-3.97511021646488,"10719289"
90.88585,128.769411111111,3.53259988686182,0.00793982811574932,0.0574428277794702,-3.97511379116929,"10880339"
-30.972665,72.4900111111111,-3.53210695693648,0.0079454830262198,0.0574695075830615,-3.97520454663026,"10765650"
56.509135,74.6411111111111,3.53183706133023,0.00794858109539779,0.0574700646507357,-3.97525424529774,"10788045"
354.49575,569.599666666667,3.5316195157859,0.00795107918653434,0.0574700646507357,-3.97529430782313,"10829378"
707.708000000001,4018.59888888889,3.5315862134775,0.0079514616731113,0.0574700646507357,-3.97530044095976,"10806311"
-9.15934,22.1349222222222,-3.53077046089494,0.00796083694591746,0.0575095856231299,-3.97545069807113,"10704155"
-30.01645,54.6550555555556,-3.53070559334671,0.00796158296000291,0.0575095856231299,-3.97546264826277,"10745363"
589.006500000001,2529.90666666667,3.53059670411625,0.00796283541608683,0.0575095856231299,-3.97548270897215,"10788508"
23.81208,67.6925666666667,3.52965540501457,0.00797367109244621,0.0575688172604862,-3.97565615862735,"10780226"
-46.1729500000001,359.875888888889,-3.52943969705745,0.00797615640471727,0.0575688172604862,-3.97569591483774,"10829290"
11.753615,18.4102888888889,3.52937096727965,0.00797694845863107,0.0575688172604862,-3.97570858279592,"10809852"
51.3009,205.133,3.5290815501049,0.00798028467137686,0.0575786703851824,-3.97576193038193,"10826235"
134.4423,197.022333333333,3.52785373286041,0.00799445467748307,0.0576643111159238,-3.97598831461009,"10835775"
-29.63723,41.6767777777778,-3.52771114283565,0.00799610201720433,0.0576643111159238,-3.97601461194455,"10898196"
1162.6145,2120.03555555556,3.52672000303584,0.0080075626268815,0.057730166200388,-3.97619744243371,"10812416"
-478.2235,1552.51222222222,-3.52653463317092,0.00800970801039845,0.057730166200388,-3.97623164410953,"10881850"
622.19535,963.248666666667,3.52640901158553,0.00801116224332077,0.057730166200388,-3.97625482325996,"10793365"
-1537.5265,2555.17888888889,-3.52563580999929,0.00802011924698864,0.0577703964689914,-3.97639751479415,"10863221"
87.82105,287.952777777778,3.52547909112065,0.00802193602552957,0.0577703964689914,-3.9764264416683,"10802741"
-782.71025,1311.91477777778,-3.52541514687095,0.00802267743118704,0.0577703964689914,-3.97643824485879,"10851157"
272.9373,1095.30066666667,3.52496813208871,0.00802786241028255,0.0577842401509764,-3.97652076517039,"10890243"
-31.80333,37.5004666666667,-3.52490837107725,0.00802855585585039,0.0577842401509764,-3.97653179827229,"10912051"
-262.05785,848.571444444444,-3.52460028216672,0.00803213182212069,0.0577957386826192,-3.97658868164125,"10872940"
412.52725,1098.47744444444,3.52395451674611,0.00803963267859547,0.057821103739065,-3.97670793226508,"10925004"
483.2722,1220.97044444444,3.52378666894685,0.0080415835271731,0.057821103739065,-3.97673893263556,"10795422"
833.24505,1037.00433333333,3.52378571683207,0.0080415945947772,0.057821103739065,-3.9767391084903,"10886629"
18.188095,57.1794777777778,3.52320660952187,0.00804832927839102,0.0578552882723709,-3.97684608056883,"10823091"
65.33211,167.530133333333,3.52258589474071,0.00805555449991087,0.0578857492216776,-3.97696076378065,"10836613"
-84.4512499999998,438.167111111111,-3.52225764481467,0.00805937817354034,0.0578857492216776,-3.97702142185426,"10902804"
777.7069,1415.05311111111,3.5221810616242,0.00806027054344269,0.0578857492216776,-3.97703557490113,"10814098"
561.88,1598.41444444444,3.52216201489251,0.00806049249790458,0.0578857492216776,-3.9770390949171,"10900753"
-654.67875,1273.14366666667,-3.52196797919497,0.00806275399618162,0.0578877599519415,-3.97707495596029,"10702467"
51.6527,142.436555555556,3.51920065197604,0.00809508097747013,0.0580979449511962,-3.97758668446695,"10722734"
-33.980275,112.490955555556,-3.51897889089326,0.00809767747948048,0.0580979449511962,-3.97762771473891,"10778189"
257.78585,588.357888888889,3.51895176013389,0.00809799520234377,0.0580979449511962,-3.97763273470741,"10719088"
474.8897,1241.10988888889,3.51850286885678,0.00810325400413875,0.0581214000679866,-3.97771579977456,"10725027"
-650.59265,781.323111111111,-3.51815610109823,0.00810731890816607,0.0581362824210023,-3.97777997683677,"10796262"
70.093305,66.4242,3.51786644576495,0.00811071598871627,0.0581374525649885,-3.9778335902842,"10781890"
19.639848,20.6375233333333,3.51780283680398,0.00811146219808629,0.0581374525649885,-3.97784536468622,"10764491"
145.35655,365.904111111111,3.51758844820459,0.00811397777159075,0.0581412182043788,-3.9778850513469,"10810447"
1119.3925,1793.44777777778,3.51638155679369,0.00812815458714851,0.0582285208702689,-3.97810852438675,"10772655"
59.59666,150.024744444444,3.5151984493312,0.00814207761397342,0.0583139630827702,-3.97832769025524,"10845624"
512.6415,1836.54666666667,3.51465282752985,0.00814850714184948,0.0583457077553899,-3.97842879677076,"10876754"
-64.24855,225.578888888889,-3.51382781390931,0.00815823924626512,0.0584010784955622,-3.97858171473474,"10746286"
-37.6563,242.852666666667,-3.51335766846604,0.00816379075325781,0.0584194263178017,-3.97866887800448,"10749656"
40.976425,85.2417444444444,3.51327208784061,0.00816480172710291,0.0584194263178017,-3.97868474597242,"10804872"
46.36503,105.1384,3.51240206785073,0.00817508693922455,0.0584585342876722,-3.97884608957034,"10797681"
70.285525,98.5320111111111,3.51240140970415,0.00817509472492609,0.0584585342876722,-3.97884621164203,"10833808"
123.23985,403.941666666667,3.51196847996305,0.00818021788046218,0.0584585342876722,-3.97892651700164,"10885962"
-63.8465,184.900777777778,-3.5119643243226,0.008180267073567,0.0584585342876722,-3.97892728790534,"10700249"
66.40128,92.6194,3.51196384465838,0.00818027275169453,0.0584585342876722,-3.97892737688686,"10802932"
-34.571505,63.4857666666667,-3.5106912415115,0.00819535223993107,0.0585519736701751,-3.97916351039529,"10857767"
-80.4642750000001,142.9785,-3.51036909420595,0.00819917415784028,0.0585649569308426,-3.97922330293502,"10730272"
40.177125,41.457,3.50926225027412,0.00821232008402647,0.0586445169725616,-3.97942879424321,"10722247"
-52.389,61.9982,-3.50811940603052,0.00822591712041099,0.0587272587379489,-3.97964105732173,"10718010"
-88.5048,516.798333333333,-3.50791213024405,0.00822838575780987,0.0587305305469478,-3.97967956472215,"10731853"
82.696305,116.450533333333,3.50741407723908,0.00823432075100187,0.0587585360087369,-3.97977210434499,"10829176"
599.58635,813.952222222222,3.50694164777606,0.00823995461358638,0.058784379507036,-3.97985989876469,"10774102"
91.47727,78.6317444444445,3.50532446907557,0.00825927102205375,0.0588174805636325,-3.98016054474681,"10916110"
100.78335,184.146,3.50520902878364,0.00826065174096507,0.0588174805636325,-3.9801820128477,"10794800"
190.18871,195.964855555556,3.50494614571841,0.00826379685960491,0.0588174805636325,-3.9802309038715,"10763604"
-134.827975,219.636055555556,-3.50486344740156,0.00826478652116322,0.0588174805636325,-3.98024628509484,"10897997"
-145.134525,179.158766666667,-3.50468490409052,0.00826692360230972,0.0588174805636325,-3.98027949431837,"10845306"
30.0337,134.309111111111,3.50465033551296,0.0082673374401818,0.0588174805636325,-3.98028592435903,"10809080"
30.0337,134.309111111111,3.50465033551296,0.0082673374401818,0.0588174805636325,-3.98028592435903,"10813870"
30.0337,134.309111111111,3.50465033551296,0.0082673374401818,0.0588174805636325,-3.98028592435903,"10853265"
30.0337,134.309111111111,3.50465033551296,0.0082673374401818,0.0588174805636325,-3.98028592435903,"10933737"
38.646605,77.3901888888889,3.50451484137496,0.00826895972134051,0.0588174805636325,-3.98031112817734,"10932517"
1530.303,3119.90666666667,3.5044158793593,0.00827014481476197,0.0588174805636325,-3.98032953730241,"10840900"
202.18205,702.974888888889,3.50439863228291,0.00827035137104954,0.0588174805636325,-3.9803327457091,"10764718"
-25.675125,88.6570333333333,-3.50422889568356,0.00827238448156586,0.0588174805636325,-3.98036432223897,"10774577"
753.182,1739.52555555556,3.50419578704642,0.00827278111987286,0.0588174805636325,-3.98037048175313,"10826818"
14.26454,26.7382555555556,3.50379770718608,0.0082775516629642,0.0588313635111879,-3.98044454621992,"10859919"
-203.20835,317.151777777778,-3.50369679940878,0.00827876139503297,0.0588313635111879,-3.98046332227299,"10933259"
150.17635,398.147444444444,3.50331873603559,0.00828329547748321,0.058849268988131,-3.98053367527515,"10787841"
-252.02545,736.471888888889,-3.50257288376511,0.00829224817023143,0.0588985504607685,-3.98067249809652,"10829191"
63.11,212.779888888889,3.50237982240125,0.0082945672215547,0.058900701704059,-3.98070843814149,"10914676"
41.310985,48.0680777777778,3.50155125070361,0.00830452785483421,0.0589298473392757,-3.98086271300031,"10832802"
686.9572,1352.10711111111,3.5015507741203,0.00830453358771699,0.0589298473392757,-3.9808628017507,"10917299"
238.93585,500.618111111111,3.50149164456783,0.0083052448974796,0.0589298473392757,-3.980873813107,"10872234"
96.15745,254.931444444444,3.50108748221522,0.00831010857829568,0.0589298473392757,-3.98094908436566,"10899174"
-588.726,1927.78,-3.50091047610989,0.00831223961986356,0.0589298473392757,-3.98098205354236,"10814788"
21.062425,35.1564777777778,3.50085529847936,0.00831290404249189,0.0589298473392757,-3.98099233137386,"10796405"
86.51675,164.074888888889,3.5008450834677,0.00831302705297295,0.0589298473392757,-3.98099423412744,"10713033"
42.8458,166.379777777778,3.50063415132706,0.0083155675577409,0.0589298473392757,-3.98103352612867,"10921384"
14.536175,33.9286222222222,3.50052967468822,0.00831682619907694,0.0589298473392757,-3.98105298895172,"10703960"
-1041.861,3513.05666666667,-3.50034161377058,0.00831909229997848,0.0589316106817583,-3.9810880244755,"10892968"
731.144,1653.58888888889,3.5001126709148,0.00832185190759331,0.058936868273559,-3.98113067953434,"10796416"
172.69105,598.188777777778,3.49987311677645,0.00832474046295804,0.0589430363269162,-3.98117531546915,"10917106"
1511.26,3285.71111111111,3.49915276020597,0.00833343298489151,0.0589902862177418,-3.98130956269644,"10806089"
201.1688,1069.29455555556,3.4988151901886,0.00833750975449353,0.0590048473759143,-3.98137248525217,"10701327"
-329.668999999999,2131.18444444444,-3.49782734175863,0.00834945200664611,0.0590750522940565,-3.98155666373542,"10700960"
15.467235,30.3762666666667,3.4973187420018,0.00835560764195933,0.0591042909569491,-3.98165151529835,"10854733"
40.83836,45.8605222222222,3.49666043390432,0.00836358238146231,0.0591463799787073,-3.9817743131937,"10914911"
182.81585,962.067888888889,3.49606079464754,0.00837085345297137,0.0591795667451148,-3.98188619318983,"10830050"
247.8202,964.605111111111,3.49593937274004,0.00837232660223042,0.0591795667451148,-3.98190885095809,"10908102"
-49.251525,129.784233333333,-3.49555735605611,0.00837696321207928,0.0591878860346997,-3.98198014326854,"10867596"
447.9003,774.213,3.49550856613721,0.00837755558134741,0.0591878860346997,-3.98198924921143,"10878954"
-140.8775,351.872777777778,-3.49522882673133,0.00838095281992185,0.0591934870831268,-3.98204146174391,"10899263"
812.2862,1364.13988888889,3.49510963467134,0.00838240076890859,0.0591934870831268,-3.9820637102242,"10755184"
-635.94665,707.609444444444,-3.49396277493315,0.00839634646236514,0.0592776378809897,-3.9822778338629,"10875126"
170.5136,285.312222222222,3.49367674258393,0.00839982842888141,0.059287892660387,-3.9823312514265,"10829470"
-56.9243,260.719111111111,-3.49337765814492,0.00840347092535019,0.0592992752688842,-3.9823871125338,"10890156"
174.36485,443.768888888889,3.49316893189487,0.0084060139606964,0.0593028958821021,-3.98242610075379,"10703947"
121.91785,259.290111111111,3.49295786034618,0.00840858640254303,0.0593067221544887,-3.98246553010294,"10840394"
17.334685,45.3365444444444,3.49263414371726,0.00841253333708699,0.0593177717497575,-3.9825260081405,"10871644"
37.885,53.9065777777778,3.49236911528706,0.00841576617915333,0.0593177717497575,-3.98257552718182,"10889929"
9.950712,11.4744266666667,3.49224855566821,0.00841723721408056,0.0593177717497575,-3.98259805465416,"10747187"
-981.4235,2641.58777777778,-3.49216352844285,0.00841827485707177,0.0593177717497575,-3.98261394323274,"10796440"
368.7071,1019.42722222222,3.4912675623678,0.00842921719191246,0.0593805524582905,-3.98278139782012,"10714743"
132.50545,259.126111111111,3.49074447762774,0.0084356125607358,0.0594096706825492,-3.98287918704312,"10850081"
16.5157,44.9209111111111,3.4904619587817,0.00843906885496073,0.0594096706825492,-3.9829320109813,"10781240"
-16.78975,23.2230888888889,-3.49043069659183,0.0084394514045519,0.0594096706825492,-3.98293785656434,"10822031"
149.63665,303.201777777778,3.48980804518981,0.00844707451645187,0.0594189360228703,-3.98305429749956,"10932134"
-156.5258,428.163777777778,-3.4897108613986,0.00844826499667498,0.0594189360228703,-3.9830724740763,"10911250"
-194.8782,467.712666666667,-3.48964796692353,0.0084490355353611,0.0594189360228703,-3.98308423776573,"10819066"
144.4337,775.746555555556,3.48958390631696,0.00844982043749568,0.0594189360228703,-3.98309621984665,"10719218"
-98.795775,165.592366666667,-3.48939778425815,0.00845210133667919,0.0594189360228703,-3.98313103425732,"10714254"
-82.1771,170.326444444444,-3.48932682427187,0.00845297111354312,0.0594189360228703,-3.98314430805739,"10853132"
186.1109,699.208555555556,3.48899449762796,0.00845704580325725,0.059433277867779,-3.98320647781106,"10886366"
-51.248025,137.6707,-3.48842950306476,0.0084639780522019,0.0594676899511848,-3.9833121911949,"10776778"
-37.19848,103.846022222222,-3.48810113478673,0.00846800977107204,0.0594817113373644,-3.98337364068743,"10802867"
114.38235,199.9665,3.48676936491972,0.00848438224402574,0.0595823901146558,-3.98362293878318,"10722816"
28.45046,61.6472888888889,3.48589343434831,0.00849516908150449,0.0596429443303292,-3.98378697353355,"10722586"
18.46288,22.4791944444444,3.48559017115766,0.00849890707959216,0.0596429443303292,-3.98384377768624,"10914042"
-18.96025,26.4416222222222,-3.48534067712996,0.00850198363450216,0.0596429443303292,-3.98389051510239,"10792087"
-109.3684,294.093222222222,-3.48526804254238,0.0085028795269708,0.0596429443303292,-3.98390412245858,"10872511"
-278.92165,431.234222222222,-3.48488396781969,0.00850761846597641,0.0596429443303292,-3.98397608102247,"10913010"
145.40145,258.980666666667,3.48479140175045,0.00850876102031497,0.0596429443303292,-3.98399342531772,"10759511"
183.5758,814.805444444444,3.48475145834438,0.00850925409706223,0.0596429443303292,-3.98400090977848,"10700299"
98.384405,53.9278222222222,3.48474468492815,0.00850933771372672,0.0596429443303292,-3.98400217896928,"10880833"
59.794755,38.5975666666667,3.48437344909143,0.00851392189301309,0.0596607613774249,-3.98407174532287,"10870791"
117.787945,81.3299777777778,3.48316676649646,0.00852884067510391,0.0597427745272627,-3.98429793273219,"10838762"
-107.037175,112.272122222222,-3.48309606642529,0.0085297156347372,0.0597427745272627,-3.98431118826659,"10809007"
-28.40325,220.289333333333,-3.48219218577833,0.00854091016243737,0.0598067597136137,-3.98448068694054,"10786495"
-87.917425,160.967988888889,-3.481865445726,0.00854496066864958,0.0598067597136137,-3.98454197217531,"10878361"
225.98875,390.600444444444,3.48176423375356,0.00854621577979245,0.0598067597136137,-3.98456095756595,"10715721"
-37.02705,211.214333333333,-3.4816977904818,0.00854703983721289,0.0598067597136137,-3.9845734214111,"10756815"
-86.31135,264.342,-3.48132216646584,0.00855170007338953,0.0598250397375483,-3.98464388904373,"10850221"
-59.288505,110.818733333333,-3.48080096026575,0.00855817097241034,0.0598310742140943,-3.9847416842356,"10752100"
66.85135,156.598111111111,3.48064189823579,0.0085601468019642,0.0598310742140943,-3.98477153316487,"10704655"
190.29965,416.879222222222,3.48046843022377,0.00856230213195121,0.0598310742140943,-3.98480408745151,"10874866"
579.632500000001,2093.89444444444,3.48043435651528,0.00856272556359347,0.0598310742140943,-3.98481048221892,"10903367"
-674.15805,808.97,-3.48032177650746,0.00856412474593969,0.0598310742140943,-3.98483161118911,"10808302"
-51.2650999999999,174.999111111111,-3.48026336196421,0.00856485083738421,0.0598310742140943,-3.98484257475145,"10874375"
38.85082,85.0104111111111,3.48004748239368,0.00856753478345572,0.0598355154587319,-3.98488309425784,"10779961"
130.87465,720.804111111111,3.47978120026724,0.00857084659648315,0.0598443385443735,-3.98493307849907,"10808680"
49.87407,35.7614333333333,3.47941196263213,0.00857544114347608,0.0598621117241363,-3.98500239677845,"10708099"
760.8576,1327.95033333333,3.47897585428056,0.00858087115801377,0.059873937052575,-3.9850842810509,"10704411"
115.72295,279.423222222222,3.47894671131223,0.00858123414935071,0.059873937052575,-3.98508975344047,"10737125"
-26.4010875,25.2758633333333,-3.47721755449087,0.00860280097272488,0.0600056453798103,-3.98541455486593,"10895037"
638.1712,905.878444444444,3.47708694331823,0.0086044323530471,0.0600056453798103,-3.98543909699657,"10808595"
139.70695,525.359777777778,3.47693457055089,0.00860633595911228,0.0600056453798103,-3.9854677296679,"10716634"
162.7418,253.025888888889,3.47663631428246,0.00861006339621707,0.0600056453798103,-3.98552378023949,"10818173"
797.1455,2000.11888888889,3.47660875973685,0.00861040784383213,0.0600056453798103,-3.98552895880784,"10709784"
-635.5205,995.428444444444,-3.47644663213848,0.00861243482842283,0.0600056453798103,-3.98555942993653,"10742645"
-52.26295,217.786222222222,-3.47598976469026,0.00861814949857393,0.0600311443613111,-3.98564530581438,"10940660"
-48.5355,165.510666666667,-3.47570938332494,0.00862165861013414,0.0600412716654252,-3.98569801531874,"10774737"
-37.169575,93.1683888888889,-3.47500926202539,0.00863042760777812,0.0600880152844686,-3.98582965635416,"10782450"
692.6815,1767.80444444444,3.47460337918452,0.00863551561863346,0.0601091144347767,-3.98590598840078,"10764316"
-22.877795,45.6264111111111,-3.47283595965222,0.00865770859561696,0.0602492374731667,-3.98623850948964,"10884934"
20.416975,95.7609111111111,3.47262901077832,0.00866031115500065,0.0602529959709905,-3.98627745882408,"10725567"
-242.3846,423.225111111111,-3.47212334078637,0.00866667388728551,0.0602789336512621,-3.98637264217132,"10789143"
306.78775,387.052111111111,3.47200481757023,0.0086681659570395,0.0602789336512621,-3.98639495460709,"10847980"
41.713215,74.1614666666667,3.47136448931165,0.00867623167018129,0.0603084623788678,-3.98651551557392,"10811824"
118.95015,404.418333333333,3.47133994834088,0.00867654095222775,0.0603084623788678,-3.98652013671038,"10809497"
12.984235,24.3744111111111,3.47103917991587,0.00868033239298164,0.060317719166827,-3.98657677566502,"10871127"
-57.0797,128.869244444444,-3.47090676991994,0.00868200209134345,0.060317719166827,-3.98660171232534,"10902409"
53.0597500000001,178.995111111111,3.47056195205822,0.00868635186838875,0.0603328555392517,-3.9866666572641,"10894150"
-12.008845,17.7398155555556,-3.4704066912051,0.00868831119509933,0.0603328555392517,-3.98669590265194,"10719323"
-62.9094,97.6027666666667,-3.46994006846338,0.0086942026057018,0.0603594189455733,-3.98678380710673,"10841367"
388.9431,1054.792,3.4696665349087,0.00869765811560608,0.0603653914027943,-3.98683534356659,"10918240"
-230.93585,687.338444444444,-3.46954487346278,0.00869919551604587,0.0603653914027943,-3.98685826746327,"10730383"
-19.626055,92.3337888888889,-3.46937707000643,0.00870131647361316,0.0603657320331019,-3.98688988728662,"10884701"
-400.676725,381.950255555556,-3.46921406860183,0.00870337726170416,0.0603657320331019,-3.98692060410618,"10735718"
16.70633,31.0352555555556,3.46832338280924,0.00871464715575168,0.0604056103331958,-3.98708848195352,"10779839"
66.5113,72.3248777777778,3.46831339659226,0.0087147735997618,0.0604056103331958,-3.98709036448233,"10859121"
65.84791,107.398077777778,3.46826946367411,0.00871532989506471,0.0604056103331958,-3.98709864647764,"10770082"
-90.49765,207.720222222222,-3.46745692938953,0.00872562531920019,0.0604429173793212,-3.98725184510171,"10873317"
31.261065,86.4769666666667,3.46732915502772,0.00872724549274635,0.0604429173793212,-3.98727594037211,"10833650"
113.47475,212.059222222222,3.46725244438058,0.00872821833411497,0.0604429173793212,-3.98729040675717,"10900193"
-19.2640975,23.1211988888889,-3.46703141578005,0.00873102205448905,0.0604429173793212,-3.98733209144639,"10769402"
158.7111,363.287666666667,3.46702862859878,0.00873105741564782,0.0604429173793212,-3.98733261711391,"10852144"
-1066.5365,1827.63977777778,-3.46669203631976,0.00873532890403382,0.0604445390665153,-3.98739610298888,"10883858"
103.895665,83.0950111111111,3.46654746593629,0.00873716424077067,0.0604445390665153,-3.98742337333323,"10721176"
58.71617,138.447155555556,3.46631382450352,0.00874013121049558,0.0604445390665153,-3.98746744822729,"10834817"
60.22385,205.525555555556,3.46616242636721,0.00874205435934932,0.0604445390665153,-3.98749601049039,"10852539"
115.38753,162.484066666667,3.46605509653075,0.0087434179989374,0.0604445390665153,-3.98751625993716,"10773481"
-109.4705,302.352444444444,-3.466032444154,0.00874370582922892,0.0604445390665153,-3.98752053376303,"10809286"
54.38784,82.1130333333333,3.46511849240048,0.00875532727390732,0.060494528140506,-3.98769299874142,"10887439"
141.844000000001,1255.62777777778,3.46508074609321,0.00875580759365562,0.060494528140506,-3.98770012280707,"10782908"
20.81579,51.5953222222222,3.46497531908311,0.00875714929507085,0.060494528140506,-3.9877200211419,"10789492"
331.17705,814.812,3.46431756747435,0.00876552500970639,0.0605273880705957,-3.98784418281054,"10890532"
18.394895,50.8642888888889,3.46427637731998,0.00876604980237867,0.0605273880705957,-3.98785195914083,"10907491"
-1210.408,1291.61488888889,-3.46392423081097,0.00877053776936724,0.0605440667283305,-3.98791844602598,"10863686"
-106.844775,163.163433333333,-3.46363459441208,0.00877423089983008,0.0605446110780007,-3.98797313714896,"10826616"
-45.743825,95.1023111111111,-3.46359299009407,0.00877476152886475,0.0605446110780007,-3.98798099363753,"10828378"
-77.0322999999999,218.510222222222,-3.46337985030988,0.0087774804872848,0.0605472402800438,-3.98802124447124,"10913242"
-146.15425,468.298555555556,-3.46323822408642,0.0087792876643481,0.0605472402800438,-3.98804799191475,"10829738"
655.8165,1168.494,3.46238686208291,0.0087901595375837,0.0606079114304862,-3.98820880890319,"10892937"
132.66525,439.500333333333,3.46149045570101,0.00880162208894279,0.0606726256975872,-3.9883781887492,"10701138"
18.54756,36.3945,3.46126472653341,0.00880451104145471,0.0606782225914267,-3.98842085002032,"10738428"
449.32255,786.232111111111,3.4611001194729,0.00880661836935102,0.0606784313778822,-3.98845196185615,"10931885"
-261.687,1124.15266666667,-3.4599623909803,0.00882119842616221,0.0607626267362068,-3.98866705148198,"10846821"
-60.9449,306.466777777778,-3.45982210556754,0.00882299796724137,0.0607626267362068,-3.98869357890391,"10833169"
215.91505,544.542444444444,3.45935530317291,0.00882898878344729,0.0607858463914592,-3.98878185922705,"10881341"
84.5658500000001,770.573222222222,3.45918247388603,0.00883120792411814,0.0607858463914592,-3.98881454803409,"10835154"
13.1837434,8.88098311111111,3.45907317071776,0.00883261169068749,0.0607858463914592,-3.98883522262536,"10821115"
105.72485,290.176222222222,3.45851647091364,0.00883976499436953,0.0608207476555609,-3.9889405347174,"10787129"
46.035855,78.871,3.45812589787936,0.00884478732903983,0.0608409741065622,-3.98901443307574,"10864274"
147.81175,126.638811111111,3.45729943037128,0.00885542477892802,0.0608888991931759,-3.98917083969811,"10864572"
-304.2624,806.257666666667,-3.45726075229208,0.0088559229366675,0.0608888991931759,-3.98917816057441,"10702049"
141.702,310.113666666667,3.45601980448778,0.00887192164490263,0.060984545631573,-3.98941309868231,"10918209"
150.1785,298.566,3.45525423170914,0.00888180697374227,0.0610289805931769,-3.98955809133925,"10711364"
15.33023,30.9483555555556,3.45515849006074,0.00888304404448136,0.0610289805931769,-3.98957622681346,"10745607"
-95.1411999999999,243.640222222222,-3.45498448924632,0.00888529276473799,0.0610289805931769,-3.98960918784125,"10739094"
37.888055,78.5269555555556,3.45487236850343,0.0088867420908939,0.0610289805931769,-3.9896304280207,"10727660"
-261.074,1353.15111111111,-3.45449890592988,0.00889157145780943,0.0610477951982244,-3.98970118314695,"10851502"
-675.94825,1255.42455555556,-3.45428542389104,0.00889433331627916,0.0610524091874481,-3.98974163317555,"10881084"
94.443493,51.9439177777778,3.4539377338244,0.00889883340093631,0.0610689497239731,-3.98980751936495,"10798702"
50.8665000000001,218.048333333333,3.453514754265,0.00890431120397051,0.0610752638483558,-3.98988768398825,"10739099"
296.6894,301.349555555556,3.45338468468742,0.00890599639196032,0.0610752638483558,-3.98991233774295,"10798436"
11.887655,31.9548222222222,3.45326658229259,0.00890752682599766,0.0610752638483558,-3.98993472422097,"10772574"
285.77105,404.435555555556,3.45322112607929,0.00890811594639022,0.0610752638483558,-3.98994334076923,"10719549"
-95.4548999999999,246.19,-3.45297756114219,0.00891127329524666,0.0610825757971225,-3.9899895126764,"10935150"
33.542215,70.7701111111111,3.45240362427718,0.00891871797972357,0.0611064478426369,-3.99009832852363,"10701359"
433.64345,614.574222222222,3.45225079422719,0.00892070149172248,0.0611064478426369,-3.99012730826776,"10802267"
9.078374,11.8198588888889,3.45222540794196,0.00892103101420026,0.0611064478426369,-3.99013212219045,"10854948"
46.83682,52.0108444444444,3.45176171808325,0.0089270521391916,0.0611249887803123,-3.99022005813334,"10810553"
70.61245,149.223111111111,3.45169472072277,0.00892792247297845,0.0611249887803123,-3.99023276500652,"10862832"
-76.8470999999999,309.657333333333,-3.45094414386614,0.00893767905619381,0.0611670929379607,-3.99037514243527,"10727445"
252.31465,689.129444444444,3.45089949990069,0.00893825972999775,0.0611670929379607,-3.9903836122114,"10929243"
151.29758,183.113788888889,3.44956603041224,0.00895562234780876,0.0612657075230885,-3.99063665953936,"10835837"
18.409475,35.5950888888889,3.44920365781979,0.008960346856339,0.0612657075230885,-3.99070544691581,"10872814"
-205.14573,141.2523,-3.44917437124273,0.00896072880182085,0.0612657075230885,-3.99071100663853,"10772325"
323.7685,615.682111111111,3.44906534293509,0.00896215086359687,0.0612657075230885,-3.99073170494321,"10816791"
15.045451,27.4339411111111,3.44898830528469,0.00896315581411927,0.0612657075230885,-3.9907463305305,"10790581"
91.94647,116.762377777778,3.44802409636484,0.00897574397765527,0.061315865017734,-3.99092942032762,"10711396"
-39.65865,274.982333333333,-3.44778562791469,0.00897886018153785,0.061315865017734,-3.9909747121143,"10843396"
-606.9365,868.698444444444,-3.44763856380574,0.00898078252531955,0.061315865017734,-3.99100264564549,"10920524"
1591.7705,5350.72555555556,3.44761707400564,0.00898106346515381,0.061315865017734,-3.99100672756942,"10705872"
-570.7105,1717.55888888889,-3.44748401114627,0.00898280322652777,0.061315865017734,-3.9910320031801,"10733438"
26.12935,69.0325444444444,3.44746231329677,0.00898308695405975,0.061315865017734,-3.99103612485553,"10832278"
147.23448,157.792566666667,3.44682637976815,0.00899140683880113,0.0613527605625063,-3.99115693990815,"10756278"
-41.18945,50.3664777777778,-3.44672816020313,0.00899269256961224,0.0613527605625063,-3.99117560222811,"10903074"
10.887222,10.2083933333333,3.44627642442736,0.00899860847444601,0.0613753803178243,-3.99126144342857,"10855557"
-172.77285,553.615666666667,-3.44615420170283,0.00900020980631065,0.0613753803178243,-3.99128467126887,"10755501"
-23.49561,47.3915666666667,-3.44576204716945,0.00900534976148048,0.0613960998674191,-3.99135920535883,"10849763"
107.3768,454.400222222222,3.44480836197029,0.00901786269219829,0.061467065023304,-3.9915405102876,"10700514"
24.544485,35.2975,3.44447250835612,0.00902227369134209,0.0614827860085999,-3.99160437441252,"10747665"
-75.5537499999999,356.637555555556,-3.44360344133697,0.00903369839210067,0.0615462837749135,-3.99176966794267,"10854626"
65.57804,102.531155555556,3.44340772775216,0.00903627334950178,0.0615494729849254,-3.99180689923152,"10932793"
-59.38335,277.344,-3.44307280448389,0.00904068166418103,0.0615651454865698,-3.99187061905064,"10892118"
29.31152,68.2151222222222,3.44285816719071,0.00904350795594277,0.0615700399498746,-3.99191145832449,"10783419"
60.7902000000001,232.210666666667,3.44250704876993,0.00904813342110622,0.0615808339310607,-3.9919782729197,"10940486"
-196.16035,625.373222222222,-3.44241782309049,0.00904930923755883,0.0615808339310607,-3.99199525310929,"10738056"
-394.9082,597.082444444444,-3.44140713975622,0.00906263936169144,0.0616428994615548,-3.99218763095476,"10914442"
-93.6339,431.733333333333,-3.44140634394209,0.00906264986607031,0.0616428994615548,-3.99218778246147,"10893768"
-28.99726,51.7236888888889,-3.44082113114716,0.00907037790615249,0.0616811033869504,-3.99229920691521,"10735415"
25.611605,48.7535555555556,3.44059934651839,0.00907330851604792,0.0616866732575806,-3.99234144091048,"10703680"
18.077435,36.0130555555556,3.44030124292663,0.00907724917078856,0.0616991059272725,-3.99239821356172,"10854047"
-73.268175,126.433366666667,-3.43974696882965,0.00908458099512195,0.061734577620724,-3.99250378930966,"10894755"
32.18015,48.5845888888889,3.43814865935264,0.00910575833688338,0.0618640986171421,-3.99280834814141,"10741774"
-12.312515,35.3616111111111,-3.43785344882984,0.00910967556010307,0.061864114061893,-3.9928646201371,"10705049"
-13.07323,27.4765555555556,-3.43778989670854,0.00911051908332878,0.061864114061893,-3.9928767350134,"10855138"
-566.32325,1428.37077777778,-3.43766979090408,0.00911211346643136,0.061864114061893,-3.99289963142861,"10857130"
64.6352,242.165555555556,3.43739250429822,0.00911579552820577,0.0618747329370361,-3.99295249590049,"10825074"
-36.41206,68.3957222222222,-3.43667760314125,0.00912529591951264,0.0619248304280238,-3.99308881593143,"10766065"
-93.0379,321.825222222222,-3.43579731697548,0.00913700857198778,0.0619899137069324,-3.99325672108263,"10723639"
853.6017,1051.94133333333,3.43544642375796,0.00914168183189832,0.0620072191866909,-3.99332366524524,"10860327"
137.5015,416.954777777778,3.43445562267221,0.00915489120565791,0.0620770856601534,-3.99351273870067,"10768560"
177.72995,503.884888888889,3.43419591935798,0.00915835692459989,0.0620770856601534,-3.9935623089024,"10714078"
177.72995,503.884888888889,3.43419591935798,0.00915835692459989,0.0620770856601534,-3.9935623089024,"10919032"
-966.4885,1674.43755555556,-3.43397651855741,0.00916128589528259,0.0620825344803492,-3.99360419012689,"10759762"
-489.499,1331.03488888889,-3.43320473058067,0.00917159706361992,0.0621379955047756,-3.99375154269801,"10836321"
275.48725,368.804777777778,3.43176096106966,0.00919091907067033,0.0622544655067385,-3.99402730387545,"10774274"
137.7226,731.964444444444,3.43066113628018,0.00920566705101605,0.0623399066361573,-3.99423746881189,"10770208"
-211.08575,1148.26211111111,-3.43007475417863,0.00921354034300354,0.0623762899182508,-3.99434955472039,"10815552"
78.3749000000001,319.452888888889,3.42994302557479,0.0092153100324218,0.0623762899182508,-3.99437473770912,"10847474"
9.220595,7.82187222222222,3.42891312865739,0.00922915848205478,0.0624472339666904,-3.99457166818559,"10701357"
1125.6955,3876.46111111111,3.42884567391893,0.00923006627877625,0.0624472339666904,-3.99458456904156,"10889219"
-145.0765,427.447555555556,-3.42868348362361,0.00923224940171636,0.0624475420286506,-3.99461558956427,"10803003"
-932.62075,1586.28788888889,-3.42844150421375,0.00923550752550082,0.0624551196411993,-3.99466187396671,"10718102"
83.634,186.418666666667,3.42783077514156,0.00924373609546561,0.0624962986097969,-3.99477870880276,"10879530"
-652.538,950.659111111111,-3.42741478857279,0.00924934528551713,0.0625197531631415,-3.99485830353925,"10905284"
106.16265,234.971,3.42626628112029,0.00926485059961874,0.0626100729625866,-3.99507812126092,"10905158"
144.03673,222.465344444444,3.42484858491608,0.0092840281244721,0.0627251613386512,-3.99534958708552,"10840020"
84.755815,61.2620111111111,3.42451039190201,0.00928860916549432,0.0627416018868789,-3.99541436628256,"10765186"
210.0813,238.604666666667,3.42400235932407,0.0092954953014634,0.0627456007818749,-3.99551169241057,"10869886"
124.53925,372.540777777778,3.4239978713106,0.00929555615845345,0.0627456007818749,-3.99551255228014,"10841624"
-15.902385,33.5734333333333,-3.42399135200695,0.00929564456027776,0.0627456007818749,-3.99551380133213,"10868362"
-99.3113299999999,121.394311111111,-3.42356807911495,0.00930138605499538,0.0627579297207633,-3.99559490374245,"10832840"
-31.84991,64.7906444444444,-3.42353996829144,0.00930176749814832,0.0627579297207633,-3.9956002904399,"10877524"
-518.046,582.579333333333,-3.42337582328819,0.00930399515635662,0.0627584655963524,-3.99563174559938,"10929450"
-78.1751499999999,165.582888888889,-3.42297113965077,0.00930948965129713,0.0627810320113099,-3.99570930328977,"10704383"
-71.700875,157.000344444444,-3.42237346299785,0.00931761076193253,0.0628212972072691,-3.99582386903974,"10914877"
28.2505,164.354777777778,3.42168240241829,0.00932701012769207,0.0628701600993069,-3.99595636619762,"10876281"
-86.0592499999999,258.417444444444,-3.42136242456136,0.00933136567035836,0.0628810093133085,-3.99601772690063,"10851342"
-44.0905,144.111222222222,-3.42124794430022,0.00933292450135228,0.0628810093133085,-3.99603968199814,"10852570"
94.83264,122.7288,3.42078025300491,0.00933929573399213,0.0629094271553715,-3.99612938564161,"10878880"
-273.769,574.991888888889,-3.41995189760626,0.00935059152613454,0.0629576038475966,-3.99628830250503,"10817222"
-332.141,2127.72777777778,-3.4199397003068,0.00935075796175538,0.0629576038475966,-3.9962906428691,"10701479"
226.575,479.205,3.4196461849852,0.00935476400997882,0.0629700635455119,-3.99634696442989,"10923237"
-22.644955,68.1849555555555,-3.41942043487628,0.00935784640272144,0.0629763014994481,-3.99639028687157,"10858182"
187.22685,583.087333333333,3.41914871318644,0.0093615579209422,0.0629867694846627,-3.9964424361846,"10762915"
40.209545,65.9538888888889,3.41882318919472,0.00936600639571605,0.06300218992504,-3.99650491812387,"10714097"
-51.53035,151.575222222222,-3.41810542185123,0.00937582303161747,0.0630108695290599,-3.99664271445727,"10875087"
19.007645,36.4503222222222,3.41774810292436,0.00938071401891281,0.0630108695290599,-3.99671132564865,"10848426"
97.6917,280.072333333333,3.41771913098239,0.00938111070596363,0.0630108695290599,-3.99671688913563,"10883705"
-367.645,1145.56622222222,-3.41771240083319,0.00938120285846241,0.0630108695290599,-3.99671818153573,"10825743"
-409.337875,321.166655555556,-3.41761223057665,0.00938257455221676,0.0630108695290599,-3.99673741774644,"10863690"
-346.87,1515.05555555556,-3.41760695127577,0.00938264685087741,0.0630108695290599,-3.99673843157726,"10888460"
527.1426,1251.593,3.41710602270094,0.00938950962801547,0.0630108695290599,-3.99683463818138,"10778853"
37.2344000000001,140.797222222222,3.41709175492984,0.00938970517606012,0.0630108695290599,-3.9968373786569,"10850929"
107.17935,348.635666666667,3.41706588299203,0.00939005977693497,0.0630108695290599,-3.99684234803364,"10922169"
53.15735,166.564888888889,3.41700524748564,0.00939089090308456,0.0630108695290599,-3.99685399483879,"10821105"
-101.40585,510.123333333333,-3.41696087530057,0.00939149915861892,0.0630108695290599,-3.99686251796491,"10811076"
41.626195,78.8048111111111,3.41660076163401,0.00939643715648866,0.0630108695290599,-3.99693169463702,"10875141"
-263.594,548.999111111111,-3.41659796004504,0.00939647558360229,0.0630108695290599,-3.99693223284875,"10781638"
69.96242,78.6622888888889,3.41652379302923,0.00939749293277586,0.0630108695290599,-3.99694648123324,"10741356"
149.16041,237.260855555556,3.41604187458452,0.00940410625702555,0.0630407435045306,-3.99703907298678,"10767044"
55.4615000000001,173.702555555556,3.4153429281663,0.00941370661283008,0.0630694578998004,-3.99717339152105,"10910910"
-75.6456499999999,212.892111111111,-3.41515059475416,0.00941635022619358,0.0630694578998004,-3.99721035877657,"10843452"
193.26815,647.682555555555,3.41512383601518,0.00941671808616726,0.0630694578998004,-3.99721550211882,"10845605"
-23.104925,74.0227444444444,-3.41510149399632,0.0094170252399168,0.0630694578998004,-3.99721979655422,"10885877"
460.781400000001,1239.95033333333,3.41454688928415,0.00942465324607258,0.0630906802730482,-3.9973264101993,"10869174"
149.9391,585.493,3.41449818683858,0.00942532341017962,0.0630906802730482,-3.99733577347179,"10927285"
135.48515,189.172222222222,3.41440013403525,0.00942667280727923,0.0630906802730482,-3.99735462508409,"10848279"
319.8522,805.029333333333,3.41413169324628,0.00943036812294458,0.063094819919294,-3.99740623889661,"10811226"
24.505785,59.3809,3.41404144418678,0.0094316108231518,0.063094819919294,-3.99742359245132,"10713606"
-25.964875,64.5454555555555,-3.41333600397148,0.00944133049431505,0.0631453821110164,-3.99755925776518,"10885448"
91.5012499999998,788.324222222222,3.4131517035911,0.00944387156568178,0.0631479203295554,-3.99759470685663,"10900399"
-355.02325,1144.52588888889,-3.41285795812308,0.00944792312888284,0.0631605552144584,-3.99765121197695,"10746583"
-40.576545,74.5577,-3.41164531464312,0.00946466836938742,0.0632439393295422,-3.99788454097616,"10878170"
109.08883,97.2030444444444,3.41164115160329,0.00946472591047985,0.0632439393295422,-3.99788534217852,"10789052"
-255.93665,728.789777777778,-3.41139220277494,0.00946816752937278,0.0632524688321739,-3.99793325610078,"10800991"
-113.51985,152.703733333333,-3.41090333279652,0.00947492982708016,0.0632831732895107,-3.99802735905423,"10857259"
85.6067000000001,284.583222222222,3.4107215375874,0.00947744581745703,0.0632855090539862,-3.99806235721839,"10887831"
737.642,2032.04888888889,3.40968388225265,0.00949182022598957,0.0633670100735967,-3.99826216491487,"10713452"
35.96691,51.8037333333333,3.40913298641977,0.00949946106037195,0.0634035310527087,-3.99836827433838,"10821955"
22.91609,35.6629888888889,3.40886076223157,0.00950323917344074,0.0634055687419122,-3.9984207159631,"10931808"
-90.2235,155.496666666667,-3.40873935218721,0.0095049246988395,0.0634055687419122,-3.99844410622626,"10849125"
67.699965,118.724033333333,3.40864192461085,0.00950627750700265,0.0634055687419122,-3.99846287689123,"10804603"
882.8105,2348.69222222222,3.4083147284766,0.00951082220847026,0.0634170969629685,-3.99852592026268,"10787396"
-57.552875,151.093944444444,-3.40820495456286,0.00951234746668474,0.0634170969629685,-3.9985470729181,"10726661"
18.46009,37.5255444444444,3.40700440177259,0.00952904554374282,0.0635139257391975,-3.99877846601377,"10704035"
49.325985,65.4953,3.40655563083785,0.00953529532572864,0.0635348475594892,-3.99886498750025,"10779907"
117.03385,531.565444444444,3.40646671823741,0.00953653407778325,0.0635348475594892,-3.99888213121679,"10909470"
-1950.486775,1889.01498888889,-3.40579792000232,0.0095458574108335,0.0635617898382085,-3.99901110354859,"10866636"
162.01374,192.363366666667,3.40574000294863,0.00954666525404531,0.0635617898382085,-3.99902227385825,"10827749"
43.16902,89.4916111111111,3.40570845777095,0.00954710528548157,0.0635617898382085,-3.99902835799248,"10759342"
-485.3387,655.328111111111,-3.40510895665805,0.00955547196443514,0.0635944749924414,-3.99914399732405,"10825244"
-10.05726,28.9026666666667,-3.40504476000638,0.00955636835821242,0.0635944749924414,-3.99915638187597,"10899018"
-40.083205,66.8854222222222,-3.40476934876556,0.00956021500592819,0.0636055844188536,-3.99920951634745,"10796041"
112.527015,84.9572666666667,3.40367220277313,0.00957555506963564,0.0636774062736667,-3.99942123901626,"10705020"
-43.068765,64.6646666666667,-3.40361361714656,0.00957637493538987,0.0636774062736667,-3.99943254699914,"10738097"
-62.42675,208.324777777778,-3.40352971425037,0.00957754922867432,0.0636774062736667,-3.99944874204752,"10772272"
768.38585,829.272222222222,3.40271454175666,0.00958896622284069,0.0637388075617902,-3.99960611340737,"10932422"
105.2314,414.275111111111,3.40233436537234,0.00959429576268004,0.0637597262081289,-3.99967952346211,"10819653"
35.20304,123.206255555556,3.4016672405191,0.00960365551225916,0.0637964579364078,-3.99980836624171,"10749648"
63.90106,91.4600111111111,3.40162912780804,0.00960419052523863,0.0637964579364078,-3.99981572794641,"10875978"
-173.95695,641.991,-3.40127602501345,0.00960914876271222,0.0638148833721016,-3.99988393676681,"10864680"
30.59367,76.6157666666667,3.40064140913179,0.00961806680650172,0.063859591746623,-4.00000654740785,"10882929"
-370.781349999999,846.294888888889,-3.40020356594755,0.00962422478639696,0.0638859583980461,-4.00009115714249,"10856386"
-48.633245,58.6690444444444,-3.39975403973339,0.0096305514306803,0.063907485099995,-4.0001780385171,"10714911"
-535.28575,946.920222222222,-3.39966231947861,0.00963184284573416,0.063907485099995,-4.00019576732599,"10820847"
-46.0432499999999,360.200333333333,-3.39915756611755,0.00963895302621235,0.0639293320726961,-4.00029334276652,"10835322"
39.23269,116.392311111111,3.39889560964268,0.00964264525539604,0.0639293320726961,-4.00034398943024,"10752588"
-79.9489999999999,310.272111111111,-3.39881484610918,0.00964378390526906,0.0639293320726961,-4.00035960522223,"10935798"
-52.7146,215.152888888889,-3.39880740884548,0.00964388876717914,0.0639293320726961,-4.00036104325516,"10890782"
481.29685,369.878111111111,3.3977796114668,0.00965839186135117,0.0640078722381589,-4.00055981044981,"10752603"
595.7639,1343.50255555556,3.39765734143638,0.00966011873410155,0.0640078722381589,-4.00058346135722,"10708560"
104.0397,611.970666666667,3.39694341339906,0.00967020838903004,0.0640601967975337,-4.00072157865875,"10840396"
-25.88117,54.7619777777778,-3.39653786142513,0.0096759448666579,0.0640836665913724,-4.00080005311734,"10885931"
1645.512,5455.70666666667,3.39604640420209,0.00968290129856728,0.0641152036573763,-4.00089516574208,"10770888"
153.35936,148.718855555556,3.39562313750097,0.00968889676419236,0.0641403648468424,-4.00097709491537,"10878032"
235.18585,523.720444444444,3.39485294564355,0.00969981643690573,0.0641720132987436,-4.00112620855006,"10918718"
306.36835,762.447111111111,3.39460524100671,0.0097033311313281,0.0641720132987436,-4.00117417446167,"10723156"
33.0666,219.378666666667,3.39458304541845,0.00970364613163661,0.0641720132987436,-4.00117847266021,"10860783"
469.554,1781.86666666667,3.39455695723655,0.00970401638958696,0.0641720132987436,-4.00118352470774,"10713074"
-23.6669025,25.3167166666667,-3.39451156905777,0.00970466059950192,0.0641720132987436,-4.00119231436615,"10888343"
1091.09,2287.73888888889,3.39400895686971,0.00971179737789715,0.0641985665210757,-4.00128965751557,"10937356"
52.483725,85.4689,3.39391928353432,0.00971307126799324,0.0641985665210757,-4.00130702681577,"10889726"
140.14545,269.773666666667,3.39351423775739,0.00971882751408592,0.0642220825597164,-4.00138548929831,"10741664"
332.31625,776.743111111111,3.39324010682178,0.00972272533614573,0.0642333102600998,-4.00143859845915,"10837319"
25.2427,153.946777777778,3.39299335418511,0.00972623528815656,0.0642354617059986,-4.0014864079575,"10843140"
-64.4907,248.415666666667,-3.39285151457476,0.0097282535047436,0.0642354617059986,-4.00151389199267,"10828892"
602.0086,1076.30877777778,3.39261151056655,0.00973166950058651,0.0642354617059986,-4.00156040040457,"10783353"
420.9185,1350.07888888889,3.39249792203134,0.00973328665845485,0.0642354617059986,-4.00158241320718,"10938579"
142.86725,271.098555555556,3.39244466729409,0.00973404494326199,0.0642354617059986,-4.00159273397993,"10935204"
43.30645,120.080611111111,3.39147642352426,0.00974784252223708,0.0643119854211007,-4.00178041444016,"10922843"
-275.16925,340.813755555556,-3.39122641491218,0.00975140853925045,0.0643209864677495,-4.0018288857959,"10905721"
361.6845,797.660666666667,3.39088592400997,0.00975626738195474,0.0643252132524386,-4.00189490680627,"10726726"
-102.67365,328.670666666667,-3.39074094570404,0.00975833701740738,0.0643252132524386,-4.00192302049719,"10887861"
-52.43244,72.8281333333333,-3.39065154645152,0.00975961346698267,0.0643252132524386,-4.00194035722659,"10908694"
-25.1679999999999,313.794222222222,-3.39056447901103,0.00976085679290957,0.0643252132524386,-4.00195724229958,"10727701"
33.550275,75.2103333333333,3.3900015070412,0.00976890010544743,0.0643637004241184,-4.00206643285379,"10822417"
-28.05955,139.339888888889,-3.38923963636585,0.00977979632103274,0.0644209627334049,-4.00221423602833,"10707873"
74.91098,49.1820888888889,3.38871006958084,0.00978737773416549,0.0644563690545335,-4.00231699619693,"10791661"
107.687245,84.8137777777778,3.38818861285678,0.00979484912983608,0.0644910350414765,-4.00241820190145,"10755992"
38.1411,117.844,3.38785833710869,0.00979958442502776,0.0645028176949596,-4.00248231258066,"10909044"
-1679.709,4065.06666666667,-3.38775583345315,0.00980105455425227,0.0645028176949596,-4.00250221138926,"10876719"
-159.91105,601.868222222222,-3.38723513523861,0.00980852612987837,0.0645374509815916,-4.00260330479037,"10902735"
412.095,1704.55333333333,3.38704842972505,0.00981120666529406,0.064540552019793,-4.00263955825168,"10749361"
16.60113,42.8564,3.38688850081635,0.00981350338583716,0.0645411274006859,-4.00267061432607,"10711708"
56.799255,109.150333333333,3.38650300966506,0.00981904172241521,0.0645612166872099,-4.00274547898919,"10897535"
151.98755,358.685222222222,3.38623816810692,0.00982284861089752,0.0645612166872099,-4.0027969188419,"10822043"
-52.4168999999999,437.811,-3.3862145768382,0.00982318779265586,0.0645612166872099,-4.00280150118445,"10736608"
-95.32745,140.282244444444,-3.3860401339514,0.00982569621796318,0.0645631779828107,-4.00283538599681,"10924274"
523.9678,734.973777777778,3.38539671803882,0.00983495417718098,0.0646094785995424,-4.00296038538886,"10818708"
-132.1316,478.800444444444,-3.38485061543208,0.00984281917261993,0.0646466095568612,-4.00306650211413,"10769854"
-137.36405,314.446111111111,-3.38468535340293,0.00984520059795063,0.064647716401108,-4.00309861938046,"10869151"
-157.3373,447.767111111111,-3.38443734806428,0.00984877550011109,0.0646566578562349,-4.00314682070773,"10863662"
112.21515,184.108,3.38420527229202,0.00985212202985305,0.0646640963783705,-4.00319192994621,"10894660"
200.4843,242.910333333333,3.3838735256998,0.00985690790461936,0.0646738886594724,-4.00325641906816,"10744907"
155.05996,92.4840777777778,3.3837949679878,0.00985804156228625,0.0646738886594724,-4.00327169124898,"10841974"
39.064575,87.5217333333333,3.38351084135158,0.00986214291633251,0.064686269231643,-4.00332693112266,"10890234"
-52.4529,263.464,-3.38321558353142,0.00986640686476463,0.0646997104707596,-4.00338434113703,"10861624"
45.44211,96.6009333333333,3.38293386174928,0.00987047715499114,0.0647010283647426,-4.00343912491791,"10773610"
-48.7794999999999,345.078222222222,-3.38264202165014,0.00987469551053831,0.0647010283647426,-4.00349588220074,"10772791"
-102.162335,104.355977777778,-3.38253790102515,0.00987620096771081,0.0647010283647426,-4.00351613310882,"10923524"
10.021905,21.4611,3.38245852012874,0.009877348882025,0.0647010283647426,-4.00353157278363,"10724483"
571.673500000001,2896.03111111111,3.3824243098618,0.00987784363476948,0.0647010283647426,-4.00353822685625,"10788566"
97.829145,127.4423,3.38228240231334,0.00987989619823087,0.0647010283647426,-4.00356582948246,"10855549"
-252.165,1104.84266666667,-3.38191774726181,0.00988517267503479,0.064721074524533,-4.00363676552082,"10762057"
85.03185,208.236333333333,3.38161393671504,0.00988957102621352,0.0647270414658231,-4.00369587267442,"10863079"
-108.61315,145.796488888889,-3.38154873292783,0.00989051527019355,0.0647270414658231,-4.00370855909202,"10805202"
181.8009,501.207,3.38132621667312,0.00989373834291397,0.0647336331354734,-4.00375185536565,"10833031"
62.1437,244.110222222222,3.38095394876981,0.00989913300686707,0.0647499338277314,-4.00382429747413,"10924667"
-293.5264,710.480222222222,-3.38080253148917,0.00990132813926653,0.0647499338277314,-4.00385376556879,"10822184"
50.82726,146.113133333333,3.38069558317046,0.00990287890539822,0.0647499338277314,-4.00387458030274,"10761805"
249.9756,281.769666666667,3.37994589169078,0.00991375676970624,0.0647919643924408,-4.00402051102924,"10778236"
341.17475,793.276222222222,3.37992677025031,0.00991403438330845,0.0647919643924408,-4.00402423361867,"10839413"
-38.15551,60.1390555555556,-3.37979411252592,0.00991596059418781,0.0647919643924408,-4.0040500603232,"10932527"
-57.8351,161.783111111111,-3.37946970396275,0.00992067272829107,0.0648082587397798,-4.00411322359906,"10809998"
-180.9865,1103.21155555556,-3.37927038926121,0.00992356901245549,0.0648126861457355,-4.00415203441621,"10801290"
137.505,1405.14333333333,3.37895440253379,0.00992816251912119,0.0648281939726434,-4.00421356949318,"10832228"
-81.2193999999997,495.077888888889,-3.37876619153828,0.00993089961764187,0.0648315757385005,-4.00425022493673,"10871785"
-472.81525,610.387888888889,-3.37848477380423,0.00993499368689081,0.0648438126829375,-4.00430503771481,"10894778"
34.88805,92.6348,3.37822658655806,0.00993875137193874,0.0648538491355413,-4.00435533070917,"10701017"
222.4084,237.418777777778,3.37804049212341,0.00994146074444083,0.0648545176308942,-4.00439158345996,"10745595"
95.078485,129.875944444444,3.3779146198009,0.00994329377931044,0.0648545176308942,-4.00441610582266,"10902584"
400.5929,1235.05088888889,3.37746745687921,0.0099498085542666,0.0648825239072198,-4.00450323082968,"10857762"
755.3054,1367.37588888889,3.37685382922757,0.00995875593904918,0.0648861222462146,-4.00462281266461,"10756253"
755.3054,1367.37588888889,3.37685382922757,0.00995875593904918,0.0648861222462146,-4.00462281266461,"10756255"
118.1117,332.281888888889,3.37676070872186,0.00996011448622935,0.0648861222462146,-4.00464096201469,"10752414"
628.19885,712.905888888889,3.37671435510761,0.00996079081835147,0.0648861222462146,-4.00464999664317,"10795231"
70.6848,296.846666666667,3.37666810583659,0.00996146567653428,0.0648861222462146,-4.00465901108529,"10740141"
-134.50375,588.844555555556,-3.37595157944128,0.00997192724877379,0.0649281396315969,-4.00479868844242,"10792504"
741.541000000001,1845.53777777778,3.37592186908391,0.0099723612831853,0.0649281396315969,-4.00480448086505,"10716060"
56.20017,110.294433333333,3.37575560095367,0.00997479064031767,0.0649294861332978,-4.00483689815865,"10826604"
-1071.0505,2034.86555555556,-3.37514183467226,0.00998376386077112,0.064956733573779,-4.00495658102025,"10866709"
-2204.2375,3646.08888888889,-3.37504422903121,0.00998519163657443,0.064956733573779,-4.00497561631748,"10797258"
-217.99215,752.298,-3.37493189088425,0.00998683518736146,0.064956733573779,-4.00499752561584,"10814940"
-552.62755,578.756555555556,-3.37479087972018,0.00998889864129127,0.064956733573779,-4.00502502826858,"10791552"
448.7693,761.488222222222,3.37460298410666,0.00999164886992369,0.064956733573779,-4.00506167738673,"10799985"
61.414035,47.7442666666667,3.37455731804613,0.00999231740537286,0.064956733573779,-4.00507058494672,"10738562"
17.70001,31.9641111111111,3.37424873750453,0.00999683616100553,0.0649716510806708,-4.00513078010093,"10940126"
160.55225,950.584555555556,3.37405580619879,0.00999966248593636,0.0649755649164023,-4.00516841883724,"10888127"
-419.45145,415.790933333333,-3.37375967704248,0.0100040022431269,0.0649893087682252,-4.00522619542076,"10771853"
206.62985,504.907888888889,3.37190069424985,0.0100312911632474,0.0651520987201221,-4.00558903534654,"10784360"
85.52655,347.771,3.37146596084221,0.0100376841998285,0.065179130076415,-4.00567392261367,"10886491"
133.295605,90.5708111111111,3.37125610740477,0.0100407717753581,0.065180272232009,-4.00571490395384,"10738118"
9.33312500000001,33.4875555555556,3.37109360530943,0.0100431633614336,0.065180272232009,-4.00574664039496,"10884994"
-126.2735,1114.82444444444,-3.37099599806083,0.0100446001631032,0.065180272232009,-4.00576570385461,"10940164"
-50.3435000000001,222.250111111111,-3.37084762823142,0.0100467846190435,0.065180272232009,-4.00579468293018,"10808790"
80.7169,240.389777777778,3.37052023650882,0.0100516066035415,0.06519287575531,-4.00585863342629,"10700927"
-62.3898499999999,336.455777777778,-3.37041273777075,0.010053190431905,0.06519287575531,-4.00587963315462,"10895458"
-223.63475,466.255777777778,-3.36954289929323,0.0100660158919049,0.0652494996998751,-4.00604958485991,"10889263"
13.418045,25.5911555555556,3.36951759621178,0.0100663892362339,0.0652494996998751,-4.00605452945207,"10851554"
-104.2859,400.891111111111,-3.3689604248679,0.0100746139604944,0.065286368448758,-4.00616342032542,"10915333"
95.1395,201.848222222222,3.36882956421948,0.0100765467014257,0.065286368448758,-4.00618899827288,"10729409"
16.025,45.0814222222222,3.36813804092064,0.0100867666506889,0.0653380933333091,-4.00632418307771,"10899749"
-215.32765,822.397222222222,-3.3678941034546,0.0100903743960523,0.065346973532758,-4.00637187807858,"10884174"
427.7491,924.380111111111,3.36752574214806,0.0100958249151646,0.0653617699412364,-4.00644390856158,"10796074"
-44.2263,83.4169666666667,-3.3674373133169,0.0100971338312042,0.0653617699412364,-4.00646120162728,"10773259"
315.48415,905.886777777778,3.36679401368723,0.0101066613101562,0.0654089507122071,-4.00658702135133,"10869659"
-163.17875,868.605111111111,-3.36611495913522,0.010116728664062,0.0654596038077317,-4.00671986587885,"10904688"
-175.09845,283.020666666667,-3.36520678016109,0.0101302095196459,0.0655194472026216,-4.00689758524453,"10875363"
46.144708,32.2262511111111,3.36518972301728,0.0101304628949901,0.0655194472026216,-4.00690092367299,"10936773"
-116.3177,379.093444444444,-3.36462720671445,0.0101388225557069,0.0655590000315228,-4.00701103101018,"10839423"
52.238815,39.9545111111111,3.36398227555197,0.0101484159914671,0.0656065113464745,-4.00713729777316,"10922492"
401.4405,1618.82,3.36256789324684,0.0101694887952954,0.0657281959437519,-4.00741431304521,"10882802"
58.453985,108.741288888889,3.36241349557598,0.0101717919619135,0.0657285402290072,-4.00744456130754,"10902662"
514.03315,585.213777777778,3.36199831745228,0.0101779879592192,0.0657540336666585,-4.00752590778007,"10742315"
-53.2959,276.183333333333,-3.36182440942319,0.0101805844997656,0.0657562669856629,-4.00755998545829,"10927352"
-1100.37825,1601.501,-3.36133201852944,0.0101879399671167,0.0657892303712086,-4.00765648217089,"10938219"
-36.1471499999999,197.737,-3.36113943354572,0.0101908183843808,0.0657932747582984,-4.00769422883059,"10929991"
-578.059999999999,1818.94444444444,-3.36044088539674,0.0102012662680839,0.0658275488070011,-4.00783116626195,"10804519"
-56.6037,212.553,-3.36039735851683,0.0102019176562306,0.0658275488070011,-4.00783970004162,"10728339"
101.58725,439.146888888889,3.36028352167244,0.0102036214548162,0.0658275488070011,-4.00786201926346,"10717170"
-147.6088,533.475888888889,-3.36018205959927,0.0102051402939313,0.0658275488070011,-4.00788191301895,"10705588"
23.146095,50.5669333333333,3.35956074229409,0.0102144463434295,0.0658617436597963,-4.00800375109636,"10791095"
35.442305,41.4297555555556,3.35952710719113,0.0102149503841493,0.0658617436597963,-4.00801034759659,"10791497"
117.92195,511.039555555556,3.35915016750721,0.0102206008369784,0.0658836347862948,-4.00808427829321,"10701133"
-29.79602,72.6133444444444,-3.35885121452463,0.0102250845966063,0.0658979972215437,-4.00814292028238,"10847402"
-69.2986500000001,392.716,-3.35862837738936,0.0102284281098539,0.0658984315591405,-4.00818663565454,"10754837"
-129.4546,326.658222222222,-3.3585460665187,0.0102296634189328,0.0658984315591405,-4.00820278398672,"10712580"
68.5296,108.7345,3.35770035992678,0.0102423648105553,0.0659657066965526,-4.00836872845172,"10830272"
265.555,407.566444444444,3.35744071974335,0.0102462676117848,0.0659762975558035,-4.0084196851638,"10873567"
15.077805,29.7458666666667,3.35722970665391,0.0102494406312121,0.0659821856765601,-4.00846110188248,"10813815"
349.4681,319.225555555556,3.35694917320126,0.0102536606448625,0.0659906590312756,-4.00851616862445,"10863950"
-95.6285499999998,519.903222222222,-3.35684191514733,0.0102552745944407,0.0659906590312756,-4.00853722409531,"10893466"
27.97304,58.0281222222222,3.35645295483932,0.0102611296737772,0.0660001596669707,-4.00861358641734,"10893858"
300.6079,712.175111111111,3.3564436733489,0.0102612694327165,0.0660001596669707,-4.00861540872917,"10918089"
-78.2967499999999,227.946444444444,-3.35619655607181,0.0102649912196622,0.0660095649331304,-4.00866392954885,"10737609"
-346.988,886.701111111111,-3.3556615422895,0.010273053860385,0.0660468740046849,-4.00876899287127,"10792187"
607.93035,1130.23466666667,3.35542248274034,0.010276658647644,0.0660555128123808,-4.00881594472714,"10740379"
-142.51695,343.185333333333,-3.35520967572897,0.0102798686988698,0.0660616111237972,-4.00885774392224,"10841789"
16.128163,20.6958844444444,3.35489461492006,0.0102846231299234,0.0660653632933029,-4.00891963351538,"10724001"
-53.9579,176.560111111111,-3.35481162179007,0.0102858759267398,0.0660653632933029,-4.0089359376029,"10737827"
-614.2795,1740.86888888889,-3.35470344025028,0.0102875091899231,0.0660653632933029,-4.00895719071111,"10854540"
134.0574,735.596666666667,3.35457171403545,0.0102894982879622,0.0660653632933029,-4.00898307047183,"10701262"
42.244795,65.3514444444444,3.35395783042483,0.0102987734532898,0.0661012148698819,-4.00910369409007,"10777532"
27.06703,53.5457111111111,3.35390266486097,0.0102996073830253,0.0661012148698819,-4.00911453502294,"10761025"
10.074702,13.6657933333333,3.35263586836924,0.0103187770459878,0.0662047467927169,-4.00936354040834,"10788969"
50.389285,100.531077777778,3.35249600048571,0.0103208958964879,0.0662047467927169,-4.00939104022421,"10935882"
65.60734,143.496477777778,3.35238763204405,0.0103225378804965,0.0662047467927169,-4.00941234779811,"10855383"
180.39646,191.669244444444,3.35212523712052,0.0103265147987582,0.0662157162710537,-4.00946394374258,"10901036"
35.845695,38.4514,3.35123562035003,0.0103400101148546,0.0662877014473034,-4.00963890950994,"10853347"
-195.30775,675.613555555556,-3.35054967181943,0.0103504285723699,0.0663399342503759,-4.00977385696805,"10755890"
89.8015500000001,351.137,3.35033394678274,0.0103537073863961,0.0663463934165775,-4.00981630368872,"10875751"
-136.2979,532.567555555556,-3.35009465505641,0.010357345678034,0.0663551527715101,-4.00986339131587,"10752458"
333.2926,303.754444444444,3.34968096872586,0.0103636387314636,0.0663794175598423,-4.00994480572601,"10760824"
38.50965,158.81,3.34954700232237,0.0103656775144794,0.0663794175598423,-4.00997117321469,"10735806"
31.451905,57.4204444444444,3.3490914095511,0.0103726141832675,0.0664092813390265,-4.0100608532405,"10761365"
147.33405,429.846,3.34885174389831,0.010376265206751,0.0664181007340102,-4.0101080355263,"10797226"
-278.693,291.324244444444,-3.34864418475975,0.0103794282247297,0.0664237932436481,-4.01014890038026,"10874126"
24.359505,49.6382666666667,3.34823632063568,0.0103856466879434,0.0664490324883003,-4.01022921075252,"10749549"
27.46527,56.4484666666667,3.34772542966733,0.0103934415055188,0.0664807013125314,-4.01032982420984,"10782607"
96.1256500000001,251.806111111111,3.347434418201,0.0103978843237415,0.0664807013125314,-4.01038714346481,"10739135"
-22.92013,82.0491555555556,-3.34735210600557,0.0103991413335324,0.0664807013125314,-4.01040335722544,"10752135"
-276.53685,417.548333333333,-3.34722890289131,0.0104010230992163,0.0664807013125314,-4.01042762652804,"10797256"
151.1699,411.277222222222,3.34716661573098,0.0104019745909352,0.0664807013125314,-4.01043989664264,"10912584"
-53.299785,100.019766666667,-3.34693510088384,0.0104055119937854,0.0664887636453297,-4.0104855057805,"10768826"
18.295401,23.3871133333333,3.34660435356929,0.010410567816424,0.0664925377735312,-4.01055067060339,"10772623"
-75.8616499999999,190.546111111111,-3.34659866814335,0.0104106547469067,0.0664925377735312,-4.01055179083069,"10860058"
131.4389,216.097888888889,3.34616062531946,0.010417354757276,0.0665110122863263,-4.01063810743366,"10785800"
19.055631,23.1759133333333,3.34605013352237,0.0104190454867867,0.0665110122863263,-4.01065988205482,"10867832"
36.507605,71.6915222222222,3.3459631090537,0.0104203773271211,0.0665110122863263,-4.01067703257757,"10742966"
10.341215,13.6168055555556,3.34577802472178,0.0104232104950174,0.066514563434128,-4.01071351022889,"10910766"
-48.83015,146.390111111111,-3.34472152626546,0.0104393984048611,0.0665830063596164,-4.0109217784198,"10797836"
-389.27395,964.540555555556,-3.3447177307219,0.0104394566089968,0.0665830063596164,-4.01092252678014,"10781451"
92.60537,141.218822222222,3.34463103173865,0.0104407862194656,0.0665830063596164,-4.01093962133718,"10749307"
23.458276,27.2843244444444,3.34447999583192,0.010443102925349,0.0665830063596164,-4.01096940256497,"10739474"
23.236451,28.9470855555556,3.34433473077494,0.0104453316268269,0.0665830063596164,-4.01099804742218,"10746454"
1013.8515,4846.18666666667,3.34307134399205,0.0104647361418918,0.0666921469566378,-4.01124723804808,"10813721"
-95.8634,131.150044444444,-3.34266254862228,0.010471023048758,0.0667176591813338,-4.01132789313064,"10812438"
92.673465,106.415166666667,3.34082306985982,0.0104993620939134,0.0668836380749209,-4.01169096771411,"10842169"
-329.9015,398.076111111111,-3.34024480905647,0.0105082875529408,0.0669139460394264,-4.01180515382637,"10797660"
-333.6075,1731.86,-3.34021804992926,0.0105087007745906,0.0669139460394264,-4.0118104383839,"10809278"
-82.2687,171.946333333333,-3.33996198421313,0.0105126558801695,0.0669245432301748,-4.01186101038799,"10839508"
-37.78935,202.891333333333,-3.33957180432209,0.0105186854980927,0.0669400047625825,-4.01193807836787,"10865830"
-56.140725,137.188166666667,-3.33950829077446,0.0105196673466494,0.0669400047625825,-4.0119506245278,"10938550"
-114.6323,447.497111111111,-3.33872080840286,0.010531849005271,0.067002926141112,-4.0121062037521,"10700615"
-24.124835,50.9335111111111,-3.33855264151083,0.0105344523329199,0.0670048966805839,-4.01213943339849,"10897386"
-1134.09625,1717.90122222222,-3.33826016966966,0.0105389816005214,0.0670083349501691,-4.01219723038166,"10845647"
277.80035,732.417222222222,3.33822151887921,0.0105395803072509,0.0670083349501691,-4.01220486883252,"10765994"
-61.63635,249.109666666667,-3.33796572148655,0.0105435435559972,0.0670189472247396,-4.01225542404746,"10912757"
18.563575,55.1623777777778,3.33746387885009,0.0105513235397843,0.0670538102874176,-4.01235462056507,"10806884"
14.906485,21.5582444444444,3.33699269925662,0.0105586336895575,0.067078817525348,-4.01244777234064,"10930717"
-273.00035,497.243111111111,-3.33691428211686,0.0105598508180693,0.067078817525348,-4.01246327686579,"10933507"
619.534,892.452444444444,3.33630167625756,0.0105693643115237,0.067104353183773,-4.01258441543494,"10733688"
619.534,892.452444444444,3.33630167625756,0.0105693643115237,0.067104353183773,-4.01258441543494,"10914849"
29.61384,38.4983666666667,3.33621174055585,0.0105707617358706,0.067104353183773,-4.0126022018382,"10866507"
-698.2275,1335.02866666667,-3.33574543342578,0.0105780103694145,0.0671357799113784,-4.01269443166243,"10746469"
115.4727,317.728,3.33522515792699,0.0105861041372532,0.067157968787343,-4.01279735397219,"10722987"
115.4727,317.728,3.33522515792699,0.0105861041372532,0.067157968787343,-4.01279735397219,"10935489"
41.9019500000001,175.181888888889,3.33488816999973,0.0105913500529052,0.0671766609738543,-4.01286402808428,"10909783"
-199.90055,915.673111111111,-3.3344792543177,0.0105977193677155,0.0671976704271348,-4.01294494414622,"10786743"
136.50875,509.095555555556,3.33438019958624,0.010599262864662,0.0671976704271348,-4.01296454683944,"10870902"
-175.90735,506.159555555556,-3.33401553953196,0.0106049471439319,0.067219120386814,-4.01303671818629,"10723560"
-266.2591,244.891622222222,-3.33346672059488,0.0106135081522946,0.0672560596842888,-4.01314535494869,"10838117"
215.92081,228.876244444444,3.33334682893228,0.0106153793114348,0.0672560596842888,-4.01316908992261,"10886406"
-135.463,291.366222222222,-3.33317266863796,0.0106180980674764,0.0672586983831865,-4.01320357028433,"10823524"
133.253,373.627555555556,3.3328888266981,0.0106225306047525,0.0672721892666899,-4.01325977009804,"10917095"
76.39177,132.497577777778,3.3322652057024,0.0106322760832908,0.0673193137185216,-4.01338326517981,"10891311"
57.24835,258.412111111111,3.33196422044963,0.0106369830382333,0.0673345227473341,-4.01344287888313,"10916000"
620.7153,1137.29466666667,3.33162115328501,0.0106423507796767,0.0673527067841357,-4.01351083525016,"10795546"
158.362955,102.892655555556,3.33148597574065,0.0106444665989715,0.0673527067841357,-4.01353761415205,"10830216"
31.04472,86.1488333333333,3.33109107056482,0.010650650264061,0.0673735129761499,-4.01361585296994,"10860103"
-277.94675,220.739111111111,-3.33098146322498,0.0106523672361483,0.0673735129761499,-4.01363757039557,"10905732"
640.267000000001,2720.75111111111,3.33081824201984,0.0106549245990752,0.0673751011336326,-4.01366991236861,"10884896"
-47.4089,260.071777777778,-3.3303993685423,0.0106614905153753,0.0674020307111391,-4.01375292001058,"10737371"
98.4996,305.902,3.33003957460473,0.0106671337672329,0.0674231168056994,-4.01382422987777,"10780801"
35.228175,54.0686666666667,3.32987147917497,0.0106697713729264,0.0674252002787522,-4.01385754893875,"10806363"
221.8221,577.664,3.32944210188714,0.0106765119167319,0.0674532048303212,-4.01394266713022,"10797588"
290.00025,989.673,3.32904628599038,0.0106827295907245,0.0674701249474583,-4.01402114382983,"10722903"
33.72408,135.8384,3.32897759174263,0.010683809064385,0.0674701249474583,-4.01403476467306,"10895686"
376.89167,281.554988888889,3.32865232094136,0.0106889219949403,0.0674878251913087,-4.01409926461731,"10817845"
-62.8246999999999,202.688111111111,-3.32811458086191,0.0106973804076366,0.0675195764263854,-4.01420591287771,"10853931"
69.114625,73.4172111111111,3.32803878183102,0.0106985732620572,0.0675195764263854,-4.01422094750712,"10744215"
83.43756,79.348,3.32748724421818,0.0107072570847204,0.0675597858473048,-4.0143303564914,"10714903"
-52.07595,154.476333333333,-3.32691507109895,0.0107162736893166,0.0676012107460021,-4.01444388179291,"10838881"
-365.32105,526.780888888889,-3.32669061300264,0.0107198130112563,0.0676012107460021,-4.01448842304445,"10720891"
11.432971,15.1101744444444,3.32663029472689,0.0107207643385441,0.0676012107460021,-4.01450039315595,"10933210"
121.1499,109.2838,3.32642961703419,0.0107239300282585,0.0676065800270917,-4.01454021933699,"10789732"
-52.47244,61.4162555555556,-3.32556274066362,0.0107376163659021,0.0676782577159576,-4.01471229113897,"10728949"
-30.046635,32.11748,-3.32508538104908,0.0107451608590309,0.067693274059674,-4.01480706807936,"10740325"
29.99028,69.5487333333333,3.32503030630684,0.0107460316558132,0.067693274059674,-4.0148180038869,"10914771"
40.8862999999999,206.877888888889,3.32497221261816,0.0107469502666108,0.067693274059674,-4.01482953937917,"10797695"
11.55314,34.4810888888889,3.32397840544256,0.010762677788901,0.0677586186120096,-4.0150269138795,"10713876"
-292.4713,421.494555555556,-3.32389426010902,0.0107640105506883,0.0677586186120096,-4.01504362873787,"10843938"
167.20815,496.755333333333,3.32373068472348,0.0107666018894006,0.0677586186120096,-4.01507612323818,"10701689"
167.20815,496.755333333333,3.32373068472348,0.0107666018894006,0.0677586186120096,-4.01507612323818,"10908104"
109.3464,319.899,3.32304224248704,0.0107775153317141,0.0678068859852892,-4.01521290418518,"10830189"
-10.545115,49.9810222222222,-3.32295409748807,0.0107789134837983,0.0678068859852892,-4.01523041942549,"10872139"
80.6107000000001,230.459777777778,3.32246681520602,0.0107866461966271,0.0678318005416485,-4.01532725696345,"10827364"
-47.91075,183.723333333333,-3.32215857867784,0.0107915406509104,0.0678318005416485,-4.01538852147982,"10718208"
-37.89565,141.973888888889,-3.32198249288609,0.0107943377522824,0.0678318005416485,-4.01542352299408,"10727373"
-92.24945,386.819444444444,-3.32192556721979,0.0107952421735832,0.0678318005416485,-4.01543483888461,"10756229"
-1165.44325,1546.41522222222,-3.32190536594354,0.0107955631458725,0.0678318005416485,-4.01543885462299,"10910117"
-174.48195,338.988666666667,-3.3218271881822,0.0107968053850437,0.0678318005416485,-4.01545439556982,"10854585"
42.3982000000001,141.984444444444,3.321590716096,0.0108005638304187,0.0678408238533328,-4.01550140646942,"10870809"
134.0511,204.575666666667,3.32140335478803,0.0108035427003965,0.0678449476460409,-4.0155386569175,"10860801"
14.428055,40.3686888888889,3.3211194996503,0.0108080573879355,0.067858712342821,-4.01559509664927,"10822083"
-62.5934,253.282111111111,-3.32044201162164,0.0108188408341918,0.0679118212570004,-4.0157298266932,"10853089"
-58.4181249999999,164.909588888889,-3.32026359501962,0.010821682549425,0.0679150663800006,-4.01576531330537,"10793310"
-44.605575,107.897,-3.3197249634661,0.0108302663479143,0.0679543387216425,-4.01587245949561,"10843569"
45.704705,43.7733222222222,3.31927311375844,0.0108374727185198,0.067984953403229,-4.01596235869715,"10911014"
-10.978955,28.1766444444444,-3.31899460335727,0.0108419170959259,0.0679873672972068,-4.01601777785694,"10896885"
-21.597545,52.1934111111111,-3.31895733524238,0.0108425119544631,0.0679873672972068,-4.01602519404021,"10934546"
-295.90025,1139.46677777778,-3.31862066446069,0.0108478873216379,0.0680064764408434,-4.01609219445278,"10774045"
-362.07015,569.925333333333,-3.3184711269158,0.0108502757781553,0.0680068561645634,-4.01612195631005,"10871043"
-118.098605,131.421911111111,-3.31823018155075,0.0108541253966928,0.0680163919646036,-4.01616991404505,"10817775"
186.5475,1102.535,3.3178562618241,0.0108601024261464,0.0680392520432001,-4.01624434715744,"10717891"
16.30683,32.4575,3.31769337117514,0.0108627072878584,0.0680399889131634,-4.01627677556406,"10749973"
-67.390505,89.1295444444444,-3.31755765578329,0.0108648780817385,0.0680399889131634,-4.01630379533925,"10855371"
49.75902,131.3666,3.31702601680602,0.0108733861694656,0.0680786762869201,-4.01640965273867,"10811956"
807.2845,2102.05111111111,3.31634064960427,0.0108843648458208,0.0681199212363204,-4.01654614943586,"10717434"
248.7023,257.791555555556,3.316238522742,0.0108860017864138,0.0681199212363204,-4.01656649172878,"10849228"
-16.912745,44.3743444444444,-3.31617818726138,0.0108869689961108,0.0681199212363204,-4.01657851009113,"10770521"
25.07208,66.7263666666667,3.31559131899604,0.0108963815474638,0.0681642163870682,-4.01669542323677,"10718075"
-44.0309000000001,371.296111111111,-3.31519036958857,0.0109028171666531,0.068189873839992,-4.01677531259134,"10723457"
-576.925,1649.63888888889,-3.3139082888927,0.01092342277011,0.0683041251725158,-4.01703084454792,"10803017"
457.92175,836.292777777778,3.31363379470494,0.0109278397911139,0.0683133728471474,-4.01708556928773,"10837050"
-125.81055,142.4614,-3.31352577887027,0.0109295784448404,0.0683133728471474,-4.01710710541627,"10799337"
-662.268,1520.73066666667,-3.31316853238556,0.0109353308701441,0.0683347071744148,-4.01717833890973,"10832482"
43.836905,36.9842888888889,3.31298839739951,0.0109382326391078,0.0683382224805163,-4.01721426053763,"10812589"
18.84983,24.0226722222222,3.3126727879766,0.0109433187097422,0.0683553801125526,-4.01727720337708,"10842682"
-832.62425,1730.84877777778,-3.31223319124127,0.0109504070132598,0.0683850343064067,-4.01736488515915,"10750731"
-66.9801999999999,302.642222222222,-3.31160560373296,0.010960534999093,0.0684288917759226,-4.01749008734629,"10940484"
35.27302,68.0426777777778,3.31150778308464,0.0109621145173998,0.0684288917759226,-4.01750960485496,"10717947"
101.2404,217.859333333333,3.31132105393945,0.0109651303170032,0.0684330948688171,-4.01754686358133,"10907815"
2587.034,2598.17888888889,3.31022627074023,0.0109828294502381,0.0685289148994567,-4.01776535949874,"10817183"
364.2872,561.013222222222,3.30938217016564,0.0109964964715395,0.0685817568766262,-4.01793388266848,"10830038"
-65.3356999999999,236.523111111111,-3.30935003587135,0.0109970171202591,0.0685817568766262,-4.01794029922566,"10747368"
-18.01027,39.4894555555556,-3.309268339978,0.0109983408970697,0.0685817568766262,-4.0179566125453,"10897360"
14.33907,100.4356,3.30909468823988,0.0110011552596889,0.068582165245869,-4.01799128950661,"10915561"
77.56877,120.855688888889,3.30897462611732,0.0110031015440333,0.068582165245869,-4.01801526627605,"10836152"
451.174,1478.01777777778,3.30845625380036,0.0110115088731446,0.0686199275213411,-4.01811879858547,"10786465"
-803.46475,1465.68255555556,-3.30792217005227,0.0110201781252977,0.0686593055560773,-4.01822548889519,"10899964"
120.28255,448.303111111111,3.307307139276,0.0110301702502534,0.0687069069703421,-4.0183483746241,"10882896"
15.247745,28.6027555555556,3.30683151264876,0.011037904107072,0.0687329071051319,-4.01844342530074,"10811980"
-64.1570999999999,307.530333333333,-3.30676108483601,0.011039049775357,0.0687329071051319,-4.01845750117997,"10855881"
-277.36695,726.393,-3.30640902748867,0.0110447786726713,0.0687539237467332,-4.01852786954379,"10906882"
-26.591785,42.2377888888889,-3.30507126759063,0.0110665762169322,0.0688749377080223,-4.01879533828243,"10935899"
452.190099999999,1208.41577777778,3.30385664424026,0.0110864067581509,0.0689836607098235,-4.01903829786222,"10844294"
209.2902,892.362666666667,3.30347580396791,0.0110926322773503,0.0690077000320511,-4.01911449852079,"10843028"
-51.1026999999999,405.539888888889,-3.30318758075976,0.0110973462606578,0.0690114718180279,-4.01917217471184,"10884853"
101.13552,148.6586,3.30314987418376,0.0110979631204592,0.0690114718180279,-4.01917972059259,"10797442"
-132.0331,531.503222222222,-3.30205243091762,0.0111159326045157,0.0691085028960039,-4.0193993865391,"10792040"
-35.157775,104.732722222222,-3.30178048547199,0.0111203901793765,0.0691215061064482,-4.01945383283901,"10798027"
1335.1002,1185.59566666667,3.30103345483263,0.0111326448066316,0.0691693803723664,-4.01960342326745,"10827906"
134.789875,147.201811111111,3.30102231640499,0.0111328276343831,0.0691693803723664,-4.01960565400209,"10918191"
-19.76486,46.4140777777778,-3.30046467327439,0.0111419849267396,0.0692115559535977,-4.01971734659277,"10763135"
-220.7767,600.986222222222,-3.299598467575,0.0111562250461076,0.069285280292727,-4.01989088641154,"10770517"
-18.16249,80.3739222222222,-3.2990351075185,0.0111654968113307,0.0693063985728565,-4.02000378140267,"10846299"
-45.3957,103.282733333333,-3.29897430913122,0.0111664979163906,0.0693063985728565,-4.02001596649798,"10823368"
137.1674,430.825888888889,3.29895945054594,0.0111667425919914,0.0693063985728565,-4.02001894446703,"10756740"
394.1993,1056.01388888889,3.29855394786445,0.0111734221727724,0.0693220644563492,-4.02010022170614,"10913570"
30.095289,23.47637,3.29851812199045,0.0111740125119788,0.0693220644563492,-4.02010740305655,"10896263"
259.5544,371.792111111111,3.29827328744399,0.0111780477812591,0.0693322431188648,-4.02015648296162,"10730131"
-938.9335,1974.72222222222,-3.29805603774445,0.0111816296972814,0.0693322431188648,-4.02020003674782,"10778661"
-111.75095,357.266111111111,-3.29783225712059,0.0111853205606064,0.0693322431188648,-4.02024490336183,"10735518"
705.65265,1035.06,3.29773920600555,0.0111868556522104,0.0693322431188648,-4.02026356057966,"10777032"
85.7431500000001,157.816666666667,3.29769897165342,0.0111875194790966,0.0693322431188648,-4.0202716279615,"10830102"
-13.8096475,18.0915188888889,-3.29697367153424,0.0111994933535995,0.0693681558656535,-4.02041707755358,"10812399"
107.8571,261.597888888889,3.29693461675099,0.0112001384875101,0.0693681558656535,-4.02042491055223,"10905521"
532.1485,2501.06444444444,3.29685677033761,0.0112014245255495,0.0693681558656535,-4.02044052409513,"10831105"
342.54365,404.237222222222,3.29677277446989,0.0112028123288202,0.0693681558656535,-4.02045737151029,"10828516"
-696.921499999999,3775.42111111111,-3.2965686642215,0.0112061854528849,0.0693743381692264,-4.02049831288572,"10900803"
19.13019,52.9822666666667,3.29635442023213,0.0112097272016724,0.0693769915686474,-4.02054129013213,"10906868"
141.8135,311.599222222222,3.2962554549525,0.011211363633723,0.0693769915686474,-4.02056114362818,"10870098"
-16.97267,61.1586111111111,-3.29516897539609,0.0112293456335654,0.0694509565851253,-4.02077914904036,"10871146"
-27.707515,84.5269888888889,-3.29503710841978,0.0112315301978625,0.0694509565851253,-4.02080561428246,"10705606"
-307.73825,1137.46744444444,-3.29484582023028,0.0112346999574928,0.0694509565851253,-4.02084400736116,"10883305"
-206.6475,1647.07666666667,-3.29482659263356,0.0112350186225448,0.0694509565851253,-4.02084786663901,"10701587"
11.10822,16.9955666666667,3.29481546715526,0.0112352030129836,0.0694509565851253,-4.02085009970767,"10755670"
84.731487,53.4427266666667,3.2946595156615,0.0112377880442696,0.0694522403057528,-4.02088140269809,"10803977"
-225.5982,707.466333333333,-3.29448678250224,0.0112406519798422,0.0694552468145323,-4.02091607617476,"10747836"
-160.5524,358.038777777778,-3.29406129152769,0.011247709959349,0.0694809912527261,-4.02100149591077,"10830230"
211.3602,893.918666666667,3.29394889506244,0.0112495751566165,0.0694809912527261,-4.02102406229937,"10724228"
-44.54517,90.0909666666667,-3.29379865927949,0.0112520688003654,0.0694817032200118,-4.0210542272816,"10887390"
-924.207,1097.62933333333,-3.29364297035715,0.0112546535727143,0.0694829774880127,-4.02108548886881,"10715400"
416.84454,269.1381,3.29258340313686,0.011272261350554,0.0695673029723311,-4.02129829084513,"10767338"
62.75983,89.0821777777778,3.29253448478123,0.0112730749733352,0.0695673029723311,-4.02130811747431,"10830279"
46.11505,154.199777777778,3.29228445637829,0.0112772344798282,0.0695782741486168,-4.02135834538832,"10753498"
345.06195,1078.02566666667,3.29183655964767,0.0112846898058488,0.0695826815801061,-4.02144833400201,"10841281"
353.4825,607.474333333333,3.29159883065232,0.011288648965524,0.0695826815801061,-4.02149610284743,"10810985"
103.20735,595.106333333333,3.29157186739811,0.0112890981066049,0.0695826815801061,-4.02150152105108,"10894427"
-137.867315,107.483777777778,-3.29124765204969,0.0112945002106459,0.0695826815801061,-4.02156667544259,"10726070"
-161.6691,676.181666666667,-3.29090174249156,0.0113002667972332,0.0695826815801061,-4.02163619778594,"10800969"
138.241,371.594444444444,3.29087837153122,0.0113006565218465,0.0695826815801061,-4.02164089528709,"10736693"
-12.30705,61.8438,-3.29077525619424,0.0113023762007636,0.0695826815801061,-4.02166162166266,"10847472"
208.99545,600.829666666667,3.2907603985246,0.0113026240084318,0.0695826815801061,-4.02166460814465,"10701034"
14.02594,22.2948111111111,3.29072272384295,0.0113032524015507,0.0695826815801061,-4.02167218105554,"10927283"
63.00951,53.7928666666667,3.29070886809731,0.0113034835171069,0.0695826815801061,-4.02167496619621,"10810703"
-77.8902,187.008333333333,-3.29066897733309,0.0113041489278833,0.0695826815801061,-4.02168298470733,"10757204"
10.395795,25.5992333333333,3.29020213969846,0.011311939240922,0.069603814015832,-4.02177683299239,"10709654"
-52.0097999999999,172.587333333333,-3.29012238615795,0.0113132706885143,0.069603814015832,-4.02179286738922,"10811289"
-32.28345,133.8224,-3.29003500436749,0.0113147296762233,0.069603814015832,-4.02181043596234,"10777248"
1531.635,4652.23666666667,3.2894920449538,0.0113237997641943,0.0696449444865627,-4.02191961306184,"10875267"
-24.33599,87.0780444444444,-3.28914817227186,0.0113295480992587,0.0696656321136062,-4.02198876912746,"10856601"
77.4054,59.7625,3.28870604248544,0.0113369434762367,0.0696964365982278,-4.0220776980457,"10920139"
339.3285,1462.06666666667,3.28765458053577,0.0113545514705081,0.0697657943912966,-4.02228924267322,"10887943"
339.3285,1462.06666666667,3.28765458053577,0.0113545514705081,0.0697657943912966,-4.02228924267322,"10887945"
-32.526795,105.701766666667,-3.28760457342857,0.0113553896190393,0.0697657943912966,-4.02229930561864,"10934312"
60.0565500000001,219.154,3.2868368129547,0.0113682659446656,0.0698302189460602,-4.02245382472798,"10876846"
-22.47806,36.8515111111111,-3.28618623098614,0.0113791891102758,0.0698826215403822,-4.02258479352211,"10937327"
-152.9344,419.902555555556,-3.28565199107261,0.0113881672024024,0.0699230594054193,-4.02269236409469,"10878905"
-249.75685,752.408555555556,-3.28530944641025,0.0113939277245527,0.0699372421907319,-4.02276134707296,"10875988"
10.544921,12.4146355555556,3.28522995032767,0.0113952650382653,0.0699372421907319,-4.02277735750292,"10700784"
96.33318,165.930566666667,3.28479692980284,0.011402552388313,0.0699672685301775,-4.02286457532789,"10765497"
29.58285,60.0992333333333,3.28442785329244,0.0114087675037403,0.0699907042953104,-4.02293892430436,"10783474"
-40.65975,53.2551,-3.28397227734148,0.0114164441738324,0.0700230947080286,-4.02303071167522,"10736471"
237.32475,848.957666666667,3.28336580513577,0.0114266719848529,0.0700708314426036,-4.02315292396469,"10802591"
66.9231900000001,169.6202,3.28322641072888,0.0114290241604712,0.0700708314426036,-4.02318101752586,"10901253"
13.551029,16.8873255555556,3.28274516706066,0.0114371487165744,0.0700846946509036,-4.02327801809693,"10701339"
333.83665,841.349444444444,3.28273814618798,0.0114372672910128,0.0700846946509036,-4.0232794333626,"10806677"
-132.2881,439.408888888889,-3.28266620468961,0.011438482374735,0.0700846946509036,-4.02329393551417,"10733225"
-511.137749999999,1557.29566666667,-3.28237336408976,0.0114434298265049,0.070100267811488,-4.02335297089237,"10786969"
32.71684,44.7994777777778,3.28213712563629,0.0114474226496547,0.070100267811488,-4.02340059999602,"10819825"
-54.1346499999999,391.474555555556,-3.28208980097325,0.0114482226921548,0.070100267811488,-4.02341014181538,"10840607"
21.18113,27.7937555555556,3.28127991442415,0.0114619233082079,0.0701617610467754,-4.02357345974737,"10843918"
176.9413,515.891777777778,3.28121226015887,0.0114630685793202,0.0701617610467754,-4.02358710471319,"10705874"
1524.9774,884.791333333333,3.2810589706124,0.0114656639566362,0.0701629465498892,-4.023618022388,"10741947"
238.437825,150.686766666667,3.28042996908782,0.0114763202131891,0.0702134489441058,-4.02374490620256,"10770728"
-882.79825,1019.57922222222,-3.27972334651959,0.0114883039678452,0.0702693002337788,-4.02388748169304,"10888941"
-66.5403999999999,311.436888888889,-3.27960809990502,0.0114902597116712,0.0702693002337788,-4.02391073843222,"10795574"
172.07975,332.272888888889,3.27923887547507,0.0114965278466863,0.0702929184832764,-4.02398525423277,"10773760"
-73.7327,199.103111111111,-3.27879826615796,0.0115040125731386,0.0703239638651748,-4.02407418948889,"10755875"
-47.069,145.284444444444,-3.27857793004048,0.0115077574009032,0.0703321390606668,-4.02411866867699,"10797786"
-17.39155,38.5205222222222,-3.2782184884951,0.0115138692249668,0.0703547742184018,-4.02419123649357,"10851480"
907.023999999999,2856.01777777778,3.27774924137455,0.0115218533059306,0.0703769116004404,-4.02428598692103,"10918027"
111.52955,145.287488888889,3.27772240281894,0.0115223101316118,0.0703769116004404,-4.02429140664138,"10876324"
61.7295,163.092333333333,3.27746290396673,0.011526728112393,0.0703829272937295,-4.02434381194178,"10825375"
-50.929895,69.1697111111111,-3.2773782856705,0.0115281691298357,0.0703829272937295,-4.02436090148798,"10861338"
-776.457,1012.56,-3.2772251167847,0.0115307780216792,0.0703829272937295,-4.02439183684301,"10863093"
1052.3723,987.186222222222,3.27709868860776,0.011532931914667,0.0703829272937295,-4.02441737267081,"10940627"
402.814,1358.79444444444,3.27671638977062,0.0115394475322135,0.0704079824991826,-4.02449459594047,"10879986"
53.10968,103.459622222222,3.27638670927758,0.0115450694834642,0.070427575671314,-4.02456119885566,"10795704"
-23.46165,99.082,-3.27623208316835,0.011547707276603,0.0704289604130858,-4.02459243950665,"10857107"
15.757725,53.2747333333333,3.2760582645266,0.0115506732383009,0.0704323456446927,-4.02462755985915,"10829274"
1644.3885,3015.38333333333,3.27531546352174,0.0115633571221304,0.0704853208207796,-4.02477766843632,"10940466"
-111.1942,665.328555555556,-3.27526692642491,0.0115641864412267,0.0704853208207796,-4.02478747840656,"10913942"
21.287408,21.7259122222222,3.2749590428773,0.0115694484930407,0.0704890696412607,-4.02484970955122,"10908776"
-38.6437,63.4227222222222,-3.27484187993298,0.0115714515944158,0.0704890696412607,-4.02487339296346,"10852680"
56.1827,108.210388888889,3.27480746482458,0.0115720400492739,0.0704890696412607,-4.02488034984802,"10795696"
-238.546675,229.595255555556,-3.27402898144502,0.0115853595768387,0.0705554919069763,-4.02503773998577,"10806210"
602.3835,2903.12,3.2734388364204,0.0115954675007603,0.0706023317147168,-4.02515708166949,"10821648"
-149.50645,391.481888888889,-3.272924195269,0.0116042898060194,0.0706310554813142,-4.0252611749898,"10831620"
51.972885,99.7093,3.27288159457067,0.0116050204117994,0.0706310554813142,-4.02526979242267,"10932786"
743.8457,1021.34288888889,3.2727138831265,0.0116078971500776,0.0706338486445255,-4.0253037190007,"10899405"
16.2976,58.6241777777778,3.27204780509935,0.0116193297583499,0.0706836307066941,-4.02543848072511,"10850755"
33.703583,55.8069122222222,3.2718493411922,0.0116227385048485,0.0706836307066941,-4.02547864033084,"10831032"
-218.092975,274.800788888889,-3.27181451234055,0.011623336821899,0.0706836307066941,-4.02548568831613,"10803655"
69.668005,58.5555777777778,3.27152278019813,0.0116283497003478,0.0706864485412439,-4.02554472680238,"10775914"
-146.08555,362.383888888889,-3.27150592422892,0.0116286394088183,0.0706864485412439,-4.02554813816886,"10744888"
14.146025,38.7469222222222,3.27089981186492,0.0116390619048703,0.0707350851859537,-4.0256708187054,"10890124"
33.011185,54.4362777777778,3.26990647976238,0.0116561642292503,0.0708140440972,-4.02587193159101,"10700730"
-32.4411,146.507333333333,-3.2698636573815,0.0116569021039034,0.0708140440972,-4.02588060312323,"10714788"
-91.7996499999999,356.647555555556,-3.26928238498495,0.0116669229181176,0.0708500459022746,-4.0259983237802,"10826914"
34.60961,98.8951888888889,3.26923855559326,0.011667678881216,0.0708500459022746,-4.02600720119349,"10858702"
160.502495,115.810622222222,3.2690481714051,0.0116709632008075,0.0708552616268473,-4.0260457641092,"10864756"
149.82775,551.611111111111,3.26863300350248,0.0116781286520782,0.0708738189876437,-4.02612986667966,"10842795"
638.017,1565.56111111111,3.26824794299695,0.0116847786264782,0.0708738189876437,-4.02620788128885,"10853663"
29.340395,69.9839555555556,3.26801157270602,0.0116888627089843,0.0708738189876437,-4.02625577600187,"10808519"
71.52085,152.662444444444,3.26798864689241,0.0116892589087892,0.0708738189876437,-4.02626042157557,"10700669"
-31.060805,37.6235777777778,-3.26795647692643,0.011689814888286,0.0708738189876437,-4.0262669404022,"10761201"
10.942109,16.1844255555556,3.2678620579994,0.0116914468506606,0.0708738189876437,-4.02628607360219,"10781978"
23.729796,22.59288,3.26781016072163,0.0116923439597382,0.0708738189876437,-4.02629659042033,"10917486"
-46.44251,51.3753444444444,-3.2677474513659,0.0116934280660109,0.0708738189876437,-4.02630929852917,"10803900"
439.56005,1155.23822222222,3.26716243726841,0.0117035467820521,0.0709204347004503,-4.02642786575423,"10752805"
15.08972,38.6386222222222,3.26685741196462,0.011708826328492,0.0709377130569403,-4.02648969622174,"10877667"
-55.8605,169.970111111111,-3.26635464452523,0.0117175339933465,0.0709757491357299,-4.02659162476637,"10823276"
109.25985,267.674333333333,3.26598613421257,0.0117239207377333,0.0709997140199298,-4.02666634620255,"10713604"
140.1709,208.165777777778,3.26550413210197,0.0117322799842552,0.0710229242953331,-4.02676409463234,"10707812"
52.2848,113.901888888889,3.26548478674147,0.0117326156174874,0.0710229242953331,-4.02676801815493,"10901713"
-217.800825,275.272833333333,-3.26509362741591,0.0117394042293221,0.0710492966967922,-4.02684735675353,"10797138"
25.165115,21.5126055555556,3.26439213794748,0.011751589041873,0.071077517619704,-4.0269896668936,"10805214"
43.57335,154.134333333333,3.26413645400754,0.0117560335694433,0.071077517619704,-4.02704154589278,"10820973"
-73.97105,391.944777777778,-3.26407787943387,0.0117570520150095,0.071077517619704,-4.0270534315004,"10862735"
-42.7176,216.486,-3.26398702584703,0.0117586318852543,0.071077517619704,-4.02707186746202,"10819024"
-77.59795,144.046022222222,-3.26395499922897,0.0117591888556078,0.071077517619704,-4.02707836642745,"10810848"
35.33505,155.507666666667,3.26389009506787,0.0117603176800367,0.071077517619704,-4.02709153725683,"10900296"
110.3091,229.045666666667,3.26384522645569,0.011761098109593,0.071077517619704,-4.02710064250196,"10847825"
46.93901,119.271522222222,3.26331571071281,0.0117703124591017,0.0711184918676726,-4.02720810871623,"10899705"
-31.654855,80.6674555555556,-3.2627415131552,0.0117803129500702,0.0711615428958376,-4.02732466591088,"10812810"
26.95962,54.7230333333333,3.26262695224008,0.011782309269089,0.0711615428958376,-4.02734792362629,"10809866"
-277.9846,557.279888888889,-3.26209972188408,0.0117915012999444,0.0712023395983004,-4.02745497203413,"10798194"
-149.11075,423.506555555556,-3.26155904380953,0.011800935647713,0.0712445823542651,-4.02756477156043,"10778640"
35.48815,183.754111111111,3.26069577339726,0.0118160154621503,0.0713208834114169,-4.02774012578188,"10726045"
855.786000000001,2695.70333333333,3.25974875035769,0.0118325816843419,0.0714032003627045,-4.02793255397905,"10733063"
-22.537065,31.4667666666667,-3.25963680678929,0.0118345415265357,0.0714032003627045,-4.02795530435046,"10701238"
95.66865,150.3485,3.25936736793664,0.0118392601084195,0.0714169202575607,-4.02801006628718,"10777328"
613.2565,1442.96444444444,3.25912579561054,0.0118434923624501,0.0714277014609034,-4.02805916893685,"10704242"
21.91813,79.9417111111111,3.25894311011353,0.0118466940022709,0.0714322638972843,-4.02809630486949,"10732716"
41.474995,46.3708111111111,3.25822030838146,0.0118593703646261,0.0714939425984704,-4.028243258001,"10893231"
65.65185,210.185,3.25779760426114,0.0118667903040206,0.07151403766191,-4.02832921552996,"10711181"
-94.1622,243.726333333333,-3.25775151686526,0.0118675995955685,0.07151403766191,-4.02833858824755,"10929063"
-15.337905,52.5108333333333,-3.25729743669425,0.0118755763273634,0.0715285307474804,-4.02843094193103,"10859840"
33.81798,37.1862333333333,3.25722711280076,0.0118768121984716,0.0715285307474804,-4.02844524617041,"10892699"
258.3601,344.682111111111,3.25719651355001,0.0118773499916488,0.0715285307474804,-4.02845147032522,"10719983"
63.42771,88.7745333333333,3.25692761704765,0.0118820770527316,0.0715422504160143,-4.02850616911173,"10855613"
-342.16075,1233.10255555556,-3.25451916478632,0.0119245050283786,0.0717829157014324,-4.02899632662754,"10799558"
-29.43714,78.0922666666667,-3.25437988807009,0.0119269634511303,0.0717829234160115,-4.02902468434252,"10931288"
36.73811,25.6513588888889,3.25387578483672,0.011935866028293,0.0718217075490323,-4.02912733493408,"10765996"
157.53955,443.833777777778,3.25252586456041,0.0119597404726916,0.071950547398932,-4.02940230918307,"10723898"
-178.4754,447.504,-3.25187244374941,0.0119713148475298,0.0719993462154005,-4.0295354558171,"10828714"
-143.6466,156.204066666667,-3.25178972143885,0.0119727809924836,0.0719993462154005,-4.02955231421182,"10787107"
71.3369499999999,533.063111111111,3.25125319104488,0.0119822948938138,0.0720340490642242,-4.02966166836337,"10779942"
39.96917,85.3862555555556,3.25118620837717,0.0119834832084661,0.0720340490642242,-4.02967532203841,"10759957"
13.746101,17.1344522222222,3.25076170094238,0.0119910171290181,0.0720505175011967,-4.02976186067052,"10916123"
538.5043,1159.61144444444,3.25074000649674,0.0119914022841058,0.0720505175011967,-4.02976628357356,"10723891"
-43.391,209.450111111111,-3.25061500448105,0.0119936217775149,0.0720505175011967,-4.02979176871805,"10877751"
-12.6565,39.5791888888889,-3.25033022522586,0.0119986798401028,0.072066084056078,-4.02984983309654,"10712224"
-57.4047,173.211,-3.24998745182596,0.0120047709416332,0.0720763221908622,-4.02991972977669,"10760186"
80.1864,257.015,3.24995662970305,0.0120053188122385,0.0720763221908622,-4.02992601528725,"10701389"
-103.3328,189.864911111111,-3.2492553298181,0.0120177917166841,0.0721310892516944,-4.03006904879121,"10769840"
16.08351,33.1345666666667,3.24902455243019,0.0120218991758046,0.0721310892516944,-4.03011612468207,"10895770"
48.6901,214.555444444444,3.24893285158321,0.0120235317116931,0.0721310892516944,-4.03013483164569,"10769047"
1079.791,3190.61111111111,3.24888873096038,0.0120243172676029,0.0721310892516944,-4.0301438324636,"10705511"
-252.38135,724.796111111111,-3.24851344451995,0.0120310013319812,0.0721420313193341,-4.03022039834494,"10888612"
57.8676,191.127333333333,3.24850901839489,0.0120310801871635,0.0721420313193341,-4.03022130142266,"10897604"
73.5923000000001,169.424888888889,3.24814226803153,0.0120376160516308,0.0721632334189222,-4.03029613566768,"10807017"
149.120325,114.7304,3.24798099619082,0.0120404912654923,0.0721632334189222,-4.03032904573293,"10853324"
-1020.34075,1441.76522222222,-3.24789489950788,0.0120420265255441,0.0721632334189222,-4.03034661588549,"10940568"
46.67321,119.020688888889,3.24736538618689,0.0120514732507175,0.0722050327207673,-4.03045468785535,"10901783"
208.55655,826.607,3.24674146457611,0.012062614290888,0.0722539907160156,-4.03058205411024,"10881315"
876.899,1715.14888888889,3.24663081818577,0.0120645911793224,0.0722539907160156,-4.03060464418913,"10762658"
26.8924,56.1969777777778,3.24641920263363,0.0120683730078041,0.072261825999178,-4.03064785104955,"10939325"
-269.6314,317.239822222222,-3.24547099368953,0.0120853340227155,0.0723250896046728,-4.03084149227191,"10918276"
728.0846,1243.14155555556,3.24541473995507,0.0120863410469152,0.0723250896046728,-4.03085298232095,"10778918"
644.3013,1173.20833333333,3.24540958322866,0.0120864333642961,0.0723250896046728,-4.03085403561421,"10731732"
15.16551,30.0032666666667,3.24527508845337,0.012088841395893,0.0723250896046728,-4.0308815076789,"10816309"
79.6568,204.955222222222,3.24511326737311,0.0120917393559943,0.0723276153861624,-4.03091456317075,"10822424"
-129.85035,535.330333333333,-3.24463984641987,0.0121002217868031,0.0723633926653139,-4.03101128055411,"10768269"
56.7864,363.851,3.24442310348898,0.0121041073319338,0.0723633926653139,-4.03105556535862,"10719180"
13.160347,16.0204711111111,3.24413875452249,0.0121092068448378,0.0723633926653139,-4.03111366851481,"10727588"
172.54974,177.902033333333,3.24412449173506,0.0121094626932751,0.0723633926653139,-4.03111658309018,"10709875"
39.9622,208.636777777778,3.24405542615427,0.0121107016847031,0.0723633926653139,-4.03113069672624,"10731458"
12.24989,40.0417555555556,3.2438755930678,0.0121139284002909,0.0723633926653139,-4.03116744744664,"10919184"
-74.6232,147.723533333333,-3.24381255586197,0.012115059681182,0.0723633926653139,-4.03118033029114,"10922680"
-19.72585,57.0730555555556,-3.24333896459067,0.0121235624287011,0.0723960194764278,-4.03127712675408,"10879223"
285.0035,623.337222222222,3.24323230111481,0.0121254783082824,0.0723960194764278,-4.03129892973366,"10831957"
445.17715,963.755111111111,3.24264115590361,0.0121361021955222,0.07242034989803,-4.03141977999232,"10779724"
-84.5214,226.915533333333,-3.24263714695496,0.0121361742766726,0.07242034989803,-4.03142059964404,"10840063"
-43.43465,220.574111111111,-3.24259176670902,0.0121369902478522,0.07242034989803,-4.03142987796675,"10874539"
619.5495,2369.46333333333,3.24236293688532,0.012141105662999,0.0724301124849607,-4.03147666615125,"10799261"
-392.5128,933.232666666667,-3.24205019910929,0.0121467325105042,0.0724488859864985,-4.03154061684555,"10832341"
827.906,1609.81722222222,3.24148090441692,0.012156982448978,0.0724952205071325,-4.03165704805258,"10863900"
-11.240255,27.9341111111111,-3.24121955937048,0.0121616909239036,0.0725010975062483,-4.03171050571347,"10940482"
408.277,1113.55444444444,3.24100847601038,0.0121654952725225,0.0725010975062483,-4.0317536860221,"10902614"
21.841245,80.4838,3.24099360402399,0.0121657633571833,0.0725010975062483,-4.03175672843371,"10939223"
-303.4661,649.123777777778,-3.24087537008216,0.012167894881671,0.0725010975062483,-4.03178091650951,"10880047"
2809.7295,3214.68666666667,3.24057131874374,0.012173378135965,0.0725017196620565,-4.03184312337308,"10940654"
47.6544299999999,123.574066666667,3.24048411615814,0.0121749512260854,0.0725017196620565,-4.03186096566379,"10829348"
43.122315,97.7058333333333,3.24044320555435,0.0121756893063747,0.0725017196620565,-4.03186933646284,"10892212"
-71.4788,181.520444444444,-3.24031922960606,0.0121779262812936,0.0725017196620565,-4.03189470416039,"10712858"
-40.43485,51.2440555555556,-3.23997222128433,0.012184189872533,0.0725242304270941,-4.03196571414985,"10703850"
-14.0645,34.3252111111111,-3.23926847429287,0.0121969031254295,0.0725679208567227,-4.03210975188967,"10803202"
-47.00805,127.362533333333,-3.23918161077934,0.0121984732923501,0.0725679208567227,-4.0321275329423,"10885862"
16.0275,129.535333333333,3.23915347254609,0.0121989819719095,0.0725679208567227,-4.03213329298463,"10755186"
186.88975,632.467111111111,3.23810109470722,0.0122180228039192,0.0726663921404103,-4.03234876108653,"10750808"
54.1353000000001,200.619333333333,3.23755883223561,0.0122278462747529,0.072710014465832,-4.03245981720467,"10790418"
72.2815000000001,201.378111111111,3.23688574265654,0.0122400513591754,0.0727677778605921,-4.03259769632567,"10834935"
91.4197,689.447777777778,3.23649402403577,0.0122471602777534,0.0727952269286444,-4.03267795298198,"10776287"
-139.09885,382.052888888889,-3.23629107240914,0.0122508451607344,0.07279686160077,-4.03271953875025,"10759846"
245.85875,422.054555555556,3.23620441029943,0.0122524189940092,0.07279686160077,-4.03273729713797,"10836815"
-29.093275,122.251855555556,-3.2356698218105,0.0122621321408374,0.0728270346684917,-4.03284685441994,"10920568"
-299.303075,394.179211111111,-3.23565050997438,0.012262483177049,0.0728270346684917,-4.03285081252616,"10725947"
59.814775,112.007444444444,3.23543642502149,0.0122663753642603,0.0728353434738819,-4.03289469264702,"10798213"
1012.75505,1331.92155555556,3.23430393172761,0.0122869864259083,0.0729429021431592,-4.03312687005868,"10760196"
96.4113,224.564666666667,3.233657197654,0.0122987731847379,0.072993462437095,-4.0332595012529,"10819633"
65.861025,46.0225666666667,3.23356248687995,0.0123005002936201,0.072993462437095,-4.03327892691488,"10890252"
118.1819,506.779888888889,3.23312784694441,0.0123084294989952,0.0730206587375413,-4.03336808205917,"10763687"
-90.28395,137.7646,-3.23303728578444,0.0123100822989796,0.0730206587375413,-4.03338666005133,"10803903"
13.98447,32.894,3.23267531513021,0.0123166908358389,0.0730221612705269,-4.03346092170943,"10720829"
-14.093975,43.1695111111111,-3.23262703655004,0.0123175725457235,0.0730221612705269,-4.03347082722364,"10771598"
-212.7471,402.044333333333,-3.23261270566647,0.0123178342829177,0.0730221612705269,-4.03347376758207,"10862327"
-94.4022999999997,631.314222222222,-3.23209429340097,0.012327306433949,0.073059143872794,-4.03358014346107,"10783849"
-187.6392,451.903,-3.23199757929207,0.0123290743921707,0.073059143872794,-4.03359999090522,"10748443"
-17.75909,40.3565111111111,-3.23184774987707,0.0123318138394553,0.0730605575959943,-4.03363073987847,"10758587"
229.19715,759.519,3.23126763762401,0.0123424265355932,0.0730987115648746,-4.03374980955531,"10937556"
-35.884,109.127555555556,-3.23122220101811,0.0123432581690123,0.0730987115648746,-4.03375913657008,"10726038"
60.3555,247.825666666667,3.23100182538967,0.0123472925774311,0.0731077838178095,-4.03380437636114,"10781029"
87.2958500000001,360.690555555556,3.23074316157474,0.0123520296999222,0.0731210122904817,-4.0338574806,"10839805"
256.78295,245.230555555556,3.23018229433507,0.0123623079046108,0.0731669050154244,-4.03397264440191,"10831595"
-208.38785,572.040777777778,-3.23002255842573,0.0123652368035871,0.0731669050154244,-4.03400544738575,"10788246"
-101.0989,835.667555555556,-3.22991029375596,0.0123672957132254,0.0731669050154244,-4.03402850288896,"10785144"
-111.3162,236.131333333333,-3.22932608721359,0.012378015769979,0.0732154996363971,-4.03414849451722,"10704849"
-73.7235499999999,409.331777777778,-3.2287902740187,0.0123878564328442,0.073258874054476,-4.03425856812516,"10838022"
80.571,172.583333333333,3.22841406287883,0.0123947707972211,0.0732687113195877,-4.03433586659069,"10709788"
59.07415,220.118777777778,3.22827638754051,0.0123973021416744,0.0732687113195877,-4.03436415669105,"10798794"
977.1835,2127.05777777778,3.22824757043789,0.0123978320514581,0.0732687113195877,-4.03437007832178,"10934500"
19.0179246,13.6750113333333,3.22815405286792,0.0123995518848512,0.0732687113195877,-4.0343892956732,"10700622"
74.5415,240.828555555556,3.22784360780372,0.012405262923419,0.0732876341849875,-4.03445309495987,"10754164"
66.9875,157.794222222222,3.2271616700391,0.0124178177888404,0.0733368913684668,-4.034593263751,"10816941"
1545.5205,4587.73,3.22711805275094,0.012418621263771,0.0733368913684668,-4.03460223019947,"10901251"
247.306505,165.323622222222,3.22683562777827,0.0124238251462742,0.0733419147051792,-4.03466029189317,"10806129"
33.398835,112.172866666667,3.2267993959453,0.0124244929101093,0.0733419147051792,-4.03466774094774,"10805016"
51.223445,50.7635555555556,3.22643917175254,0.0124311340112881,0.0733662927284386,-4.03474180609509,"10767095"
107.94005,239.316555555556,3.22616065325022,0.0124362713496417,0.0733817877617514,-4.03479907826798,"10718132"
274.27635,1048.644,3.22590594726058,0.0124409714198816,0.0733946969023468,-4.03485145873082,"10800924"
283.52025,391.934,3.22571567395596,0.012444483740535,0.0734005951940215,-4.03489059161739,"10831816"
-122.16915,455.252,-3.22493216824997,0.0124589577606011,0.0734711328256358,-4.0350517601515,"10916768"
16.527564,17.40217,3.22454275775609,0.0124661580997734,0.0734987573616106,-4.03513187904584,"10700715"
11.77468,22.3504111111111,3.22422708530874,0.0124719982151477,0.0735183526750049,-4.0351968347944,"10897805"
183.60186,180.381966666667,3.22400575458164,0.0124760946761844,0.0735259838369551,-4.03524238218056,"10823184"
158.458441,93.3365577777778,3.22381471109077,0.0124796317116076,0.0735259838369551,-4.03528169963106,"10931457"
140.1472,139.948444444444,3.22374928779923,0.0124808432206292,0.0735259838369551,-4.03529516458877,"10907415"
478.993,1560.42777777778,3.22312333830417,0.0124924408272883,0.0735794690178227,-4.03542400866644,"10752050"
88.888855,99.5849777777778,3.22276573338275,0.0124990716374561,0.0735922199619763,-4.03549762995681,"10856948"
752.5435,1727.04777777778,3.22273488284104,0.0124996438505965,0.0735922199619763,-4.0355039816902,"10713789"
22.39005,131.668333333333,3.22177795095461,0.0125174066570651,0.0736620213882849,-4.03570103583461,"10886269"
29.270245,49.1718777777778,3.22162055591815,0.0125203308095842,0.0736620213882849,-4.03573345339041,"10798556"
40.39986,103.050833333333,3.22155740369671,0.0125215042810328,0.0736620213882849,-4.03574646091414,"10790523"
-134.44325,335.220444444444,-3.2213919178451,0.0125245798284145,0.0736620213882849,-4.03578054755763,"10799578"
-49.01941,104.459955555556,-3.22129725300534,0.0125263395283422,0.0736620213882849,-4.03580004743329,"10926310"
106.3556,429.288555555556,3.22128171387092,0.0125266284061409,0.0736620213882849,-4.0358032483792,"10720000"
538.9196,493.563222222222,3.22059287933928,0.0125394411315131,0.0737225263063037,-4.03594516064816,"10731643"
19.680135,30.0033166666667,3.22011876266674,0.0125482680035796,0.0737595777578621,-4.03604285706079,"10892332"
97.9648500000001,584.761333333333,3.21954392648556,0.0125589788058259,0.0738076859451616,-4.03616132945608,"10700593"
-67.45485,413.728666666667,-3.21921578532567,0.0125650973108866,0.0738287918021404,-4.03622896926464,"10726018"
-75.763455,72.7420333333333,-3.21877019484527,0.0125734108002477,0.0738554851925261,-4.03632083135619,"10739704"
-75.049375,121.120322222222,-3.2187013113753,0.0125746964930384,0.0738554851925261,-4.03633503351984,"10773255"
215.27985,690.658333333333,3.21789239716244,0.0125898050459019,0.0739252927305615,-4.03650183834935,"10744568"
-72.5466999999999,340.907222222222,-3.21779406623711,0.0125916429324048,0.0739252927305615,-4.03652211821935,"10830456"
-296.2839,596.904666666667,-3.21708806434304,0.0126048469983896,0.0739649724602779,-4.03666774524303,"10841339"
-268.048875,253.243966666667,-3.2170613869844,0.0126053462201677,0.0739649724602779,-4.03667324868708,"10878732"
-146.5179,408.826333333333,-3.21702660957138,0.0126059970520888,0.0739649724602779,-4.03668042322056,"10866866"
-54.0045999999998,324.994555555556,-3.21674800219871,0.0126112122481723,0.0739807137787358,-4.0367379026948,"10863559"
-13.05465,35.0761333333333,-3.21651843887255,0.0126155111069553,0.0739910743783559,-4.03678526810078,"10840425"
-51.5748,220.186666666667,-3.21613912617477,0.0126226175929354,0.074003440982724,-4.03686353936545,"10802294"
23.635405,28.5787444444444,3.21613548036273,0.0126226859182897,0.074003440982724,-4.03686429172997,"10886930"
74.08295,178.709555555556,3.21593727583946,0.012626401011832,0.0740103690127727,-4.0369051954602,"10810069"
-9.2107805,8.32466777777778,-3.21576707463808,0.0126295921379667,0.0740142236145556,-4.03694032236907,"10700484"
46.291995,56.8279,3.21559841305192,0.0126327552359996,0.0740179124477521,-4.03697513358624,"10809428"
-1084.854,1254.46466666667,-3.21464185320069,0.0126507104646403,0.0741082525594547,-4.03717260332934,"10935289"
-171.8743,598.826222222222,-3.21437774029595,0.0126556727655032,0.0741169452712129,-4.03722713774287,"10870565"
740.66945,772.532222222222,3.21429283594499,0.0126572684315082,0.0741169452712129,-4.03724466998458,"10863282"
31.47243,65.7801666666667,3.21344888129868,0.012673140983989,0.0741825679148151,-4.03741896985874,"10772802"
69.04549,100.893844444444,3.21342695417726,0.0126735536545095,0.0741825679148151,-4.037423499098,"10921107"
-35.830835,48.4699444444444,-3.21297583120364,0.0126820469748503,0.0741972747862852,-4.03751669020358,"10825696"
58.8998500000001,314.971111111111,3.21287645253181,0.0126839187892495,0.0741972747862852,-4.03753722140944,"10918519"
-1293.933,2367.02866666667,-3.2126402295461,0.0126883692582539,0.0741972747862852,-4.03758602692155,"10802013"
-636.34125,1099.61166666667,-3.21240029199919,0.0126928913943537,0.0741972747862852,-4.03763560401276,"10835158"
121.5353,261.251888888889,3.21239854258567,0.0126929243720269,0.0741972747862852,-4.03763596550055,"10800173"
1108.7395,1740.97611111111,3.21236045247859,0.0126936424196722,0.0741972747862852,-4.03764383625509,"10790712"
85.18265,153.344555555556,3.21234972199689,0.0126938447108186,0.0741972747862852,-4.03764605356857,"10791461"
46.0574,225.187555555556,3.21205449264852,0.0126994117098848,0.0742016095534072,-4.03770706210474,"10724449"
70.36138,188.440344444444,3.21204100086491,0.01269966617947,0.0742016095534072,-4.03770985030428,"10929874"
28.122675,61.9929666666667,3.21163306815933,0.0127073627675308,0.0742181660825717,-4.03779415950316,"10716468"
171.0662,507.990222222222,3.21162151357287,0.0127075808429186,0.0742181660825717,-4.0377965477139,"10733709"
16.406315,62.2072555555556,3.21107423501293,0.0127179144176026,0.0742542787832274,-4.03790967543553,"10933038"
403.1688,1035.44233333333,3.21091366083732,0.0127209480179342,0.0742542787832274,-4.03794287175731,"10724050"
-478.373499999999,3143.56555555556,-3.21089030938802,0.0127213892418037,0.0742542787832274,-4.037947699477,"10773636"
-276.2403,452.033333333333,-3.21041059533913,0.0127304569711772,0.0742799236344641,-4.03804688511132,"10895359"
-434.7514,568.613555555556,-3.21038885923796,0.0127308679960896,0.0742799236344641,-4.038051379659,"10777812"
-71.46085,283.551222222222,-3.21011249812698,0.0127360951432634,0.0742955837690291,-4.03810852803149,"10854680"
264.2606,803.187555555555,3.20995530920229,0.0127390692535187,0.0742980972593921,-4.0381410353942,"10720135"
-48.926225,116.854811111111,-3.20980959825507,0.0127418268469293,0.0742993472068251,-4.03817117065332,"10772281"
-73.0502249999999,152.680033333333,-3.20954981881134,0.0127467447575169,0.074313191248473,-4.03822490082884,"10817512"
48.507103,31.0868044444444,3.20898630664578,0.0127574195373453,0.0743605854676787,-4.0383414687785,"10938719"
-190.8512,654.772444444444,-3.20881853714236,0.0127605994643098,0.0743614096833569,-4.03837617795319,"10917245"
13.984835,32.5856222222222,3.20868163639309,0.0127631949192133,0.0743614096833569,-4.03840450231777,"10869726"
80.9956,276.269444444444,3.20857604604312,0.0127651971507508,0.0743614096833569,-4.03842634957647,"10798096"
-847.3885,1460.06088888889,-3.20834993175641,0.012769485901418,0.0743690012589181,-4.03847313664709,"10829888"
172.807995,136.897333333333,3.20813383136275,0.0127735861353391,0.0743690012589181,-4.03851785511423,"10784172"
30.40767,74.3492,3.20809253708519,0.0127743698002832,0.0743690012589181,-4.03852640067803,"10712196"
-179.14625,711.345444444444,-3.20797066110085,0.0127766830053574,0.0743690012589181,-4.03855162278392,"10896551"
66.96176,156.182522222222,3.20780153646265,0.012779893720496,0.0743728715439382,-4.03858662472513,"10752061"
147.4921,749.263444444444,3.20705678204048,0.0127940424873264,0.0744291517214609,-4.03874078325493,"10714832"
-94.1173999999999,239.428444444444,-3.20701911186473,0.0127947585796697,0.0744291517214609,-4.03874858176022,"10700723"
1096.492,1876.33777777778,3.20684041339383,0.0127981561288806,0.0744291517214609,-4.03878557743443,"10923620"
227.7825,321.096666666667,3.20665163852948,0.0128017462903023,0.0744291517214609,-4.03882466171338,"10795174"
179.90565,280.374666666667,3.20662235747883,0.0128023032587232,0.0744291517214609,-4.03883072434395,"10868881"
13.42913,28.5572222222222,3.20623150326966,0.0128097403224897,0.0744491175539604,-4.03891165648983,"10736716"
118.94185,354.152444444444,3.20617402828326,0.0128108343240829,0.0744491175539604,-4.03892355846625,"10938019"
25.918125,19.6705666666667,3.20545204396128,0.0128245852449737,0.0744823899068371,-4.03907308800349,"10858599"
158.5529,377.587555555556,3.2054435845365,0.0128247464553852,0.0744823899068371,-4.0390748402506,"10928446"
-143.60165,399.747444444444,-3.2054016149782,0.0128255462966242,0.0744823899068371,-4.03908353371211,"10752309"
-112.13875,605.430555555556,-3.20533804753716,0.0128267578428595,0.0744823899068371,-4.03909670114323,"10708281"
-108.35275,371.540222222222,-3.20502605700576,0.0128327058889733,0.0744902839535032,-4.03916133144284,"10921860"
14.892195,36.3938333333333,3.20499925913487,0.01283321692127,0.0744902839535032,-4.03916688307509,"10721215"
-743.92455,914.504666666667,-3.20466941949843,0.0128395086808892,0.0745119997225857,-4.03923521918259,"10929536"
-730.4888,890.477111111111,-3.20415499436697,0.0128493279332285,0.0745422404989156,-4.03934181335703,"10769370"
43.70759,104.705255555556,3.20412907976172,0.0128498227956644,0.0745422404989156,-4.03934718363521,"10700735"
92.31185,263.633888888889,3.20325022923413,0.0128666171176029,0.0746248466296707,-4.03952933635914,"10904189"
58.48595,192.969555555556,3.20281019923495,0.0128750345185535,0.0746547498264833,-4.03962055901826,"10831060"
-63.6271,159.952888888889,-3.20271356450189,0.0128768838356832,0.0746547498264833,-4.0396405942465,"10781398"
27.42253,66.8876111111111,3.20246496575909,0.0128816426024803,0.074656808800575,-4.03969213919237,"10828956"
154.76832,158.5573,3.20242801898547,0.0128823500090264,0.074656808800575,-4.03969980018915,"10903864"
-39.778645,70.9536222222222,-3.20072252948738,0.0129150489764822,0.0748314638633384,-4.04005354461595,"10870696"
25.531165,57.3860444444444,3.2004972563839,0.0129193746182127,0.0748416835408421,-4.04010028539035,"10810865"
28.640429,20.2407955555556,3.1999869791606,0.0129291784860429,0.0748709988438417,-4.0402061737838,"10717087"
-70.4671499999998,492.515666666667,-3.19996708860308,0.0129295607984932,0.0748709988438417,-4.04021030168424,"10843530"
-439.589,1084.61311111111,-3.19916355808662,0.0129450152579362,0.0749456353042701,-4.0403770828024,"10715364"
47.526015,94.9896333333333,3.19872060263741,0.012953543023169,0.0749801477865779,-4.04046904276225,"10863570"
1266.203,4570.45888888889,3.19798414264617,0.0129677344261673,0.0750378013277914,-4.04062196724441,"10800590"
1218.9535,4299.52111111111,3.19782153626382,0.0129708700171404,0.0750378013277914,-4.0406557374253,"10749854"
32.62796,123.226855555556,3.19769754338564,0.0129732615480492,0.0750378013277914,-4.04068148961696,"10747985"
-93.20835,211.794666666667,-3.19767079860512,0.0129737774528197,0.0750378013277914,-4.04068704441,"10880617"
-106.5903,348.118333333333,-3.19712413662597,0.0129843272556044,0.0750839541657218,-4.04080059542955,"10847786"
103.84255,333.497444444444,3.19678442513144,0.0129908877575468,0.0751070245297785,-4.04087117018389,"10743427"
16.836265,21.1520444444444,3.1961153096687,0.0130038199128395,0.0751561551792038,-4.04101020270772,"10925454"
418.16675,1035.35288888889,3.196078545468,0.0130045308561263,0.0751561551792038,-4.04101784271522,"10782666"
-116.15385,318.303666666667,-3.19594263569195,0.0130071594242569,0.075156478524573,-4.04104608711794,"10760994"
-1079.41025,1627.25811111111,-3.1953833318694,0.0130179825505119,0.0752041412360399,-4.04116233418157,"10844149"
-689.3765,1061.84044444444,-3.19507652294948,0.0130239236579246,0.0752235875331375,-4.04122611169631,"10884924"
-404.17,2204.03888888889,-3.19478622668502,0.0130295476396385,0.075241194849654,-4.04128646292896,"10741841"
-105.1293,232.303666666667,-3.19452041113318,0.0130346995931102,0.0752560699433047,-4.04134173007937,"10914682"
17.50175,116.328555555556,3.1937997291671,0.0130486784179747,0.0753218911880484,-4.04149159666734,"10714814"
-411.9375,1162.79066666667,-3.19336968551129,0.0130570273482378,0.0753551949726232,-4.04158104259564,"10847283"
-1216.13325,2085.65033333333,-3.19304914235251,0.01306325407821,0.0753762403003808,-4.04164772192087,"10762871"
230.4392,950.394222222222,3.19206713376826,0.0130823496111244,0.0754230416657676,-4.04185204539833,"10902630"
15.861616,17.5558411111111,3.19201290191776,0.0130834050261336,0.0754230416657676,-4.04186333128288,"10889213"
203.052,851.819333333333,3.19199938086788,0.0130836681754814,0.0754230416657676,-4.04186614510544,"10788035"
-76.741055,67.2117444444444,-3.19191240883846,0.0130853609755255,0.0754230416657676,-4.04188424489304,"10842684"
984.5555,2167.56222222222,3.19175136722485,0.0130884960547032,0.0754230416657676,-4.04191776077874,"10742483"
12.909985,19.5308111111111,3.19174074273811,0.0130887029148061,0.0754230416657676,-4.0419199720066,"10918833"
-96.2459500000001,333.959222222222,-3.19170302566782,0.0130894372987418,0.0754230416657676,-4.04192782196106,"10825580"
366.42165,588.045666666667,3.19121750491072,0.0130988946815534,0.075462652184362,-4.04202888130259,"10708154"
996.0805,3852.56444444444,3.19090316743728,0.0131050214481036,0.0754714076932122,-4.04209431857086,"10754880"
813.6605,1410.48388888889,3.19087445313937,0.0131055812702015,0.0754714076932122,-4.04210029653193,"10909521"
-28.508305,56.1040222222222,-3.19048306945838,0.0131132143082057,0.0755004814347502,-4.04218178371075,"10804120"
215.56558,208.233844444444,3.19030193618422,0.0131167484799397,0.0755059487867901,-4.04221949991584,"10772911"
-25.20262,55.2158555555556,-3.19005870975315,0.0131214957561513,0.0755183957880621,-4.04227014910814,"10858648"
20.05349,32.1029222222222,3.18892187410178,0.0131437084294887,0.0756313370216824,-4.04250693919466,"10877295"
741.724000000001,2379.23111111111,3.18833151323445,0.0131552591239874,0.0756828948499741,-4.04262994160453,"10884352"
138.0612,321.872333333333,3.18794221195796,0.0131628818367314,0.0757111141423525,-4.04271106679657,"10865363"
86.0726500000001,250.663111111111,3.1876371562859,0.0131688582276176,0.0757111141423525,-4.04277464399017,"10711997"
255.73785,799.440666666667,3.18758713856472,0.0131698384047302,0.0757111141423525,-4.04278506891454,"10873258"
-101.72575,453.561555555556,-3.18755181674553,0.0131705306384417,0.0757111141423525,-4.0427924309602,"10736679"
83.42349,58.6534666666667,3.18711138583765,0.0131791653790864,0.07574584642625,-4.0428842365424,"10808536"
68.06655,416.433,3.18686113423371,0.0131840742690497,0.0757519931718468,-4.04293640646851,"10927532"
22.82481,39.7536,3.18668020152195,0.0131876246109707,0.0757519931718468,-4.04297412831446,"10779348"
-224.4137,365.684777777778,-3.18648248425601,0.0131915054575927,0.0757519931718468,-4.04301535220474,"10827400"
-90.243975,144.902166666667,-3.18642032881049,0.0131927257093974,0.0757519931718468,-4.04302831214927,"10802133"
44.627495,44.9071222222222,3.18634267893142,0.0131942503188657,0.0757519931718468,-4.04304450320906,"10723689"
15.439615,25.5139111111111,3.18626412427096,0.0131957928818898,0.0757519931718468,-4.04306088337203,"10779900"
-29.763435,41.4435666666667,-3.18605901074528,0.0131998215524158,0.075760233169406,-4.04310365560614,"10744472"
26.1672,45.4141666666667,3.18563460927781,0.0132081614067268,0.0757932090622899,-4.0431921655246,"10794664"
-107.6766,276.900333333333,-3.18517736969571,0.0132171527649786,0.0758299098342663,-4.04328753849307,"10767675"
-9.59936999999999,39.5948333333333,-3.1845558755954,0.0132293844262282,0.075866976343604,-4.04341719662094,"10743530"
370.8644,1001.11922222222,3.1844121899014,0.0132322140079242,0.075866976343604,-4.04344717677747,"10798536"
92.0801,211.065888888889,3.18433123371447,0.0132338085470057,0.075866976343604,-4.0434640690208,"10917366"
117.48815,583.107555555556,3.18432145256528,0.0132340012133568,0.075866976343604,-4.04346610997848,"10744853"
41.2901,109.605155555556,3.18403874382994,0.0132395712072416,0.0758721833025208,-4.04352510364274,"10785361"
570.6335,1537.83888888889,3.18401172165266,0.0132401037336979,0.0758721833025208,-4.04353074274288,"10755357"
-74.4415999999999,245.806444444444,-3.18346302549319,0.013250921774894,0.0759192839246429,-4.04364525836619,"10765152"
-45.1177499999999,381.408666666667,-3.18250652922402,0.0132698022128336,0.0760125493815141,-4.04384493600347,"10936669"
-16.987635,36.5683,-3.18197378731237,0.0132803303673906,0.0760454423622736,-4.0439561796249,"10807927"
67.9547000000001,217.048888888889,3.18189630731175,0.0132818622750558,0.0760454423622736,-4.04397236019423,"10843333"
-271.1192,537.971777777778,-3.18182088838908,0.0132833536104156,0.0760454423622736,-4.0439881107548,"10780289"
131.72505,245.385666666667,3.18119706770981,0.0132956958127736,0.0760928116766039,-4.04411840585454,"10728002"
-27.36676,69.6507555555556,-3.18113940570367,0.0132968372564203,0.0760928116766039,-4.04413045092505,"10800085"
-90.07045,253.488888888889,-3.18089737627774,0.0133016294555974,0.0761053276372545,-4.04418101130405,"10932704"
-223.03815,782.679333333333,-3.18055699592018,0.0133083720856105,0.076123589693721,-4.04425212454356,"10907297"
104.31585,182.3,3.18045870594392,0.0133103197911982,0.076123589693721,-4.04427266112767,"10828884"
-96.2302999999999,384.196777777778,-3.18016586447915,0.013316124490497,0.076123589693721,-4.04433385120127,"10869590"
91.7549000000001,592.046555555556,3.18007540490128,0.0133179181174417,0.076123589693721,-4.04435275424757,"10837105"
-1045.943,1768.02244444444,-3.18007073902383,0.0133180106390672,0.076123589693721,-4.044353729277,"10876060"
139.008455,134.099455555556,3.17985686306677,0.013322252400602,0.076123589693721,-4.0443984246745,"10939564"
147.9802,175.632777777778,3.17981608306707,0.013323061344013,0.076123589693721,-4.04440694717848,"10877684"
49.561325,64.9024555555556,3.17944833793363,0.0133303585542456,0.0761318289667801,-4.04448380669695,"10868243"
17.490786,28.5906966666667,3.17925199611805,0.013334256310223,0.0761318289667801,-4.04452484656512,"10891069"
13.190215,25.2822777777778,3.17910463182412,0.0133371825577074,0.0761318289667801,-4.0445556508601,"10904084"
319.3817,873.756222222222,3.17906269832134,0.0133380153646431,0.0761318289667801,-4.04456441671715,"10940559"
15.698158,20.4082511111111,3.17903648507568,0.0133385359922294,0.0761318289667801,-4.04456989644723,"10734915"
-211.43115,824.796,-3.17895400892331,0.0133401742104503,0.0761318289667801,-4.04458713794281,"10920298"
15.58504,20.9811444444444,3.17878633032247,0.0133435054519344,0.0761318289667801,-4.04462219237992,"10914009"
376.18123,285.112677777778,3.17869343259792,0.0133453514116136,0.0761318289667801,-4.04464161420459,"10850608"
-65.7354,299.068666666667,-3.17845001732484,0.0133501895623079,0.0761445603032534,-4.04469250720657,"10922151"
-32.59852,77.0832888888889,-3.17797749295399,0.0133595867821518,0.0761832848436037,-4.04479131433859,"10780094"
-225.4845,2034.57666666667,-3.17773415120793,0.013364428900119,0.076196023787681,-4.04484220458187,"10750025"
21.6391000000001,144.247777777778,3.17725134406423,0.0133740414702719,0.0762359507341509,-4.04494318709833,"10808393"
42.5084,181.312222222222,3.17705618768603,0.0133779290496023,0.0762432343455098,-4.04498401022066,"10868315"
71.04616,108.190511111111,3.17680062726915,0.0133830216953804,0.0762573816674163,-4.04503747292677,"10805100"
18.68627,25.5298888888889,3.17650917831253,0.0133888319948989,0.0762756119147768,-4.04509844921319,"10880277"
329.80235,620.769222222222,3.17558306901328,0.0134073124476524,0.0763589717102483,-4.04529224852104,"10739167"
69.2511,203.758666666667,3.17551399501849,0.0134086918899697,0.0763589717102483,-4.04530670555946,"10727493"
304.2138,1212.76733333333,3.17538239072116,0.0134113205070872,0.0763590561867168,-4.04533425101202,"10714006"
18.329515,26.1036111111111,3.17458840169329,0.0134271908665935,0.076429698773331,-4.04550046359116,"10768116"
-63.01785,126.171266666667,-3.17449994279649,0.0134289602178239,0.076429698773331,-4.04551898428286,"10716707"
17.557945,32.1104111111111,3.17309039844511,0.0134571869858062,0.0765441087113949,-4.04581417789516,"10883282"
140.6153,251.118888888889,3.17308547113031,0.0134572857669382,0.0765441087113949,-4.04581521004975,"10899901"
179.3008,679.275444444444,3.17304497204277,0.013458097707779,0.0765441087113949,-4.04582369370651,"10836794"
43.526335,47.7885777777778,3.17297289285229,0.0134595429058135,0.0765441087113949,-4.04583879298536,"10719425"
-185.7799,366.504555555556,-3.17275948860634,0.0134638226486823,0.0765535451262368,-4.04588349949853,"10797388"
-48.65755,270.491222222222,-3.17222198301801,0.0134746084687816,0.0765999633794487,-4.04599611731728,"10779668"
15.392829,25.7246533333333,3.17181610160317,0.0134827590844592,0.0766041841571407,-4.04608117119581,"10765042"
-51.35575,204.988222222222,-3.17178438542164,0.0134833962042106,0.0766041841571407,-4.04608781793601,"10866988"
67.006245,61.6046333333333,3.17174646510652,0.0134841579951658,0.0766041841571407,-4.04609576496824,"10740413"
-105.313525,178.995188888889,-3.17166276463106,0.013485839635797,0.0766041841571407,-4.04611330660411,"10781207"
18.397305,31.2371,3.1707683234548,0.0135038237889761,0.0766914284936132,-4.04630079197026,"10834409"
10.08554,32.2796222222222,3.17063653179755,0.0135064758002902,0.076691580958149,-4.04632842194794,"10901936"
1050.55075,1029.50844444444,3.16815648326462,0.0135564835011729,0.0769535941242414,-4.04684859612032,"10880436"
356.9396,732.749222222222,3.16796802694359,0.0135602914880863,0.0769535941242414,-4.04688814183981,"10863469"
-139.1704,398.453888888889,-3.16795659899943,0.0135605224396384,0.0769535941242414,-4.04689053996512,"10806864"
123.1957,510.105444444444,3.16761906317494,0.0135673456920752,0.0769645190360616,-4.04696137527666,"10760468"
152.68025,791.750888888889,3.16760071956664,0.013567716609698,0.0769645190360616,-4.04696522510523,"10832294"
191.68315,279.907111111111,3.16726921558595,0.013574421636828,0.0769724017667788,-4.0470348030515,"10930588"
-314.573075,362.545344444444,-3.16721065670867,0.013575606415713,0.0769724017667788,-4.04704709455045,"10816675"
-10.3129165,9.66250555555555,-3.16714126276858,0.0135770105533036,0.0769724017667788,-4.04706166064913,"10700658"
-87.5954499999998,449.472888888889,-3.16678985394941,0.0135841234094239,0.0769977844941616,-4.04713542829257,"10754950"
-20.71051,27.2028888888889,-3.16646463144077,0.0135907097212985,0.0770201733846778,-4.04720370688809,"10898834"
-659.051,1264.13444444444,-3.16607547343552,0.0135985952505988,0.0770366259741337,-4.04728541844931,"10754145"
-212.6513,641.342111111111,-3.16606108777741,0.0135988868401659,0.0770366259741337,-4.04728843921837,"10940596"
184.7713,194.539777777778,3.16538660499688,0.0136125656287493,0.077099164846507,-4.04743008716836,"10795198"
69.84405,247.232,3.16511440122042,0.0136180901312414,0.0771155039918756,-4.04748726195162,"10809082"
-44.9919,214.347,-3.16441812950523,0.0136322320226278,0.0771806252536916,-4.04763353412427,"10793866"
73.40585,258.826222222222,3.16425990282554,0.0136354478989636,0.0771838742337382,-4.04766677915225,"10896941"
21.852745,41.1828111111111,3.16383148081825,0.0136441593624989,0.0772182238698264,-4.04775680406608,"10928469"
-77.1048999999999,249.939555555556,-3.16292419507095,0.0136626272919314,0.0773047638740362,-4.04794749721787,"10782469"
48.4846999999999,190.313555555556,3.16282033995791,0.0136647429535676,0.0773047638740362,-4.0479693292735,"10888801"
57.728785,102.214377777778,3.16258391191669,0.013669560580508,0.0773170460404572,-4.04801903325937,"10877896"
74.38791,127.131133333333,3.1620274815449,0.0136809058537459,0.0773429289905546,-4.04813602694943,"10833468"
13.34858,37.1236222222222,3.16201610546949,0.0136811379081955,0.0773429289905546,-4.04813841908944,"10714572"
-1287.19075,1583.80922222222,-3.16196997024693,0.0136820790382415,0.0773429289905546,-4.04814812041455,"10796018"
153.53525,384.213888888889,3.16174217251075,0.01368672696944,0.0773453846767656,-4.04819602403692,"10754426"
226.80005,883.073222222222,3.161451382795,0.0136926625867965,0.0773453846767656,-4.04825717972044,"10820795"
406.2145,1099.65477777778,3.16139057414428,0.0136939041588458,0.0773453846767656,-4.04826996909992,"10736040"
354.4965,416.596,3.16137140446566,0.0136942955839021,0.0773453846767656,-4.04827400095512,"10917905"
34.185481,33.5197411111111,3.16130012311984,0.0136957511786441,0.0773453846767656,-4.04828899341024,"10791000"
-24.98575,141.903222222222,-3.16106252984407,0.0137006041072278,0.0773546771581903,-4.04833896856376,"10760403"
-41.1921925,31.0107388888889,-3.16096031937054,0.0137026923493406,0.0773546771581903,-4.04836046868116,"10790896"
-46.46951,92.6269444444444,-3.16077667366768,0.0137064452195964,0.0773608318065882,-4.04839910071753,"10908670"
-481.8805,785.267888888889,-3.16064783469789,0.0137090787383688,0.0773608318065882,-4.04842620497202,"10846854"
31.38125,175.000222222222,3.16019375807699,0.013718364484392,0.0773868550705079,-4.04852174007997,"10766226"
9.74085,14.5504166666667,3.1599207312012,0.0137239509949691,0.0773868550705079,-4.04857919056222,"10812464"
354.9726,945.359,3.15991547846277,0.0137240584967724,0.0773868550705079,-4.04858029589966,"10864730"
-86.8814999999998,420.715,-3.15987865390059,0.0137248121679285,0.0773868550705079,-4.04858804497436,"10717488"
72.9114499999999,504.060888888889,3.15977493672265,0.0137269351329969,0.0773868550705079,-4.0486098709399,"10784101"
11.12287,26.4177777777778,3.15963516631611,0.0137297966102153,0.0773880528980957,-4.0486392850846,"10810152"
-49.358475,72.7244,-3.15887208019891,0.0137454301047597,0.0774612259028648,-4.04879989860919,"10839730"
-322.9551,450.608,-3.15865970233413,0.0137497844603545,0.0774708202940784,-4.04884460718116,"10911797"
-40.663875,61.2017666666667,-3.15767474445805,0.0137699978920845,0.0775697490203154,-4.04905199764495,"10899317"
238.07345,353.670222222222,3.15724326764799,0.0137788625533842,0.077588665453366,-4.04914287057572,"10919928"
-812.72325,1266.97166666667,-3.15719591204582,0.013779835836297,0.077588665453366,-4.04915284491764,"10911802"
359.37975,374.178333333333,3.1570052210933,0.013783755771493,0.077588665453366,-4.04919301112067,"10892939"
23.92693,37.8350111111111,3.15657647164592,0.0137925736339404,0.077588665453366,-4.04928333042599,"10842525"
11.344375,34.5646444444444,3.1565471455023,0.0137931769858439,0.077588665453366,-4.04928950868664,"10840622"
175.2391,245.962444444444,3.1564209192628,0.0137957742633038,0.077588665453366,-4.04931610200575,"10808197"
76.6604,170.670888888889,3.15636950325886,0.0137968323652581,0.077588665453366,-4.04932693465058,"10730624"
23.37082,63.1953111111111,3.15636298461543,0.013796966520038,0.077588665453366,-4.04932830805279,"10860595"
485.7457,682.524777777778,3.15634878540918,0.0137972587468418,0.077588665453366,-4.04933129967076,"10717168"
66.30895,195.185444444444,3.15597314808862,0.0138049919154117,0.0776022770476885,-4.04941044767117,"10719074"
66.30895,195.185444444444,3.15597314808862,0.0138049919154117,0.0776022770476885,-4.04941044767117,"10746652"
-17.987845,43.6162222222222,-3.1556934196779,0.0138107535870043,0.0776087847080676,-4.04946939400371,"10843468"
147.5948,638.558888888889,3.15565900018264,0.0138114627129884,0.0776087847080676,-4.0494766475134,"10816179"
102.7113,841.238666666667,3.15551938642075,0.0138143394913223,0.0776100219037481,-4.04950607037693,"10844355"
30.10097675,17.1323498888889,3.15530083442623,0.0138188440777058,0.0776204020161692,-4.04955213189608,"10864094"
-76.0974000000001,370.850333333333,-3.15512534048281,0.0138224623102189,0.0776258004480459,-4.04958912110741,"10746122"
30.30774,77.3744666666667,3.15446484703697,0.0138360889122628,0.0776724637745666,-4.04972835467071,"10761227"
30.30774,77.3744666666667,3.15446484703697,0.0138360889122628,0.0776724637745666,-4.04972835467071,"10763171"
607.95105,534.656666666667,3.15412720304186,0.0138430602802283,0.0776966691693737,-4.0497995430414,"10795203"
426.9285,1912.57,3.15295709837475,0.0138672481289057,0.0778174773026989,-4.050046310223,"10869646"
-59.3950249999999,167.483811111111,-3.15281049710295,0.0138702817312675,0.0778195526209428,-4.05007723444615,"10847308"
64.40194,119.375644444444,3.15247183722086,0.013877292246653,0.0778439354250617,-4.05014867767323,"10930733"
-65.33635,289.882222222222,-3.15163933567147,0.0138945414943922,0.0778997673226115,-4.05032433644411,"10755987"
49.64509,109.421644444444,3.15159505707322,0.0138954595681464,0.0778997673226115,-4.05033368068731,"10744141"
-32.8549499999999,256.208,-3.15151186345054,0.0138971846796136,0.0778997673226115,-4.05035123766776,"10863125"
160.9512,548.010666666667,3.15147681454039,0.0138979115247981,0.0778997673226115,-4.05035863445517,"10921527"
180.7192,243.653444444444,3.15115336057142,0.0139046212077058,0.0779224254674692,-4.05042690099256,"10908277"
-516.3145,1187.96088888889,-3.15080257737336,0.0139119016530577,0.0779350489809567,-4.0505009440799,"10782234"
105.76885,460.307777777778,3.15078776210133,0.0139122092296738,0.0779350489809567,-4.05050407147437,"10938077"
-142.53035,599.786777777778,-3.15046199195781,0.0139189742791384,0.0779579974292078,-4.05057284317135,"10830579"
-1673.21225,2493.20811111111,-3.1500560793277,0.0139274084323904,0.077968510312755,-4.05065854412429,"10814105"
139.45575,347.147333333333,3.15002277433032,0.0139281006902992,0.077968510312755,-4.0506655763901,"10827846"
-1341.48525,1771.66633333333,-3.14990120389825,0.0139306278881133,0.077968510312755,-4.05069124636212,"10769361"
16.266486,22.9787133333333,3.1498579676489,0.0139315267964873,0.077968510312755,-4.05070037608824,"10874312"
-249.1187,356.172777777778,-3.14943813425332,0.0139402585634413,0.0780024351029256,-4.05078903477283,"10870762"
59.0228500000001,180.287777777778,3.14871738524415,0.0139552622416576,0.0780592325628316,-4.05094126941237,"10818877"
-156.917499999999,1317.67888888889,-3.14869381806982,0.0139557531209581,0.0780592325628316,-4.05094624784332,"10854187"
21.491125,49.9875111111111,3.14854979016944,0.0139587534640857,0.0780610688552451,-4.05097667379068,"10814717"
-139.501525,162.198922222222,-3.14834225886394,0.0139630778821171,0.0780627225749465,-4.05102051750415,"10739035"
-25.42306,62.2069222222222,-3.14827914080888,0.0139643933790878,0.0780627225749465,-4.05103385264217,"10740118"
-44.04751,71.1660888888889,-3.14790142598744,0.0139722683769584,0.0780803677722991,-4.05111365961273,"10721968"
146.39795,219.315555555556,3.1476367943806,0.0139777884769294,0.0780803677722991,-4.05116957951911,"10710764"
-145.1321,245.339444444444,-3.14761689114981,0.0139782037423151,0.0780803677722991,-4.05117378552162,"10871240"
-32.60437,82.0778888888889,-3.14761512042889,0.013978240687654,0.0780803677722991,-4.05117415971636,"10886567"
120.09515,774.619222222222,3.14702708488172,0.0139905154771338,0.0781317579830768,-4.05129843797055,"10772967"
-131.09385,988.923666666667,-3.14691819646114,0.0139927896819148,0.0781317579830768,-4.05132145372662,"10856612"
63.5944,201.856777777778,3.14608941210234,0.0140101121144075,0.078211068521115,-4.05149666216886,"10910482"
-158.2327,476.263555555556,-3.14598251859273,0.0140123479372738,0.078211068521115,-4.05151926353,"10856357"
72.9266500000001,250.077444444444,3.14552649279022,0.0140218905490161,0.0782343366672314,-4.05161569408129,"10827452"
130.12518,126.285733333333,3.14547240042944,0.0140230229169172,0.0782343366672314,-4.05162713337481,"10719990"
42.7661,134.097555555556,3.14533223776352,0.0140259575252263,0.0782343366672314,-4.0516567755521,"10923381"
60.305955,87.8287666666667,3.14527153969815,0.0140272285706496,0.0782343366672314,-4.05166961267134,"10802619"
822.7275,1980.90666666667,3.14477853703261,0.0140375567587045,0.0782769962108786,-4.05177388840954,"10905558"
89.8766000000001,322.207555555556,3.14455178716981,0.0140423097509311,0.0782885566915463,-4.05182185454091,"10743668"
-64.1629499999999,489.109333333333,-3.14418232758246,0.0140500577603319,0.0783020370064062,-4.05190001714879,"10824827"
227.4722,584.893555555556,3.14407653914931,0.0140522770975255,0.0783020370064062,-4.05192239950003,"10739986"
45.1398,170.637333333333,3.14405311626108,0.0140527685364752,0.0783020370064062,-4.0519273553437,"10802621"
41.38035,105.074166666667,3.1436828508494,0.0140605395275008,0.0783200011268339,-4.05200570185044,"10701030"
67.87952,141.721155555556,3.14364403946862,0.0140613543475814,0.0783200011268339,-4.0520139147417,"10891080"
35.72146,137.925244444444,3.14340268747406,0.0140664224919404,0.0783332952115035,-4.05206498978563,"10808431"
137.8151,465.206555555556,3.1432401118006,0.014069837496318,0.0783373799537704,-4.052099396525,"10806323"
598.08555,837.382,3.14306237409888,0.0140735719855409,0.0783432416131082,-4.05213701428003,"10750876"
77.251175,130.212555555556,3.14286681663393,0.0140776820935471,0.078351191594758,-4.05217840619571,"10869094"
14.479925,43.1966222222222,3.14263139572716,0.0140826317003966,0.0783599661640102,-4.05222823933723,"10916917"
93.10365,745.485,3.14253669718645,0.0140846232055596,0.0783599661640102,-4.05224828595544,"10849436"
28.18685,51.6685888888889,3.14218687046856,0.0140919826085979,0.0783718870245938,-4.05232234599239,"10881931"
17.08206,45.0760666666667,3.14209957434223,0.0140938197116383,0.0783718870245938,-4.05234082839747,"10769430"
69.1285,203.573777777778,3.14205233525173,0.0140948139394542,0.0783718870245938,-4.05235083012596,"10935475"
40.92234,113.278866666667,3.14183537214889,0.0140993812473176,0.0783780083127888,-4.05239676886778,"10811246"
24.6571,97.1589111111111,3.14174516759559,0.0141012806083391,0.0783780083127888,-4.05241586935974,"10812768"
-30.92575,96.8084222222222,-3.14126396523768,0.0141114174231263,0.078419430968083,-4.05251777222583,"10868964"
150.2939,221.711888888889,3.14107412463771,0.0141154186345337,0.0784267478108157,-4.0525579788607,"10794836"
-767.487500000001,2244.92444444444,-3.14090486051203,0.0141189871672403,0.0784316583197864,-4.05259382977972,"10753005"
376.72125,186.625916666667,3.14052160698812,0.0141270706624317,0.0784475231900227,-4.05267501232643,"10806122"
712.96115,1284.60322222222,3.14051482986696,0.014127213647659,0.0784475231900227,-4.0526764479838,"10735662"
-17.452145,47.6790111111111,-3.13996894630537,0.0141387358172845,0.0784965846001802,-4.05279209827264,"10792333"
211.13143,144.700211111111,3.1397653310451,0.0141430361291161,0.0785055400866423,-4.05283524151979,"10926930"
381.2901,930.880666666667,3.13957041713019,0.0141471539577419,0.0785134794303709,-4.05287654389404,"10718612"
10.985955,26.0028666666667,3.13908823310141,0.01415734618215,0.078547081235573,-4.05297873083457,"10793052"
-739.166,1775.28777777778,-3.13902960604903,0.0141585859446336,0.078547081235573,-4.05299115653527,"10769870"
-32.7522,197.976666666667,-3.13844868127633,0.0141708766915623,0.0785966454363496,-4.05311429403339,"10924446"
22.192285,29.9692777777778,3.1383530553578,0.0141729009433385,0.0785966454363496,-4.05313456602404,"10725480"
-49.8570499999999,215.431111111111,-3.13815490881682,0.0141770963640127,0.0786049901647876,-4.05317657374628,"10764404"
43.485935,59.0272222222222,3.13718570051253,0.0141976365318543,0.0786853864084281,-4.05338209021329,"10855601"
180.6933,520.908333333333,3.13712775732825,0.0141988654959876,0.0786853864084281,-4.05339437897925,"10701797"
-75.4035,265.907333333333,-3.13708951030092,0.0141996767695363,0.0786853864084281,-4.05340249065826,"10783320"
36.24034,63.9944777777778,3.13665648243336,0.0142088653005943,0.0786941793973185,-4.05349433744654,"10869753"
129.37805,315.482555555556,3.13664689012709,0.0142090689129406,0.0786941793973185,-4.05349637216389,"10795391"
-27.72169,40.5011888888889,-3.13660367435743,0.0142099862761529,0.0786941793973185,-4.05350553916389,"10910960"
-25.41543,78.5299333333333,-3.13647441497637,0.0142127305024299,0.0786941793973185,-4.05353295868593,"10718408"
-47.9320999999999,312.006444444444,-3.13638014986393,0.014214732138004,0.0786941793973185,-4.05355295571249,"10730312"
21.572465,63.7941222222222,3.13591077545125,0.0142247032943439,0.0787132172957981,-4.0536525365477,"10895665"
859.8064,1528.40477777778,3.13588606409465,0.0142252284536611,0.0787132172957981,-4.05365777966636,"10869106"
993.92105,774.998888888889,3.13583780502751,0.0142262541015203,0.0787132172957981,-4.05366801913563,"10777037"
51.71085,139.7425,3.13559042754575,0.0142315128242711,0.0787264439248554,-4.05372050963124,"10839803"
11.104935,18.6575666666667,3.13547184992841,0.0142340342579272,0.0787264439248554,-4.05374567193735,"10899722"
-130.3365,841.647666666667,-3.13495230943032,0.0142450872972975,0.0787696285041285,-4.05385593107103,"10902492"
702.5645,1579.50888888889,3.13478197213331,0.0142487131250315,0.0787696285041285,-4.05389208505926,"10890299"
-35.24625,140.166,-3.13472476408115,0.0142499310825056,0.0787696285041285,-4.0539042279067,"10927538"
-1306.249,1510.04088888889,-3.13451327814637,0.014254434560335,0.0787796162023511,-4.05394911948163,"10818262"
32.55708,124.449233333333,3.1338707057937,0.0142681269631916,0.078815247534751,-4.05408553660141,"10721323"
289.4709,442.051333333333,3.13381128895031,0.0142693937584864,0.078815247534751,-4.05409815222124,"10705213"
90.0693,65.9576,3.13378417327421,0.0142699719168278,0.078815247534751,-4.05410390961439,"10872032"
98.2395500000001,451.638222222222,3.13363666335295,0.0142731175429798,0.078815247534751,-4.0541352309057,"10831114"
-33.07425,143.507933333333,-3.13357789317961,0.0142743710106924,0.078815247534751,-4.05414771022022,"10812595"
186.3693,273.353,3.13345078862418,0.0142770823298798,0.0788153218414793,-4.05417470058093,"10845124"
25.39227,77.4327333333333,3.13326008860809,0.0142811512445144,0.0788228891851964,-4.05421519749406,"10886097"
-412.622,1829.46444444444,-3.13307690474416,0.0142850609360556,0.0788295750256761,-4.05425410077152,"10758978"
276.41945,601.965888888889,3.13243755022894,0.0142987154857067,0.0788344185011458,-4.05438990141636,"10792955"
73.5081,245.965666666667,3.13243685383189,0.014298730365973,0.0788344185011458,-4.05439004934919,"10779031"
396.43165,1040.92144444444,3.13239239856627,0.0142996802976673,0.0788344185011458,-4.05439949287594,"10716466"
-224.5744,650.924555555556,-3.13237961930244,0.0142999533805711,0.0788344185011458,-4.05440220757126,"10826403"
257.8625,643.796555555556,3.13222405289892,0.0143032781525666,0.0788344185011458,-4.05443525544908,"10865855"
51.4418999999999,478.122666666667,3.13209641678709,0.0143060066035056,0.0788344185011458,-4.05446237124586,"10871597"
-261.5064,362.146333333333,-3.13194056201506,0.0143093390202939,0.0788344185011458,-4.0544954835932,"10826607"
-22.008005,76.2672444444444,-3.13190117906965,0.0143101812177934,0.0788344185011458,-4.05450385103233,"10734027"
353.33005,787.628777777778,3.13189911872358,0.0143102252793721,0.0788344185011458,-4.05450428878381,"10702163"
75.92895,214.757,3.13155978895192,0.0143174839687456,0.078859535569935,-4.05457638870196,"10770894"
37.5624000000001,140.367,3.13139438734246,0.0143210235184176,0.0788641623123568,-4.05461153584501,"10700694"
33.79115,152.387888888889,3.13123808622693,0.0143243691646012,0.0788677197087562,-4.05464475099899,"10701431"
-17.1931,256.902222222222,-3.12997011441353,0.0143515406310457,0.078982171882515,-4.05491427011155,"10752865"
-72.2397499999999,201.464444444444,-3.12996332637536,0.0143516862380282,0.078982171882515,-4.05491571328622,"10864459"
-32.047735,93.6772222222222,-3.12987874377478,0.0143535007093396,0.078982171882515,-4.05493369629846,"10940051"
1040.811,2348.67666666667,3.12960608434388,0.0143593514570638,0.078982171882515,-4.05499166965593,"10767371"
1040.811,2348.67666666667,3.12960608434388,0.0143593514570638,0.078982171882515,-4.05499166965593,"10899868"
19.67836,32.5827777777778,3.12951166935996,0.0143613780050633,0.078982171882515,-4.05501174560586,"10809870"
96.7901000000002,353.189222222222,3.12870696227442,0.0143786626441321,0.0790623471646292,-4.05518288096509,"10848829"
-31.024325,129.319611111111,-3.12817112863118,0.014390184154615,0.0791108091631395,-4.05529686168636,"10769204"
59.58388,106.288844444444,3.12796928256271,0.0143945267682531,0.0791197939807614,-4.05533980311228,"10869527"
-25.988315,55.5361777777778,-3.12773652691849,0.0143995360939745,0.079132439324562,-4.0553893240247,"10784386"
115.1031,388.186333333333,3.12729703569717,0.0144089997386965,0.0791695539526572,-4.05548284058017,"10746051"
-500.7768,812.711333333333,-3.12710707762821,0.0144130921619297,0.0791771482547222,-4.05552326490212,"10911730"
-264.6442,314.279355555556,-3.12643204838146,0.0144276447515502,0.0792359390160977,-4.05566693677643,"10903725"
743.31085,1322.06777777778,3.12616605559159,0.0144333833831256,0.0792359390160977,-4.05572355924947,"10709779"
36.6829,106.036111111111,3.12610767477726,0.0144346432341915,0.0792359390160977,-4.05573598759092,"10779975"
36.6829,106.036111111111,3.12610767477726,0.0144346432341915,0.0792359390160977,-4.05573598759092,"10783410"
-82.2268500000001,266.338333333333,-3.1253243435854,0.0144515586026238,0.0793041027819653,-4.05590277024204,"10940511"
-38.072325,79.5623666666667,-3.12527312057059,0.014452665444718,0.0793041027819653,-4.05591367792422,"10825992"
-50.84145,348.965,-3.12501368243787,0.0144582728281826,0.0793041027819653,-4.05596892689402,"10889148"
-50.84145,348.965,-3.12501368243787,0.0144582728281826,0.0793041027819653,-4.05596892689402,"10939465"
29.614747,21.4974377777778,3.12490447890122,0.014460633789263,0.0793041027819653,-4.05599218393249,"10824140"
490.3205,3101.27222222222,3.12469440554137,0.0144651766765134,0.0793141275202071,-4.0560369256201,"10939754"
20.079105,55.5845666666667,3.12403250514535,0.0144795002348249,0.0793777669093968,-4.0561779189819,"10785447"
-14.374705,69.4133222222222,-3.12249747129163,0.0145127757932544,0.0795399943900097,-4.05650502371015,"10885942"
65.316505,88.6290777777778,3.12241628683655,0.0145145378959794,0.0795399943900097,-4.05652232830783,"10917748"
-96.97565,397.996111111111,-3.1214213029442,0.0145361522056633,0.0796435016009466,-4.05673444967013,"10795760"
17.786955,36.9041333333333,3.12100795220681,0.014545141470944,0.0796778104129302,-4.05682259339425,"10892279"
-221.9742,492.084,-3.12006639565696,0.0145656395854005,0.0797751396415244,-4.05702341916071,"10884765"
-33.045075,115.5437,-3.11991023833013,0.0145690421324131,0.0797788185297688,-4.05705673238534,"10897116"
-107.53215,333.631333333333,-3.11941276075867,0.0145798873474295,0.0798153401725708,-4.05716287168244,"10895034"
24.1256,36.0565888888889,3.11935368329409,0.01458117582327,0.0798153401725708,-4.0571754773472,"10780038"
-86.8582000000001,551.719555555556,-3.11826930844758,0.0146048472172788,0.0799171688550795,-4.05740690112718,"10866374"
-432.63125,496.115444444444,-3.11825088721163,0.0146052496925197,0.0799171688550795,-4.05741083326683,"10820504"
936.2675,2774.41888888889,3.11799782184613,0.0146107799544029,0.0799324579752669,-4.05746485431057,"10760811"
473.11475,1129.09122222222,3.11685295944854,0.0146358262237033,0.0800418771736499,-4.05770930259458,"10879392"
-10.054905,34.0448333333333,-3.11683313684872,0.014636260281428,0.0800418771736499,-4.05771353590856,"10807353"
130.83695,455.143555555556,3.11653863617707,0.01464271058808,0.0800523314238741,-4.05777643283307,"10712648"
235.69425,476.185,3.11649565066348,0.0146436523286501,0.0800523314238741,-4.05778561383767,"10937174"
171.7181,717.611555555556,3.11586576282793,0.0146574594095399,0.0801113642658263,-4.05792016302438,"10809459"
83.5339,196.111777777778,3.11575287150477,0.0146599354201789,0.0801113642658263,-4.05794428058365,"10766055"
25.21572,41.7439666666667,3.11528801138792,0.0146701356809441,0.0801521121718908,-4.05804360083382,"10710106"
218.2254,640.931666666667,3.11482329002664,0.014680340343526,0.0801928688847736,-4.05814290715446,"10919414"
10.072015,39.6188111111111,3.11443535628185,0.0146888645579362,0.0802244324538322,-4.0582258167614,"10882625"
79.9161,199.778666666667,3.1138830361372,0.0147010098614523,0.0802715134460755,-4.05834387809664,"10787588"
231.2265,1613.81333333333,3.11379347051848,0.0147029803672879,0.0802715134460755,-4.05836302531035,"10701092"
10.343669,10.9502622222222,3.11319195868916,0.0147162212300146,0.0803183554806276,-4.05849163079948,"10937013"
-30.51682,54.0190888888889,-3.11309884866887,0.0147182719455743,0.0803183554806276,-4.05851154042491,"10862820"
36.94497,94.6069666666667,3.11302910834305,0.0147198081482604,0.0803183554806276,-4.05852645334446,"10759198"
26.75078,50.3971555555556,3.11288658103177,0.0147229481872374,0.0803204870853318,-4.0585569317667,"10861028"
19.89254,50.1551888888889,3.11260252547835,0.0147292083514901,0.0803284754592373,-4.05861767937661,"10810736"
929.311500000001,4997.05333333333,3.11257061480441,0.014729911790071,0.0803284754592373,-4.05862450410284,"10818821"
235.60125,544.961666666667,3.11237385917757,0.0147342498481542,0.080337136070171,-4.05866658580662,"10792999"
111.23874,153.6337,3.11193906189591,0.0147438409926984,0.0803597200556864,-4.05875958937998,"10790739"
-234.869725,236.652055555556,-3.11193669047164,0.014743893321643,0.0803597200556864,-4.05876009666772,"10813670"
387.075,1419.96333333333,3.11165749728295,0.0147500554902238,0.0803783102203688,-4.05881982367183,"10842964"
-98.4873999999999,647.194222222222,-3.11148001763353,0.0147539741095862,0.0803786987288613,-4.05885779433734,"10765390"
-16.09519,36.2320222222222,-3.11140505593423,0.0147556295366223,0.0803786987288613,-4.05887383261459,"10822305"
22.97676,52.7695333333333,3.11123905330944,0.0147592961723557,0.0803836835158836,-4.05890935082269,"10804549"
133.9855,261.931111111111,3.11093033045229,0.014766117729524,0.0804058459180457,-4.05897541103126,"10874245"
-30.093125,130.372077777778,-3.11078886984397,0.0147692445562111,0.0804078849170985,-4.05900568294837,"10771548"
-35.9931,108.755866666667,-3.11033318797498,0.014779321613512,0.0804258173727434,-4.05910320666683,"10860878"
355.01245,391.764111111111,3.11027001874631,0.0147807191222206,0.0804258173727434,-4.05911672715558,"10778438"
30.441832,31.3528711111111,3.11026648341072,0.0147807973394352,0.0804258173727434,-4.05911748385324,"10701679"
-83.4934999999999,204.716777777778,-3.10995876942103,0.0147876069945087,0.0804355440250699,-4.05918334995583,"10936321"
-210.70845,910.406,-3.10953198456262,0.014797057116619,0.0804355440250699,-4.05927471455618,"10772653"
144.8313,574.082666666667,3.10937281743433,0.0148005831113856,0.0804355440250699,-4.05930879188898,"10867109"
27.385355,53.5800888888889,3.10929457618207,0.0148023166960511,0.0804355440250699,-4.05932554384536,"10810685"
-71.62435,161.735555555556,-3.1092355588658,0.0148036244786095,0.0804355440250699,-4.05933818012796,"10787447"
78.772525,116.090311111111,3.10923412550401,0.0148036562424149,0.0804355440250699,-4.05933848703027,"10865663"
-253.3801,346.972222222222,-3.10915068031049,0.014805505540773,0.0804355440250699,-4.05935635404221,"10733310"
13.158295,34.1212111111111,3.10912679008306,0.0148060350366164,0.0804355440250699,-4.0593614694329,"10843450"
46.285922,36.8952488888889,3.10906679591016,0.0148073648171023,0.0804355440250699,-4.05937431560651,"10741463"
22.048325,34.4537555555556,3.1085642174789,0.0148185094725098,0.080481118373285,-4.05948193984424,"10742987"
13.250775,26.0423333333333,3.10833035563405,0.0148236983494826,0.0804943352382501,-4.05953202626154,"10937244"
484.8735,2438.49333333333,3.10805430344504,0.0148298257905293,0.0805126427512587,-4.05959115374879,"10940485"
-271.78015,478.707222222222,-3.10777489836992,0.0148360303609336,0.0805313621264055,-4.05965100503775,"10920820"
-94.20555,219.624666666667,-3.10758727932811,0.0148401982260265,0.0805390211731634,-4.05969119805342,"10938556"
43.99491,104.526633333333,3.10727350226919,0.0148471713754542,0.0805618990643611,-4.05975842321609,"10705364"
520.1003,705.598888888889,3.10682692671527,0.0148571016696735,0.0805945858479102,-4.05985411215004,"10907086"
-91.77052,93.9100222222222,-3.106754496459,0.0148587129245172,0.0805945858479102,-4.05986963334235,"10917293"
108.883825,82.4293111111111,3.10571665119503,0.0148818205666349,0.0807049389332973,-4.06009207676181,"10867919"
-46.9628,289.018444444444,-3.10557572193672,0.0148849612653757,0.0807069893108178,-4.0601222884543,"10712530"
-23.63319,37.2496,-3.10468687798716,0.0149047857534728,0.0807994824646417,-4.060312867586,"10735169"
29.14952,85.2396222222222,3.10425898806179,0.014914339148014,0.0808212769189541,-4.06040463298606,"10816024"
29.14952,85.2396222222222,3.10425898806179,0.014914339148014,0.0808212769189541,-4.06040463298606,"10870041"
283.05235,888.903444444444,3.10404760582946,0.0149190609984305,0.0808318709213928,-4.06044997100146,"10803728"
223.0903,206.240944444444,3.10323346670556,0.0149372618738683,0.0809061645193237,-4.06062462086058,"10916016"
79.0616999999999,262.866333333333,3.10318651840547,0.014938312159144,0.0809061645193237,-4.06063469372401,"10836241"
9.079655,19.3268222222222,3.10284948359001,0.0149458542747176,0.0809320086712881,-4.0607070100136,"10729267"
97.63222,84.5335777777778,3.102281923723,0.0149585640753651,0.0809858211448697,-4.06082880788607,"10812823"
9.69019,18.3183111111111,3.10083078264545,0.0149911121679523,0.0811469984944521,-4.06114032820236,"10850578"
25.36216,28.4698111111111,3.10051035683601,0.0149983091060808,0.0811709155659589,-4.06120913553175,"10891495"
1237.552,4588.11111111111,3.09974159105499,0.0150155907872725,0.0812493923429114,-4.06137424860344,"10909347"
-31.189545,42.8386,-3.09941063064399,0.0150230371333287,0.0812656348244502,-4.06144534448175,"10819874"
22.942246,21.5009577777778,3.09929158680885,0.0150257164720755,0.0812656348244502,-4.06147091905602,"10716592"
-117.1821,410.842666666667,-3.09911029899453,0.0150297977090146,0.0812656348244502,-4.06150986768935,"10915726"
-62.8680999999999,402.008222222222,-3.09899304067335,0.0150324381030211,0.0812656348244502,-4.06153506123294,"10778319"
28.02102,80.6027666666667,3.09899023802602,0.015032501218297,0.0812656348244502,-4.06153566340815,"10935930"
46.07838,118.0279,3.09829349577172,0.0150482003961507,0.0813282608036537,-4.06168538280134,"10778673"
-424.60565,669.254777777778,-3.09822904355565,0.0150496535190166,0.0813282608036537,-4.06169923439621,"10771927"
-51.7811,202.615777777778,-3.09801324658248,0.0150545198928028,0.0813291051334302,-4.06174561409227,"10926470"
-76.15325,188.420111111111,-3.09797522053804,0.0150553775779281,0.0813291051334302,-4.06175378710881,"10900793"
575.27,2442.91555555556,3.09779015349469,0.0150595525343131,0.0813366181803331,-4.06179356545552,"10713176"
48.303845,45.1815555555556,3.09723570731451,0.0150720676427338,0.0813891652707623,-4.0619127531581,"10785479"
-370.9536,592.440333333333,-3.09641888597027,0.0150905250312861,0.081473775321381,-4.06208838368647,"10851398"
-123.5284,243.786888888889,-3.09534079745795,0.0151149224717137,0.0815629041449132,-4.06232026551419,"10862567"
451.8861,998.441666666667,3.09523406235271,0.0151173401661743,0.0815629041449132,-4.06234322735492,"10937805"
-23.51324,76.2264111111111,-3.09522129010494,0.0151176295020262,0.0815629041449132,-4.06234597509431,"10811947"
444.8144,1207.72888888889,3.09504474041585,0.0151216295618293,0.0815629041449132,-4.06238395807834,"10740477"
200.5946,466.320555555556,3.09497591401603,0.0151231892519397,0.0815629041449132,-4.06239876603781,"10807583"
-192.9217,695.048222222222,-3.09494963154877,0.0151237848891968,0.0815629041449132,-4.06240442078624,"10758808"
48.269285,64.6077555555556,3.09426546101892,0.0151392988455682,0.0816315017486951,-4.06255163974717,"10931017"
-203.24845,404.428555555556,-3.09397420381559,0.015145908332546,0.0816415939374327,-4.06261432245638,"10771210"
-302.1885,1146.418,-3.09393669478332,0.0151467597433041,0.0816415939374327,-4.0626223953849,"10781473"
66.3590000000001,258.367888888889,3.0936473730179,0.0151533286928441,0.0816506103813128,-4.06268466846894,"10773999"
18.86444,32.9283555555556,3.09361682853514,0.0151540223689833,0.0816506103813128,-4.06269124316303,"10700463"
-227.93675,685.643777777778,-3.09343902978171,0.0151580609034958,0.0816573098349116,-4.06272951566005,"10901039"
147.4288,367.206111111111,3.09305627656836,0.0151667586199807,0.0816873170838727,-4.06281191393574,"10857296"
145.473845,135.696822222222,3.09294784871624,0.0151692234949,0.0816873170838727,-4.06283525798679,"10714106"
-8.61146,15.9056644444444,-3.09225959907787,0.0151848791752424,0.0817565536722321,-4.06298345515153,"10792508"
24.578725,68.8645777777778,3.09179631161485,0.0151954271603649,0.081798269589626,-4.06308323183053,"10768191"
24.304435,61.5568111111111,3.09152092840406,0.0152017006404717,0.0818169643534896,-4.06314254760597,"10805301"
52.45045,223.614111111111,3.0903040470188,0.0152294548398295,0.0819512421607626,-4.06340472219289,"10798856"
11.006155,49.4418444444444,3.0896374868333,0.0152446800267572,0.0820139518989765,-4.06354837694549,"10927275"
20.874924,21.39657,3.08952904534595,0.0152471584943179,0.0820139518989765,-4.06357175094257,"10894800"
241.11605,454.444888888889,3.08942527521492,0.0152495305920189,0.0820139518989765,-4.06359411885541,"10794691"
-373.96625,454.317177777778,-3.08914941791375,0.0152558383391127,0.0820327740178243,-4.06365358440594,"10895995"
140.62634,191.608755555556,3.08899919323361,0.0152592745238989,0.0820361512589588,-4.06368597012326,"10712687"
32.949615,67.8150333333333,3.08877130317618,0.0152644887476777,0.0820490845031569,-4.06373510222705,"10704380"
173.7731,607.885888888889,3.08803583560775,0.0152813293130865,0.0821196171217477,-4.06389369164438,"10710782"
338.3002,426.836444444444,3.08780685503091,0.0152865764328092,0.0821196171217477,-4.06394307494186,"10767921"
82.76185,310.037444444444,3.08778126603385,0.015287162925342,0.0821196171217477,-4.06394859385275,"10811493"
78.50245,229.496777777778,3.08770746422238,0.015288854574012,0.0821196171217477,-4.06396451133707,"10785054"
-65.68852,83.7599222222222,-3.08665214442064,0.0153130655733181,0.08223454001083,-4.06419216483418,"10871492"
-135.68705,289.650444444444,-3.08558141414933,0.0153376712016676,0.0823515395121331,-4.06442322561912,"10724343"
-64.624685,106.037877777778,-3.0850567743192,0.0153497426730726,0.0823968012667607,-4.06453647201625,"10884408"
16.52584,40.6639777777778,3.08496992527827,0.0153517419488936,0.0823968012667607,-4.06455522079522,"10892343"
190.3757,431.961222222222,3.08463677009459,0.015359413755512,0.082407720339201,-4.06462714669849,"10789059"
-277.42215,748.017666666667,-3.08463658612684,0.0153594179929811,0.082407720339201,-4.06462718641809,"10801650"
74.86694,108.628255555556,3.08408529406619,0.0153721218290038,0.0824492033881467,-4.0647462243411,"10767597"
59.55527,70.4843888888889,3.08405612772684,0.0153727942375312,0.0824492033881467,-4.06475252270961,"10795400"
-33.3523,110.348955555556,-3.08362241037936,0.0153827969114898,0.0824850421172412,-4.06484618976269,"10855441"
-21.66985,138.513555555556,-3.08352157664646,0.0153851233825168,0.0824850421172412,-4.064867968118,"10869282"
176.88395,312.125888888889,3.08325794390383,0.0153912077520121,0.0825025217004187,-4.06492491176605,"10869541"
-128.39575,352.885222222222,-3.08257259252433,0.0154070367536101,0.0825589095779421,-4.06507296870183,"10787678"
55.399395,79.1760333333333,3.08255777509124,0.0154073791681708,0.0825589095779421,-4.06507617010029,"10734866"
9.5014,13.7993944444444,3.08237719115046,0.0154115529052508,0.0825661299420497,-4.0651151876683,"10788316"
39.469265,71.6245555555556,3.08187112682993,0.0154232556064625,0.0826136760702593,-4.06522454227505,"10895140"
19.903055,40.3097222222222,3.08151623195988,0.0154314680813472,0.0826161681285418,-4.06530124205896,"10868165"
200.462,788.965222222222,3.08138297006512,0.0154345530231488,0.0826161681285418,-4.06533004495457,"10799133"
112.02676,216.717411111111,3.08135647050287,0.0154351665509336,0.0826161681285418,-4.06533577265855,"10707416"
81.62835,211.874666666667,3.08128188030071,0.0154368936284638,0.0826161681285418,-4.06535189510904,"10725407"
-28.7917499999999,221.235666666667,-3.08124011857527,0.0154378606768573,0.0826161681285418,-4.06536092195894,"10923951"
-81.34633,73.6931555555556,-3.08055262602209,0.0154537896131522,0.0826862655235583,-4.06550954261748,"10921623"
102.1485,317.445333333333,3.08042159432858,0.0154568275208457,0.0826873757908781,-4.06553787267538,"10700163"
-613.57875,1331.93433333333,-3.08026611625993,0.0154604330181828,0.0826915214560953,-4.0655714898507,"10767821"
-422.1864975,309.774756666667,-3.07988142746979,0.0154693576438062,0.0827241102335996,-4.06565467410995,"10799317"
420.9235,1465.38111111111,3.07966739401013,0.015474325471972,0.0827355315406643,-4.06570096090567,"10795511"
122.38095,489.986333333333,3.07950491988751,0.0154780976974667,0.0827405573895317,-4.06573609972801,"10868529"
-14.830705,45.0508555555556,-3.07891162489608,0.0154918806477616,0.0827990854818346,-4.06586442996413,"10879213"
-10.225315,25.8373555555556,-3.07812779341003,0.0155101097144729,0.0828813508685955,-4.06603401275659,"10836497"
-562.67965,801.020555555556,-3.07781250837231,0.0155174484351716,0.0829054020821329,-4.06610223764714,"10897428"
55.4278,174.369777777778,3.07754544307978,0.0155236676175636,0.082923464212745,-4.06616003388049,"10822348"
145.11365,880.615555555556,3.07683060902111,0.0155403269032465,0.0829972779070278,-4.06631475839813,"10857673"
647.578,3026.63444444444,3.07666793109627,0.0155441207464524,0.0830023658356537,-4.06634997493914,"10818184"
21.42605,118.460388888889,3.07637285728731,0.0155510046967566,0.0830239494172233,-4.06641385748393,"10733015"
-253.8331,529.486888888889,-3.07588074529957,0.0155624925747544,0.0830692479800458,-4.06652041229065,"10700690"
181.10003,210.906622222222,3.07576583165269,0.0155651764031893,0.0830692479800458,-4.0665452965711,"10924507"
397.8245,1641.97888888889,3.07484313076015,0.0155867438354427,0.0831691569696116,-4.0667451401826,"10803586"
122.6056,73.1761777777778,3.07450508722602,0.0155946531823457,0.0831961647313821,-4.06681837103779,"10712174"
108.53375,557.822222222222,3.07408903305911,0.015604393550777,0.0832310898801563,-4.06690851288521,"10724819"
-24.378125,83.8273777777778,-3.0739821123609,0.0156068977327136,0.0832310898801563,-4.06693168024684,"10866252"
105.1738,247.811111111111,3.07379265909482,0.0156113359381386,0.0832395634416464,-4.06697273264597,"10930821"
161.2445,599.791222222222,3.07321868735748,0.0156247900963772,0.0832960981524751,-4.06709712186145,"10881468"
745.3312,785.940111111111,3.07276366463319,0.0156354646692431,0.0833289382312073,-4.06719574991755,"10795265"
-77.85395,247.348444444444,-3.07271294452192,0.0156366550073074,0.0833289382312073,-4.06720674464643,"10940512"
-108.46045,356.547555555556,-3.0724734729756,0.015642276389937,0.083343691857673,-4.06725865804241,"10777950"
271.0594,698.143444444444,3.07209770651678,0.0156511014435796,0.0833755064866401,-4.06734012630687,"10741408"
-223.79895,401.37,-3.07129913061876,0.0156698737060013,0.0834602899630122,-4.06751329620553,"10935555"
12.587665,23.9340777777778,3.07106716582,0.0156753309632373,0.0834741375792953,-4.06756360611402,"10738147"
588.6112,1061.17377777778,3.07081181281375,0.0156813407594633,0.0834875071611195,-4.06761899313313,"10723884"
48.82525,182.001111111111,3.07071766440486,0.0156835571746499,0.0834875071611195,-4.06763941547369,"10815032"
-60.6336,247.177333333333,-3.0700795228278,0.0156985887773779,0.0835522996069078,-4.06777785592952,"10725245"
-75.34235,68.5766111111111,-3.06985356228571,0.0157039149588317,0.0835588817776722,-4.06782688364424,"10868186"
129.8508,346.859666666667,3.06978438370707,0.0157055459656739,0.0835588817776722,-4.06784189438812,"10750080"
-93.9183499999999,487.836111111111,-3.06965293878774,0.0157086455001627,0.0835601547053445,-4.06787041698239,"10935782"
-79.6741,256.868888888889,-3.06948614928391,0.0157125793995143,0.0835658646600055,-4.06790661090878,"10702611"
12.516024,11.4630233333333,3.06924074358401,0.015718369418069,0.0835747089769162,-4.06795986852253,"10865372"
38.1463,153.350111111111,3.06917317860734,0.0157199639155252,0.0835747089769162,-4.06797453215355,"10933651"
167.31785,910.184888888889,3.06853754409507,0.0157349728499645,0.0836392825398224,-4.06811250024762,"10863904"
1199.585,3295.35888888889,3.06837258780108,0.0157388703372257,0.0836402152922315,-4.06814830976661,"10812156"
-51.279125,118.554077777778,-3.06820053681179,0.0157429365312016,0.0836402152922315,-4.06818566155085,"10851656"
-26.092485,56.2107,-3.06816665624838,0.0157437373824872,0.0836402152922315,-4.06819301717994,"10930228"
-48.2370500000001,341.077111111111,-3.06773334463711,0.0157539835431081,0.0836601399652183,-4.06828709854274,"10766123"
-36.03695,196.978777777778,-3.06768356428832,0.0157551611050538,0.0836601399652183,-4.06829790781459,"10881109"
10.816725,26.6373333333333,3.06764476645593,0.0157560789377912,0.0836601399652183,-4.06830633247544,"10728044"
20.925805,30.3816777777778,3.06671848661316,0.0157780083992082,0.083761355147096,-4.06850749985148,"10743166"
414.6237,655.992,3.06633352295752,0.0157871317279724,0.0837945614645686,-4.06859112379947,"10753214"
-67.5125,210.612444444444,-3.06601432416623,0.0157947006730265,0.0838195068958756,-4.06866047013342,"10811203"
845.2685,2923.26888888889,3.06533382535478,0.0158108495740709,0.0838899672097545,-4.06880833415184,"10938950"
-214.107,1124.39933333333,-3.06466141855503,0.0158268234322663,0.0839515033790639,-4.06895447304778,"10725474"
94.99198,129.175677777778,3.06460372833933,0.0158281947221156,0.0839515033790639,-4.06896701280374,"10930531"
-80.0599999999999,670.313777777778,-3.06439772713904,0.0158330923628569,0.0839622363929025,-4.06901179195777,"10801024"
15.10438,26.1155777777778,3.06421962068881,0.0158373280905162,0.0839694560501527,-4.06905051003353,"10877307"
117.233925,114.252666666667,3.06379871698627,0.0158473427399425,0.0839906110090829,-4.06914201833622,"10867614"
104.00345,239.261555555556,3.06377895661312,0.0158478130655952,0.0839906110090829,-4.06914631473905,"10914945"
14.46411,42.6556333333333,3.06365719835412,0.0158507114120507,0.0839906110090829,-4.06917278867968,"10900495"
861.7355,2871.92555555556,3.0635687103291,0.0158528181387035,0.0839906110090829,-4.06919202934019,"10827609"
21.590295,51.5950666666667,3.06308811487855,0.0158642652986608,0.0840081355649864,-4.0692965390346,"10934952"
138.318385,116.420577777778,3.06296633195077,0.0158671673846116,0.0840081355649864,-4.06932302447521,"10853396"
32.16535,158.557111111111,3.0629521201708,0.0158675060874145,0.0840081355649864,-4.06932611533404,"10801600"
-439.60785,853.192333333333,-3.06294699386938,0.0158676282620523,0.0840081355649864,-4.06932723023487,"10873534"
118.83314,97.0544888888889,3.06227954005813,0.0158835440416595,0.0840635090541231,-4.06947240873185,"10750391"
-13.886765,37.8892444444444,-3.06226703732959,0.0158838423351393,0.0840635090541231,-4.06947512852194,"10746081"
174.13735,609.740777777778,3.06146111622239,0.0159030826024991,0.0841348899359303,-4.06965046920689,"10725618"
64.6628000000001,339.196222222222,3.06146081950264,0.0159030896907718,0.0841348899359303,-4.06965053377161,"10816088"
1028.4293,1454.44288888889,3.0603992722428,0.015928469952396,0.084240540669428,-4.06988156222562,"10726682"
-55.282,293.165222222222,-3.06038435872479,0.0159288268178928,0.084240540669428,-4.06988480849515,"10805066"
-10.805045,30.5231777777778,-3.05994257278885,0.0159394021100742,0.084281211446825,-4.06998098070349,"10855800"
-49.42913,63.6457777777778,-3.05913572282633,0.0159587351376573,0.0843523202331592,-4.07015666030045,"10864318"
-26.853335,77.6958444444444,-3.05908197848942,0.015960023784103,0.0843523202331592,-4.07016836401852,"10899036"
-78.4538499999999,664.064222222222,-3.05901989560005,0.0159615125025297,0.0843523202331592,-4.07018188385655,"10803125"
907.2375,3940.21666666667,3.05814790925582,0.0159824376959562,0.0844419757273373,-4.07037180669191,"10861024"
102.4193,355.478888888889,3.05807209289786,0.0159842584299369,0.0844419757273373,-4.07038832248153,"10867368"
324.96555,765.257333333333,3.05740660726316,0.016000249427355,0.0845111709945304,-4.0705333094631,"10742690"
-245.6319,612.528666666667,-3.0571782385719,0.0160057407733139,0.0845157102635674,-4.07058307078048,"10853676"
-25.94095,157.887888888889,-3.0571302561921,0.0160068948068843,0.0845157102635674,-4.07059352657836,"10932416"
19.55811,64.6976333333333,3.05678674289031,0.0160151592573644,0.0845291688905458,-4.07066838616273,"10874198"
-78.5287,260.634555555556,-3.05668649873729,0.016017571833818,0.0845291688905458,-4.07069023333122,"10778912"
18.718909,23.8826311111111,3.05660935205412,0.0160194287824965,0.0845291688905458,-4.070707047146,"10781982"
128.8245,486.936333333333,3.05654335230523,0.0160210175993343,0.0845291688905458,-4.07072143187508,"10859264"
-52.9968999999999,343.620222222222,-3.05617603022818,0.0160298631859616,0.0845605675541138,-4.07080149599379,"10819413"
-383.45295,798.888666666667,-3.05599502765106,0.0160342238407654,0.0845606120456256,-4.07084095221608,"10855356"
-32.9881,138.028222222222,-3.05582036985967,0.0160384328166115,0.0845606120456256,-4.07087902762284,"10736307"
28.245395,78.2177888888889,3.05581529247531,0.0160385551908267,0.0845606120456256,-4.07088013452616,"10810811"
121.37525,638.018555555556,3.05545505168675,0.0160472401461657,0.0845911356243385,-4.07095867419688,"10825962"
-834.495249999999,1718.60122222222,-3.05520839876656,0.0160531894798089,0.0845959642900368,-4.07101245490874,"10819644"
-12.626025,28.0252333333333,-3.05517697361272,0.01605394762867,0.0845959642900368,-4.07101930723289,"10752863"
-45.504,49.7753,-3.05474417573295,0.0160643929264087,0.0846247371761252,-4.07111368709425,"10855243"
58.1225,178.202222222222,3.05447920081832,0.0160707914366999,0.0846247371761252,-4.07117147668999,"10768138"
-165.0898,273.821555555556,-3.05447514617688,0.0160708893673161,0.0846247371761252,-4.07117236102515,"10759047"
16.74568,45.9565444444444,3.05447078128642,0.0160709947919882,0.0846247371761252,-4.07117331302833,"10771267"
14.690285,75.8675555555556,3.05424057381601,0.0160765559914868,0.084638764955,-4.07122352433198,"10768303"
46.96711,88.1355111111111,3.05411306622781,0.0160796371023065,0.0846397330282489,-4.07125133709244,"10888341"
-41.89761,104.8595,-3.05393570836475,0.01608392383009,0.0846470457164922,-4.07129002548198,"10740585"
34.68885,37.3114666666667,3.05300174606876,0.0161065173851789,0.0847373665749813,-4.07149379548286,"10731970"
54.7622,267.571555555556,3.05298647882277,0.0161068869922254,0.0847373665749813,-4.07149712698827,"10708984"
-44.246485,87.3972555555556,-3.05258181460773,0.0161166868063702,0.0847677684531603,-4.07158543601667,"10860831"
186.54,401.039666666667,3.05250824952856,0.0161184690133944,0.0847677684531603,-4.07160149125391,"10807177"
123.34985,265.771555555556,3.05226761079692,0.0161243002322562,0.0847729205075752,-4.07165401229876,"10704372"
145.20538,108.229744444444,3.05222833219351,0.0161252522509959,0.0847729205075752,-4.07166258552298,"10911010"
13.33909,45.9446444444444,3.05200073174349,0.0161307698962288,0.0847785089737679,-4.07171226541362,"10840007"
-151.3191,412.843666666667,-3.05181147550358,0.0161353594800714,0.0847785089737679,-4.07175357853184,"10766760"
94.3424000000001,371.691555555556,3.05180762496594,0.0161354528722399,0.0847785089737679,-4.07175441910043,"10707156"
436.13685,652.264,3.05170578233589,0.0161379232013118,0.0847785089737679,-4.07177665163925,"10824305"
38.048,110.628722222222,3.05084690759311,0.0161587721115595,0.0848727739063463,-4.07196417656351,"10726672"
986.5913,1098.77722222222,3.05038950980018,0.0161698868018776,0.0849158858583594,-4.07206406580835,"10796941"
21.446245,43.1454444444444,3.0499896813619,0.0161796091220039,0.0849516716193784,-4.07215139521888,"10764659"
39.06015,262.860666666667,3.04966776815115,0.0161874412842269,0.0849745037784446,-4.07222171507868,"10796094"
57.59179,64.9673111111111,3.04953530009461,0.0161906653902295,0.0849745037784446,-4.07225065406502,"10750329"
-8.2985225,12.5723877777778,-3.04945238704876,0.0161926837315876,0.0849745037784446,-4.07226876790967,"10836051"
1314.13785,1155.28666666667,3.0489530574126,0.0162048444176637,0.085023046842246,-4.07237786604662,"10779673"
1115.563,3656.45777777778,3.0483823767415,0.0162187544957037,0.0850519842440218,-4.07250257589095,"10839400"
17.43605,37.7953555555556,3.04825637201784,0.0162218274868112,0.0850519842440218,-4.0725301146843,"10931511"
62.30181,166.551133333333,3.04814998968166,0.016224422403492,0.0850519842440218,-4.07255336583495,"10817324"
411.5347,1138.59411111111,3.04814952269468,0.0162244337953662,0.0850519842440218,-4.07255346790244,"10803274"
17.68922,56.1719555555556,3.04812973892648,0.0162249164165104,0.0850519842440218,-4.07255779197682,"10791573"
71.44177,68.8491777777778,3.04784975042133,0.0162317482926199,0.0850725322247214,-4.07261899122283,"10811476"
-1323.66415,1295.34682222222,-3.04771722926821,0.0162349829326652,0.0850742226717276,-4.07264795938717,"10903831"
119.24785,686.768444444444,3.04741484353386,0.0162423662355512,0.0850845153181236,-4.07271406351646,"10810940"
437.04755,965.823555555556,3.04739822847009,0.016242772024686,0.0850845153181236,-4.07271769590605,"10892316"
-30.75395,128.403977777778,-3.04657320085403,0.0162629349970793,0.0851748624963562,-4.07289808899149,"10772478"
-31.098085,38.3878688888889,-3.04602415184401,0.0162763678039803,0.0852041337505395,-4.0730181666115,"10704882"
-244.0066,769.192222222222,-3.04600742714531,0.016276777165777,0.0852041337505395,-4.07302182466664,"10788238"
10.849031,15.5092355555556,3.04598714632928,0.0162772735832738,0.0852041337505395,-4.07302626054932,"10708464"
69.9033000000001,221.208333333333,3.04573191312724,0.0162835223309556,0.085221573159537,-4.07308208850851,"10891364"
724.853000000001,4578.88888888889,3.04525654182163,0.0162951673040495,0.0852654324578032,-4.0731860806367,"10868252"
90.2041,242.421111111111,3.04513053733154,0.0162982554447,0.0852654324578032,-4.07321364811735,"10890597"
-20.346125,45.9932777777778,-3.04503249947192,0.016300658597824,0.0852654324578032,-4.07323509781148,"10732214"
516.5207,768.250555555556,3.044800849172,0.016306338399501,0.0852798728970679,-4.07328578334523,"10773168"
-51.627395,56.5255111111111,-3.04387075057819,0.0163291642197313,0.0853691389692017,-4.0734893301389,"10940555"
564.30425,701.811888888889,3.04372342119595,0.0163327829397553,0.0853691389692017,-4.07352157812862,"10806585"
13.562045,28.8191555555556,3.04346499896995,0.0163391323613148,0.0853691389692017,-4.0735781463486,"10844379"
328.3369,348.516111111111,3.04338778300659,0.0163410300549836,0.0853691389692017,-4.07359504974744,"10937521"
-99.6308,396.214444444444,-3.04337982615641,0.0163412256191611,0.0853691389692017,-4.07359679161162,"10870119"
27.92738,34.6912888888889,3.04336900868018,0.0163414914959911,0.0853691389692017,-4.07359915971369,"10903522"
143.2103,298.857222222222,3.04327255676448,0.0163438623350019,0.0853691389692017,-4.07362027481115,"10706635"
130.3512,272.666666666667,3.04313060117729,0.0163473523330476,0.0853721042291121,-4.07365135273356,"10775553"
9.32554,8.28200444444444,3.04270744455519,0.0163577603261254,0.0854111903784501,-4.07374400190247,"10884763"
192.1838,352.439222222222,3.04237297180963,0.0163659919504403,0.0854227747604472,-4.07381724318612,"10909994"
397.7876,1204.24188888889,3.04213145760064,0.0163719384906977,0.0854227747604472,-4.07387013391789,"10753344"
12.115565,35.2659555555556,3.04208538636253,0.0163730731091842,0.0854227747604472,-4.07388022383458,"10925462"
105.684515,81.3222555555556,3.04204468457413,0.0163740755601147,0.0854227747604472,-4.07388913793386,"10810230"
-30.35965,118.701222222222,-3.04202342793433,0.0163745991188644,0.0854227747604472,-4.07389379339891,"10908248"
-861.30275,1323.46077777778,-3.0416960176228,0.0163826655669442,0.0854495968349773,-4.07396550444131,"10873378"
-41.6957,315.183777777778,-3.04140720695126,0.0163897844827052,0.0854714680253035,-4.07402876769105,"10755705"
276.192250000001,1037.36011111111,3.04123221654879,0.0163940994089527,0.0854787114283676,-4.0740671018589,"10718803"
480.20025,951.601333333333,3.04088885781967,0.0164025694286799,0.085499330792271,-4.07414232602727,"10725384"
388.07435,513.446888888889,3.04061460383805,0.0164093380524943,0.085499330792271,-4.0742024166786,"10828357"
1597.76,4773.98555555556,3.04056132484422,0.0164106533239764,0.085499330792271,-4.07421409105446,"10911999"
102.6004,499.019777777778,3.04053296024645,0.0164113535914037,0.085499330792271,-4.07422030632718,"10713655"
871.8625,1579.91444444444,3.04047894095953,0.0164126873102983,0.085499330792271,-4.07423214323772,"10928522"
19.14978,39.9747333333333,3.04035837478552,0.0164156644595908,0.085499593781866,-4.07425856292194,"10737813"
83.19807,73.5978,3.03954303056021,0.0164358126514377,0.0855819283458457,-4.07443725726963,"10798507"
77.9973500000001,625.627888888889,3.03948161260816,0.0164373314146827,0.0855819283458457,-4.07445071985697,"10705524"
44.8202,321.406888888889,3.03929136229351,0.0164420369188228,0.085591173654043,-4.07449242376741,"10874701"
-19.017745,40.5102888888889,-3.0391559408855,0.0164453871858609,0.0855933620608836,-4.07452211049056,"10928167"
148.14135,298.856,3.03898008589389,0.0164497388283066,0.0856007606216867,-4.07456066295431,"10713061"
82.5508500000001,424.187666666667,3.03846444355114,0.0164625056697389,0.0856519395611312,-4.0746737195723,"10841619"
332.13155,1142.01822222222,3.03803816892443,0.0164730676743408,0.0856916308828691,-4.07476719661619,"10769310"
435.8893,1146.18677777778,3.0369145523092,0.0165009420334186,0.0858067308225012,-4.07501365615126,"10834590"
35.793775,54.8492444444444,3.03676086772645,0.0165047584311384,0.0858067308225012,-4.075047373238,"10821840"
-41.83495,349.776888888889,-3.03666895286634,0.0165070413633396,0.0858067308225012,-4.07506753939809,"10856259"
30.118225,68.3468777777778,3.03651269626408,0.0165109231395933,0.0858067308225012,-4.07510182357923,"10718881"
-239.459,304.105777777778,-3.03646049756497,0.0165122200890827,0.0858067308225012,-4.07511327686612,"10899951"
9.8377,13.9227111111111,3.03643646828514,0.0165128171658829,0.0858067308225012,-4.07511854936772,"10842500"
19.78757,32.8139555555556,3.03613000362979,0.0165204341459969,0.0858185122004324,-4.07518579750006,"10701256"
-439.38775,1327.10855555556,-3.03610886932046,0.0165209595610061,0.0858185122004324,-4.07519043529509,"10866544"
-60.5228999999999,277.518333333333,-3.03575910015296,0.0165296576278513,0.0858484298560084,-4.07526719473502,"10792325"
188.8204,302.952777777778,3.03544750467203,0.0165374104257356,0.0858496040650411,-4.07533558419562,"10798135"
122.15791,96.1434444444444,3.03540984004767,0.016538347815802,0.0858496040650411,-4.07534385136593,"10761810"
36.946455,51.5079666666667,3.03535963099848,0.0165395974955873,0.0858496040650411,-4.07535487212697,"10886263"
-785.52075,1082.35966666667,-3.03527764506583,0.0165416382995179,0.0858496040650411,-4.07537286823012,"10714128"
63.1692,236.392,3.03500958381348,0.0165483127521488,0.0858623913815094,-4.07543171172321,"10700284"
100.58125,264.078777777778,3.0348820045313,0.0165514903360135,0.0858623913815094,-4.07545971914412,"10726860"
315.045,1427,3.03466710856263,0.0165568441369455,0.0858623913815094,-4.07550689784237,"10902885"
644.22835,1309.42811111111,3.03463345101313,0.0165576828268492,0.0858623913815094,-4.07551428739454,"10880408"
85.36515,472.110666666667,3.03454788043294,0.0165598153028849,0.0858623913815094,-4.0755330748822,"10893444"
-250.4799,504.81,-3.03447079047177,0.0165617366822347,0.0858623913815094,-4.07555000086125,"10871081"
-73.0721,341.818111111111,-3.034351323836,0.0165647147126134,0.0858625932601647,-4.07557623197874,"10796581"
826.628,2148.12222222222,3.03407357213893,0.0165716405934114,0.0858832549753273,-4.07563722154541,"10795105"
-25.08447,76.2101666666667,-3.03375295766087,0.0165796390462813,0.0859094670269711,-4.07570763005288,"10933017"
-42.8523499999999,321.128111111111,-3.03340781220647,0.0165882539936533,0.0859388636585542,-4.07578343406745,"10727558"
184.0599,583.214,3.03301688508732,0.0165980173225998,0.0859741982380198,-4.07586930357166,"10926054"
109.174301,99.2957355555556,3.03273579474236,0.0166050412142114,0.0859953331026365,-4.0759310536575,"10834138"
105.7739,221.835222222222,3.03238877508622,0.0166137168376523,0.0860198933645082,-4.07600729508529,"10747531"
382.78845,1167.933,3.03222708758969,0.0166177607056756,0.0860198933645082,-4.07604282139312,"10879502"
29.74357,116.532044444444,3.03219285381105,0.0166186170380394,0.0860198933645082,-4.07605034355381,"10823172"
-52.35025,257.744222222222,-3.03157294576683,0.0166341315620839,0.086063216999431,-4.07618657024765,"10818067"
-62.69025,186.146666666667,-3.03155186040125,0.0166346595347715,0.086063216999431,-4.07619120431459,"10809604"
209.67715,372.450444444444,3.03150532535703,0.0166358248235704,0.086063216999431,-4.07620143173655,"10763607"
-32.6965999999999,229.471777777778,-3.03093157216683,0.0166501992540311,0.0860715789879315,-4.07632754358228,"10715310"
36.062145,102.4602,3.0309043244971,0.0166508822220519,0.0860715789879315,-4.07633353326014,"10701717"
-762.13825,1197.14188888889,-3.0308819852097,0.0166514421823959,0.0860715789879315,-4.07633844400068,"10806628"
813.271000000001,2941.98777777778,3.0308610809171,0.0166519661907573,0.0860715789879315,-4.07634303932604,"10890572"
-50.7098,187.317111111111,-3.03085285486328,0.016652172398158,0.0860715789879315,-4.07634484764251,"10843647"
-362.97065,528.669111111111,-3.03072668665101,0.0166553354666896,0.0860726995089104,-4.07637258355951,"10705987"
484.52045,700.258222222222,3.03046699633856,0.0166618479456167,0.086075904511276,-4.07642967567612,"10787784"
26.975464,23.1806811111111,3.03046697705839,0.0166618484292211,0.086075904511276,-4.07642967991499,"10727728"
827.8909,1442.58711111111,3.03007292739493,0.016671735441645,0.0861083806225334,-4.07651631992259,"10783805"
-123.111699999999,783.201888888889,-3.02988343451616,0.0166764921500289,0.0861083806225334,-4.07655798790507,"10715746"
16.790675,31.7101222222222,3.02986410707675,0.0166769773931093,0.0861083806225334,-4.07656223800312,"10897052"
-203.23125,990.08,-3.02959434576685,0.016683751679286,0.0861084339350329,-4.07662156127891,"10839170"
-16.35917,62.0432777777778,-3.02954975955793,0.0166848716119241,0.0861084339350329,-4.07663136675449,"10859857"
103.8625,519.444111111111,3.02951159778386,0.0166858302357165,0.0861084339350329,-4.07663975947256,"10721028"
36.80869,105.551977777778,3.02919350098457,0.0166938230691496,0.0861344661148248,-4.07670972096241,"10927379"
16.76765,40.6212888888889,3.02824813855712,0.016717600878519,0.0862211887753383,-4.07691768542065,"10865420"
363.3345,1639.08,3.0282021339508,0.0167187588923745,0.0862211887753383,-4.07692780735495,"10767230"
-31.165375,119.635722222222,-3.02800072748788,0.0167238296218142,0.0862211887753383,-4.0769721226269,"10758534"
76.61511,143.9353,3.02795005604439,0.0167251056095598,0.0862211887753383,-4.0769832722824,"10931168"
83.7747,164.801,3.0278770446989,0.016726944330704,0.0862211887753383,-4.07699933790025,"10927712"
37.586331,23.02448,3.02782166791234,0.0167283390832689,0.0862211887753383,-4.07701152342056,"10841192"
11.356735,18.4521777777778,3.02749932819632,0.0167364601372132,0.0862359352563308,-4.077082457894,"10798226"
358.85055,919.506333333333,3.02745293854358,0.0167376292213682,0.0862359352563308,-4.0770926670821,"10779598"
-66.06486,65.4729,-3.02735666367073,0.0167400557554136,0.0862359352563308,-4.07711385524541,"10813087"
-73.9552,331.875222222222,-3.02678203354137,0.0167545465183203,0.0862953670638593,-4.07724033384878,"10824499"
-33.6486,116.247666666667,-3.0262845377076,0.0167671027380012,0.0863375576823323,-4.07734985432057,"10721339"
78.86737,121.158744444444,3.02622331249334,0.0167686486715121,0.0863375576823323,-4.07736333390155,"10940605"
228.2008,695.219777777778,3.02591637491807,0.0167764010764916,0.0863622521671589,-4.07743091459409,"10927041"
-561.53125,1099.35455555556,-3.02579441393304,0.0167794825183284,0.0863628968094511,-4.07745776954571,"10773891"
-68.16095,245.820444444444,-3.02527383333193,0.0167926420599202,0.086415403406466,-4.0775724099413,"10808577"
1166.4295,4251.89111111111,3.02479942449183,0.0168046438435279,0.0864447984504688,-4.07767689978261,"10915968"
44.223275,38.6770888888889,3.02478791460907,0.016804935136544,0.0864447984504688,-4.07767943506979,"10871054"
46.0559,34.6958888888889,3.02459670909107,0.0168097749532659,0.0864447984504688,-4.07772155341176,"10708065"
287.06015,1142.90488888889,3.02458030199137,0.0168101903196109,0.0864447984504688,-4.07772516765685,"10843735"
128.4735,504.129333333333,3.02374008725351,0.0168314757652497,0.0865390237602966,-4.07791028099085,"10776938"
131.6992,713.711777777778,3.02359700427255,0.0168351033423753,0.0865397387293369,-4.07794180969457,"10856187"
-9.483635,28.3649111111111,-3.0234682159721,0.0168383692060973,0.0865397387293369,-4.07797018980634,"10751228"
10.991402,18.8403155555556,3.02338413852763,0.0168405016319669,0.0865397387293369,-4.07798871797526,"10859671"
156.30915,328.406333333333,3.02324512909886,0.0168440278973038,0.0865426364741175,-4.07801935265193,"10827870"
102.76205,434.218222222222,3.02310411141099,0.0168476058951962,0.0865457989488769,-4.07805043134661,"10940623"
-25.913095,89.0900888888889,-3.02265171427437,0.0168590897919367,0.0865895656085865,-4.07815014432744,"10790660"
1140.244,3965.85111111111,3.02244420370971,0.0168643600915939,0.0865911800989819,-4.07819588678695,"10881303"
-75.66135,275.590333333333,-3.02240593590036,0.0168653321956325,0.0865911800989819,-4.07820432267043,"10864153"
-29.7983,133.808111111111,-3.02209664004319,0.0168731912829243,0.0866129881147372,-4.07827250880335,"10708167"
-67.93015,272.521222222222,-3.02200544326902,0.0168755092883235,0.0866129881147372,-4.07829261501386,"10827505"
12.656685,47.4542333333333,3.02162079704925,0.0168852897458571,0.0866479632242175,-4.07837742488868,"10703774"
-22.615125,115.870833333333,-3.02093788881446,0.0169026687607826,0.0867219116925717,-4.07852802456298,"10882534"
-129.48085,258.926555555556,-3.02032896636487,0.0169181807174473,0.0867746666175855,-4.0786623370837,"10808553"
49.13087,125.405822222222,3.0203010721462,0.0169188916633726,0.0867746666175855,-4.0786684904741,"10700254"
-174.38165,657.120444444444,-3.01969784824926,0.0169342738035273,0.0868129578986898,-4.0788015739535,"10822781"
45.13995,137.882,3.01965328329357,0.0169354107845946,0.0868129578986898,-4.07881140694403,"10920352"
-41.3025000000001,284.509333333333,-3.01951945279371,0.0169388256678925,0.0868129578986898,-4.07884093671346,"10836095"
66.15032,84.1659222222222,3.019444251227,0.0169407448630714,0.0868129578986898,-4.07885753055194,"10784729"
498.027,1286.99333333333,3.01942580668201,0.0169412156151308,0.0868129578986898,-4.07886160055412,"10837778"
-188.7848,572.416444444444,-3.01894485321838,0.0169534956089023,0.0868337846390485,-4.07896773726383,"10870490"
34.102079,49.1469255555556,3.01882520059899,0.0169565520969526,0.0868337846390485,-4.0789941448014,"10744425"
65.1377,250.409888888889,3.01861663021726,0.0169618813382471,0.0868337846390485,-4.07904017913932,"10773809"
12.404995,45.0310111111111,3.01859908178392,0.0169623298031204,0.0868337846390485,-4.07904405246354,"10743104"
-832.89425,990.230777777778,-3.01857739300745,0.0169628840950481,0.0868337846390485,-4.07904883968339,"10728494"
58.2463000000001,363.292444444444,3.01856840195598,0.0169631138815311,0.0868337846390485,-4.07905082422864,"10754410"
-12.221935,36.5807888888889,-3.0184015238771,0.0169673794158057,0.0868404033380075,-4.07908765937856,"10935061"
12.13937,12.7911555555556,3.01825115517184,0.0169712239179462,0.086844865219632,-4.07912085214033,"10907501"
34.73467,74.1804111111111,3.01795052507427,0.0169789129090029,0.086868995047918,-4.07918721892325,"10914028"
-40.04023,71.8892222222222,-3.01725341691046,0.0169967563384795,0.0869436612206714,-4.0793411371678,"10714109"
485.972,2123.73555555556,3.01695847382581,0.0170043117071817,0.0869436612206714,-4.07940626990884,"10782162"
63.087955,107.663811111111,3.01690731020892,0.0170056226901701,0.0869436612206714,-4.07941756909632,"10707597"
45.60274,53.5695444444444,3.0168736589126,0.01700648500653,0.0869436612206714,-4.07942500089373,"10721361"
226.2269,429.958888888889,3.01679943315385,0.017008387207371,0.0869436612206714,-4.07944139374318,"10901904"
70.4394000000001,366.515,3.01637320852435,0.0170193144715095,0.0869842989801745,-4.07953553375729,"10940591"
-140.4125,1421.83444444444,-3.01587126212519,0.0170321924503705,0.0870277265868914,-4.07964641540163,"10825091"
-179.87875,763.635888888889,-3.0158098226203,0.0170337694469722,0.0870277265868914,-4.07965998885768,"10898212"
141.14715,402.441666666667,3.01533666318242,0.0170459193669938,0.0870745739442833,-4.07976453032483,"10800601"
62.586565,43.6213111111111,3.01483195635551,0.0170588893545861,0.0871138501261332,-4.07987605999103,"10920549"
11.74795,22.0064111111111,3.01480540316833,0.0170595720056003,0.0871138501261332,-4.07988192820554,"10911350"
-342.89995,543.883222222222,-3.01439480279256,0.01707013169049,0.0871525388336204,-4.07997267682273,"10919328"
25.984815,38.5408666666667,3.01419022970685,0.0170753953831554,0.0871641797524902,-4.08001789502386,"10893375"
298.6526,1191.86688888889,3.01403864417281,0.0170792967932966,0.087168863822391,-4.08005140299095,"10726112"
104.19105,221.047333333333,3.01383863727938,0.017084445866634,0.0871799129341217,-4.08009561706093,"10700772"
907.2425,2220.95888888889,3.01339238093843,0.0170959403531681,0.0872233324270789,-4.08019427823083,"10751767"
-25.0097,133.699777777778,-3.01295284603037,0.0171072696129936,0.0872651245172985,-4.08029146759211,"10867065"
252.83575,791.787444444444,3.01284285651579,0.0171101058819431,0.0872651245172985,-4.08031579052977,"10760954"
-443.064249999999,1478.09055555556,-3.01188992450254,0.0171346994571224,0.087375302834766,-4.08052655763494,"10796198"
-83.9936499999999,246.915888888889,-3.01174327221849,0.0171384875853414,0.0873793675947927,-4.08055899970295,"10906037"
13.586925,31.4886333333333,3.01144884194416,0.0171460955622552,0.0873902229434769,-4.08062413760433,"10709452"
59.724096,47.5322466666667,3.01142934411347,0.0171465995040737,0.0873902229434769,-4.08062845140509,"10876295"
-69.9828,201.892333333333,-3.01126270127285,0.0171509071940391,0.0873969305366578,-4.08066532145974,"10916791"
-970.399,1258.50955555556,-3.01108806086089,0.0171554228336012,0.0874046952669733,-4.08070396316778,"10905753"
321.99756,270.493466666667,3.01085096809854,0.0171615552786171,0.0874206932710586,-4.08075642692083,"10798492"
-777.661,2116.73888888889,-3.01072620221876,0.0171647832894296,0.0874218931341344,-4.08078403669209,"10802853"
-38.06976,96.8472666666667,-3.01008592232507,0.017181358945788,0.0874910615726429,-4.08092574379779,"10837747"
-93.7161,317.388,-3.00950510931496,0.017196409584002,0.0875340430778122,-4.08105431554132,"10863740"
-1913.16275,2614.58344444444,-3.00940112743053,0.0171991055257722,0.0875340430778122,-4.08107733610251,"10866361"
-58.396675,128.441122222222,-3.00934081326313,0.0172006694955776,0.0875340430778122,-4.0810906894245,"10701986"
-23.1545,31.3047111111111,-3.00929780506793,0.0172017848055631,0.0875340430778122,-4.08110021143374,"10801520"
115.530645,109.036933333333,3.00889289457373,0.017212288852178,0.087572240774561,-4.08118986518706,"10801821"
64.198135,72.3414444444444,3.0085357795217,0.0172215585685048,0.0876041462685527,-4.08126894618483,"10771389"
-699.212499999998,4570.84888888889,-3.00826519143753,0.0172285857583605,0.0876197706491459,-4.08132887250006,"10825472"
528.2825,1774.82222222222,3.00818655370148,0.0172306285472494,0.0876197706491459,-4.08134628916107,"10930338"
583.7135,2113.97222222222,3.00771687898688,0.0172428346564658,0.0876361459772302,-4.0814503219669,"10860912"
-143.569,749.447555555556,-3.00764762972535,0.0172446351002838,0.0876361459772302,-4.08146566201909,"10712786"
-33.1422,132.026533333333,-3.00760160058802,0.0172458319419493,0.0876361459772302,-4.08147585855783,"10700769"
29.9157,124.218666666667,3.00760098336443,0.01724584799148,0.0876361459772302,-4.08147599528845,"10786454"
-79.112275,158.428788888889,-3.0069297332705,0.0172633116025192,0.087708559837707,-4.08162471060492,"10808911"
11.32677,27.8701,3.00681523145849,0.0172662923888125,0.087708559837707,-4.08165008174042,"10905312"
257.9723,950.026555555556,3.00670720517177,0.0172691050929859,0.087708559837707,-4.08167401891622,"10778555"
-73.696085,133.940244444444,-3.00624111741676,0.0172812462121671,0.0877373336432476,-4.08177730747439,"10845407"
-128.534925,154.732966666667,-3.00616659592576,0.0172831882491841,0.0877373336432476,-4.08179382346844,"10929656"
-131.8422,273.737666666667,-3.00612952760569,0.017284154337987,0.0877373336432476,-4.08180203896969,"10723740"
118.70605,514.276444444444,3.00593725326807,0.0172891663710952,0.0877373336432476,-4.08184465459696,"10914811"
970.224,2266.56666666667,3.0059134584395,0.017289786738693,0.0877373336432476,-4.08184992866334,"10801783"
-788.77725,1155.09833333333,-3.00544745460826,0.0173019408606893,0.0877675980691985,-4.08195322561822,"10741701"
-9.9100075,18.6925922222222,-3.00544238829192,0.017302073047328,0.0877675980691985,-4.08195434873267,"10796507"
106.749,705.67,3.00530526706008,0.0173056511154753,0.0877675980691985,-4.08198474684264,"10846832"
10.69279,19.1873111111111,3.00516136020843,0.0173094070803235,0.0877675980691985,-4.08201665071783,"10810562"
-85.4741999999999,235.725666666667,-3.0050775003736,0.0173115962124428,0.0877675980691985,-4.08203524298066,"10767723"
91.56915,240.833,3.00499398904844,0.0173137765342915,0.0877675980691985,-4.08205375848673,"10924392"
104.80305,398.120333333333,3.0046871477705,0.0173217900403049,0.0877929865089291,-4.08212179340958,"10924326"
-36.619305,104.892333333333,-3.00390424597969,0.0173422539647606,0.0878637486616915,-4.08229541482179,"10778170"
776.26,1961.74444444444,3.00369510230284,0.0173477249527208,0.0878637486616915,-4.08234180346028,"10749675"
-170.6002,638.094888888889,-3.0036401417933,0.0173491629634532,0.0878637486616915,-4.08235399438103,"10901367"
199.359,420.142,3.00361638942141,0.0173497844694045,0.0878637486616915,-4.0823592630191,"10940594"
233.97495,247.994666666667,3.00357797953497,0.0173507895539569,0.0878637486616915,-4.08236778300441,"10720859"
-46.5551500000001,165.317222222222,-3.00335900806073,0.0173565206169018,0.0878775378339979,-4.08241635676788,"10708809"
52.76038,61.2529777777778,3.00291706393797,0.0173680934883404,0.0879208946748185,-4.0825144025217,"10929995"
-115.2291,172.058466666667,-3.00273611433431,0.0173728342105801,0.0879296567269382,-4.08255455048864,"10910776"
27.02728,41.8708444444444,3.001774084229,0.0173980612705386,0.0880325354827777,-4.08276803984002,"10742230"
-501.94875,1102.82366666667,-3.00173117451252,0.0173991873717245,0.0880325354827777,-4.08277756374297,"10913974"
-14.94559,31.6542555555556,-3.00134728795757,0.0174092652871019,0.088068272917298,-4.08286277416008,"10849695"
-39.654425,144.416811111111,-3.00113536928881,0.0174148312572574,0.0880686636491503,-4.08290981786781,"10723623"
166.00845,500.270333333333,3.00111479487028,0.017415371736193,0.0880686636491503,-4.08291438534612,"10731348"
-203.96195,598.341444444445,-3.00090545210259,0.0174208720546238,0.0880812316032848,-4.08296086076341,"10793140"
53.59725,226.65,3.00040291980711,0.0174340831074718,0.0881138674246845,-4.08307243916282,"10879867"
75.16174,146.647977777778,3.00035320255682,0.0174353906911746,0.0881138674246845,-4.08308347899996,"10850066"
-24.11117,56.1159444444444,-3.00027140500602,0.0174375422226169,0.0881138674246845,-4.08310164273891,"10723695"
166.1677,341.854111111111,3.00020110944555,0.0174393914373083,0.0881138674246845,-4.08311725276769,"10719243"
376.3595,3669.32888888889,2.99920460548981,0.0174656277940619,0.0882311690084255,-4.08333857801538,"10700344"
111.1335,311.798666666667,2.9989404058447,0.0174725906604142,0.0882340554685164,-4.08339726936645,"10923104"
20.6970764,21.1382992222222,2.99880903059136,0.0174760540771191,0.0882340554685164,-4.08342645597693,"10818983"
-187.0205,972.121777777778,-2.99875670940543,0.0174774336085984,0.0882340554685164,-4.0834380801155,"10893641"
67.92406,127.265211111111,2.9987246014547,0.0174782802422231,0.0882340554685164,-4.08344521360143,"10852600"
-87.7425749999999,124.1943,-2.99846860760947,0.0174850319095009,0.08825288911613,-4.08350209094371,"10874689"
-228.84205,562.054222222222,-2.9983311147933,0.0174886593153949,0.0882559497736997,-4.08353264141,"10922933"
-1071.59275,1544.45055555556,-2.99753154971342,0.0175097694320174,0.0883472200668319,-4.08371032956635,"10861242"
70.931,307.714888888889,2.99714040354587,0.0175201061652707,0.0883613783386333,-4.0837972713695,"10876052"
-59.6456999999999,250.05,-2.99713960143162,0.0175201273691132,0.0883613783386333,-4.08379744967048,"10920301"
-47.68638,49.2105333333333,-2.99708202870607,0.0175216493707025,0.0883613783386333,-4.083810247563,"10898313"
117.56665,343.417444444444,2.99621935697677,0.0175444716392077,0.0884612002878519,-4.08400204059882,"10928254"
62.2451000000001,241.942888888889,2.99534839221958,0.0175675447983899,0.0885451377688156,-4.08419573247366,"10725955"
-67.890265,105.546188888889,-2.99521101846095,0.0175711869269986,0.0885451377688156,-4.08422628776632,"10823353"
33.77683,97.3253444444444,2.99515774769196,0.0175725994830825,0.0885451377688156,-4.08423813686224,"10772634"
-20.413325,42.0569111111111,-2.99513349642926,0.0175732425817619,0.0885451377688156,-4.08424353117506,"10887674"
18.09353,60.4073888888889,2.99459685785444,0.0175874795363286,0.0886015911664602,-4.08436290898758,"10860474"
382.0474,543.929444444444,2.99431886068417,0.0175948595021074,0.088611072569784,-4.08442475904842,"10759475"
-165.83111,164.238244444444,-2.99429745297447,0.0175954279447291,0.088611072569784,-4.08442952216584,"10841710"
63.47975,250.234222222222,2.9941038275428,0.0176005701855714,0.0886216920719206,-4.08447260445729,"10829639"
-1220.5295,1545.84444444444,-2.99379646233289,0.0176087363133031,0.0886284276480653,-4.08454099983985,"10767290"
62.19365,252.843222222222,2.99375732677427,0.0176097763569573,0.0886284276480653,-4.08454970883976,"10711433"
10.249075,24.6270444444444,2.99371093988883,0.0176110091906969,0.0886284276480653,-4.08456003165258,"10771533"
9.68924000000001,33.6490888888889,2.99333804418066,0.0176209229911251,0.0886449518323601,-4.08464302056605,"10739707"
37.443555,75.0768,2.9933354542932,0.0176209918662137,0.0886449518323601,-4.08464359698775,"10714973"
141.1825,630.589777777778,2.99324507257423,0.0176233956405267,0.0886449518323601,-4.08466371322017,"10903061"
27.501675,64.5777666666667,2.99276450382688,0.0176361825036045,0.0886939982200556,-4.08477068327538,"10781927"
-112.4603,319.840444444444,-2.9924967559083,0.0176433108808208,0.088714575571824,-4.08483028873875,"10855017"
19.38645,48.186,2.99146987095905,0.0176706780233264,0.0888368934389018,-4.08505894015543,"10884816"
-121.4465,1118.72377777778,-2.99072271757176,0.0176906179949115,0.0889137526226145,-4.08522535348426,"10852106"
-35.01952,74.4600888888889,-2.99062582135272,0.0176932056740912,0.0889137526226145,-4.08524693814433,"10848157"
184.69765,687.483444444444,2.99055501729683,0.0176950967942726,0.0889137526226145,-4.08526271093166,"10908674"
71.44425,226.884,2.98993741903363,0.0177116013056544,0.0889805808498064,-4.0854003067835,"10787033"
16.3343,41.2664888888889,2.98982442666762,0.0177146226187066,0.0889805808498064,-4.08542548357227,"10907990"
993.52815,576.216666666667,2.98971556393588,0.0177175340180504,0.0889805808498064,-4.08544974108334,"10738469"
-32.24162,61.9237111111111,-2.98951537257605,0.0177228891928748,0.0889921768443874,-4.08549435129832,"10808900"
-176.400875,201.880211111111,-2.98927779653798,0.0177292466110955,0.0890088005665136,-4.08554729602973,"10921687"
-36.89304,51.1563333333333,-2.98909351270962,0.0177341795955879,0.0890182685061003,-4.08558836722419,"10711651"
-14.659075,32.9103555555556,-2.98887820892692,0.0177399447499734,0.0890319096247591,-4.08563635495081,"10781285"
23.29541,32.5045555555556,2.98857310698235,0.0177481177663002,0.0890576283793701,-4.0857043630265,"10929983"
23.73923,32.3008888888889,2.98841036226592,0.0177524789502536,0.0890642143315659,-4.08574064205631,"10738538"
179.223,611.451666666667,2.98781686910683,0.0177683926830854,0.0891287472259024,-4.08587295984474,"10704486"
16.7958,46.5728,2.98725633170114,0.017783436426388,0.0891744439776866,-4.08599795383261,"10886364"
-35.23042,68.3870555555556,-2.98724995884589,0.0177836075379613,0.0891744439776866,-4.08599937504459,"10783524"
23.36911,41.9829111111111,2.98712198621386,0.0177870439751777,0.0891763690905856,-4.08602791487925,"10882490"
-32.150285,68.7300444444444,-2.98554613656828,0.0178294169890963,0.0893734708166538,-4.08637945116758,"10713382"
16.125489,21.64107,2.98504174655534,0.0178430017799212,0.0894262230225799,-4.08649200741075,"10709473"
106.05005,426.895555555556,2.98482575324555,0.0178488224547103,0.0894400513193664,-4.08654021268459,"10867979"
110.26655,151.322455555556,2.98345209750198,0.0178858866971454,0.0895998505740373,-4.08684686411698,"10757768"
74.54385,187.203,2.98341657173086,0.0178868463253161,0.0895998505740373,-4.08685479662657,"10882201"
-167.996825,220.265344444444,-2.98285443293699,0.0179020380688413,0.0896546142378175,-4.08698032822376,"10710718"
363.72185,976.320555555556,2.98278495651319,0.0179039165969545,0.0896546142378175,-4.08699584465217,"10725823"
473.88985,1233.05111111111,2.9824053953156,0.0179141829397049,0.0896906495973502,-4.08708061968521,"10707175"
310.28165,732.962555555556,2.98180254234316,0.0179305014925433,0.0897457640779157,-4.08721528856476,"10737019"
-103.33155,632.182666666667,-2.98171434324763,0.017932890243619,0.0897457640779157,-4.08723499322631,"10921141"
35.511065,95.7371555555556,2.98143156357629,0.017940551181455,0.0897457640779157,-4.08729817318534,"10780082"
35.511065,95.7371555555556,2.98143156357629,0.017940551181455,0.0897457640779157,-4.08729817318534,"10780085"
35.511065,95.7371555555556,2.98143156357629,0.017940551181455,0.0897457640779157,-4.08729817318534,"10783518"
-53.89195,151.361822222222,-2.98101459066339,0.0179518538535013,0.0897783805361509,-4.08739134587093,"10771012"
164.2871,293.984888888889,2.98096429832852,0.0179532176043059,0.0897783805361509,-4.08740258456105,"10856797"
-62.06395,163.693222222222,-2.98053579896629,0.01796484138217,0.0898211323187944,-4.08749834762215,"10775851"
-278.9154,513.662,-2.98012835522692,0.017975901275008,0.0898610506242445,-4.08758941749779,"10831567"
94.1703,214.811666666667,2.97998821503364,0.0179797069650899,0.0898646979090056,-4.08762074376271,"10890236"
-315.41745,489.060666666667,-2.9797156374689,0.0179871115734613,0.0898749115431969,-4.0876816785445,"10711715"
-273.06115,841.083888888889,-2.97961050096831,0.0179899684718719,0.0898749115431969,-4.08770518328371,"10856914"
-34.016075,129.304344444444,-2.97957328881149,0.0179909797598623,0.0898749115431969,-4.08771350277649,"10844441"
-108.2349,480.237,-2.97924990095003,0.017999770737285,0.089880468955748,-4.08778580660131,"10777137"
104.62835,357.494888888889,2.97919382318442,0.0180012956115802,0.089880468955748,-4.08779834537733,"10714348"
-13.2914925,20.06125,-2.97919284906905,0.0180013221010502,0.089880468955748,-4.08779856318787,"10728466"
839.132,2301.24555555556,2.97781510238699,0.0180388284071967,0.0900523467340813,-4.08810669428443,"10856053"
-723.037500000001,3300.06,-2.97755353259718,0.0180459583098059,0.0900634106177058,-4.08816520963882,"10878895"
31.271065,51.4878111111111,2.97750760774566,0.0180472104386955,0.0900634106177058,-4.08817548392814,"10818087"
-11.930135,36.4769777777778,-2.97681331958856,0.0180661510700181,0.0901425341348435,-4.088330828541,"10701134"
20.008566,15.78923,2.97647006834133,0.0180755228478343,0.0901611762416786,-4.08840764282982,"10842239"
-92.54524,138.378122222222,-2.97645040971974,0.0180760597401079,0.0901611762416786,-4.0884120423837,"10900161"
-24.42615,68.9060333333333,-2.97631931777423,0.0180796403887574,0.0901627807980919,-4.08844138117767,"10718696"
55.421485,52.7654111111111,2.97621266670064,0.0180825540047929,0.0901627807980919,-4.08846525095167,"10798501"
20.844815,35.0140222222222,2.97604922038501,0.0180870201690065,0.0901696599347025,-4.08850183378404,"10827665"
139.3264,628.490444444444,2.97583790038359,0.0180927961858988,0.0901830656500335,-4.08854913467479,"10840817"
-147.13575,484.902333333333,-2.97568234968632,0.0180970490881925,0.0901888761621387,-4.08858395450417,"10885382"
356.01165,711.047,2.97521852387228,0.0181097367152786,0.0902367130138407,-4.08868779181187,"10710886"
-60.42075,231.626333333333,-2.97461111543071,0.0181263659801568,0.0903041704884552,-4.0888237968876,"10891830"
172.7635,198.143777777778,2.97420112344836,0.0181375995007854,0.0903447283573647,-4.08891561357599,"10915785"
-16.24949,75.8110444444444,-2.97362418753879,0.018153419482521,0.090408114006541,-4.08904483771035,"10912396"
-110.47515,433.157333333333,-2.97336211730931,0.0181606103837079,0.0904233031545878,-4.08910354514156,"10885500"
-149.23585,710.494555555556,-2.9732874473793,0.0181626597833614,0.0904233031545878,-4.08912027317711,"10786755"
34.887165,46.9621666666667,2.97304336447147,0.0181693605950407,0.0904285709835273,-4.08917495702959,"10791248"
815.3955,2504.35,2.9730234047825,0.0181699086627407,0.0904285709835273,-4.08917942895109,"10900306"
-255.5059,402.438222222222,-2.9728764640458,0.0181739439995813,0.090433248169608,-4.08921235157293,"10803315"
-171.44395,324.778888888889,-2.97211997952128,0.0181947336386766,0.0905027926526191,-4.08938186968626,"10913469"
120.97047,92.9233333333333,2.97202488704689,0.0181973487162361,0.0905027926526191,-4.08940318159745,"10796347"
-213.1955,457.006444444444,-2.97201364948193,0.0181976577792564,0.0905027926526191,-4.08940570017878,"10932475"
1584.601,4981.17111111111,2.97180638157533,0.0182033591817441,0.0905027926526191,-4.08945215505064,"10872531"
59.30605,159.754444444444,2.97176820630453,0.0182044094876222,0.0905027926526191,-4.08946071160032,"10900411"
-380.92085,501.881444444444,-2.9716919542413,0.0182065075792237,0.0905027926526191,-4.0894778029451,"10812498"
217.7339,770.531222222222,2.97138303169087,0.0182150102298311,0.0905296544495212,-4.08954705002501,"10725701"
-69.46525,177.360555555556,-2.97118884553484,0.0182203570457595,0.0905332159748951,-4.08959058172873,"10866459"
-284.04965,425.038111111111,-2.97107473894366,0.018223499675739,0.0905332159748951,-4.08961616286978,"10912088"
-207.36325,1105.86255555556,-2.97101940916564,0.0182250237265817,0.0905332159748951,-4.08962856739307,"10736486"
60.536,182.404888888889,2.97075772964473,0.0182322334532776,0.0905536327956566,-4.08968723701396,"10774964"
244.7782,513.074111111111,2.9705761216684,0.01823723881829,0.0905630961817992,-4.08972795720234,"10776976"
44.536795,84.6629111111111,2.97043775258037,0.018241053422333,0.0905666442352204,-4.08975898397042,"10880429"
8.203357,13.9861044444444,2.9702808958407,0.018245378706531,0.0905727261737632,-4.08979415794916,"10794116"
40.561905,45.0238333333333,2.97004715924342,0.0182518259179784,0.0905893378130855,-4.08984657500409,"10896605"
48.27675,149.620333333333,2.96985573994821,0.0182571076513422,0.0905968547328742,-4.08988950507808,"10705329"
336.0706,752.436111111111,2.96976750867661,0.0182595427078511,0.0905968547328742,-4.08990929382118,"10876103"
-11.6945,30.7421444444444,-2.96954047167596,0.0182658101609162,0.09061256207183,-4.08996021689081,"10805685"
100.88455,454.843777777778,2.9690643155606,0.0182789619424248,0.0906624098787775,-4.09006702812927,"10867848"
231.791585,194.540822222222,2.96786812216707,0.0183120452759848,0.090792975868854,-4.09033543092643,"10822852"
83.07585,181.758,2.96783738449204,0.0183128962159179,0.090792975868854,-4.09034232924492,"10779546"
112.25685,238.421333333333,2.96777549570637,0.0183146096664324,0.090792975868854,-4.09035621887645,"10836923"
-136.627585,130.153888888889,-2.9676108381444,0.0183191691835955,0.0908001711112247,-4.09039317415071,"10826056"
-889.8591,953.347666666667,-2.96725061030761,0.0183291483477658,0.0908342221936609,-4.0904740295552,"10796016"
161.11393,146.180811111111,2.96692199376862,0.0183382567493951,0.0908639471975627,-4.09054779785938,"10815120"
-29.960025,52.0463333333333,-2.96640657020932,0.018352552469196,0.0909049151942705,-4.09066351673029,"10788230"
87.83599,174.502977777778,2.96639951134692,0.0183527483335321,0.0909049151942705,-4.09066510166542,"10803520"
61.524245,113.294988888889,2.9658213146292,0.0183687991334096,0.0909689943860702,-4.09079493723008,"10718539"
-61.0711,265.878888888889,-2.96544492916608,0.0183792554986868,0.0910053508709554,-4.09087946865771,"10767663"
432.2388,418.830333333333,2.9653321713701,0.0183823892314938,0.0910054429772682,-4.09090479464755,"10798457"
51.53925,161.009333333333,2.96468824832954,0.0184002956390622,0.0910662807479324,-4.09104944089121,"10885593"
320.7705,1377.24666666667,2.964666080459,0.0184009124137415,0.0910662807479324,-4.09105442106071,"10867099"
19.425085,35.2325111111111,2.96441268764474,0.0184079640712969,0.0910733952994755,-4.09111135010129,"10741422"
-68.650605,77.3559,-2.96439038379321,0.0184085848991375,0.0910733952994755,-4.09111636126818,"10743168"
-188.7728,567.208777777778,-2.96405431217678,0.0184179420982869,0.091104260152278,-4.09119187328899,"10789508"
-45.7564,177.447222222222,-2.96316652938945,0.018442684386455,0.0911967839802495,-4.09139138905433,"10810365"
372.21835,1057.15477777778,2.9631591430718,0.0184428903866404,0.0911967839802495,-4.09139304925868,"10896335"
200.3861,280.713888888889,2.96197616040205,0.0184759140836203,0.0913446190622581,-4.09165899668766,"10766795"
-92.3396999999999,432.055333333333,-2.96185375408957,0.0184793346503314,0.0913460714847344,-4.0916865207897,"10899913"
-250.7036,456.931777777778,-2.96166557535852,0.0184845944734675,0.0913503633510661,-4.09172883651109,"10862561"
58.96057,110.290377777778,2.96159896198902,0.0184864567718047,0.0913503633510661,-4.0917438164677,"10725768"
49.7162000000001,354.037888888889,2.96143504978771,0.018491040069613,0.091357558700097,-4.09178067827859,"10844747"
-130.92203,124.624511111111,-2.96114908141989,0.0184990391276663,0.0913762077132469,-4.09184499369015,"10770680"
68.0206,173.893777777778,2.96107648594068,0.0185010703301108,0.0913762077132469,-4.09186132164815,"10907529"
-84.1402499999999,363.490333333333,-2.9604938895163,0.0185173796491066,0.0914412997074036,-4.09199237140894,"10765720"
102.61165,360.326777777778,2.9601997773177,0.0185256187772886,0.0914519206968209,-4.09205853867019,"10836517"
-139.9936,265.475222222222,-2.96019362066449,0.0185257912878684,0.0914519206968209,-4.09205992381744,"10731095"
-47.12815,277.324555555556,-2.95996481759893,0.0185322035806636,0.0914625794181649,-4.09211140276094,"10801518"
35.36172,102.7227,2.95989316930862,0.0185342120269575,0.0914625794181649,-4.0921275238642,"10802338"
12.0320626,10.8718957777778,2.95959913146555,0.0185424568787106,0.0914878120680037,-4.09219368727522,"10863410"
-87.2324,377.762444444444,-2.959326800981,0.0185500964648545,0.09151005034182,-4.09225497179185,"10804772"
125.696225,176.437388888889,2.95904696382278,0.0185579500515963,0.0915333366211944,-4.09231795122287,"10856043"
16.48054,26.8467444444444,2.95885888562304,0.0185632303851576,0.0915439251303166,-4.09236028282684,"10777692"
8.859275,26.4100555555556,2.95824929613102,0.0185803555022497,0.0915931321476219,-4.0924975035934,"10844733"
53.217385,102.253811111111,2.95819299214727,0.0185819380733231,0.0915931321476219,-4.09251017918747,"10911997"
517.133,1508.13888888889,2.95816893509501,0.0185826143026958,0.0915931321476219,-4.09251559517007,"10929122"
1138.986,3694.42,2.95791741380588,0.018589685952502,0.0916004550095231,-4.09257222287726,"10878428"
153.3262,803.516777777778,2.95786850342992,0.0185910614185637,0.0916004550095231,-4.09258323513465,"10860188"
-41.768675,158.079144444444,-2.95776988955904,0.0185938349775437,0.0916004550095231,-4.09260543875185,"10803774"
-198.60755,449.585777777778,-2.95759353455212,0.0185987961161417,0.0916004550095231,-4.0926451481086,"10780889"
288.4211,1094.05855555556,2.95753888085492,0.018600333889108,0.0916004550095231,-4.09265745478682,"10894234"
-14.461665,32.2609333333333,-2.95744722872457,0.0186029129722565,0.0916004550095231,-4.09267809309765,"10756455"
389.0405,1833.19888888889,2.95678570770584,0.0186215391773166,0.0916760889111517,-4.09282707316928,"10833944"
56.44305,197.451,2.95667886072373,0.0186245494518959,0.0916760889111517,-4.09285113899671,"10770744"
92.32833,161.557233333333,2.9563937432512,0.0186325847486645,0.0917001905066519,-4.09291536189755,"10700015"
-28.52475,126.830733333333,-2.95582770377267,0.0186485478148979,0.0917277249332372,-4.09304288022877,"10816267"
184.3346,565.401888888889,2.95581463218359,0.0186489166194678,0.0917277249332372,-4.09304582529439,"10940465"
43.6136,155.106222222222,2.9557318139341,0.018651253447714,0.0917277249332372,-4.09306448476734,"10705539"
640.9982,850.364888888889,2.95550312216558,0.018657707878755,0.0917277249332372,-4.09311601305903,"10817531"
640.9982,850.364888888889,2.95550312216558,0.018657707878755,0.0917277249332372,-4.09311601305903,"10825146"
13.051211,23.0252022222222,2.95546732649494,0.018658718360595,0.0917277249332372,-4.09312407880047,"10877858"
7.60455000000001,22.7812,2.95524971923227,0.0186648624592611,0.0917277249332372,-4.093173113665,"10769231"
-35.000525,117.562811111111,-2.95514570928632,0.0186677999047093,0.0917277249332372,-4.09319655212411,"10761225"
428.03195,671.564222222222,2.95505668284176,0.0186703145693708,0.0917277249332372,-4.0932166147038,"10759483"
60.94549,126.260144444444,2.95501864173067,0.0186713891963997,0.0917277249332372,-4.09322518764538,"10711711"
71.0489,122.051388888889,2.95491929424132,0.0186741959773195,0.0917277249332372,-4.09324757708465,"10753172"
29.9122,47.3252111111111,2.9548604827487,0.0186758577361161,0.0917277249332372,-4.09326083147117,"10823970"
338.304000000001,1437.52333333333,2.95471577078108,0.0186799473276784,0.0917323888436371,-4.09329344638026,"10756721"
80.3828,189.382888888889,2.95449156757731,0.0186862852023694,0.0917338938627984,-4.0933439798882,"10878936"
211.51145,402.710888888889,2.95448277024173,0.0186865339350145,0.0917338938627984,-4.09334596280802,"10798199"
-27.86505,136.772333333333,-2.95422799697094,0.0186937387986032,0.0917462651978701,-4.09340339116184,"10729460"
-254.0368,892.016555555556,-2.9541715670405,0.0186953350011269,0.0917462651978701,-4.09341611165276,"10700014"
22.41235,138.560444444444,2.95364662399196,0.018710190587175,0.0917943280828543,-4.09353445595876,"10745249"
-48.93821,69.3289444444444,-2.95346230802646,0.0187154095410001,0.0917943280828543,-4.09357601331661,"10830498"
84.4883500000001,409.992777777778,2.95315501759714,0.0187241139222329,0.0917943280828543,-4.09364530299038,"10938101"
116.32601,128.711688888889,2.95311090947385,0.0187253636856122,0.0917943280828543,-4.09365524931727,"10863430"
7.661242,16.5431044444444,2.95309323252949,0.0187258645700865,0.0917943280828543,-4.09365923548601,"10713116"
637.408500000001,5476.98666666667,2.95301659740991,0.0187280362235042,0.0917943280828543,-4.09367651704603,"10754991"
30.93627,102.881433333333,2.95297077557332,0.0187293348286173,0.0917943280828543,-4.0936868502783,"10793918"
-48.2373000000001,182.169,-2.95293792230748,0.0187302659581671,0.0917943280828543,-4.09369425907656,"10848499"
953.0493,1374.29366666667,2.95238587681401,0.018745919289062,0.0918556333630756,-4.09381876360274,"10842143"
577.7079,1419.87866666667,2.95179932203198,0.018762566076726,0.0919217852365376,-4.09395107545452,"10879915"
29.962895,89.1646222222222,2.95023777508997,0.0188069588950866,0.092123825815067,-4.09430344299969,"10906643"
9.08714,21.0861888888889,2.94997273762825,0.0188145044370722,0.0921453365674146,-4.09436326710455,"10707788"
218.63635,581.273111111111,2.94976295954114,0.0188204789970239,0.0921591474051385,-4.0944106217245,"10802040"
40.34495,185.777888888889,2.94935173894492,0.0188321964538938,0.0922010704213262,-4.09450345862372,"10779620"
-232.6607,351.370444444444,-2.94923413539168,0.0188355488866014,0.0922020316979176,-4.09453001099301,"10880539"
56.474445,101.743033333333,2.94873521518482,0.0188497781328869,0.09225622690135,-4.09464266772282,"10770159"
-14.817025,32.4376555555556,-2.94845484915299,0.0188577791114312,0.0922616192399642,-4.09470598264142,"10809476"
-249.14345,788.127777777778,-2.94822105682377,0.0188644536934592,0.0922616192399642,-4.09475878422443,"10729590"
-27.502425,103.1781,-2.94818627580847,0.0188654468736774,0.0922616192399642,-4.09476663979543,"10883377"
-20.414265,32.7511333333333,-2.94816830895984,0.0188659599426849,0.0922616192399642,-4.09477069778669,"10792680"
162.93995,283.295555555556,2.94814342560905,0.0188666705462979,0.0922616192399642,-4.09477631797753,"10813472"
-313.78025,1166.63611111111,-2.9474803987607,0.0188856151404548,0.0923388051402922,-4.09492608683233,"10752807"
14.364508,14.2654177777778,2.94709798938774,0.0188965506944622,0.0923702239496492,-4.0950124825371,"10719728"
-141.560999999999,1393.26,-2.94703457443287,0.0188983647753493,0.0923702239496492,-4.09502681056885,"10940380"
73.4688,175.464,2.94674483086284,0.0189066556382919,0.092395289029284,-4.09509227921901,"10731413"
128.8996,743.459111111111,2.94651018924743,0.0189133725645868,0.0924097343783638,-4.09514530185813,"10782852"
-9.81336899999999,10.5989666666667,-2.94634686894123,0.0189180492918088,0.0924097343783638,-4.09518221018441,"10844717"
-61.1060999999999,230.440333333333,-2.9463101414424,0.0189191011609843,0.0924097343783638,-4.09519051040292,"10714634"
14.288018,17.5300622222222,2.94605966343917,0.0189262764326101,0.0924181649226631,-4.09524711971442,"10736193"
89.9727,655.780666666667,2.94602903115354,0.0189271541292631,0.0924181649226631,-4.09525404308157,"10701381"
31.97483,92.2915555555556,2.94587868041813,0.0189314626936685,0.0924237552026789,-4.09528802564901,"10783430"
-28.655055,75.2928,-2.94548827648836,0.018942655176689,0.0924629454188458,-4.09537627320061,"10789470"
-20.542695,61.0984333333333,-2.94495230571981,0.0189580321438879,0.0925196424446207,-4.09549744301075,"10721728"
-25.616635,95.5614888888889,-2.94483575141079,0.0189613778009157,0.0925196424446207,-4.0955237958445,"10893267"
21.217235,43.6215222222222,2.94472034528853,0.0189646911057009,0.0925196424446207,-4.09554989004941,"10802710"
93.7693300000001,124.074177777778,2.94459393193422,0.0189683211199238,0.0925196424446207,-4.09557847418714,"10733942"
-37.189775,109.910811111111,-2.94446567858744,0.0189720047101446,0.0925196424446207,-4.09560747556732,"10903387"
89.42338,172.586344444444,2.94442154920837,0.01897327233127,0.0925196424446207,-4.095617454632,"10931692"
-109.39425,627.055333333333,-2.94393441317508,0.0189872712308159,0.092572453560924,-4.09572762110474,"10836661"
24.75604,99.2076444444444,2.94278246165934,0.019020417858447,0.0927185862367215,-4.09598820528148,"10748021"
-14.006385,21.6741,-2.94231971362182,0.0190337500883809,0.0927680972776041,-4.09609291122569,"10807929"
-225.20365,852.622888888889,-2.94160545350416,0.0190543477448071,0.0928433281813136,-4.09625455740205,"10751698"
161.42365,891.766444444444,2.941564075012,0.019055541718873,0.0928433281813136,-4.09626392302161,"10932236"
-60.3409175,47.4743744444444,-2.94076288065217,0.0190786755080779,0.0929405413194908,-4.09644529016748,"10772490"
802.61355,1079.00633333333,2.94004067441189,0.0190995536563521,0.0930203400197732,-4.09660881676956,"10798497"
78.80155,122.456811111111,2.9399759940468,0.019101424651832,0.0930203400197732,-4.0966234639694,"10711017"
13.34995,35.0641111111111,2.93932349452469,0.0191203100512121,0.0930538386323537,-4.09677124287088,"10776641"
23.816955,48.2183333333333,2.93932259919946,0.0191203359781133,0.0930538386323537,-4.09677144566656,"10772861"
142.970995,77.9869944444444,2.93931177392959,0.0191206494600599,0.0930538386323537,-4.09677389764934,"10737163"
18.287785,38.7644444444444,2.93929813337615,0.0191210444755946,0.0930538386323537,-4.0967769873214,"10782801"
527.2122,1292.29933333333,2.93893269652053,0.0191316302929255,0.0930898479975894,-4.09685976613732,"10731729"
-219.71735,223.018444444444,-2.93837704887301,0.0191477377534022,0.0931494358885582,-4.09698565017238,"10707790"
-100.8606,392.211666666667,-2.93829030159263,0.0191502537121476,0.0931494358885582,-4.09700530511994,"10749874"
518.436,2271.73,2.93802645103515,0.0191579083698023,0.0931582504687568,-4.09706509098402,"10739395"
-28.800995,50.5910777777778,-2.93800800910748,0.0191584435139416,0.0931582504687568,-4.09706926992765,"10724211"
34.865975,68.4974888888889,2.93770269703433,0.019167305261043,0.0931591023210382,-4.09713845728985,"10702829"
-143.6528,477.810111111111,-2.93769416088471,0.0191675530859233,0.0931591023210382,-4.09714039178087,"10700040"
56.3644,117.218744444444,2.93767238678213,0.0191681852554173,0.0931591023210382,-4.09714532632547,"10805765"
132.61343,171.663922222222,2.93731877631084,0.0191784547008386,0.0931935089205422,-4.09722546794754,"10898661"
189.141595,158.381911111111,2.9371492922263,0.0191833788363107,0.0932019340302648,-4.09726388273504,"10763021"
19.178235,30.3071,2.93639328395512,0.0192053596972296,0.0932932122040017,-4.09743526293013,"10701608"
49.25976,145.019966666667,2.93558596888361,0.0192288612623193,0.0933918458715536,-4.09761831986904,"10742876"
24.87684,35.7531333333333,2.93499548852289,0.0192460695650236,0.093459886348504,-4.09775224006288,"10926390"
-281.872075,262.881322222222,-2.93480966046399,0.0192514884484938,0.093470663708542,-4.09779439088283,"10881955"
19.328112,25.65151,2.93465075737213,0.0192561234403026,0.0934776321344302,-4.09783043638805,"10784579"
-68.461175,113.165411111111,-2.93413202009193,0.0192712624075959,0.09353558065717,-4.09794811931635,"10720572"
807.567999999999,2541.21111111111,2.9334283762843,0.0192918175483031,0.0936197936638085,-4.09810778223687,"10919375"
-78.9027999999998,533.618888888889,-2.93217178532395,0.0193285824274459,0.0937826286389976,-4.09839300337361,"10819338"
86.881675,81.1122777777778,2.93188998484962,0.0193368372534674,0.0938071012160075,-4.0984569822554,"10782927"
97.69895,240.644555555556,2.93166981921779,0.0193432891546485,0.0938111133624648,-4.09850697182607,"10940413"
-853.6045,1811.31422222222,-2.93164261125952,0.0193440866329667,0.0938111133624648,-4.09851314975714,"10911145"
-109.0401,561.332333333333,-2.93037168873987,0.0193813761564895,0.0939575154760857,-4.09880178978573,"10715519"
18.00065,36.8622888888889,2.9303465201212,0.0193821153720941,0.0939575154760857,-4.09880750703436,"10898052"
-534.45125,1329.09411111111,-2.93016076692726,0.0193875719492727,0.0939575154760857,-4.09884970375176,"10797475"
13.97633,28.4356222222222,2.9300877674782,0.0193897167761665,0.0939575154760857,-4.09886628739579,"10886599"
-52.03635,527.607333333333,-2.93006601231828,0.0193903560212679,0.0939575154760857,-4.09887122969755,"10903845"
-32.4291,178.078666666667,-2.9297035652893,0.0194010092515117,0.0939935463140404,-4.09895357489164,"10930918"
11.772665,34.6796555555556,2.92931214614594,0.0194125208894516,0.0940328186444191,-4.09904251306968,"10716430"
-29.245025,96.9462111111111,-2.9291105635691,0.0194184522076367,0.0940328186444191,-4.09908832097296,"10895394"
69.22035,253.053,2.92889463921838,0.0194248076077872,0.0940328186444191,-4.09913739120217,"10745347"
20.22449,36.9587222222222,2.92888099883764,0.0194252091640676,0.0940328186444191,-4.0991404911824,"10795415"
20.22449,36.9587222222222,2.92888099883764,0.0194252091640676,0.0940328186444191,-4.0991404911824,"10841589"
36.3012,212.885666666667,2.92872905493193,0.0194296827929103,0.0940388921656859,-4.09917502361999,"10875311"
155.52895,472.604777777778,2.92827430775797,0.0194430781578189,0.0940881373699723,-4.09927838448957,"10899496"
-50.1919,154.308888888889,-2.92789164208733,0.0194543576867021,0.0941271290923013,-4.09936537339843,"10788782"
-11.564715,34.0895666666667,-2.927489396524,0.0194662217008144,0.0941636268472707,-4.09945682476894,"10825169"
95.796,443.914,2.92741734629348,0.0194683475784732,0.0941636268472707,-4.09947320678338,"10751709"
103.11705,332.75,2.92704556695765,0.0194793209533693,0.094186872231407,-4.09955774401666,"10702880"
16.380627,18.1272266666667,2.92699732396388,0.0194807453571819,0.094186872231407,-4.0995687145118,"10728930"
-256.8293,857.811444444444,-2.92692687291504,0.0194828256621617,0.094186872231407,-4.09958473544066,"10762085"
157.3457,256.392222222222,2.92635597458889,0.0194996918944974,0.0942347604747078,-4.09971457396571,"10905827"
-815.435999999999,1820.5,-2.926286639467,0.0195017413190974,0.0942347604747078,-4.09973034436099,"10901231"
-288.682,1417.18888888889,-2.92623298020015,0.0195033275468302,0.0942347604747078,-4.09974254949569,"10812127"
332.28575,273.540555555556,2.92615495940115,0.0195056341682261,0.0942347604747078,-4.09976029618661,"10798505"
-1399.495,4940.00222222222,-2.92547767639082,0.0195256694253857,0.0943146718245049,-4.09991437029113,"10878780"
-74.8105,410.173888888889,-2.92517190968353,0.0195347215756124,0.0943146718245049,-4.09998393964323,"10926113"
888.922,2032.51444444444,2.9251682358067,0.0195348303664127,0.0943146718245049,-4.09998477558081,"10868506"
30.643185,61.1675333333333,2.925130945671,0.0195359346371899,0.0943146718245049,-4.09999326046786,"10920988"
133.77526,123.711311111111,2.92505050189312,0.019538317035733,0.0943146718245049,-4.1000115647515,"10721394"
250.3358,736.739555555556,2.92444374301438,0.019556296368863,0.0943858652106333,-4.10014964264283,"10824070"
-351.04765,687.999222222222,-2.92366398200917,0.0195794273497547,0.0944586696515147,-4.10032712933497,"10748440"
-54.93405,152.029666666667,-2.92363797358369,0.019580199359295,0.0944586696515147,-4.10033305005169,"10822989"
-1011.498,4227.38333333333,-2.92356501530112,0.019582365153161,0.0944586696515147,-4.10034965898319,"10903267"
9.417496,16.9832577777778,2.92349935755684,0.0195843144409949,0.0944586696515147,-4.10036460628046,"10876461"
-17.976185,76.4567444444444,-2.92335488366356,0.0195886043827234,0.0944637650110403,-4.10039749755297,"10791561"
-19.15699,60.6329222222222,-2.9232417504124,0.019591964392599,0.0944643749406481,-4.10042325480027,"10704918"
61.2271000000001,390.329444444444,2.92310077082976,0.0195961522663358,0.0944664021660287,-4.10045535317462,"10765744"
-140.6403,205.286,-2.92291831636628,0.0196015735568091,0.0944664021660287,-4.10049689673908,"10843475"
54.57274,57.4020111111111,2.92290108478328,0.0196020856414892,0.0944664021660287,-4.10050082037136,"10741028"
146.8887,814.631666666667,2.92194582861191,0.0196304955430509,0.0945863186100812,-4.10071836604773,"10760203"
188.3304,412.524,2.92174674466565,0.0196364218156169,0.0945863186100812,-4.10076371287744,"10898573"
796.726999999999,2152.71888888889,2.92173801202035,0.019636681809069,0.0945863186100812,-4.10076570204297,"10836067"
-15.63912,80.2042,-2.92136928115963,0.0196476631512656,0.0946236121498637,-4.10084969846261,"10706724"
31.378688,28.7455955555556,2.92035408840794,0.0196779301045181,0.0947537580473696,-4.10108100918958,"10748857"
43.022,361.506888888889,2.91909566667305,0.019715516054076,0.0949021969896083,-4.10136784350046,"10778718"
-97.9406999999999,350.402,-2.91899455690981,0.0197185391937358,0.0949021969896083,-4.10139089462959,"10874425"
-133.4131,258.512888888889,-2.91894249681299,0.0197200959570031,0.0949021969896083,-4.10140276364504,"10835268"
108.8576,363.525555555556,2.91888714999161,0.019721751144106,0.0949021969896083,-4.10141538220658,"10891612"
104.97575,261.220888888889,2.9180320677888,0.0197473413801257,0.0950096889128773,-4.10161036132921,"10876045"
-132.6062,518.091111111111,-2.91789402450957,0.0197514758704567,0.0950139331598092,-4.10164184347369,"10708432"
-650.0158,730.890888888889,-2.91772903580421,0.0197564185763675,0.0950144734689548,-4.10167947260944,"10863679"
16.591195,29.0356444444444,2.91767315582794,0.0197580929117512,0.0950144734689548,-4.10169221765932,"10705184"
824.2695,1990.47,2.91755973574701,0.0197614917790686,0.0950151778857325,-4.10171808709795,"10926965"
16.986075,37.2614666666667,2.91695112908645,0.0197797403306885,0.0950488655298395,-4.10185691723531,"10835912"
18.202975,51.0784111111111,2.91690336117028,0.0197811733528503,0.0950488655298395,-4.10186781478347,"10865777"
50.446105,48.1150111111111,2.91678373232584,0.0197847626538765,0.0950488655298395,-4.1018951070748,"10715200"
-152.5264,449.174888888889,-2.91676463061205,0.0197853358375997,0.0950488655298395,-4.1018994650628,"10716712"
51.5582,186.837555555556,2.91668142094989,0.0197878329054037,0.0950488655298395,-4.10191844936059,"10866012"
13.782915,56.8337,2.91667520524072,0.0197880194479525,0.0950488655298395,-4.10191986749585,"10856928"
-120.8844,1001.304,-2.9164614484736,0.0197944357156708,0.0950640547423323,-4.10196863854195,"10855163"
160.50983,206.788122222222,2.91545189460697,0.0198247684357124,0.0951940803880512,-4.10219902469401,"10932912"
49.180685,95.6451222222222,2.91491249217941,0.0198409949611607,0.0952563396541246,-4.10232214989719,"10863898"
10.337572,13.3075544444444,2.91407703739748,0.0198661547365875,0.0953614598216675,-4.102512894442,"10701510"
-288.09975,648.179666666667,-2.91340068727364,0.0198865473771416,0.0954362126884148,-4.102667350629,"10904653"
-38.4678,163.208,-2.91334387867033,0.0198882612051437,0.0954362126884148,-4.10268032536538,"10744958"
1150.984,3760.48444444444,2.91315003228797,0.0198941104085483,0.0954486026400608,-4.10272460045626,"10892702"
-83.823425,158.062144444444,-2.91287320679423,0.0199024665620308,0.0954730144734265,-4.10278783296078,"10904769"
-363.3882,726.933333333333,-2.91269673319466,0.0199077954355674,0.0954828986791442,-4.10282814598509,"10872808"
101.36245,280.804777777778,2.91239165924154,0.0199170110825446,0.0955114185432465,-4.1028978413749,"10910762"
-154.41625,1126.34255555556,-2.91193877117816,0.0199307000703523,0.095538528919096,-4.1030013179823,"10896380"
41.5123,65.3192111111111,2.9119338059332,0.0199308502040016,0.095538528919096,-4.10300245253227,"10897419"
29.9445,99.3932666666667,2.911880062585,0.0199324753119015,0.095538528919096,-4.10301473290995,"10753470"
21.858455,31.9091888888889,2.91168353584738,0.0199384191216209,0.0955513412432795,-4.1030596411404,"10851486"
76.38925,204.290777777778,2.91129991378454,0.0199500268077347,0.0955912880369298,-4.10314731052518,"10830970"
14.32425,37.4821333333333,2.9106156060334,0.0199707501377509,0.0956748925097169,-4.10330372236243,"10812118"
23.34001,51.4879777777778,2.91026604674696,0.0199813447052177,0.0957099531428479,-4.10338363406987,"10898245"
118.5302,220.404888888889,2.90983947321311,0.0199942813689011,0.0957486966780745,-4.10348116381057,"10785063"
-16.859285,31.3264444444444,-2.90977444196167,0.0199962543320117,0.0957486966780745,-4.10349603340827,"10765846"
9.73263500000001,45.1724555555556,2.90967519765775,0.0199992656647365,0.0957486966780745,-4.10351872651936,"10848652"
-19.16087,58.7381777777778,-2.9091949486882,0.020013844344881,0.0958027934935856,-4.10362854992268,"10759923"
70.888205,65.1398888888889,2.90899172393393,0.0200200168662693,0.0958166403556998,-4.10367502843763,"10736557"
-14.661175,48.1231222222222,-2.90839970751145,0.0200380093993446,0.0958762308605126,-4.10381044265917,"10720813"
-47.6113999999999,181.390777777778,-2.90836609415462,0.0200390314792322,0.0958762308605126,-4.10381813193755,"10825139"
-129.5154,434.1,-2.90815717817682,0.0200453851942944,0.0958909256699059,-4.10386592469512,"10855512"
48.719975,89.0211222222222,2.90796567981271,0.0200512110319464,0.0959030908787299,-4.10390973569149,"10700473"
-1354.70675,2178.14411111111,-2.90766229135754,0.0200604444388025,0.0959315475258103,-4.10397915036037,"10706117"
763.2625,1599.68777777778,2.90711899450836,0.0200769903351126,0.0959817519365917,-4.10410347230654,"10787960"
-683.42875,1182.86188888889,-2.90710181607265,0.0200775137291885,0.0959817519365917,-4.10410740357666,"10743387"
13.214765,28.9307888888889,2.90668551444693,0.0200902019833458,0.0960259779984635,-4.10420268040147,"10736867"
40.5242,123.527555555556,2.9065200511506,0.0200952473742024,0.0960259779984635,-4.10424055263859,"10823052"
46.43415,174.742,2.90647484949948,0.0200966259150615,0.0960259779984635,-4.10425089901116,"10928976"
279.20185,390.961111111111,2.90564945292988,0.0201218158134583,0.0961306176900033,-4.1044398531894,"10817046"
-628.352499999999,2132.78222222222,-2.90517498706435,0.0201363106798216,0.0961841367233991,-4.10454849285436,"10940172"
-22.82367,108.260666666667,-2.90479983682035,0.0201477791546511,0.0962231846042142,-4.10463440354925,"10867010"
107.33619,155.842533333333,2.9046515160293,0.0201523152468505,0.0962291169698416,-4.10466837234132,"10871444"
85.336254,50.79177,2.90429632214703,0.0201631824527584,0.0962652740929699,-4.10474972621577,"10799552"
188.92593,173.3805,2.90380515347623,0.0201782198670175,0.096321326012263,-4.1048622389632,"10799084"
-75.9519,249.047,-2.90233816238038,0.0202232021213517,0.0965202788389426,-4.10519838919494,"10791698"
23.020905,94.6549333333333,2.90210215171214,0.0202304486327021,0.0965390928382489,-4.10525248390807,"10810896"
201.97113,180.110766666667,2.90179634994709,0.0202398420374856,0.0965539916115177,-4.10532258107569,"10915751"
-124.5353,783.264777777778,-2.9017506851575,0.0202412451256839,0.0965539916115177,-4.10533304913401,"10793597"
-15.406885,68.6374555555556,-2.90167776221842,0.0202434859526441,0.0965539916115177,-4.10534976608227,"10935064"
-57.9245999999999,213.118333333333,-2.90093520001864,0.0202663186136192,0.0966471158958979,-4.10552001399312,"10881456"
-39.62156,69.3327777777778,-2.90073236972085,0.0202725599922851,0.0966611012917607,-4.10556652404567,"10770117"
-672.007249999999,1025.93011111111,-2.89918490977017,0.0203202433853551,0.096866323997427,-4.10592146312272,"10884917"
20.33819,76.8308555555556,2.89912043999772,0.0203222324837485,0.096866323997427,-4.10593625425354,"10842341"
746.4405,2211.20333333333,2.89877678726587,0.020332838684029,0.0969010684037884,-4.10601510269255,"10796677"
50.830675,78.3501111111111,2.89866871119673,0.020336175439602,0.0969011628270317,-4.10603990167683,"10880343"
-59.2709,193.930777777778,-2.89835620504928,0.0203458270011167,0.096931342141328,-4.10611161367564,"10784239"
36.2839700000001,132.309488888889,2.89800031994491,0.0203568240949582,0.0969679209375689,-4.10619328865102,"10805382"
186.217,490.435111111111,2.89755654089974,0.0203705458294691,0.0970131013150518,-4.10629514801163,"10784307"
29.098025,65.5629555555556,2.89740300457219,0.0203752954411249,0.0970131013150518,-4.10633039210513,"10707935"
9.051433,13.4330511111111,2.89737146358594,0.0203762712969521,0.0970131013150518,-4.10633763251549,"10765965"
-14.195955,37.9490666666667,-2.89703972255252,0.0203865380735174,0.0970461664135141,-4.10641378990746,"10756191"
47.68111,114.630744444444,2.8966470645278,0.0203986970690521,0.0970724188921266,-4.10650394226931,"10894606"
-48.1577,185.220777777778,-2.89664701656376,0.0203986985547602,0.0970724188921266,-4.1065039532823,"10936240"
-106.0959,182.407466666667,-2.89619794396545,0.0204126137188974,0.0971228171309234,-4.10660707188192,"10822929"
10.80141,21.0992666666667,2.89604951354437,0.0204172152196411,0.0971288919437543,-4.10664115853829,"10915192"
22.073425,55.3250111111111,2.89520849109609,0.0204433081800359,0.0972371874261754,-4.10683432735011,"10808012"
119.7954,283.845,2.89465950300593,0.0204603593873415,0.0972831635222011,-4.10696044845349,"10904082"
-47.1209,124.634977777778,-2.89460528388825,0.0204620441991991,0.0972831635222011,-4.1069729056032,"10728159"
-89.5645,325.763555555556,-2.89447166524623,0.0204661968977441,0.0972831635222011,-4.10700360615506,"10877935"
41.69106,71.1809,2.89446853007467,0.0204662943454319,0.0972831635222011,-4.10700432651545,"10897096"
185.8883,782.567222222222,2.89413745860023,0.0204765874540317,0.0973162560406834,-4.10708039998247,"10882399"
164.6399,388.227888888889,2.893952127114,0.0204823518128927,0.0973278181297734,-4.1071229888496,"10853110"
15.26464,30.4155444444444,2.89354061569374,0.0204951570695302,0.0973728278792089,-4.10721756240567,"10889190"
31.419566,32.8931355555556,2.89321279565487,0.0205053640038366,0.0974054803265176,-4.10729291080678,"10716603"
47.989925,88.6034555555556,2.89286065061301,0.0205163342022447,0.0974417472580681,-4.10737385892531,"10878123"
13.58887,27.0351777777778,2.8923188694076,0.0205332239542399,0.0975061125811384,-4.107498416579,"10851023"
8.760146,10.4754522222222,2.89209850086694,0.0205400979645216,0.0975229029636817,-4.10754908627942,"10722347"
127.910555,105.286055555556,2.89186345107471,0.0205474325667474,0.0975418743914461,-4.10760313554967,"10850949"
44.48135,140.141888888889,2.89133641011433,0.0205638884921591,0.0976041329666834,-4.10772434223427,"10831359"
-86.2003,206.156555555556,-2.89111073775642,0.020570938901316,0.0976217363650169,-4.10777624758851,"10901357"
-767.024249999999,1676.46833333333,-2.89086488531531,0.0205786226316561,0.0976423390549297,-4.10783279863303,"10867821"
11.815957,22.6797044444444,2.89041331517136,0.0205927435157683,0.0976779254314606,-4.10793668034894,"10797007"
169.3739,544.952888888889,2.89041119925977,0.0205928097053593,0.0976779254314606,-4.10793716713989,"10905439"
108.0418,433.270777777778,2.89008747519205,0.0206029389922163,0.0977101070971762,-4.10801164758945,"10835406"
128.82101,110.760022222222,2.88930858156222,0.0206273317009372,0.0978099120777763,-4.10819088182968,"10893035"
39.6442000000001,366.705444444444,2.88896381273927,0.0206381384491208,0.0978452737183731,-4.10827023198199,"10872522"
1348.16495,1587.15522222222,2.88863681393405,0.0206483936339716,0.0978780093498049,-4.10834550025305,"10798455"
-161.2052,188.652444444444,-2.88826531868525,0.020660050720954,0.0978974287319224,-4.10843102008863,"10811900"
-16.61916,29.6063666666667,-2.88819794760536,0.0206621654791679,0.0978974287319224,-4.10844653027955,"10746619"
378.24255,1010.101,2.88818590580154,0.0206625434915121,0.0978974287319224,-4.10844930258206,"10881671"
-39.42125,182.473444444444,-2.88724834932683,0.020691997027304,0.0980210801290188,-4.10866518212977,"10871262"
748.263500000001,3666.14555555556,2.88681945422019,0.0207054853978404,0.0980533586825883,-4.10876395977156,"10797763"
43.87225,63.8601777777778,2.88669681272176,0.0207093440435791,0.0980533586825883,-4.10879220744879,"10886858"
88.9927000000001,250.496111111111,2.8866481183557,0.0207108763122109,0.0980533586825883,-4.10880342339017,"10739958"
-19.810755,61.7676,-2.88660489646833,0.0207122364766979,0.0980533586825883,-4.10881337898078,"10706367"
-77.96625,207.575333333333,-2.88609263920165,0.020728363947611,0.0981138082251307,-4.10893138099618,"10798160"
25.046005,53.3873777777778,2.88583413116116,0.020736507547214,0.0981206798966845,-4.1089909373452,"10700112"
34.55362,114.159044444444,2.88581078419944,0.0207372431940105,0.0981206798966845,-4.10899631637136,"10718152"
-59.2942,179.222222222222,-2.88572673419741,0.0207398917766149,0.0981206798966845,-4.10901568140952,"10827382"
-191.8072,214.613755555556,-2.88536115242903,0.0207514160743062,0.0981372343846069,-4.10909991705393,"10818660"
30.85652,126.188488888889,2.88526563204583,0.0207544282760882,0.0981372343846069,-4.10912192801244,"10808407"
85.1005500000001,284.654666666667,2.88520550281775,0.0207563246631873,0.0981372343846069,-4.10913578405374,"10716884"
17.25702,28.0719666666667,2.88518954644193,0.0207568279339524,0.0981372343846069,-4.1091394610484,"10701606"
7.268915,7.20327888888889,2.8850616422764,0.0207608625429563,0.0981404269142275,-4.10916893601119,"10929298"
101.20105,186.941444444444,2.88487179596191,0.0207668525573437,0.0981450793327846,-4.10921268746299,"10807484"
-60.33085,100.091888888889,-2.88471785730303,0.0207717109347409,0.0981450793327846,-4.10924816565636,"10917561"
-463.28225,1329.87877777778,-2.88471106617508,0.0207719252931679,0.0981450793327846,-4.10924973084503,"10729096"
-37.1183499999999,167.899555555556,-2.88427688506874,0.0207856347658402,0.0981770912166808,-4.10934980590158,"10841561"
81.9513,237.081,2.8839590846346,0.0207956754221917,0.0981770912166808,-4.10942306487005,"10938155"
-167.137,259.201288888889,-2.88382507471131,0.0207999108712299,0.0981770912166808,-4.1094539588702,"10829771"
354.4708,725.351777777778,2.88377649833854,0.0208014463724922,0.0981770912166808,-4.10946515775414,"10701336"
15.093945,28.3764,2.88376575420298,0.0208017860109893,0.0981770912166808,-4.1094676347495,"10700775"
-49.428485,120.868044444444,-2.88371347426536,0.0208034387417029,0.0981770912166808,-4.10947968769189,"10730794"
-69.662995,108.077088888889,-2.88365430304537,0.0208053094917656,0.0981770912166808,-4.10949332963263,"10746721"
66.8719,187.059444444444,2.88364557679056,0.0208055853947584,0.0981770912166808,-4.10949534149452,"10700989"
125.59345,304.021111111111,2.88351178362581,0.0208098160857625,0.0981811962418387,-4.10952618856581,"10869499"
-40.8631000000001,178.276222222222,-2.88323379302704,0.0208186093203511,0.0982068226521456,-4.10959028564663,"10923000"
151.2902,592.208888888889,2.8827232836758,0.0208347675052915,0.0982671775750057,-4.1097080098347,"10712134"
-47.95375,223.853222222222,-2.88261284498166,0.0208382647256583,0.0982678072147507,-4.10973347964289,"10932634"
14.113901,23.3637188888889,2.88243425523672,0.0208439213500191,0.0982786181922947,-4.10977466858773,"10892613"
298.10625,554.162666666667,2.8821058502496,0.0208543273633799,0.0983118153289948,-4.10985041612431,"10839790"
-81.48015,577.245,-2.88189405548717,0.020861041266067,0.0983202433195199,-4.10989927133266,"10893181"
-32.48683,85.8584888888889,-2.88183713025126,0.0208628461812043,0.0983202433195199,-4.10991240296875,"10939188"
12.00662,21.5165555555556,2.8815707103498,0.0208712956511484,0.0983441985730079,-4.10997386440962,"10915003"
422.0734,689.773777777778,2.88138701564132,0.02087712357351,0.0983458381168462,-4.11001624465299,"10833894"
-300.1302,375.2256,-2.88134753396899,0.0208783763949024,0.0983458381168462,-4.11002535379712,"10706563"
787.499,2208.20555555556,2.88103148677437,0.0208884079312183,0.0983586329505364,-4.11009827574142,"10798218"
-20.83591,33.8983555555556,-2.88101954210494,0.0208887871606936,0.0983586329505364,-4.11010103189123,"10815915"
26.525995,24.8395611111111,2.88094376457394,0.0208911931764934,0.0983586329505364,-4.11011851727315,"10834204"
68.6878,145.203111111111,2.88051855366609,0.0209046994077605,0.0984063629549333,-4.11021664082427,"10905316"
-29.5051999999999,157.289777777778,-2.88016423807309,0.0209159606757225,0.098425754293328,-4.1102984142732,"10793838"
-185.7549,410.839666666667,-2.88009641851402,0.0209181169137663,0.098425754293328,-4.1103140675697,"10860724"
-19.988125,105.501988888889,-2.88007096785387,0.0209189261452479,0.098425754293328,-4.11031994187162,"10744983"
-91.554625,152.226055555556,-2.87961354131913,0.0209334760659664,0.0984783526233722,-4.1104255291284,"10929835"
-48.897975,145.364166666667,-2.8793244236949,0.0209426778020543,0.0985057783463556,-4.11049227365235,"10807828"
-88.60655,209.061111111111,-2.87905224835537,0.0209513441557486,0.0985306774253122,-4.11055511248755,"10746209"
202.6028,353.647888888889,2.87872499266141,0.0209617692587592,0.0985512768670787,-4.11063067518275,"10770666"
-180.0731,658.801111111111,-2.87870296313614,0.0209624712279054,0.0985512768670787,-4.11063576203569,"10786436"
167.8643,494.547555555556,2.87835158644081,0.0209736711206131,0.098588065666547,-4.11071690342819,"10872101"
-8.88761,41.4310111111111,-2.87763554273256,0.0209965137666401,0.0986795613221724,-4.1108822829759,"10875119"
-877.198,1301.15622222222,-2.87726890037528,0.0210082200944857,0.0987186974168094,-4.11096697815531,"10791631"
-209.73935,839.680111111111,-2.87711236978283,0.0210132199405649,0.0987263118918726,-4.11100314002983,"10931154"
146.554865,179.974355555556,2.87618983356366,0.0210427123882301,0.0988245994209202,-4.11121630147145,"10938346"
101.95731,90.4476,2.87612449232605,0.0210448029037489,0.0988245994209202,-4.11123140157307,"10724708"
15.369843,15.2012233333333,2.87611986580178,0.0210449509320903,0.0988245994209202,-4.11123247075626,"10938201"
53.18859,63.5251333333333,2.87603486116628,0.021047670897411,0.0988245994209202,-4.11125211548305,"10723131"
-73.31005,81.1420555555556,-2.87568878387169,0.0210587483949817,0.0988607224186079,-4.11133209998575,"10939725"
474.89285,683.276888888889,2.87527748262479,0.0210719215028531,0.0989066701131669,-4.11142717017135,"10791264"
18.171543,20.7924233333333,2.874855426884,0.021085447950241,0.0989542612720227,-4.11152473894937,"10852934"
17.241872,18.8958822222222,2.87465724279053,0.0210918026549051,0.0989681854738834,-4.11157055863133,"10929606"
53.3248000000001,265.569111111111,2.87451378240208,0.021096403903637,0.0989738788567289,-4.11160372810139,"10763869"
45.0727,357.844111111111,2.87416811407408,0.0211074949111341,0.0990100122565623,-4.11168365618679,"10855462"
70.5616,233.435111111111,2.87342582122742,0.0211313323565838,0.0991059148282611,-4.11185532410138,"10727643"
283.12415,739.721555555556,2.87307627600959,0.0211425670731568,0.0991426893218624,-4.11193617623841,"10822175"
19.114315,42.4958111111111,2.87247807420567,0.0211618082407664,0.0992169902015325,-4.11207456484039,"10735699"
209.41885,942.425444444444,2.87227115537071,0.0211684680187858,0.0992322889442887,-4.11212243968553,"10722529"
-13.15109,31.3708111111111,-2.87207379710266,0.0211748221131887,0.0992335001557449,-4.11216810539121,"10821744"
458.1696,787.187333333333,2.87205212586707,0.0211755199551898,0.0992335001557449,-4.11217311995793,"10792421"
61.6891000000001,178.420777777778,2.87191245075747,0.0211800182485154,0.0992386612850249,-4.11220544058154,"10819318"
-107.80215,372.305333333333,-2.8715561210193,0.0211914984862839,0.0992740751682417,-4.11228790118356,"10806927"
133.2713,333.586888888889,2.87146693807414,0.0211943727946985,0.0992740751682417,-4.11230854103318,"10744718"
-174.283825,232.271522222222,-2.87129979099728,0.0211997609267085,0.0992798269745749,-4.11234722588415,"10897154"
190.77695,535.126555555556,2.87118278256662,0.0212035336418973,0.0992798269745749,-4.1123743077518,"10720161"
176.9692,245.988777777778,2.87108712127268,0.0212066185770003,0.0992798269745749,-4.11239644951298,"10844062"
-116.3028,550.620666666667,-2.87099309588383,0.0212096512106901,0.0992798269745749,-4.11241821327365,"10719006"
-49.84075,299.749555555556,-2.87054373815408,0.0212241507213809,0.0992798269745749,-4.11252223353673,"10737438"
-311.51105,1044.49044444444,-2.87054015978362,0.0212242662266283,0.0992798269745749,-4.11252306194001,"10809770"
66.21026,61.3692222222222,2.87047006440327,0.0212265289479592,0.0992798269745749,-4.11253928941363,"10934891"
-180.48915,232.6032,-2.87040353467334,0.0212286767995912,0.0992798269745749,-4.11255469174842,"10755148"
53.18553,109.968233333333,2.87037542336467,0.0212295844153546,0.0992798269745749,-4.11256119990949,"10795701"
53.18553,109.968233333333,2.87037542336467,0.0212295844153546,0.0992798269745749,-4.11256119990949,"10799073"
111.10644,97.8471,2.869876792052,0.0212456901716978,0.0993392433860402,-4.11267664954432,"10831035"
-30.91845,131.074666666667,-2.86936986653129,0.0212620768338868,0.0993999540126689,-4.11279403802436,"10914916"
33.15741,93.2109666666667,2.8691090159984,0.0212705140914505,0.0994234877868215,-4.11285445030024,"10829165"
11.21781,26.8749333333333,2.86886061442843,0.0212785519159466,0.0994451472840286,-4.11291198401122,"10886402"
6.9248417,4.67210322222222,2.86839930927235,0.0212934872806607,0.0994990302970604,-4.11301884139778,"10700228"
422.3635,1519.52111111111,2.86821673885643,0.0212994012447556,0.0995107481151912,-4.11306113652708,"10868238"
117.3629,229.990888888889,2.8678529710106,0.0213111897818041,0.0995482305519671,-4.11314541590984,"10703308"
-29.039315,51.4479777777778,-2.86775890879205,0.0213142391354335,0.0995482305519671,-4.1131672102302,"10814151"
25.32814,105.321311111111,2.86725893191015,0.0213304552269254,0.0996080433183181,-4.11328306618258,"10921030"
-29.421655,97.8412888888889,-2.86710726591614,0.0213353768448574,0.0996144842704753,-4.11331821420239,"10916697"
176.1266,555.999888888889,2.86700629144099,0.0213386541577543,0.0996144842704753,-4.11334161557831,"10900949"
-50.91355,188.657555555556,-2.86679249504531,0.0213455950389228,0.099630965564322,-4.11339116647569,"10824300"
-446.6745,467.221,-2.86646879030846,0.0213561085452551,0.0996532950530488,-4.11346619677239,"10909411"
-47.105575,87.3065888888889,-2.86638335099558,0.0213588843988232,0.0996532950530488,-4.11348600169319,"10932759"
147.5427,257.294333333333,2.86626261535042,0.0213628076399806,0.0996532950530488,-4.11351398924142,"10839197"
-19.88035,115.396688888889,-2.86622519795915,0.0213640236502103,0.0996532950530488,-4.11352266312483,"10764867"
10.74709,36.0325444444444,2.86576865518431,0.0213788664070285,0.0996826439403653,-4.11362850439676,"10741899"
25.305765,92.0631666666667,2.86573237859963,0.0213800462615362,0.0996826439403653,-4.11363691512092,"10893211"
28.29955,139.770777777778,2.86571682862319,0.0213805520274639,0.0996826439403653,-4.11364052041127,"10801859"
-46.1290499999999,310.638,-2.86523070100158,0.0213963696844847,0.0997404729475881,-4.11375323881418,"10826517"
-47.81405,400.695111111111,-2.8649305751953,0.0214061412641238,0.0997626334754658,-4.1138228375217,"10822983"
30.762489,23.4282133333333,2.86487493404443,0.0214079533531079,0.0997626334754658,-4.11383574133458,"10754883"
193.2095,997.127888888889,2.86470214325079,0.0214135817192327,0.0997729467855924,-4.11387581490478,"10836755"
-23.40993,57.7499666666667,-2.8641397848319,0.021431910223328,0.0998424215060286,-4.11400625180364,"10899676"
-717.2165,2908.08111111111,-2.86358089513604,0.0214501418061008,0.0999114226280976,-4.11413590682705,"10706236"
-87.4844,323.785444444444,-2.86338344737713,0.0214565866113696,0.0999162677034312,-4.1141817175027,"10910297"
-18.808355,44.8685111111111,-2.8633394708511,0.0214580223033932,0.0999162677034312,-4.11419192106364,"10816261"
23.54421,107.588633333333,2.86319025739247,0.0214628943856009,0.0999230273435768,-4.11422654304574,"10833939"
-105.49965,314.492666666667,-2.86292675790045,0.0214715009120221,0.0999471682032843,-4.11428768673912,"10869987"
636.52,2373.35777777778,2.86205024690211,0.021500155648194,0.100064608428603,-4.11449111274113,"10833586"
-93.21395,254.301777777778,-2.86143935762874,0.0215201501934107,0.100141711970421,-4.1146329245186,"10749689"
11.21971,18.9158777777778,2.86126535059479,0.0215258490135269,0.100152277923423,-4.11467332343677,"10808312"
15.144034,19.7188977777778,2.86097393202163,0.0215353966299316,0.10015762420021,-4.11474098650063,"10886852"
48.97715,206.022222222222,2.86092490491179,0.0215370033149979,0.10015762420021,-4.11475237047118,"10795528"
163.786205,164.317888888889,2.86091636077248,0.0215372833307907,0.10015762420021,-4.11475435441646,"10728060"
3029.2712,1658.65655555556,2.8606099653163,0.0215473272802418,0.100188384396782,-4.11482550279382,"10828154"
80.1316,243.198444444444,2.86009081358917,0.0215643566893355,0.100247000220439,-4.11494607101132,"10731385"
56.14943,127.487122222222,2.86001646576145,0.0215667966175621,0.100247000220439,-4.11496333920743,"10770471"
-12.82253,25.9306777777778,-2.85949967833414,0.0215837643345658,0.100309909524341,-4.11508338048626,"10710168"
-502.1734,867.138222222222,-2.85902740293978,0.0215992826983931,0.100366064060896,-4.1151930992448,"10715848"
473.6655,1151.901,2.8583213360438,0.0216225047462576,0.100457991993825,-4.11535716241142,"10909758"
-53.6413,232.343222222222,-2.85809658346302,0.0216299021360508,0.100474491541232,-4.11540939395383,"10811503"
217.5714,307.287,2.85800447170036,0.0216329346133481,0.100474491541232,-4.1154308013908,"10769422"
-31.11708,50.1127666666667,-2.85759146653233,0.021646536876104,0.100521686265856,-4.11552679431137,"10797671"
225.93475,489.568444444444,2.8572967833659,0.0216562476459275,0.100550797636384,-4.11559529372754,"10907198"
60.5270000000001,272.935888888889,2.8571274086949,0.0216618311381733,0.100560739690227,-4.11563466789302,"10816008"
-121.78405,404.925555555556,-2.85660589088499,0.0216790325269644,0.100624603788169,-4.11575591704728,"10876935"
-188.31475,335.456555555556,-2.85630156724625,0.0216890766777976,0.100655232099314,-4.11582667920158,"10784621"
-153.1662,469.472333333333,-2.8560607531362,0.0216970281288989,0.100676140368115,-4.11588267869598,"10930070"
262.27675,281.730444444444,2.85591329832405,0.0217018984382524,0.100676790178701,-4.11591697026419,"10810727"
294.90465,247.412333333333,2.85584784901821,0.0217040605376005,0.100676790178701,-4.11593219142653,"10810867"
16.923153,22.4682233333333,2.85542891875225,0.0217179050747002,0.100725016487108,-4.11602962692626,"10735317"
134.258065,124.052811111111,2.85528980667007,0.0217225043869831,0.100730356057353,-4.11606198465326,"10845380"
-104.11515,515.171,-2.8550720828703,0.0217297047818313,0.10074775360997,-4.11611263041995,"10934146"
-291.1137,435.454333333333,-2.85487320507379,0.0217362840798569,0.100762266440644,-4.116158895324,"10822408"
-9.49039749999999,20.7855255555556,-2.85448457792266,0.0217491466530668,0.100790421374715,-4.11624930983939,"10700602"
36.401845,41.8675777777778,2.85436808058958,0.021753003957405,0.100790421374715,-4.11627641519395,"10807174"
99.34725,137.784333333333,2.85428644403429,0.0217557074210488,0.100790421374715,-4.11629541010004,"10842469"
-608.241825,705.4295,-2.8542728416253,0.0217561579102126,0.100790421374715,-4.11629857510749,"10903490"
8.283855,22.8591333333333,2.85415272032225,0.0217601365480566,0.100792869686844,-4.11632652550343,"10934635"
-92.1785999999999,298.038333333333,-2.85397756993169,0.0217659392028509,0.100803764722905,-4.1163672821988,"10757390"
106.61345,286.320555555556,2.85369112253708,0.0217754325374152,0.100824464094751,-4.11643394197841,"10826238"
111.8863,241.108444444444,2.85355413693593,0.0217799739820463,0.100824464094751,-4.11646582228453,"10818317"
-28.67075,140.206444444444,-2.85335808218411,0.0217864754388023,0.100824464094751,-4.1165114519623,"10815562"
47.8423,187.432444444444,2.85335251197317,0.0217866601843935,0.100824464094751,-4.11651274841081,"10793280"
22.338007,28.4624211111111,2.85332222051731,0.0217876648808846,0.100824464094751,-4.11651979868804,"10778482"
33.60115,134.249444444444,2.85297077392619,0.0217993250534842,0.100862445694091,-4.11660160204595,"10829703"
1259.748,3544.79,2.85286572293967,0.0218028116549557,0.10086260327599,-4.11662605564114,"10812146"
-14.471915,30.8168777777778,-2.85251564373969,0.0218144348239803,0.1008863188048,-4.11670755225854,"10874887"
15.112135,63.0795444444444,2.85243937507892,0.0218169679136152,0.1008863188048,-4.11672530838152,"10733531"
220.3301,599.400888888889,2.85239932668444,0.0218182981518699,0.1008863188048,-4.11673463222505,"10854446"
489.3375,1818.83333333333,2.85208411009219,0.0218287712511291,0.100918772484647,-4.11680802323919,"10732714"
10.645363,18.0504344444444,2.85181657199805,0.0218376643190272,0.100943912249377,-4.1168703190345,"10713823"
203.5818,302.511,2.85159141017864,0.0218451516956293,0.100962547324176,-4.11692275159501,"10792751"
181.88515,384.185444444444,2.85137425099871,0.0218523754803803,0.100979958444136,-4.11697332408335,"10889064"
-14.829755,28.1607777777778,-2.85117062938579,0.0218591511896941,0.100995293825039,-4.11702074701098,"10807891"
46.093345,68.5107111111111,2.85093596111568,0.0218669627098667,0.101015409330494,-4.11707540433882,"10741612"
186.55245,584.37,2.85011885822383,0.021894184621779,0.101125171468878,-4.11726574941006,"10703128"
79.0340500000001,211.585444444444,2.84964210529342,0.0219100839547622,0.101160564066408,-4.11737683185075,"10795668"
-211.11915,304.778666666667,-2.84958506736845,0.0219119869262633,0.101160564066408,-4.11739012266869,"10752352"
-61.4143,450.390555555556,-2.84957761567176,0.0219122355518667,0.101160564066408,-4.1173918590596,"10874319"
128.4743,621.612888888889,2.8491566360493,0.0219262862750424,0.101209437073643,-4.11748996205277,"10859774"
182.26295,527.112555555556,2.84893758139803,0.0219336011945636,0.10122720778799,-4.11754101452255,"10869331"
22.6345,176.059777777778,2.84876400003283,0.0219393994162005,0.101237974181785,-4.11758147153516,"10872601"
-59.140755,64.1888,-2.84845545056077,0.0219497099666682,0.101269555743248,-4.11765339125286,"10730921"
696.904500000001,2641.89333333333,2.84791795316688,0.0219676830893164,0.101323942057445,-4.11777869281163,"10924248"
779.1275,4170.70888888889,2.84787175555238,0.0219692285817045,0.101323942057445,-4.11778946338794,"10802513"
21.813805,31.9500444444444,2.84779182156255,0.0219719029552241,0.101323942057445,-4.11780809967407,"10703424"
94.48645,309.093777777778,2.84761910034864,0.0219776828894274,0.101334600368013,-4.11784837050227,"10785565"
50.240746,41.7456244444444,2.8470688523394,0.0219961068766209,0.101401076887001,-4.11797667798999,"10736702"
9.76441000000001,24.0267777777778,2.84698122393633,0.0219990424217776,0.101401076887001,-4.11799711330466,"10722000"
169.80395,444.543222222222,2.84607374109047,0.0220294669302407,0.101525295298951,-4.11820877476397,"10753206"
-72.06465,274.602666666667,-2.84544081117987,0.0220507125293875,0.101596789129471,-4.11835643466041,"10794084"
-1032.4525,1287.79622222222,-2.84540440068149,0.0220519353690004,0.101596789129471,-4.11836492995727,"10878548"
51.9736,43.5876777777778,2.84512363190501,0.0220613672965356,0.101622601470089,-4.1184304421393,"10911947"
873.7225,2780.34111111111,2.84503054991393,0.0220644951435879,0.101622601470089,-4.11845216235066,"10702196"
-49.004985,75.0946666666667,-2.84490346862015,0.0220687662163526,0.10162625098432,-4.1184818171375,"10929027"
-33.3489,143.359666666667,-2.84465858174257,0.0220769990324494,0.101648140226001,-4.11853896548674,"10798724"
92.1505800000001,164.178233333333,2.8445262803461,0.0220814481786066,0.101652604331833,-4.1185698419786,"10837621"
112.119782,56.8656072222222,2.84415508956654,0.022093935868005,0.101687358835421,-4.11865647720846,"10765195"
29.13165,163.052,2.84409496558956,0.0220959592622459,0.101687358835421,-4.11867051096795,"10892274"
-10.07362,30.1158555555556,-2.84369321468529,0.0221094845983837,0.101730718785686,-4.11876429182989,"10815873"
38.82442,138.326377777778,2.84360826541647,0.0221123455976281,0.101730718785686,-4.11878412306184,"10888388"
-39.793825,135.113455555556,-2.84304363020763,0.0221313716560409,0.101802218793825,-4.11891594923102,"10830398"
27.6210000000001,209.884,2.84287291232081,0.0221371275403135,0.101812664351813,-4.11895581150617,"10706246"
-39.8883499999999,175.740444444444,-2.84271132290775,0.0221425770808421,0.101821697912753,-4.11899354424,"10878082"
-117.73335,375.434666666667,-2.84200104048659,0.0221665475789182,0.101915883061145,-4.11915942459935,"10797929"
26.906805,69.7041,2.84126275662062,0.0221914915803408,0.102010953557038,-4.11933188305907,"10913590"
171.72935,543.258555555556,2.84107988504525,0.0221976746596503,0.102010953557038,-4.11937460678705,"10887516"
149.76255,415.046333333333,2.84107911142877,0.0221977008202263,0.102010953557038,-4.11937478752983,"10800726"
-918.335499999999,1390.91288888889,-2.84079395238104,0.0222073459216793,0.102039226762494,-4.11944141320063,"10738399"
172.94125,621.313777777778,2.84007136255636,0.0222318059576695,0.102122105493873,-4.11961026818256,"10823595"
-89.12411,120.230444444444,-2.84005457435736,0.022232374578662,0.102122105493873,-4.11961419170131,"10801411"
16.87717,25.5722444444444,2.83986431466485,0.0222388197812921,0.102122295332417,-4.11965865813497,"10754176"
-141.066,506.315,-2.83979039131411,0.0222413245176735,0.102122295332417,-4.11967593579274,"10814981"
-38.0019,112.955466666667,-2.83964330640715,0.0222463090484417,0.102122295332417,-4.1197103142317,"10863777"
16.77976,44.3458111111111,2.8395984904234,0.0222478280384344,0.102122295332417,-4.11972078946835,"10805724"
40.11201,117.8408,2.83948273176846,0.0222517520521524,0.102122295332417,-4.11974784743435,"10770439"
15.30651,33.8758333333333,2.83943442186839,0.0222533898845131,0.102122295332417,-4.11975913990092,"10875957"
28.768585,36.1948777777778,2.83929494925842,0.0222581190731107,0.102127955175413,-4.11979174264777,"10831898"
104.89165,602.738111111111,2.83839171655129,0.0222887708018352,0.102252536150254,-4.12000291390859,"10784199"
101.07395,414.417555555556,2.83803990465422,0.0223007215804956,0.102291298516659,-4.12008518169008,"10727537"
51.49899,121.4557,2.83784199301237,0.0223074474050928,0.102306086105554,-4.12013146532274,"10700925"
34.54,95.6246111111111,2.83708624857327,0.0223331499555311,0.102407886171854,-4.12030822977896,"10735771"
84.2509000000001,377.013444444444,2.8367349683459,0.0223451072956067,0.102438370832661,-4.12039040631475,"10764837"
1472.196,995.243333333333,2.83668493236692,0.0223468110261022,0.102438370832661,-4.12040211217673,"10761128"
-53.314525,99.3796555555556,-2.83627373154567,0.0223608175591604,0.102486495791232,-4.12049831899542,"10735195"
-307.4078,599.377111111111,-2.8359602091773,0.0223715030318428,0.102513494372951,-4.12057168061838,"10764872"
278.3602,630.669444444444,2.83581358769027,0.0223765020029112,0.102513494372951,-4.12060599125852,"10857310"
-31.52833,88.7921888888889,-2.83579208112936,0.0223772353534712,0.102513494372951,-4.12061102410199,"10729525"
123.1457,306.367222222222,2.83562472937377,0.0223829427191578,0.102523563593207,-4.12065018795103,"10877860"
-18.34575,63.5220333333333,-2.83540757641844,0.0223903507542841,0.102541418237287,-4.12070100934505,"10701193"
31.69135,147.217444444444,2.83493667479047,0.0224064239949544,0.102598945233322,-4.12081122849701,"10772805"
37.286706,26.1178133333333,2.83391116204814,0.0224414691132878,0.102743312752796,-4.12105131516732,"10924245"
18.91112,43.7273222222222,2.8336844752104,0.0224492234053757,0.102762709583931,-4.12110439591638,"10826576"
27.81176,34.8148222222222,2.83350931945149,0.0224552168718355,0.102765825974147,-4.12114541274055,"10884926"
86.51716,72.7929111111111,2.83345898308806,0.02245693958441,0.102765825974147,-4.12115720058847,"10745850"
42.447665,55.4902888888889,2.83318258055,0.0224664016307082,0.102793023843306,-4.12122193222107,"10769441"
343.20805,932.763111111111,2.83291151319482,0.0224756850509274,0.102819396034731,-4.12128541973969,"10812158"
-90.5343000000001,242.353333333333,-2.83227935162667,0.0224973505475732,0.102902395318115,-4.12143350082871,"10738676"
-167.35465,412.132555555556,-2.83199198137503,0.0225072064795662,0.102926615590429,-4.12150082558207,"10814705"
-554.7093,679.598333333333,-2.831919526523,0.0225096921683869,0.102926615590429,-4.12151780115655,"10745470"
17.01483,33.1535666666667,2.83176457779101,0.0225150089068669,0.102934815368578,-4.12155410563713,"10782771"
-60.4244,194.567111111111,-2.83116369194365,0.0225356393458791,0.103013013276563,-4.1216949095333,"10800122"
326.58,1275.31666666667,2.83100919339457,0.0225409469672942,0.103021155303901,-4.12173111695168,"10885251"
25.021035,60.292,2.83067999161617,0.0225522606394662,0.103056740547687,-4.12180827258372,"10940502"
-23.78804,57.8875777777778,-2.83037092466895,0.022562887693023,0.103089177520171,-4.12188071628757,"10836053"
30.8727,116.184,2.83023352281199,0.0225676138268917,0.103094647433747,-4.12191292478744,"10892050"
229.05755,771.805555555556,2.82987442291921,0.0225799704263532,0.103133116728283,-4.12199710815983,"10908037"
-102.76415,515.494444444444,-2.82978364041061,0.0225830953553373,0.103133116728283,-4.12201839167007,"10860632"
-64.9701999999999,306.131555555556,-2.82917021449622,0.0226042225392306,0.103199864938346,-4.12216222190867,"10856394"
48.92246,50.8660555555556,2.82909181366845,0.0226069242408493,0.103199864938346,-4.122180606539,"10939437"
52.041825,81.3121,2.82902754848419,0.022609139076057,0.103199864938346,-4.12219567675687,"10886994"
-120.809125,205.334255555556,-2.82888101120908,0.0226141901772286,0.103199864938346,-4.12223004093425,"10761010"
57.43525,172.780777777778,2.82881843529857,0.0226163475085403,0.103199864938346,-4.12224471596336,"10761245"
30.561865,53.3874111111111,2.82874421608061,0.0226189065242771,0.103199864938346,-4.12226212189587,"10811287"
88.381715,97.5240222222222,2.82843475970444,0.022629579551128,0.103232438633144,-4.12233470005615,"10759752"
79.1111500000001,727.135111111111,2.82760887944417,0.0226580893817929,0.10334635803274,-4.12252843115493,"10775532"
88.602445,118.931344444444,2.82690060462152,0.022682569047383,0.103430978711835,-4.12269461406874,"10860076"
20.619675,56.4786,2.82686723972023,0.0226837228933637,0.103430978711835,-4.12270244338535,"10805967"
-31.0622499999999,139.886555555556,-2.82674374664207,0.0226879941376199,0.103434310352127,-4.12273142263153,"10731851"
39.33336,122.094633333333,2.82653043011295,0.0226953740602697,0.103451811171278,-4.12278148269879,"10906479"
121.35865,232.184777777778,2.82591319351435,0.0227167420576672,0.103533058108064,-4.12292635119327,"10824123"
48.01316,156.203522222222,2.82533847087746,0.0227366570082975,0.103607658374732,-4.12306126612201,"10924805"
265.91665,557.273777777778,2.82427277670548,0.0227736326855502,0.10373922822778,-4.12331149853916,"10814630"
-138.1422,544.118666666667,-2.82403061626288,0.0227820434453068,0.10373922822778,-4.12336837090254,"10878617"
-40.7367499999999,183.339777777778,-2.82399998382003,0.0227831076059918,0.10373922822778,-4.12337556535702,"10731140"
704.487,2363.25333333333,2.82399977966771,0.0227831146983469,0.10373922822778,-4.12337561330525,"10794969"
78.91485,238.029666666667,2.82399487726659,0.0227832850109344,0.10373922822778,-4.12337676470856,"10829196"
126.6562,899.073444444444,2.82379491872467,0.0227902328239984,0.103754692491864,-4.12342372948185,"10917969"
-99.014705,98.6318444444444,-2.82358418819168,0.0227975572985672,0.103771866456893,-4.12347322741613,"10712750"
9.529494,12.3275366666667,2.82324870282613,0.022809222974782,0.103808792644537,-4.12355203527854,"10739814"
58.1702000000001,240.463222222222,2.8227101292096,0.0228279634750476,0.103868087233453,-4.12367856694087,"10775080"
18.758705,47.1276222222222,2.82266994953548,0.0228293622279044,0.103868087233453,-4.12368800752922,"10792436"
944.784500000001,4403.25222222222,2.82216814821301,0.0228468386394265,0.103931414514514,-4.1238059202098,"10770541"
-29.63239,63.2623888888889,-2.82188376663177,0.0228567490475783,0.103960309306547,-4.12387275190479,"10848287"
-801.7025,1327.10977777778,-2.8217431143488,0.0228616522816416,0.103964374872621,-4.12390580834382,"10909509"
119.90395,345.525444444444,2.82165397397718,0.0228647603394465,0.103964374872621,-4.12392675906639,"10796134"
-48.73185,142.871,-2.82124759045462,0.0228789352617077,0.10400420572245,-4.12402227891169,"10803961"
126.680355,102.8125,2.8211987215898,0.0228806404524606,0.10400420572245,-4.12403376626673,"10795295"
-325.1,651.114111111111,-2.82103314266857,0.0228864190082863,0.104014288255768,-4.12407268933793,"10849646"
10.305978,17.7471066666667,2.8207305414575,0.022896983424254,0.104046115065509,-4.12414382769672,"10795267"
923.770500000001,6070.61666666667,2.82045578728135,0.0229065800186262,0.104053536135598,-4.1242084252195,"10905817"
85.2999000000002,458.091666666667,2.82032119405372,0.0229112826011828,0.104053536135598,-4.12424007144944,"10725556"
-226.5191,677.010444444444,-2.8202366752653,0.0229142361328265,0.104053536135598,-4.12425994459428,"10934024"
8.792017,14.0252211111111,2.82020900120715,0.0229152032958656,0.104053536135598,-4.12426645178658,"10800392"
-452.9745,1551.32,-2.82008775859388,0.0229194410250837,0.104053536135598,-4.12429496104874,"10789442"
23.781815,91.0266555555556,2.82007213507304,0.0229199871648037,0.104053536135598,-4.12429863487569,"10804781"
191.76957,191.8079,2.81913444194084,0.0229527900897847,0.10417789901405,-4.12451916294171,"10798459"
156.1929,967.929666666667,2.81908523646165,0.0229545127662574,0.10417789901405,-4.12453073690675,"10936755"
330.1305,1397.98666666667,2.81890670795641,0.0229607641466957,0.104178048514251,-4.12457273130835,"10934056"
66.396043,55.3379344444444,2.8188191384924,0.0229638311363468,0.104178048514251,-4.12459333069052,"10929713"
-19.417235,100.232377777778,-2.81877880777893,0.0229652438020052,0.104178048514251,-4.12460281806196,"10900721"
244.7713,573.902444444444,2.81856151348083,0.0229728565274804,0.104196402824687,-4.12465393624867,"10794168"
336.1686,756.364666666667,2.81828264034211,0.0229826304453996,0.104223452860316,-4.12471954575132,"10899566"
-207.402,1287.88333333333,-2.81818779387912,0.0229859555959134,0.104223452860316,-4.12474186122027,"10746602"
-800.366,1180.31177777778,-2.81807263439893,0.0229899935547498,0.104224114211359,-4.12476895680442,"10730322"
33.25325,100.829722222222,2.81798015839613,0.0229932366705077,0.104224114211359,-4.12479071594102,"10832273"
137.8257,360.619666666667,2.81766398190641,0.0230043284985506,0.104244072895382,-4.12486511532061,"10918374"
-121.82005,600.809555555556,-2.81764106508865,0.0230051326616764,0.104244072895382,-4.12487050814854,"10756386"
-151.730225,169.550344444444,-2.81752704204438,0.0230091342226673,0.104244072895382,-4.12489734082379,"10833289"
-204.92395,910.760888888889,-2.81744787413309,0.0230119129904265,0.104244072895382,-4.12491597170315,"10782695"
55.91769,107.441466666667,2.81732266730257,0.0230163084185055,0.104247819246236,-4.12494543801324,"10927803"
-119.1235,1288.28222222222,-2.81684409714347,0.0230331167981844,0.104301986181824,-4.12505807562183,"10893961"
-19.83198,81.4869666666667,-2.8167788843918,0.0230354081893999,0.104301986181824,-4.12507342555254,"10772476"
156.91645,400.415444444444,2.81664355710559,0.0230401639596723,0.104303046877802,-4.12510528018318,"10872478"
46.8872000000001,179.813555555556,2.81656904171117,0.0230427830680267,0.104303046877802,-4.12512282089161,"10880251"
-10.20151,16.7218355555556,-2.81553286038999,0.0230792353053554,0.104451863704207,-4.12536677636774,"10700049"
-157.3592,366.331777777778,-2.81540455800879,0.0230837530581812,0.10445612791848,-4.12539698887488,"10777011"
310.47575,732.732222222222,2.81494691150923,0.0230998750560135,0.104512892966761,-4.125504764624,"10781496"
32.880905,67.6783555555556,2.81459380318458,0.0231123223434961,0.104553017179141,-4.12558793192675,"10842465"
-121.7877,489.030333333333,-2.81419563160607,0.0231263664682655,0.104600351448198,-4.12568172369422,"10936263"
31.76632,51.9253444444444,2.81399628091377,0.0231334011926997,0.104615972514478,-4.1257286862599,"10937802"
-220.7965,1104.90622222222,-2.81388396917197,0.0231373654459417,0.104617705330094,-4.12575514565337,"10730869"
46.77463,92.2866444444444,2.81348737828179,0.023151369491022,0.10466071355624,-4.12584858529831,"10914025"
78.2266,293.572777777778,2.81333371262636,0.0231567979465901,0.10466071355624,-4.12588479306328,"10896222"
-101.2212,273.361,-2.81297624888175,0.023169430954728,0.10466071355624,-4.12596902771176,"10736585"
9.989935,22.2199111111111,2.81291766222459,0.0231715021267762,0.10466071355624,-4.12598283425785,"10701305"
85.61365,323.014111111111,2.81290773644436,0.023171853044747,0.10466071355624,-4.12598517339411,"10810045"
11.74762,42.0747444444444,2.81283268585766,0.0231745065758935,0.10466071355624,-4.12600286024794,"10735731"
20.321415,46.0435,2.81281494057396,0.0231751340341955,0.10466071355624,-4.12600704226297,"10730242"
-26.76715,48.5706888888889,-2.81280352697374,0.0231755376187895,0.10466071355624,-4.12600973210781,"10705806"
11.199975,22.3443666666667,2.81264312382005,0.0231812102395878,0.104668800462597,-4.12604753533323,"10746534"
9.18067000000001,33.1029777777778,2.81255028831299,0.0231844940026517,0.104668800462597,-4.12606941530913,"10887056"
783.1925,1917.60555555556,2.81193330795362,0.0232063299728558,0.104751193421973,-4.12621484432704,"10828737"
-170.1712,774.852555555556,-2.81167440076264,0.0232154994726629,0.104762739527446,-4.12627587973327,"10804993"
426.4129,1223.28344444444,2.81165857841836,0.023216059961001,0.104762739527446,-4.12627960988713,"10846149"
23.8846,55.1052777777778,2.81153499275353,0.0232204383229494,0.104766314311451,-4.12630874610939,"10822717"
32.8998,199.533333333333,2.81136152502599,0.0232265853359199,0.104777866584862,-4.12634964424366,"10732811"
23.76347,77.0925222222222,2.81092057065388,0.0232422186056936,0.104832202307663,-4.12645361689729,"10791293"
30.966955,62.6430111111111,2.81041415206769,0.0232601862325025,0.104862429492027,-4.12657304260027,"10934794"
101.54409,92.3126666666667,2.81030985323141,0.0232638885186752,0.104862429492027,-4.12659764106722,"10931498"
83.03243,83.6287222222222,2.81029852264394,0.0232642907562207,0.104862429492027,-4.12660031338841,"10838745"
-28.847115,66.861,-2.81025683140815,0.0232657708632828,0.104862429492027,-4.12661014635368,"10833593"
-10.093725,38.6072,-2.8101771242948,0.0232686008674717,0.104862429492027,-4.12662894579091,"10718828"
10.329415,25.1124111111111,2.81010119018239,0.0232712972425017,0.104862429492027,-4.12664685576614,"10864170"
-1984.051,4453.32555555556,-2.81002377775859,0.0232740464443863,0.104862429492027,-4.1266651148454,"10903227"
80.5825500000001,256.969666666667,2.80950316608048,0.023292544027321,0.104917059691992,-4.12678792143512,"10844353"
262.3684,558.160777777778,2.8094564428884,0.0232942048686516,0.104917059691992,-4.1267989438764,"10917707"
18.346925,33.8501888888889,2.80937934994862,0.0232969455131769,0.104917059691992,-4.12681713117023,"10783403"
22.106655,46.2109,2.80906288022111,0.0233081994702878,0.104951562781286,-4.12689179524283,"10816033"
21.365465,39.0159222222222,2.80886184261849,0.0233153514761321,0.104967587921671,-4.1269392293813,"10877217"
801.082,1793.87444444444,2.80869941006108,0.0233211317484757,0.104977433420642,-4.12697755691138,"10905530"
40.63815,153.362,2.80838394721566,0.0233323619445139,0.10501180432091,-4.12705199883039,"10765462"
907.447,2406.04777777778,2.80807907037772,0.0233432206062413,0.105044492728086,-4.12712394948997,"10769887"
13.91206,36.7552777777778,2.8079405895192,0.0233481545440445,0.105050513914942,-4.12715663305316,"10808223"
52.11847,103.259044444444,2.80733704469292,0.023369670862096,0.105131130977098,-4.12729909478387,"10727977"
126.1126,380.418444444444,2.80700261935578,0.0233816019287652,0.105168609506843,-4.12737804436487,"10865782"
338.77155,537.830333333333,2.80680008882182,0.0233888305381614,0.105184928470112,-4.12742586073822,"10724464"
-15.913485,38.4111,-2.80625258852167,0.0234083831984269,0.105255294386462,-4.12755513736913,"10701395"
748.989500000001,4945.09222222222,2.80616024045528,0.0234116828549063,0.105255294386462,-4.12757694486125,"10890238"
100.75715,518.719555555556,2.80603162805538,0.0234162790615422,0.105259759425126,-4.12760731699825,"10861524"
11.727225,32.9323,2.80579191995258,0.0234248479746536,0.105278682262051,-4.1276639278307,"10752521"
-279.9967,462.107222222222,-2.8056088475723,0.0234313944999227,0.105278682262051,-4.12770716602678,"10890494"
20.82106,52.0586444444444,2.80548379276769,0.0234358674502678,0.105278682262051,-4.12773670296408,"10864554"
481.7432,1331.19988888889,2.80541000211028,0.0234385072031348,0.105278682262051,-4.1277541322496,"10862726"
481.7432,1331.19988888889,2.80541000211028,0.0234385072031348,0.105278682262051,-4.1277541322496,"10882750"
29.2985,142.486555555556,2.80520723710151,0.0234457624091804,0.105278896867783,-4.12780202717158,"10747139"
29.2985,142.486555555556,2.80520723710151,0.0234457624091804,0.105278896867783,-4.12780202717158,"10747141"
-86.7044999999998,650.009666666667,-2.80502099833449,0.0234524283313779,0.10529264503963,-4.12784602104712,"10830283"
-87.3302000000001,830.116777777778,-2.80485742832582,0.0234582845030521,0.105295765261792,-4.12788466209513,"10724870"
11.4324465,12.2468933333333,2.80480025203878,0.023460331898713,0.105295765261792,-4.12789816961878,"10930342"
-207.692,1253.38844444444,-2.80440816174933,0.023474377036475,0.10534261916184,-4.1279908047069,"10880575"
35.60995,138.352444444444,2.80396064928628,0.0234904180942963,0.10535284587511,-4.12809654730104,"10838043"
232.0524,621.369,2.80392823299609,0.0234915804947443,0.10535284587511,-4.12810420749553,"10923208"
209.539,1247.13444444444,2.80372250099038,0.023498959129186,0.10535284587511,-4.12815282515564,"10936582"
-257.61185,582.282444444444,-2.80372174877048,0.0234989861121568,0.10535284587511,-4.12815300292243,"10839144"
184.061415,204.125033333333,2.80363446477269,0.0235021173046823,0.10535284587511,-4.12817363040591,"10785297"
184.061415,204.125033333333,2.80363446477269,0.0235021173046823,0.10535284587511,-4.12817363040591,"10903206"
787.332000000001,2020.04333333333,2.80361082802418,0.023502965314573,0.10535284587511,-4.12817921647971,"10852740"
-31.13657,74.1854444444444,-2.80347352251428,0.0235078920171638,0.10535284587511,-4.12821166668984,"10700995"
-227.95845,628.419333333333,-2.80325996953942,0.0235155567026451,0.10535284587511,-4.12826213959602,"10921131"
61.2633,172.179333333333,2.80323872109744,0.023516319477433,0.10535284587511,-4.12826716181056,"10733643"
44.872595,73.3277555555556,2.80323857736501,0.0235163246372147,0.10535284587511,-4.12826719578281,"10864446"
61.61575,219.193777777778,2.80293252712609,0.0235273140456459,0.105385917284499,-4.1283395364471,"10748314"
21.91179,79.7618333333333,2.80281578627039,0.0235315072831481,0.105388541126765,-4.12836713209007,"10935626"
33.339835,55.4529444444444,2.80258890214298,0.0235396589900239,0.105408889904132,-4.12842076661188,"10940671"
31.84837,62.3974111111111,2.80212559482434,0.0235563142078531,0.105467304715436,-4.12853030212706,"10737663"
-19.15694,58.0423444444444,-2.80174006617087,0.023570182690021,0.105513226648218,-4.12862146088504,"10834157"
46.17845,151.321555555556,2.80154857099093,0.0235770744161311,0.105524209589231,-4.12866674413702,"10881424"
26.169865,44.7168111111111,2.80147117685263,0.0235798603477271,0.105524209589231,-4.12868504643183,"10818958"
470.89,1676.71444444444,2.80118324563785,0.0235902279045625,0.105554436820936,-4.12875314065908,"10737871"
54.81,59.8702,2.80108214825922,0.023593869242522,0.105554562948091,-4.12877705107162,"10725927"
-315.1165,419.965222222222,-2.80049853095623,0.0236149014132326,0.105581510896798,-4.12891509599336,"10919637"
14.684295,31.3843333333333,2.80045774853953,0.0236163718387335,0.105581510896798,-4.12892474330607,"10875005"
-61.57383,90.5800333333333,-2.80043605911564,0.0236171538977188,0.105581510896798,-4.12892987411129,"10890091"
71.43588,70.2822,2.80041577474634,0.0236178853186719,0.105581510896798,-4.12893467257025,"10728440"
32.627235,73.7994333333333,2.80041361796658,0.0236179630899766,0.105581510896798,-4.1289351827786,"10708466"
-22.03735,67.0153222222222,-2.80020298780333,0.0236255594778039,0.105599310676953,-4.1289850111084,"10813206"
-485.589,1879.40666666667,-2.80000993680788,0.0236325240918866,0.10561428160018,-4.12903068356711,"10846248"
-49.0854499999999,263.867444444444,-2.79965135740243,0.023645466036765,0.10565450735894,-4.12911552422105,"10859738"
-276.739,1573.35888888889,-2.799560173121,0.0236487582535807,0.10565450735894,-4.12913710008787,"10829649"
126.50005,314.138444444444,2.79842325552993,0.023689846601889,0.105810202961648,-4.1294061656326,"10806456"
601.1597,1384.12488888889,2.79839547373325,0.0236908515633648,0.105810202961648,-4.12941274169713,"10930595"
154.4866,1071.81111111111,2.79791256111223,0.0237083271916918,0.105872068263235,-4.12952705792609,"10837752"
275.63441,285.787022222222,2.79777743585382,0.0237132194877883,0.105877731028007,-4.1295590480943,"10726408"
945.2105,2433.51555555556,2.79746332318859,0.0237245961724036,0.105912339942023,-4.12963341761445,"10878910"
20.879655,67.2050666666667,2.79728691963106,0.0237309877171664,0.105913541629226,-4.12967518613834,"10822386"
-138.624,466.437333333333,-2.79725577836077,0.0237321162286888,0.105913541629226,-4.12968255994522,"10767102"
-32.409575,121.940744444444,-2.79713507687611,0.0237364907885378,0.10591688435869,-4.12971114098546,"10811751"
728.3296,1419.50244444444,2.79682340099659,0.0237477906530477,0.105951123417553,-4.12978494789839,"10714745"
-19.721635,52.2021888888889,-2.79654058541934,0.0237580489969656,0.105965346179506,-4.12985192652762,"10801189"
13.02083,30.0079555555556,2.79652724385877,0.0237585330379411,0.105965346179506,-4.1298550863235,"10824790"
372.4525,1393.59444444444,2.79643554631659,0.0237618601636867,0.105965346179506,-4.12987680418181,"10841592"
22.09041,64.7503,2.79612599762044,0.0237730952940039,0.10599390909713,-4.12995012286414,"10878272"
-374.10315,954.059333333333,-2.79602855736338,0.023776633043952,0.10599390909713,-4.12997320366321,"10819379"
23.367755,66.2696888888889,2.79592759930319,0.0237802990886214,0.10599390909713,-4.12999711844676,"10862747"
-622.1225,1875.03111111111,-2.79585934468241,0.0237827779192061,0.10599390909713,-4.13001328690593,"10777108"
-67.80475,172.355555555556,-2.79557107404275,0.0237932501083373,0.106024406446761,-4.13008157742507,"10876426"
-495.73025,1144.21844444444,-2.79535280487255,0.0238011824823665,0.106043578624349,-4.13013328875174,"10807632"
221.1536,505.523888888889,2.79519494235742,0.0238069212521312,0.106052973080171,-4.13017069093982,"10843308"
-157.1418,287.7,-2.79480596048836,0.0238210680026194,0.106099814091862,-4.13026285959927,"10707338"
-1349.9195,2956.39777777778,-2.79468340565614,0.0238255269588066,0.106103497648564,-4.13029190102603,"10758457"
88.3881700000001,145.971211111111,2.79425380595255,0.0238411640551789,0.106156952706599,-4.13039371039409,"10850525"
19.39355,25.3941555555556,2.7940809591176,0.0238474585398318,0.106168798199123,-4.13043467650697,"10741016"
1086.978,2684.91333333333,2.79390898341565,0.0238537230064372,0.106173049645231,-4.13047543827897,"10744494"
10.735871,14.0211022222222,2.79385520990993,0.023855682134295,0.106173049645231,-4.13048818413873,"10775873"
149.61725,654.793555555555,2.79317337961958,0.0238805376640126,0.106267483216522,-4.1306498153997,"10862522"
128.041,243.276111111111,2.79244870652827,0.0239069843490775,0.106368967525731,-4.13082163927359,"10726574"
749.291500000001,2552.98444444444,2.79176212107211,0.0239320689796249,0.106464361682772,-4.13098446707247,"10776912"
-72.4118,257.562777777778,-2.79165741032185,0.023935897013232,0.106465178950146,-4.13100930281341,"10755656"
29.37097,39.2635444444444,2.79123834953671,0.023951223447684,0.106517132257671,-4.131108705293,"10934517"
-127.46835,121.6881,-2.79100257747971,0.0239598508692031,0.106539282084155,-4.13116463666368,"10744324"
17.634435,50.4631666666667,2.79004618740489,0.0239948802649381,0.106678805670355,-4.13139155852449,"10835332"
442.4355,1222.954,2.78991656423441,0.0239996320046298,0.106683695889114,-4.13142231914455,"10794810"
-14.578925,29.9411777777778,-2.78953493983516,0.02401362728094,0.106729667942398,-4.13151288866662,"10752200"
9.432445,27.2331777777778,2.78940132974568,0.0240185291453734,0.106735216071332,-4.13154460032478,"10932746"
285.845155,208.258311111111,2.78888229391089,0.0240375812617399,0.106803634825927,-4.13166780290095,"10771978"
82.80327,144.247433333333,2.78871031171414,0.0240438976141552,0.10681545390814,-4.13170863025116,"10758517"
-13.98354,36.1733333333333,-2.78807021355193,0.0240674214406317,0.106903702290803,-4.13186060360821,"10878503"
-109.0391,284.060777777778,-2.78755400118594,0.0240864097521802,0.106971780860473,-4.13198318512131,"10907793"
16.03945,43.7855444444444,2.78719454827411,0.0240996409834207,0.107014274462632,-4.13206855327538,"10903261"
623.1745,1825.09444444444,2.78678532365363,0.0241147134258073,0.107064929790507,-4.13216575320213,"10725155"
-148.46225,444.187777777778,-2.78655383791418,0.0241232437561497,0.107066403476356,-4.13222074150837,"10780813"
33.1469,135.486555555556,2.7864429873513,0.0241273297425345,0.107066403476356,-4.13224707487574,"10940313"
59.4316,99.1568444444444,2.78635368621035,0.0241306219308031,0.107066403476356,-4.13226828965881,"10742016"
57.00175,211.206111111111,2.78633464824865,0.0241313238469926,0.107066403476356,-4.13227281247692,"10822950"
33.582195,62.406,2.78627915801167,0.0241333698532143,0.107066403476356,-4.13228599535174,"10756690"
174.6873,888.303,2.78616618818321,0.0241375357702291,0.10706862587177,-4.13231283439537,"10820478"
-50.8642,188.923888888889,-2.78597258676342,0.0241446768161283,0.107084042584845,-4.13235883178174,"10723064"
-61.96445,215.073444444444,-2.78560885595395,0.0241580990412906,0.107127308043756,-4.13244525713298,"10841242"
12.090768,23.4672566666667,2.78428793481851,0.0242069079561368,0.107327456219545,-4.13275919817099,"10936895"
-41.1024999999999,217.941222222222,-2.783972288317,0.0242185863854606,0.107357482281438,-4.13283423580533,"10804361"
-56.6166000000002,552.584666666667,-2.78390626615511,0.0242210298390142,0.107357482281438,-4.13284993194415,"10842644"
-10.554525,33.7964,-2.78366937067492,0.0242297993426173,0.107380060375489,-4.13290625414984,"10761880"
42.37466,81.5294222222222,2.7835053327937,0.0242358736936714,0.107390689229018,-4.13294525671949,"10902313"
-1027.07425,1659.86055555556,-2.78331362641484,0.0242429746085121,0.107392304780413,-4.13299084034567,"10813646"
148.7605,454.700777777778,2.78329488312583,0.0242436689861325,0.107392304780413,-4.13299529723504,"10885235"
-17.268715,72.8556555555556,-2.78304601087139,0.0242528908387581,0.107392304780413,-4.13305447792326,"10930890"
31.00851,83.4483,2.78294276421741,0.0242567176623216,0.107392304780413,-4.13307903080717,"10827833"
1077.379,3760.18111111111,2.78287625485032,0.0242591831536912,0.107392304780413,-4.13309484767278,"10864769"
59.15204,142.528755555556,2.78282308980389,0.0242611541595337,0.107392304780413,-4.13310749129822,"10907341"
-68.70863,77.7642111111111,-2.78280106654976,0.0242619706836012,0.107392304780413,-4.13311272889214,"10802308"
47.22113,88.2213888888889,2.78194818043633,0.0242936137548173,0.10748645325533,-4.13331558986229,"10902249"
197.8334,487.176555555556,2.78181220185701,0.0242986626596668,0.10748645325533,-4.13334793749492,"10834447"
-41.93595,340.323,-2.78180557524583,0.024298908734433,0.10748645325533,-4.13334951391805,"10904466"
104.61681,249.4838,2.78178370439259,0.0242997209121916,0.10748645325533,-4.13335471685898,"10888398"
-14.64674,39.2664777777778,-2.78173210932221,0.0243016370148371,0.10748645325533,-4.13336699114315,"10783792"
-173.43285,302.789333333333,-2.78124453851426,0.0243197517994765,0.107536046871904,-4.13348299190575,"10797323"
987.906000000001,4663.69333333333,2.78123216757868,0.0243202116000093,0.107536046871904,-4.13348593536695,"10909368"
18.060095,29.3907888888889,2.78084277857873,0.0243346889273626,0.1075837775914,-4.13357858968426,"10929590"
-171.63275,247.365977777778,-2.78007301801967,0.0243633345272862,0.107693090370541,-4.13376178452875,"10940453"
68.16025,255.904444444444,2.77994245570086,0.0243681966829852,0.107693090370541,-4.13379286117619,"10791618"
-73.49615,191.596444444444,-2.77978787851031,0.0243739544515729,0.107693090370541,-4.13382965545612,"10898676"
11.576645,26.5554555555556,2.77976613132479,0.0243747646144237,0.107693090370541,-4.13383483211389,"10707348"
56.63658,80.9748333333333,2.77958598234235,0.0243814768983839,0.107693090370541,-4.1338777157272,"10868871"
-14.532445,49.4222555555556,-2.77958448177925,0.0243815328168261,0.107693090370541,-4.13387807293889,"10889624"
926.447,2559.20222222222,2.77910698927098,0.0243993332940415,0.107755422955726,-4.13399174904459,"10924918"
-10.202695,30.2518888888889,-2.77888283291054,0.0244076942661004,0.107776055061949,-4.13404511931765,"10865300"
-40.115615,90.9312777777778,-2.7786898191395,0.0244148959999785,0.107791562905149,-4.13409107760556,"10816353"
156.80065,684.679777777778,2.77810688011949,0.0244366599653104,0.107866938519361,-4.13422989670844,"10808547"
-11.7027475,19.3099788888889,-2.77803477868333,0.0244393532573305,0.107866938519361,-4.13424706838494,"10933277"
-277.6731,371.391333333333,-2.77790044367882,0.0244443720530719,0.107872792320006,-4.13427906259742,"10912305"
9.246136,14.3264577777778,2.77765808527177,0.0244534293291129,0.107896463437654,-4.13433678771906,"10827792"
-61.3612,224.979555555556,-2.77654454402659,0.0244950885245599,0.108046763393076,-4.13460206580498,"10937601"
22.96995,41.3406666666667,2.77638853629788,0.0245009308536663,0.108046763393076,-4.13463923848163,"10931196"
130.2111,577.287,2.77636462718581,0.0245018263525572,0.108046763393076,-4.13464493556898,"10739225"
834.35005,839.454444444444,2.77635233312863,0.0245022868309417,0.108046763393076,-4.13464786502523,"10895499"
-475.33475,925.900111111111,-2.77519024376757,0.0245458537006065,0.108216844602451,-4.1349248190874,"10819192"
-35.50405,272.327222222222,-2.77512597364047,0.0245482655295559,0.108216844602451,-4.13494013903083,"10830408"
35.58296,103.492688888889,2.77470215259845,0.0245641761551509,0.108270646076732,-4.13504117180224,"10901842"
78.70255,353.729111111111,2.77445070981019,0.0245736205796257,0.108295934773448,-4.13510111816708,"10859581"
-55.08715,105.559922222222,-2.7742704055928,0.0245803952826614,0.108303605462991,-4.13514410719546,"10739353"
90.13285,252.103444444444,2.77420706589859,0.0245827756495206,0.108303605462991,-4.13515920951132,"10770396"
11.50005,23.9595333333333,2.77407533754052,0.0245877268910147,0.108309085252428,-4.13519061890467,"10877268"
157.53215,406.330888888889,2.7737270402335,0.0246008232199268,0.108342480549545,-4.13527367310375,"10940622"
117.5574,325.122333333333,2.77367647114309,0.024602725267532,0.108342480549545,-4.13528573241624,"10824914"
885.54499,725.458811111111,2.7735254144862,0.0246084078435795,0.108351172078724,-4.1353217562875,"10817065"
112.67057,168.087488888889,2.77245300603535,0.0246487896036883,0.108494103808016,-4.1355775502283,"10838670"
107.926105,109.312377777778,2.77244904776271,0.0246489387799776,0.108494103808016,-4.13557849451889,"10747640"
-445.9137,934.716333333333,-2.77229840792799,0.024654616669606,0.108494103808016,-4.135614432182,"10898474"
158.6349,400.653,2.77226900247566,0.0246557251722262,0.108494103808016,-4.13562144753555,"10893139"
-74.3742999999999,449.346555555556,-2.77205331136211,0.0246638576927503,0.108513544975302,-4.13567290754611,"10811951"
101.858,218.602222222222,2.77111846548158,0.024699137608351,0.10865240266381,-4.13589598329365,"10900201"
64.22395,56.1817777777778,2.77098821666423,0.024704057171421,0.1086576823556,-4.13592706860923,"10879039"
-8.431375,11.0473222222222,-2.77086160517085,0.0247088403210063,0.108662360550636,-4.13595728699753,"10915810"
15.095055,33.1712333333333,2.77075405957495,0.0247129039473159,0.108663477230237,-4.13598295582294,"10908160"
-51.61295,234.091111111111,-2.77065802050956,0.0247165333810818,0.108663477230237,-4.13600587898396,"10899197"
128.93785,282.993111111111,2.77020296837365,0.0247337378435069,0.108712386327972,-4.13611450241185,"10757704"
52.64603,44.5922555555556,2.77016693519602,0.0247351007024723,0.108712386327972,-4.13612310435916,"10722718"
-101.353475,140.343611111111,-2.7696933099702,0.0247530215262675,0.108774785028336,-4.13623617819099,"10898203"
-131.18005,171.163355555556,-2.76950448455776,0.024760169957725,0.1087898338314,-4.13628126304873,"10712149"
-71.7648,297.102333333333,-2.76917207442317,0.0247727593082616,0.108808578826341,-4.13636063705998,"10778214"
389.2915,1592.43444444444,2.76903556899065,0.0247779310854927,0.108808578826341,-4.13639323456949,"10772512"
-43.3541,111.554311111111,-2.76898457964228,0.0247798632034393,0.108808578826341,-4.13640541117138,"10808603"
-93.368805,105.688193333333,-2.76894904431242,0.0247812098207602,0.108808578826341,-4.13641389735857,"10938780"
-17.15295,123.025466666667,-2.76882771839697,0.0247858080563245,0.108808578826341,-4.13644287186224,"10833144"
167.78245,498.485777777778,2.7688019849673,0.0247867834630416,0.108808578826341,-4.1364490175379,"10784140"
327.43165,916.058777777778,2.76828772282671,0.0248062845051394,0.108877823848129,-4.13657184388367,"10775429"
394.1428,1157.61677777778,2.76789304138713,0.0248212617411941,0.108921272827151,-4.1366661223714,"10770443"
11.920315,32.5029777777778,2.76775291852343,0.0248265813215398,0.108921272827151,-4.13669959652257,"10789371"
-18.638205,89.3413333333333,-2.7677321749428,0.0248273689243513,0.108921272827151,-4.13670455210516,"10839103"
26.262925,50.8044111111111,2.7676084419543,0.0248320674173432,0.108925528157697,-4.13673411220255,"10863857"
-106.40915,406.583444444444,-2.76667021209945,0.024867724561089,0.109065561526445,-4.13695829300518,"10733697"
-352.951975,329.522255555556,-2.76642374865265,0.0248771000960081,0.109090303543198,-4.13701719343116,"10757189"
53.14675,258.471777777778,2.76568010949506,0.024905410453201,0.109198058078916,-4.13719493634267,"10886414"
47.6739,188.083,2.76548695988536,0.0249127691035097,0.109213931060914,-4.13724110896386,"10702955"
218.0046,270.363333333333,2.76481478616103,0.0249383952100324,0.109309869117162,-4.13740181353898,"10890164"
24.819805,44.0100444444444,2.76434517443669,0.0249563149444595,0.109372004918608,-4.13751410830972,"10825142"
-12.7722,32.9526666666667,-2.76397794808828,0.0249703370568898,0.109417043164838,-4.1376019313727,"10793669"
803.676,3230.59333333333,2.76356397168113,0.0249861540199574,0.109469931544547,-4.137700946345,"10938895"
-620.733,8665.22666666667,-2.76319969584904,0.0250000806087162,0.109502814798129,-4.13778808402065,"10801537"
-30.8815499999999,140.294666666667,-2.76317157273248,0.0250011561136277,0.109502814798129,-4.13779481168683,"10716500"
-24.61978,59.3203555555556,-2.76286017594856,0.0250130679716669,0.109538565091332,-4.13786930839153,"10849004"
12.466615,29.0617777777778,2.76257814723745,0.0250238614695249,0.10956940781935,-4.13793678521474,"10818097"
28.711794,24.4596033333333,2.76237334367907,0.0250317025034183,0.109587315590418,-4.13798578907281,"10899499"
47.2012,169.616111111111,2.76204180023386,0.0250444012310884,0.109626481505097,-4.13806512463207,"10760712"
-111.37555,406.474555555556,-2.76174869131444,0.025055633383974,0.109659217030624,-4.13813526965211,"10719002"
-20.71134,46.972,-2.76156429375934,0.0250627023008854,0.109673724538356,-4.13817940167371,"10735876"
388.9736,557.029555555556,2.76104697957925,0.0250825446344515,0.109727681783598,-4.13830322383519,"10759447"
388.9736,557.029555555556,2.76104697957925,0.0250825446344515,0.109727681783598,-4.13830322383519,"10759457"
-288.5963,365.196777777778,-2.7606819795183,0.0250965544965603,0.1097623036402,-4.13839060019068,"10895990"
-153.9466,385.015888888889,-2.76064503031953,0.0250979731743868,0.1097623036402,-4.13839944588593,"10828394"
58.131305,127.324455555556,2.76047858293792,0.0251043650081854,0.109773824180382,-4.13843929485135,"10883763"
-56.0834,270.985444444444,-2.76010263778879,0.0251188080608711,0.10982054155796,-4.1385293066813,"10826216"
-208.24,1368.70888888889,-2.7599129965212,0.0251260969493747,0.10983597131214,-4.13857471594612,"10819975"
-117.4505,594.671777777778,-2.75977120803931,0.0251315480357515,0.109843363901323,-4.13860866861898,"10738284"
-14.080355,26.8314444444444,-2.75957113835533,0.025139241831076,0.109860555101429,-4.13865657974405,"10833558"
-245.1535,567.798888888889,-2.75943277258795,0.0251445641887215,0.109867379331336,-4.13868971616381,"10939744"
541.571,3163.60222222222,2.75917197785793,0.025154599043506,0.109894789360996,-4.13875217609463,"10799505"
82.0015500000003,638.858333333333,2.75879647529114,0.0251690548855294,0.109921935554458,-4.13884211687621,"10700852"
-15.4642425,23.6501633333333,-2.75867662649473,0.0251736705477645,0.109921935554458,-4.13887082530235,"10700863"
-143.4114,272.088,-2.75866911694812,0.0251739597873525,0.109921935554458,-4.1388726241635,"10905391"
168.90836,188.260822222222,2.75861969783455,0.0251758633119352,0.109921935554458,-4.13888446227831,"10784566"
147.0064,917.514777777778,2.75827115678732,0.0251892926295037,0.109964135516784,-4.13896795857239,"10886185"
9.456195,26.5693333333333,2.75791191258482,0.0252031420784416,0.109985648050097,-4.13905402795523,"10914607"
356.438,615.686888888889,2.75787959304602,0.0252043884345556,0.109985648050097,-4.13906177166964,"10862867"
-67.51955,226.858111111111,-2.75785038258943,0.0252055149481551,0.109985648050097,-4.13906877051643,"10726691"
72.4511000000001,194.847888888889,2.75754418898054,0.0252173265618619,0.110016488941413,-4.13914213838303,"10880610"
134.1624,321.395333333333,2.75747193730656,0.0252201145492106,0.110016488941413,-4.13915945177193,"10753146"
45.62386,118.117511111111,2.75722360522107,0.0252296994066318,0.110041868985569,-4.13921896146021,"10856320"
11.29262,24.9262222222222,2.75704922755465,0.0252364320968987,0.110054803295835,-4.13926075151608,"10874911"
-24.83951,104.557677777778,-2.75664920076057,0.025251884066105,0.110105752404059,-4.13935662713858,"10940500"
-30.133715,40.2796777777778,-2.75637643344408,0.0252624259393768,0.110130465987509,-4.13942200862751,"10728990"
-210.1843,839.921555555556,-2.75630748162244,0.0252650914988802,0.110130465987509,-4.13943853700564,"10760738"
-800.64325,1439.14455555556,-2.75596127796221,0.0252784795283793,0.110172385639575,-4.13952153028024,"10896028"
-306.0772,958.400888888889,-2.75566138681652,0.0252900825259807,0.110196361802919,-4.13959342823114,"10700045"
-55.425,227.287666666667,-2.7555333004947,0.0252950399500321,0.110196361802919,-4.13962413846989,"10779646"
61.651675,62.7020444444444,2.75549260850491,0.0252966150935036,0.110196361802919,-4.13963389510889,"10930488"
17.409825,61.3986,2.75542922269798,0.0252990688920442,0.110196361802919,-4.13964909323474,"10712633"
10.11467,22.1608888888889,2.75499820356802,0.0253157610686979,0.110252630271458,-4.13975244702312,"10928848"
-20.56048,38.8059888888889,-2.75472768599742,0.0253262432692629,0.110281840940266,-4.13981732099785,"10702768"
-166.861,723.650555555556,-2.7543707231125,0.0253400819669516,0.110325656420644,-4.13990293375634,"10846128"
-35.0338,235.522222222222,-2.75388161754546,0.0253590562290835,0.110377881790558,-4.14002025387549,"10900250"
9.784464,20.9828866666667,2.75386673458288,0.0253596338255022,0.110377881790558,-4.14002382406866,"10939118"
121.5754,350.206111111111,2.75358020230325,0.0253707565714785,0.110409843956379,-4.14009256181321,"10900710"
-41.959155,73.1934666666667,-2.75337525129921,0.0253787155447512,0.110428030373006,-4.14014173217435,"10871570"
-88.3132000000001,229.689888888889,-2.7530184630252,0.025392577043742,0.110461567417285,-4.14022733735759,"10770568"
-9.641085,15.8090733333333,-2.7529822262431,0.0253939853075404,0.110461567417285,-4.14023603225368,"10870995"
291.3838,628.714111111111,2.75250022205734,0.0254127250198564,0.110503170230938,-4.14035169644227,"10815888"
72.5140500000001,529.263666666667,2.75248244443951,0.0254134164639066,0.110503170230938,-4.14035596276608,"10873203"
248.5698,885.562666666667,2.75244438042394,0.0254148969939642,0.110503170230938,-4.14036509755344,"10774766"
-377.3865,1789.32666666667,-2.75228911630536,0.0254209370368629,0.110512984314719,-4.1404023596575,"10821395"
497.94475,1023.26477777778,2.75116818559308,0.0254645871485432,0.110686274208829,-4.14067142458525,"10876291"
12.217965,25.0640666666667,2.75079497909651,0.0254791373190026,0.110732658117675,-4.14076102779153,"10700206"
25.18627,77.1533777777778,2.75070006569506,0.025482839067746,0.110732658117675,-4.14078381714331,"10772784"
38.25488,123.774288888889,2.75038090717361,0.025495290744414,0.110770289084966,-4.14086045396448,"10809167"
-128.129,443.065777777778,-2.75015071557835,0.0255042753542862,0.1107928476134,-4.14091573240606,"10820589"
152.9434,530.739444444444,2.74928640049544,0.0255380396108497,0.110923028425715,-4.14112332349896,"10887593"
-179.774,1127.97444444444,-2.74913535750071,0.0255439448001074,0.110932184241168,-4.14115960643366,"10838831"
76.92959,153.340088888889,2.74852514727573,0.0255678159732182,0.111015338444147,-4.14130620514998,"10935878"
-175.51285,339.363888888889,-2.74845165385205,0.0255706925580429,0.111015338444147,-4.14132386321242,"10743774"
-27.5092,172.537888888889,-2.74815814052998,0.0255821842075775,0.111032232319321,-4.14139438867422,"10792913"
12.144465,28.1912,2.74815811754051,0.0255821851078712,0.111032232319321,-4.14139439419838,"10928852"
-26.56696,105.545122222222,-2.74795568309553,0.0255901139366338,0.111037545292251,-4.14144303876718,"10829504"
7.72078500000001,22.8139,2.74793278638209,0.025591010900689,0.111037545292251,-4.14144854098213,"10706474"
757.530500000001,2432.60222222222,2.74775069097852,0.0255981455259412,0.111052008226143,-4.14149230090412,"10788437"
52.2974525,44.3118722222222,2.7475891599888,0.0256044761403922,0.111062979356409,-4.14153112089723,"10903790"
10.930005,33.7446,2.74747232330289,0.0256090561320899,0.11106635478665,-4.14155920087023,"10909137"
15.803505,30.6958,2.74699313901612,0.0256278489718898,0.111131361119903,-4.1416743758787,"10724724"
79.2220500000001,236.705,2.74671513528044,0.0256387583527371,0.111162167782259,-4.14174120332621,"10923835"
60.1864,67.7879111111111,2.74660424229166,0.0256431113350975,0.111164542891162,-4.14176786167624,"10795289"
626.337,3201.31,2.7463678954495,0.0256523914144659,0.111188273409823,-4.14182468167811,"10793096"
80.29555,231.997111111111,2.74616557541325,0.0256603381945632,0.111206218664289,-4.14187332446566,"10869525"
449.48575,421.179444444444,2.74588510733981,0.0256713586940393,0.111237477438099,-4.14194076079732,"10883903"
13.27709,31.4693888888889,2.74562574725308,0.0256815541368136,0.111265152388087,-4.14200312684849,"10859080"
140.9568,737.540666666667,2.74546162210756,0.0256880080523881,0.111276611394197,-4.14204259505262,"10915492"
216.57795,792.555666666667,2.74522687404155,0.02569724199029,0.111300107858315,-4.14209904971601,"10915538"
227.03742,222.5421,2.74462249593044,0.0257210312755892,0.111382839421525,-4.1422444148604,"10887821"
412.17435,834.392,2.7445479127548,0.0257239685622315,0.111382839421525,-4.14226235541718,"10700180"
-172.174,236.719222222222,-2.74432563208795,0.0257327246265517,0.111404240847671,-4.14231582610235,"10906302"
93.6812500000001,215.714111111111,2.74411352701439,0.0257410827206081,0.111423913261201,-4.14236685226771,"10740037"
-11.010405,30.0716666666667,-2.74374190880843,0.025755733250551,0.111470813508385,-4.14245626023732,"10764233"
12.486212,18.4926655555556,2.74337026672404,0.025770393322182,0.111517741151566,-4.14254568374868,"10774890"
54.0327000000001,334.221333333333,2.74249264914473,0.0258050466461457,0.111651160059316,-4.14275689259241,"10830155"
12.01107,36.8369333333333,2.74235629796297,0.0258104348761961,0.111657936394668,-4.1427897119872,"10930226"
37.0940000000001,301.329222222222,2.74192361707113,0.0258275409388223,0.111708576518162,-4.14289386594513,"10891322"
17.169994,25.0231144444444,2.74186679514135,0.0258297882652215,0.111708576518162,-4.14290754497664,"10728700"
-87.6843749999999,180.491766666667,-2.74077795353053,0.025872891291341,0.111878426019129,-4.14316971156312,"10863639"
-83.26795,237.117222222222,-2.7404023088973,0.0258877788105174,0.111916503331537,-4.14326017715647,"10855632"
18.011475,33.6915,2.74014896427446,0.0258978243322723,0.111916503331537,-4.14332119517987,"10739788"
57.99075,173.456666666667,2.74010097850914,0.0258997274977418,0.111916503331537,-4.14333275305837,"10860996"
37.690825,60.9123777777778,2.74007707691677,0.0259006755136115,0.111916503331537,-4.14333851007027,"10881669"
66.4279000000001,324.318111111111,2.74007263715614,0.02590085161308,0.111916503331537,-4.14333957944929,"10724208"
10.775864,19.7189588888889,2.73978595717446,0.0259122251535965,0.111933362106557,-4.14340863332698,"10937507"
-30.7140249999999,118.228922222222,-2.73972287767913,0.0259147284163723,0.111933362106557,-4.14342382834637,"10797181"
101.9756,228.292888888889,2.73968459560404,0.0259162477335782,0.111933362106557,-4.1434330501314,"10920697"
-157.08235,268.384422222222,-2.7395867427273,0.0259201316802733,0.111933588604214,-4.1434566224237,"10862595"
94.588485,130.952866666667,2.73946384070625,0.0259250107202777,0.111938111614276,-4.14348622989698,"10738177"
95.44335,248.292666666667,2.73925607097686,0.0259332610443588,0.111957187549859,-4.14353628469538,"10935791"
27.03305,113.534388888889,2.73895212124208,0.0259453354555091,0.111992654070159,-4.14360951618911,"10784968"
-38.5988,305.954777777778,-2.73885629382308,0.0259491434038784,0.111992654070159,-4.14363260552514,"10825120"
12.694095,25.024,2.73870243700961,0.0259552585044509,0.111998822825815,-4.14366967823479,"10898743"
47.08904,150.937422222222,2.73845255690744,0.0259651932552321,0.111998822825815,-4.14372989189794,"10701445"
-112.3953,264.302333333333,-2.73838825199346,0.0259677505287791,0.111998822825815,-4.14374538818288,"10809136"
150.1044,574.918666666667,2.73831487709399,0.0259706688140973,0.111998822825815,-4.14376307052302,"10816760"
33.620895,102.235,2.73822942883753,0.0259740677102238,0.111998822825815,-4.14378366285661,"10807841"
-64.5204,424.481666666667,-2.73819506384076,0.0259754347843837,0.111998822825815,-4.14379194468668,"10791513"
19.031929,26.0802811111111,2.73814544267193,0.0259774088953146,0.111998822825815,-4.14380390334227,"10925415"
814.063,2422.32777777778,2.73711073049216,0.0260186087758961,0.112146756941655,-4.1440533077543,"10734817"
-98.1893499999999,396.803888888889,-2.73709090425954,0.0260193988687114,0.112146756941655,-4.1440580873598,"10764827"
98.9264,246.204888888889,2.73697571079077,0.0260239899191673,0.112149998745914,-4.14408585815557,"10871582"
43.26019,125.017311111111,2.73666487800052,0.0260363823673133,0.112186854642875,-4.1441607982905,"10733829"
-28.94378,38.4094777777778,-2.73643323103561,0.0260456217486807,0.112210115582651,-4.14421665159305,"10759009"
-42.82545,169.711666666667,-2.73621575921359,0.0260542988218398,0.112230947475852,-4.14426909052981,"10771243"
83.0234,239.843888888889,2.73590467571046,0.0260667161589582,0.112267882333452,-4.14434410785378,"10913553"
33.08941,49.9743444444444,2.73545124585115,0.0260848263793489,0.112329321616495,-4.14445346406181,"10836964"
537.4885,1603.29277777778,2.73488688402682,0.0261073853986266,0.112404025676661,-4.1445895946831,"10759461"
19.744305,48.3943666666667,2.73482477766266,0.0261098691805922,0.112404025676661,-4.14460457683599,"10790214"
-105.75215,593.859444444444,-2.73433197746336,0.0261295860747289,0.112464424459658,-4.14472346656819,"10765551"
37.147376,38.6907188888889,2.73423134510821,0.0261336142533479,0.112464424459658,-4.1447477465812,"10913354"
441.8787,845.451333333333,2.73418553974853,0.0261354479926274,0.112464424459658,-4.14475879848011,"10769954"
156.9277,416.377444444444,2.73402612434346,0.0261418309499377,0.112473058986401,-4.14479726332314,"10929261"
-18.05916,98.1006666666667,-2.73394313400739,0.0261451545004672,0.112473058986401,-4.14481728851288,"10760393"
35.15139,103.5532,2.7337709873025,0.026152049924108,0.112486158198306,-4.1448588282821,"10851231"
34.47595,87.0024444444444,2.7333498677288,0.0261689259848282,0.112527466187791,-4.14496045515724,"10758106"
-16.307355,90.7567666666667,-2.73326077687358,0.0261724976743553,0.112527466187791,-4.14498195665718,"10859245"
26.61717,82.5005333333333,2.73315456567778,0.0261767563820399,0.112527466187791,-4.14500759077414,"10905773"
40.71379,83.9128777777778,2.73314696912298,0.0261770610054161,0.112527466187791,-4.14500942423644,"10800024"
48.02431,50.4909777777778,2.73194512506257,0.0262253012387693,0.11270725933332,-4.14529954606704,"10905179"
15.930545,75.2741222222222,2.73191275140797,0.0262266019356441,0.11270725933332,-4.145307362391,"10833466"
-39.5281,107.573355555556,-2.73153676791216,0.0262417129341074,0.112755611362997,-4.1453981456107,"10899788"
26.475205,59.2833777777778,2.73114033534052,0.0262576555114706,0.112798133619654,-4.14549387719788,"10830276"
24.26418,47.425,2.73109867729578,0.0262593313735628,0.112798133619654,-4.14550393753821,"10701131"
64.862404,83.2638311111111,2.73079089842515,0.026271716430432,0.112834743281188,-4.145578269366,"10935038"
24.532192,28.0230544444444,2.73052626042319,0.0262823703070507,0.112863908003848,-4.14564218757742,"10816540"
-81.3121999999998,444.417444444444,-2.72994874080385,0.0263056357293062,0.112947213726624,-4.14578169351173,"10756251"
12.14566,32.9218111111111,2.72980415683685,0.0263114636265903,0.112955635325086,-4.14581662297962,"10801381"
-95.61485,323.881111111111,-2.72960013094997,0.0263196897751157,0.112974348676202,-4.14586591529977,"10854365"
23.495105,58.6244888888889,2.72924299731244,0.026334095477003,0.113019577679619,-4.14595220528576,"10841586"
93.32381,120.053688888889,2.7288277704891,0.0263508546995024,0.113055279834349,-4.14605254297794,"10781829"
-64.7110499999998,828.617333333333,-2.72878118289351,0.0263527357354026,0.113055279834349,-4.14606380142103,"10796111"
43.24015,184.727444444444,2.72874927967638,0.0263540239498841,0.113055279834349,-4.14607151129901,"10792132"
89.7106,276.543777777778,2.7275172960514,0.0264038196693383,0.113207241969507,-4.14636929314368,"10714952"
38.28574,90.5561444444444,2.72748388244923,0.0264051715679797,0.113207241969507,-4.14637737101454,"10890020"
37.54905,232.158666666667,2.72746926205263,0.0264057631247858,0.113207241969507,-4.14638090557822,"10827043"
71.57949,159.554366666667,2.7274543858448,0.0264063650460023,0.113207241969507,-4.14638450200122,"10818253"
53.937535,74.1299777777778,2.72739364319138,0.0264088229623532,0.113207241969507,-4.14639918710728,"10866410"
473.7341,815.840888888889,2.72724227808318,0.0264149488895928,0.113216889210764,-4.14643578217584,"10716168"
118.1694,465.401333333333,2.72656831962721,0.0264422425733125,0.113317247254914,-4.14659874265246,"10889339"
72.5049500000001,330.693222222222,2.72605818630901,0.0264629210553615,0.11338923081715,-4.14672211219805,"10749209"
-39.192805,74.9636555555556,-2.72553743395333,0.0264840471698899,0.113463111016449,-4.14684806878852,"10716995"
-116.5466,265.355111111111,-2.72541312110087,0.0264890929178687,0.113468088050237,-4.1468781396995,"10914303"
496.8555,2407.03666666667,2.72518165295746,0.0264984906427141,0.113491702922775,-4.1469341340661,"10885697"
-414.583999999999,2382.62444444444,-2.7245343943175,0.0265247879100991,0.113587680153274,-4.14709073222871,"10871169"
-23.32419,69.4856333333333,-2.72442791113744,0.0265291167563708,0.113589567187545,-4.14711649766996,"10826432"
62.5938000000001,267.942666666667,2.72423832678988,0.0265368257046101,0.113605924111149,-4.14716237285294,"10857667"
59.39845,240.772111111111,2.72412112213713,0.0265415926774549,0.113609683293651,-4.14719073503372,"10761965"
629.821,2495.02444444444,2.72305197549976,0.0265851179861849,0.113779319784413,-4.14744950102006,"10924217"
12.203515,34.9574444444444,2.72291136406245,0.0265908477921458,0.113783688750644,-4.14748353926589,"10700306"
184.81455,900.771,2.72283577566207,0.0265939284859791,0.113783688750644,-4.14750183776063,"10779202"
74.57115,203.142333333333,2.72267051322407,0.0266006652309887,0.113795846252468,-4.147541846016,"10895409"
134.1878,150.760022222222,2.7225414470415,0.0266059276971981,0.113801694252701,-4.1475730928885,"10827448"
135.343,491.823444444444,2.72205573341761,0.0266257415032942,0.113869771962705,-4.14769069450398,"10700749"
142.96975,790.883111111111,2.72186431814054,0.0266335541168453,0.11388651199788,-4.14773704479339,"10700959"
-26.89692,63.7367333333333,-2.72160032243738,0.0266443329742975,0.113915929095731,-4.14780097432579,"10709427"
137.06005,526.583777777778,2.72131029778524,0.0266561797649078,0.113949902787828,-4.14787121272974,"10900537"
77.075245,59.1311444444444,2.72066250352248,0.0266826601568074,0.114035420895499,-4.14802811749597,"10860852"
-39.11664,86.3642666666667,-2.72062994413411,0.0266839918272619,0.114035420895499,-4.14803600461331,"10938467"
119.9923,494.938111111111,2.7205137443679,0.0266887449253581,0.114039051374786,-4.14806415320844,"10831425"
15.851195,29.3449555555556,2.72035191805067,0.0266953658094537,0.114050660537786,-4.14810335610891,"10719021"
336.315184,203.323881111111,2.72001215317671,0.0267092722911188,0.114093388026429,-4.14818567115738,"10800237"
21.71195,127.391555555556,2.71983592691681,0.0267164881211847,0.114107526896534,-4.14822836881019,"10879483"
-90.1656000000001,423,-2.71942142965209,0.0267334682059333,0.114163359182595,-4.14832880549782,"10805254"
10.337655,31.2378333333333,2.71925770386053,0.0267401783755207,0.114170562150137,-4.14836848117526,"10701666"
-118.15735,345.876222222222,-2.71908370681977,0.0267473114052429,0.114170562150137,-4.14841064795672,"10749108"
-34.6767,172.985333333333,-2.71908153218763,0.0267474005669479,0.114170562150137,-4.14841117497482,"10824115"
-78.2756999999998,677.987,-2.71890577340363,0.0267546078337676,0.114170562150137,-4.14845377089476,"10774242"
390.5205,1735.90666666667,2.71890364073473,0.0267546952995083,0.114170562150137,-4.14845428776989,"10700279"
-274.40125,515.365888888889,-2.71870741047462,0.0267627444217528,0.114188230690388,-4.14850184764564,"10738744"
-104.52585,627.252666666667,-2.71802023081366,0.0267909513437119,0.114291888515654,-4.14866841919511,"10924494"
-73.8025,406.647888888889,-2.71772042060298,0.0268032673569089,0.114327734350232,-4.14874110327094,"10742219"
376.76235,597.021333333333,2.71733158692591,0.0268192490824852,0.114368751166537,-4.14883537906524,"10770197"
-66.3082,309.421888888889,-2.71726258153806,0.0268220863464271,0.114368751166537,-4.14885211107959,"10736934"
-702.49925,1021.67611111111,-2.71720077160248,0.0268246280205761,0.114368751166537,-4.14886709866858,"10901055"
22.134995,47.2776555555556,2.71670224392931,0.0268451369478913,0.114435606969532,-4.14898799082301,"10896935"
35.214275,117.679388888889,2.7166292057878,0.0268481430194143,0.114435606969532,-4.14900570392513,"10745074"
31.950995,67.2621222222222,2.71645301329567,0.0268553960987973,0.114441992313283,-4.14904843541505,"10705004"
-116.0038,306.951555555556,-2.71640250097306,0.0268574758437691,0.114441992313283,-4.14906068643588,"10877880"
31.17005,109.690755555556,2.71572400746855,0.0268854275523334,0.114544389749726,-4.14922526248022,"10874070"
18.92199,51.1551333333333,2.71553194240974,0.0268933454417525,0.114561416409355,-4.14927185585769,"10715252"
73.77555,162.064333333333,2.71531370333927,0.0269023452700023,0.114583046321307,-4.14932480198559,"10832306"
-18.1126,71.2764555555556,-2.71465422055438,0.0269295601281212,0.114674181737945,-4.1494848169132,"10922909"
800.157,2625.43333333333,2.71460498413897,0.0269315931027604,0.114674181737945,-4.14949676471845,"10776237"
-62.1344999999999,241.799666666667,-2.71441964705192,0.0269392470995782,0.114690056072148,-4.1495417405109,"10926549"
17.50728,32.9028333333333,2.7139894888644,0.0269570202791665,0.114749000500593,-4.14964613641748,"10705928"
-12.02829,39.9534333333333,-2.71381413206447,0.0269642690956153,0.114763134813418,-4.14968869783055,"10803486"
-132.824875,256.345722222222,-2.7135901878144,0.0269735293151578,0.114763954421484,-4.14974305520823,"10862605"
9.82635,27.5520666666667,2.7135039382723,0.026977096655072,0.114763954421484,-4.1497639912665,"10818892"
141.01335,253.69,2.71350089020893,0.0269772227339386,0.114763954421484,-4.14976473115748,"10811832"
32.52222,75.5773,2.71342951547673,0.0269801752230696,0.114763954421484,-4.14978205694261,"10929562"
60.89772,113.773933333333,2.71272726607819,0.027009242235696,0.114870869511373,-4.14995254286683,"10729548"
-56.7214999999999,321.533444444444,-2.71179728836354,0.0270477848419673,0.115018047507021,-4.15017836809233,"10743468"
-27.4228999999999,237.548444444444,-2.71150515022711,0.0270599040899368,0.115052836280514,-4.15024932016331,"10799158"
153.7676,836.770555555556,2.71120553703685,0.0270723392444124,0.115088957899631,-4.15032209395131,"10940495"
-144.3576,428.499666666667,-2.71102893111965,0.0270796718569972,0.115103380420532,-4.15036499315791,"10916734"
204.868,554.830444444444,2.71084016635577,0.0270875115608687,0.115119953846264,-4.15041084828699,"10908482"
113.820405,114.224366666667,2.71051282844178,0.0271011119692543,0.115161001464698,-4.15049037183714,"10734853"
72.9934000000001,278.394111111111,2.71005807783017,0.0271200178543216,0.115224578475298,-4.15060086156884,"10816566"
297.30545,455.590555555556,2.70964960966343,0.0271370111581338,0.115280012210807,-4.15070011856097,"10901823"
437.108500000001,2305.56444444444,2.70948734844605,0.0271437646745183,0.115291936784149,-4.15073955098693,"10937564"
164.8164,607.181333333333,2.70822914741636,0.0271961913382185,0.115470507305016,-4.15104537955866,"10750193"
81.441935,60.8883555555556,2.70819461096341,0.0271976318703492,0.115470507305016,-4.15105377583944,"10790603"
227.1058,328.893111111111,2.70819383685107,0.0271976641598485,0.115470507305016,-4.15105396403763,"10888872"
10.83479,24.3049222222222,2.7078089834393,0.027213721915583,0.115521893641651,-4.15114753282399,"10815806"
-31.8842999999999,165.36,-2.70767110738145,0.0272194770772719,0.115529537023888,-4.15118105694,"10875537"
-48.844865,78.3637111111111,-2.70743126408892,0.0272294914953507,0.115553141123379,-4.15123937724255,"10829630"
-34.36095,100.674466666667,-2.70734847490432,0.0272329491556947,0.115553141123379,-4.15125950920211,"10738423"
816.272000000001,2758.57555555556,2.70710490555666,0.0272431243619518,0.115564402819439,-4.15131874108825,"10874641"
55.6434000000001,253.39,2.70702790631688,0.0272463418496925,0.115564402819439,-4.1513374668497,"10930076"
80.9282199999999,188.245877777778,2.70700089545079,0.0272474706175223,0.115564402819439,-4.15134403583193,"10924286"
179.2313,325.270555555556,2.70639512628602,0.0272727979926219,0.115655032741538,-4.15149137100866,"10834731"
-224.66085,289.075933333333,-2.70606033389031,0.0272868061488108,0.115678846798978,-4.1515728102804,"10792811"
-23.53037,68.7003777777778,-2.70598304259338,0.0272900411706989,0.115678846798978,-4.15159161274329,"10848444"
-7.992785,16.3240311111111,-2.70583326909255,0.0272963110537142,0.115678846798978,-4.15162804896774,"10752257"
-67.571855,71.9223444444444,-2.70578827534279,0.0272981948910555,0.115678846798978,-4.15163899515293,"10805229"
94.88624,215.118422222222,2.70558285586239,0.0273067972719915,0.115678846798978,-4.15168897189411,"10885116"
46.52607,86.9674333333333,2.70557707495913,0.0273070394000574,0.115678846798978,-4.15169037837959,"10848174"
-17.263255,53.3360222222222,-2.70557199369267,0.0273072522262739,0.115678846798978,-4.15169161464638,"10807160"
-63.5223499999999,213.026444444444,-2.70537556457902,0.0273154808666227,0.115678846798978,-4.15173940703382,"10741629"
140.282564,74.9357922222222,2.70534605159748,0.0273167174196643,0.115678846798978,-4.15174658795438,"10815785"
17.206215,43.4384666666667,2.7052714490089,0.0273198434216305,0.115678846798978,-4.15176474007887,"10781525"
32.18677,35.7377611111111,2.7052206936045,0.0273219703879288,0.115678846798978,-4.15177708998671,"10883880"
19.922725,42.3602444444444,2.70490780683822,0.0273350860480325,0.115717606695729,-4.1518532262252,"10889627"
55.1685,142.510333333333,2.70421135807816,0.02736430321435,0.115824507983776,-4.152022721134,"10868007"
74.1645000000001,199.588,2.70367989591328,0.0273866205387895,0.115902177664812,-4.15215208613133,"10811102"
22.022255,39.7176888888889,2.7032806806879,0.0274033968258363,0.115941262879072,-4.15224927350099,"10762247"
-55.430925,109.430233333333,-2.70320803196232,0.0274064508922206,0.115941262879072,-4.15226696074982,"10736841"
-85.8046,497.275222222222,-2.70302676010653,0.0274140728736023,0.115941262879072,-4.15231109528611,"10876172"
-70.0224949999999,121.118411111111,-2.70294322780055,0.02741758591066,0.115941262879072,-4.15233143380108,"10797154"
11.5655,21.7091222222222,2.70291668647151,0.0274187022305242,0.115941262879072,-4.1523378962084,"10722097"
20.92896,13.89835,2.70289372200347,0.0274196681464884,0.115941262879072,-4.15234348774473,"10836588"
41.427805,114.124477777778,2.70265001190496,0.0274299210738808,0.115967831295565,-4.15240283012788,"10814644"
525.244499999999,2730.1,2.70240315289377,0.0274403104980703,0.115994969019046,-4.15246294350895,"10838079"
24.550175,77.6963888888889,2.70199462699263,0.0274575128060667,0.116050893969391,-4.1525624342787,"10921762"
12.103705,45.0287444444444,2.70188793994581,0.0274620070370654,0.116053099028038,-4.15258841834603,"10745049"
-71.38205,460.753444444444,-2.70157931580423,0.0274750122041842,0.116091265046722,-4.15266358951828,"10815317"
324.733085,302.659955555556,2.70144419047467,0.0274807082686097,0.116095734204383,-4.15269650391953,"10810144"
22.4399,136.271888888889,2.70136569167504,0.0274840178598451,0.116095734204383,-4.15271562557874,"10834162"
202.714,950.188111111111,2.70112320868946,0.0274942437853753,0.116122139358964,-4.15277469516228,"10903545"
150.64925,507.430222222222,2.70078319686956,0.0275085892629618,0.11616593332295,-4.15285753001196,"10873993"
160.22765,425.906888888889,2.70029289757298,0.0275292890960742,0.116236544537175,-4.15297699269651,"10835292"
72.087185,97.0395888888889,2.70005391217583,0.0275393845738332,0.116261279216635,-4.15303522821721,"10928684"
-82.7628,253.834333333333,-2.69983636272863,0.0275485778426959,0.116261279216635,-4.15308824374901,"10830058"
25.04531,59.0495888888889,2.69983418000383,0.0275486700969213,0.116261279216635,-4.15308877568314,"10904612"
-90.88605,147.5674,-2.69977750078012,0.0275510657909482,0.116261279216635,-4.15310258863333,"10752109"
-183.20405,483.766777777778,-2.69917795335992,0.027576420341462,0.116324257664675,-4.15324871450138,"10745214"
29.289055,73.4084777777778,2.69916929940918,0.0275767864882461,0.116324257664675,-4.15325082388704,"10852649"
-50.3341,152.071888888889,-2.69914214234063,0.0275779355304149,0.116324257664675,-4.15325744341007,"10779342"
-22.33071,66.1145,-2.69868049489375,0.0275974758224388,0.116389874213473,-4.15336997767697,"10795258"
194.58185,265.755222222222,2.69846660617921,0.0276065339825772,0.116398963805265,-4.15342212168592,"10767987"
8.64251000000001,19.9931555555556,2.69840121754192,0.0276093037934916,0.116398963805265,-4.15343806344631,"10827659"
-109.6714,516.740555555556,-2.69827507301378,0.0276146479835461,0.116398963805265,-4.15346881834987,"10805986"
17.463315,44.7475333333333,2.69825334765277,0.0276155684991543,0.116398963805265,-4.15347411525493,"10745378"
998.653500000001,5631.41,2.69776431465449,0.0276362974525845,0.116469531705107,-4.15359335615537,"10804508"
74.05735,202.125777777778,2.69751109313141,0.0276470372033237,0.116476892674478,-4.15365510574014,"10723332"
-1002.1635,2571.26,-2.69750507326084,0.0276472925731505,0.116476892674478,-4.15365657377633,"10928563"
9.94521000000002,63.0978333333333,2.69744113261904,0.0276500051584002,0.116476892674478,-4.15367216682257,"10783667"
-227.18035,610.920555555556,-2.69708837864286,0.0276649751354483,0.11652064887124,-4.15375819721475,"10940686"
-47.20795,175.275888888889,-2.69700842513324,0.0276683693167588,0.11652064887124,-4.1537776976598,"10732592"
-171.33875,299.974444444444,-2.69664442124862,0.0276838274013212,0.116568944033179,-4.15386648288767,"10722053"
218.046000000001,1038.29133333333,2.69593788178947,0.0277138572389039,0.116678574056397,-4.15403884345204,"10884804"
28.585205,51.8804555555556,2.69557830177478,0.0277291532241933,0.116726150186107,-4.15412657656256,"10926821"
53.47692,164.1446,2.69537395649659,0.0277378496295369,0.116745935611193,-4.15417643833965,"10882920"
177.1,244.873111111111,2.69521528464382,0.0277446042269095,0.116757543630789,-4.15421515747698,"10912282"
78.90385,264.206777777778,2.69479274211541,0.027762599945403,0.116816447472995,-4.15431827499206,"10875610"
289.60125,1178.90066666667,2.6940749517203,0.027793197534929,0.116928351495596,-4.15449347362989,"10841287"
97.1370999999999,267.906444444444,2.69392398753469,0.0277996371691292,0.11693860334902,-4.15453032563655,"10821383"
768.073,2380.30777777778,2.69372333900511,0.0278081985486255,0.116943001682941,-4.15457930860471,"10813330"
-94.879595,103.071011111111,-2.69355422288059,0.0278154165922185,0.116943001682941,-4.15462059596972,"10768996"
-242.613225,329.0533,-2.69351397675287,0.0278171346205842,0.116943001682941,-4.15463042180072,"10921120"
-320.6153,861.808111111111,-2.69351380700541,0.0278171418670018,0.116943001682941,-4.1546304632437,"10911882"
141.378605,157.756555555556,2.69334327874203,0.0278244225973558,0.116943001682941,-4.15467209787342,"10940516"
49.60842,121.873766666667,2.69333676721394,0.0278247006468858,0.116943001682941,-4.15467368770925,"10824550"
9.962538,17.5611566666667,2.69313409897341,0.0278333562359636,0.11696255308939,-4.1547231720839,"10827663"
-321.550925,379.662077777778,-2.6928846857753,0.0278440120170553,0.116990502957896,-4.1547840738617,"10794345"
78.7023499999999,407.155222222222,2.69276139615533,0.0278492809187111,0.116995814316829,-4.15481418036086,"10892007"
55.359855,114.8887,2.69194563748569,0.0278841690017783,0.117125537486405,-4.15501340997579,"10812656"
549.1825,2445.59111111111,2.6917482524216,0.0278926174483107,0.117144181445507,-4.15506162357293,"10842436"
-103.28195,211.051111111111,-2.69133262357876,0.0279104157403131,0.117202082138494,-4.15516315466684,"10897574"
573.9205,2231.61777777778,2.69110498072866,0.0279201689395723,0.117214258648335,-4.15521876908742,"10765489"
12.031713,15.56619,2.69107765395479,0.0279213399717178,0.117214258648335,-4.15522544541479,"10772002"
76.619145,103.996133333333,2.69081535885384,0.0279325826526122,0.117244607703077,-4.15528953057177,"10732966"
240.9197,1083.10322222222,2.69024000240947,0.0279572602994665,0.117314478941197,-4.15543012119047,"10866486"
240.9197,1083.10322222222,2.69024000240947,0.0279572602994665,0.117314478941197,-4.15543012119047,"10866503"
39.273905,79.9950888888889,2.69007541260733,0.0279643238529207,0.117327266557407,-4.15547034361869,"10778552"
-9.43376999999999,28.9864333333333,-2.68995673045145,0.0279694183675045,0.117331790377409,-4.15549934831996,"10767264"
-22.019755,65.7840222222222,-2.68933847004373,0.0279959730655566,0.117419325435115,-4.15565046075597,"10857452"
52.5267,195.078,2.68928377643634,0.0279983234401661,0.117419325435115,-4.1556638300094,"10700738"
86.22139,128.655877777778,2.68888711542958,0.0280153754157249,0.117473974077076,-4.15576079570967,"10835396"
226.7911,878.569444444444,2.68854764249935,0.0280299774240022,0.117518335313548,-4.15584379024617,"10751671"
-30.9896,180.770444444444,-2.68840751463696,0.028036007131962,0.117526748795112,-4.15587805113598,"10744087"
173.0404,646.457444444444,2.68828665156267,0.0280412089463436,0.117527936789015,-4.15590760293913,"10766289"
-461.623499999999,2220.74,-2.6882139939273,0.0280443365289322,0.117527936789015,-4.15592536869234,"10873387"
54.63215,224.886555555556,2.68792811114717,0.0280566459715203,0.117560091847141,-4.15599527439796,"10925264"
39.314425,65.3806777777778,2.68783338902185,0.0280607257092148,0.117560091847141,-4.1560184376584,"10847064"
350.4083,1038.32722222222,2.68775548302873,0.0280640816232614,0.117560091847141,-4.15603748918762,"10915427"
-72.36405,348.53,-2.68759963774652,0.0280707961239,0.117571360281522,-4.15607560166177,"10774383"
60.5953,276.165444444444,2.68737479223421,0.0280804863683685,0.117595087265699,-4.15613059135998,"10937558"
-415.8182,839.891111111111,-2.68723668679908,0.0280864400505655,0.117603161765403,-4.156164369086,"10712548"
23.92915,64.6013777777778,2.687053453495,0.028094341184107,0.117619387124176,-4.15620918621091,"10940587"
-8.939835,45.9611,-2.68666537060028,0.0281110831041298,0.117672615246317,-4.15630411534726,"10884906"
225.8334,1220.392,2.68651610846639,0.0281175250122815,0.117682718582921,-4.15634062922955,"10906533"
-51.40055,173.315111111111,-2.68602747925937,0.0281386240618675,0.117754156044033,-4.15646017311155,"10739764"
-65.56605,416.336333333333,-2.68559212765436,0.0281574362894829,0.117816004548976,-4.15656669660041,"10820400"
-11.61448,32.5296888888889,-2.68496207215577,0.0281846848744931,0.117913129589495,-4.15672088442788,"10904219"
-14.59845,144.289,-2.68420934064147,0.0282172744771998,0.11803256823839,-4.15690513000826,"10925831"
-114.19715,232.600111111111,-2.68390705315232,0.0282303729486365,0.118059112573587,-4.15697913184771,"10720907"
46.76875,57.9851111111111,2.68379283433749,0.0282353238104364,0.118059112573587,-4.1570070949782,"10922051"
743.9395,3814.42777777778,2.68376846439883,0.0282363802510191,0.118059112573587,-4.15701306136162,"10738409"
-7.29984500000001,40.4347444444444,-2.68368993038823,0.0282397849888486,0.118059112573587,-4.15703228877542,"10862106"
-57.2631,261.777333333333,-2.68345845117175,0.0282498229180658,0.118077738453722,-4.15708896413686,"10870240"
58.4776,267.156444444444,2.68333441390101,0.0282552032137012,0.118077738453722,-4.15711933495637,"10937360"
24.88964,92.1734222222222,2.68330761559038,0.0282563657674392,0.118077738453722,-4.1571258967273,"10775271"
52.2607,140.625777777778,2.6828992532756,0.0282740872637097,0.118134894925918,-4.15722589356062,"10821367"
32.33949,128.452866666667,2.68276944621623,0.0282797228283202,0.118141544788581,-4.15725768222027,"10809730"
-230.6917,574.214555555556,-2.68235572919493,0.0282976920285971,0.118199710455167,-4.15735900589561,"10717855"
82.68875,396.483555555556,2.68190445501327,0.0283173058503926,0.118264728107701,-4.15746954133942,"10814194"
48.13465,151.612777777778,2.68151026634334,0.0283344499845363,0.118319414215015,-4.15756610584351,"10749778"
54.978505,85.8895111111111,2.68135982724461,0.0283409957244032,0.118329834084996,-4.15760296180854,"10872671"
40.973146,31.1569911111111,2.68113259462447,0.0283508857655428,0.118354212168415,-4.15765863435641,"10811883"
245.4438,636.413333333333,2.68060254066612,0.028373969548473,0.118418087964403,-4.1577885128759,"10790954"
-55.80905,289.950777777778,-2.68059510091109,0.0283742936862744,0.118418087964403,-4.15779033597011,"10729074"
20.296815,80.6806666666667,2.6801499689939,0.0283936942724937,0.118482128906818,-4.15789942151051,"10808235"
-256.2563,1043.30811111111,-2.67979944027196,0.0284089812749397,0.118515462378991,-4.15798533299733,"10919716"
-301.4495,1184.76244444444,-2.67978076207082,0.028409796092287,0.118515462378991,-4.15798991109958,"10936827"
19.4379,56.8408666666667,2.67945515968606,0.0284240040206142,0.118553461025665,-4.15806972146301,"10869614"
269.13225,382.207333333333,2.67938603890076,0.028427021102375,0.118553461025665,-4.15808666502674,"10862338"
68.7317000000001,458.141222222222,2.67881875755896,0.0284517950361396,0.118639843018239,-4.15822573517139,"10827129"
25.48521,37.4582,2.67859247059808,0.0284616834783347,0.118664138880558,-4.15828121612855,"10913078"
411.496,1459.11111111111,2.67791753784723,0.0284911981284899,0.118770242883234,-4.15844671710461,"10861305"
-17.117085,75.0981666666667,-2.67755678189455,0.028506986795535,0.118819105756136,-4.15853519147681,"10729604"
-19.56163,39.7805222222222,-2.67733820703321,0.0285165572079185,0.118842040267066,-4.1585888007532,"10886806"
38.062905,52.0622666666667,2.67706400176526,0.0285285680944764,0.118862458330328,-4.15865605906028,"10809856"
-425.532499999999,2163.90444444444,-2.67698555840591,0.0285320050686713,0.118862458330328,-4.15867530096577,"10901813"
-81.3287999999997,870.815666666667,-2.6768797333992,0.0285366424362703,0.118862458330328,-4.15870126018133,"10919626"
21.557152,27.6864544444444,2.67677546412893,0.0285412123871485,0.118862458330328,-4.15872683853297,"10754580"
-41.761035,55.5009,-2.67668441662527,0.0285452034646068,0.118862458330328,-4.15874917406538,"10832358"
-75.5698499999999,479.814,-2.67663387239613,0.0285474193240093,0.118862458330328,-4.1587615736911,"10734190"
148.41345,555.646333333333,2.67657644029255,0.0285499373623574,0.118862458330328,-4.15877566328196,"10934980"
231.1748,919.185555555556,2.67637780793304,0.028558647907736,0.118881781130892,-4.15882439474517,"10701517"
11.55302,26.0225555555556,2.67610760308976,0.0285705014758839,0.118914180099227,-4.15889068985427,"10932377"
-50.20015,348.839222222222,-2.67560634141911,0.0285925046218837,0.118967160366729,-4.1590136885257,"10755426"
-623.712,1077.02866666667,-2.67557908048079,0.028593701754167,0.118967160366729,-4.15902037826668,"10940520"
16.38951,70.6497666666667,2.67553933115923,0.0285954473914963,0.118967160366729,-4.15903013270693,"10852492"
10.205701,17.6770411111111,2.67500057922895,0.0286191181047167,0.119048685221585,-4.15916235269815,"10827756"
20.82499,52.0467111111111,2.67421337068111,0.0286537412553015,0.119175739896409,-4.15935558502382,"10830034"
-180.622,960.057555555556,-2.67357349503182,0.0286819160824133,0.119266117125081,-4.15951268403569,"10916144"
-250.029925,340.394588888889,-2.67353445754246,0.0286836358910392,0.119266117125081,-4.15952226924385,"10710236"
-62.78775,184.160333333333,-2.67311514129887,0.028702115678106,0.11932597230969,-4.15962523423145,"10899606"
127.6353,436.155,2.67247702811576,0.0287302615858006,0.11942599060438,-4.15978194927215,"10849735"
-8.42715,14.46956,-2.67224004117687,0.0287407218277024,0.119452475099516,-4.15984015841661,"10796820"
-47.8775,271.693111111111,-2.67209232041967,0.0287472439754405,0.119462586841895,-4.1598764438233,"10764643"
-16.55898,82.9318333333333,-2.67138932210746,0.028778303502974,0.119574649201519,-4.16004914570665,"10931147"
-381.2416,475.321888888889,-2.67123810900198,0.0287849888291809,0.119585418608602,-4.1600862979248,"10725782"
7.858865,25.3736888888889,2.67069809369813,0.0288088766231273,0.11965903440529,-4.16021898966055,"10752523"
-262.4711,508.847777777778,-2.67065236178806,0.0288109005273776,0.11965903440529,-4.16023022776721,"10801071"
-81.3735000000001,441.738,-2.67037411248861,0.0288232178322094,0.119693174946718,-4.1602986075628,"10911780"
798.505000000001,2219.73111111111,2.66946123759964,0.0288636661943549,0.119844108044611,-4.16052298447158,"10774372"
837.626999999999,2805.99666666667,2.6690968702219,0.0288798271362194,0.119894169384327,-4.16061255906227,"10736232"
7.179101,13.1419355555556,2.66870209935966,0.0288973470643449,0.119949857507498,-4.16070961833777,"10710575"
53.69463,77.7841,2.66784244165082,0.028935536437263,0.120079823800782,-4.16092101324126,"10887719"
221.6885,1494.01222222222,2.66781225937283,0.0289368781939311,0.120079823800782,-4.16092843617472,"10880583"
9.184255,27.4918111111111,2.6676143803714,0.0289456765104426,0.12008451193864,-4.16097710347487,"10918485"
-16.435065,51.5498666666667,-2.66760195735579,0.0289462289680256,0.12008451193864,-4.16098015894102,"10826206"
13.482545,40.5758222222222,2.66684590735769,0.0289798712686848,0.120196790620005,-4.16116613117016,"10928832"
-123.35015,708.873111111111,-2.66680882610637,0.0289815223224247,0.120196790620005,-4.16117525339136,"10759026"
-15.35961,49.9444666666667,-2.66627143924326,0.0290054604769296,0.120278995368775,-4.16130746466332,"10933362"
-36.08565,261.439333333333,-2.66607648022829,0.0290141500369743,0.120297953332411,-4.16135543465593,"10832838"
-104.26425,719.029333333333,-2.6652484103212,0.0290510879132989,0.120416617489705,-4.1615592120592,"10816649"
-70.146,334.354,-2.66519682929085,0.0290533903951388,0.120416617489705,-4.16157190706568,"10875880"
15.980565,45.3167333333333,2.66515773133859,0.0290551357802743,0.120416617489705,-4.1615815298883,"10774339"
769.52215,1308.78144444444,2.66467576881726,0.0290766600793783,0.120488730150207,-4.1617001596479,"10798488"
125.40265,362.525111111111,2.66430892989838,0.0290930539646134,0.120508210665814,-4.16179046380966,"10804117"
-117.17995,433.763222222222,-2.66429287332919,0.0290937717430167,0.120508210665814,-4.16179441664351,"10716509"
97.98407,185.620155555556,2.66427462952191,0.0290945873198037,0.120508210665814,-4.16179890795711,"10906373"
-31.859705,105.306611111111,-2.66413082800405,0.0291010166888702,0.120508210665814,-4.16183431024215,"10701484"
-196.495,1621.48888888889,-2.66410914533678,0.0291019862479399,0.120508210665814,-4.16183964839076,"10832299"
-470.36455,911.042888888889,-2.66377299774091,0.0291170216189166,0.120547927469495,-4.16192241017934,"10714616"
-40.99645,173.677555555556,-2.66365723049733,0.0291222015575956,0.120547927469495,-4.16195091466511,"10700145"
-41.6647499999999,292.378333333333,-2.66353339035374,0.0291277437607801,0.120547927469495,-4.16198140790905,"10819790"
-14.6109775,14.8791922222222,-2.6635258083808,0.0291280831110826,0.120547927469495,-4.16198327485804,"10751343"
-748.376,1368.83844444444,-2.66329322188924,0.029138495077621,0.120558347681148,-4.16204054778881,"10918822"
170.92775,529.572888888889,2.6632019919749,0.0291425801189509,0.120558347681148,-4.16206301359458,"10765668"
72.0176500000001,255.222444444444,2.66319303657882,0.0291429811502796,0.120558347681148,-4.16206521893512,"10790978"
162.7747,658.860111111111,2.66297746573263,0.0291526363316389,0.12058121446871,-4.16211830672252,"10765600"
-64.229885,119.752944444444,-2.66263933879139,0.0291677872807496,0.120626803173813,-4.16220158241355,"10817331"
40.54516,124.479911111111,2.66211129909932,0.0291914640976441,0.120705574010941,-4.16233164668484,"10780268"
227.8197,469.329,2.66203030017815,0.0291950977600229,0.120705574010941,-4.16235159967175,"10748962"
1026.1175,3698.05222222222,2.66184705761946,0.0292033198493789,0.1207224828187,-4.16239674067277,"10933957"
-230.46675,778.628333333333,-2.66152439430258,0.0292178035226718,0.120765267701094,-4.16247623302678,"10813119"
-936.011999999999,1628.33266666667,-2.66141041588497,0.0292229215346603,0.120769335084675,-4.16250431483542,"10710258"
8.18814,22.7061333333333,2.66129814312759,0.0292279638564414,0.120773088557578,-4.16253197728712,"10858645"
10.652961,15.7276133333333,2.66107073108247,0.0292381799762677,0.120787100355913,-4.16258801114207,"10930089"
-119.36615,683.756777777778,-2.66095056627098,0.029243579666788,0.120787100355913,-4.16261762094968,"10900618"
900.4215,3078.07333333333,2.66086817662103,0.0292472824952463,0.120787100355913,-4.16263792315939,"10877446"
9.144083,17.5065288888889,2.66085459225251,0.0292478930621526,0.120787100355913,-4.16264127062381,"10875650"
171.65595,228.565333333333,2.65905057440591,0.029329093301843,0.121083730807295,-4.16308593092213,"10716939"
-8.2371,20.4696666666667,-2.65900196411114,0.0293312844871508,0.121083730807295,-4.16309791566931,"10906488"
-412.66785,474.945666666667,-2.65898266333397,0.0293321545465607,0.121083730807295,-4.1631026742733,"10820494"
-12.73698,48.0901,-2.65880670134561,0.0293400879556507,0.121099368400167,-4.16314605886786,"10837514"
42.79982,154.532822222222,2.65864409301275,0.0293474212605592,0.121112525032628,-4.16318615293736,"10799657"
-64.88935,191.428888888889,-2.65843277588862,0.0293569540434772,0.121134753591263,-4.16323825979065,"10829137"
-83.29166,100.092944444444,-2.65785844997006,0.0293828786702548,0.121224603512614,-4.16337989345654,"10879961"
210.62015,935.050555555556,2.65764225769992,0.0293926435069906,0.121241587789327,-4.16343321423161,"10802114"
-54.9668,211.675111111111,-2.65758355292284,0.029395295622366,0.121241587789327,-4.16344769349596,"10884671"
462.3369,1355.24366666667,2.65730570480436,0.0294078513445233,0.121249724482781,-4.16351622669968,"10925600"
102.45755,286.754888888889,2.65728080561973,0.02940897678633,0.121249724482781,-4.1635223685207,"10743437"
-662.87875,1515.59522222222,-2.65709676670743,0.029417296706027,0.121249724482781,-4.16356776628083,"10769629"
614.43,2867.55,2.65689720351837,0.0294263211673485,0.121249724482781,-4.16361699613914,"10774359"
614.43,2867.55,2.65689720351837,0.0294263211673485,0.121249724482781,-4.16361699613914,"10790525"
614.43,2867.55,2.65689720351837,0.0294263211673485,0.121249724482781,-4.16361699613914,"10825236"
614.43,2867.55,2.65689720351837,0.0294263211673485,0.121249724482781,-4.16361699613914,"10910458"
-894.1995,1413.646,-2.65614406981947,0.0294604042786311,0.12136556664608,-4.16380281007802,"10828081"
334.46655,653.233,2.65609240529862,0.0294627438438419,0.12136556664608,-4.16381555824223,"10940441"
601.5965,2681.18222222222,2.65571640209713,0.0294797764365576,0.121418608320541,-4.16390834218784,"10844883"
74.539775,77.1061888888889,2.65410914366641,0.0295526977095576,0.121701791779957,-4.16430506554206,"10848293"
133.6105,795.033444444444,2.65350715312552,0.029580057620318,0.121797294336853,-4.16445370227975,"10859814"
-28.0877,113.740977777778,-2.65259526208593,0.029621551726318,0.121950959996146,-4.16467890390289,"10879797"
-25.100055,81.3303,-2.65244550208461,0.0296283720160474,0.121961851497366,-4.16471589429599,"10808348"
-9.07847,27.5380444444444,-2.65207759562348,0.0296451338556924,0.122013657433107,-4.16480677297163,"10740686"
8.81798000000001,22.1073222222222,2.65182131521831,0.0296568157538155,0.122034470040115,-4.16487008378711,"10933476"
106.42377,218.934433333333,2.65176222894473,0.0296595097228882,0.122034470040115,-4.16488468094374,"10840076"
163.92245,299.883222222222,2.651529814758,0.0296701088100312,0.122034470040115,-4.16494210078813,"10753982"
53.41582,119.748044444444,2.65152225360688,0.0296704536963143,0.122034470040115,-4.16494396889567,"10799063"
-1302.875,3564.13444444444,-2.65150859085939,0.0296710769047354,0.122034470040115,-4.16494734451361,"10813236"
-58.46835,171.822666666667,-2.65092428625952,0.0296977417678726,0.122126946509942,-4.16509171913899,"10919017"
-126.733525,182.106788888889,-2.65075562023846,0.0297054434481202,0.122129286413741,-4.16513339886849,"10751642"
737.967500000001,2297.27555555556,2.65072872413528,0.0297066717757256,0.122129286413741,-4.16514004545297,"10736053"
164.4373,279.936444444444,2.6505014824221,0.0297170518373675,0.122138893058862,-4.16519620358468,"10779331"
8.62785999999999,21.4605444444444,2.65049451494064,0.029717370160279,0.122138893058862,-4.16519792551129,"10859805"
25.96517,27.4209555555556,2.65015790063352,0.0297327532051084,0.122173022120618,-4.16528111955675,"10745107"
-97.6059,386.589,-2.65012979376677,0.0297340380392138,0.122173022120618,-4.16528806650791,"10912115"
245.9412,665.034,2.64994146170792,0.0297426486308356,0.122191216017611,-4.16533461645598,"10813107"
-38.6049,196.584666666667,-2.64902851465485,0.0297844250750564,0.122345640346274,-4.16556030388157,"10833713"
181.229865,172.882066666667,2.64869030485923,0.0297999168242112,0.12239206665296,-4.16564392651649,"10739721"
11.166818,19.3761622222222,2.64839479614948,0.029813459408779,0.122430475564812,-4.16571699774024,"10723240"
-82.9523499999999,490.906888888889,-2.6480723158901,0.0298282452492395,0.122472047886042,-4.1657967451705,"10819928"
-176.58945,528.058,-2.64799116347971,0.0298319673018784,0.122472047886042,-4.16581681480461,"10850979"
7.990215,18.6780666666667,2.64750851158986,0.0298541139580062,0.122545747529745,-4.16593618783364,"10814394"
-8.29844,20.0611444444444,-2.64697879373061,0.029878439661845,0.122628369806286,-4.16606722007294,"10764054"
193.7792,486.077888888889,2.64582189686765,0.0299316373790754,0.122780632491717,-4.16635346008889,"10837393"
605.033,1564.22555555556,2.64581509880447,0.0299319502620558,0.122780632491717,-4.16635514234207,"10927281"
2616.3545,5875.28222222222,2.64580365967773,0.0299324767590061,0.122780632491717,-4.16635797308307,"10741778"
46.91085,189.529666666667,2.64573577870382,0.0299356012423351,0.122780632491717,-4.16637477118181,"10926384"
22.510925,56.3441555555556,2.64571511322024,0.0299365525172349,0.122780632491717,-4.16637988520859,"10754676"
172.44343,108.050844444444,2.6454161739279,0.0299503167783523,0.122808821823008,-4.16645386613596,"10838823"
-46.6811999999999,323.324,-2.64538324783379,0.029951833213149,0.122808821823008,-4.16646201499993,"10708122"
36.23566,103.773577777778,2.64469710651824,0.0299834518630752,0.122921212844215,-4.16663184481385,"10889221"
49.87721,84.6465888888889,2.64373851018171,0.0300276830584914,0.123085271905538,-4.16686916550933,"10818291"
-39.47908,76.4502222222222,-2.64358945803051,0.0300345665750616,0.123096216038699,-4.16690607219679,"10780850"
56.33765,190.310555555556,2.64321973399619,0.0300516481307603,0.123148947747515,-4.16699762588819,"10814650"
199.46908,105.560544444444,2.64307197302563,0.0300584775951409,0.123159658410161,-4.16703421814424,"10747278"
-80.3114999999999,642.22,-2.64274225130546,0.0300737229644482,0.123204844016742,-4.16711587748329,"10904910"
376.838568,226.58949,2.64180279809697,0.030117204023488,0.123365675594809,-4.16734858484738,"10766809"
47.668365,43.0624,2.64140572164011,0.0301356014319955,0.123423729179071,-4.1674469609966,"10871151"
40.578855,45.2316666666667,2.64115786409821,0.0301470910463238,0.123453478809546,-4.16750837349299,"10878969"
144.3178,1117.16344444444,2.6408431708591,0.0301616853481454,0.123495932131846,-4.16758635219081,"10700449"
69.48879,84.4715666666667,2.64029776602906,0.0301869963515923,0.123570136163163,-4.16772151569571,"10740891"
-35.1342,160.566,-2.64027037642354,0.0301882680152152,0.123570136163163,-4.16772830399213,"10771760"
-28.41089,82.0201777777778,-2.63985660465336,0.0302074855807032,0.123631477130101,-4.16783086032618,"10811440"
45.15253,113.045211111111,2.63970324875921,0.0302146113562188,0.123643319254878,-4.16786887369036,"10704941"
14.2355,24.8269888888889,2.63958912954234,0.0302199150936673,0.123647703017703,-4.16789716224415,"10704565"
-43.81811,69.6141444444444,-2.63946120484853,0.0302258615808157,0.123654715056988,-4.16792887404776,"10735077"
812.645,3064.96555555556,2.63928727070082,0.0302339487083862,0.123670481317109,-4.16797199314004,"10840347"
-83.1352000000001,658.590222222222,-2.63875419682019,0.0302587479784606,0.123754593790109,-4.16810415762828,"10940678"
37.78622,114.348655555556,2.63855652573706,0.0302679491852857,0.123758106177041,-4.16815317099753,"10732671"
-247.918,895.729222222222,-2.63855373092822,0.0302680792987937,0.123758106177041,-4.16815386400131,"10723413"
138.008,1153.52888888889,2.63812536862123,0.0302880286666097,0.123822343893973,-4.16826008752947,"10837279"
-34.982915,77.8718777777778,-2.63785099271506,0.0303008137755061,0.123846513905538,-4.16832813277408,"10877673"
43.223325,121.794666666667,2.63781654269474,0.0303024194357768,0.123846513905538,-4.16833667674756,"10723196"
-60.4050499999999,263.469111111111,-2.63761083401473,0.0303120090031262,0.123859630365065,-4.16838769639937,"10802755"
-837.921249999999,1560.99255555556,-2.63756581229883,0.0303141082053198,0.123859630365065,-4.16839886302653,"10713568"
18.179835,53.2635666666667,2.63724527438958,0.0303290580533048,0.123903384417458,-4.16847836929757,"10806925"
85.41745,198.957111111111,2.63634677475109,0.0303710042539592,0.124049844663612,-4.16870127094486,"10866672"
12.761425,28.9670444444444,2.63617209086655,0.0303791662223752,0.124049844663612,-4.16874461332901,"10779981"
12.761425,28.9670444444444,2.63617209086655,0.0303791662223752,0.124049844663612,-4.16874461332901,"10780017"
10.65587,43.6102222222222,2.63611373055001,0.0303818935636389,0.124049844663612,-4.16875909409771,"10879919"
12.257875,20.6982444444444,2.63567324046018,0.030402486997206,0.124116581209667,-4.16886839912329,"10718614"
107.53245,267.067,2.63558039969074,0.0304068292381131,0.124116963722542,-4.16889143871611,"10772408"
19.96956,72.4009,2.63524132790766,0.0304226933107632,0.12416437026832,-4.16897558863346,"10867239"
745.6788,875.816,2.63493967512875,0.0304368137985802,0.124204648458126,-4.16905045864522,"10897529"
11.992135,15.5483277777778,2.63476013153507,0.0304452214946045,0.124221606249075,-4.16909502420992,"10865905"
35.08012,100.125044444444,2.63466370540992,0.0304497379348665,0.124222684545341,-4.16911895961626,"10754296"
10.719165,38.4807333333333,2.63438493500327,0.0304627989418329,0.124258616069074,-4.16918816108464,"10780012"
137.0187,188.3554,2.63373811152969,0.0304931261630725,0.12436495710289,-4.1693487479554,"10880361"
8.68092500000001,20.1551888888889,2.63321195272067,0.0305178186711662,0.124448290711816,-4.16947939860538,"10791335"
481.259,2808.61888888889,2.63302797629952,0.0305264574746545,0.124466144963651,-4.16952508633146,"10839154"
-260.5901,569.347777777778,-2.63282267109324,0.0305361007516668,0.124488089221211,-4.16957607347876,"10735959"
-48.0465,214.429,-2.63261854468414,0.030545691754582,0.124509814276316,-4.16962677074348,"10753300"
-343.488275,493.894944444444,-2.63205858039803,0.0305720178658832,0.124599739109084,-4.16976585934064,"10752007"
-256.3316,837.655444444444,-2.63117897655355,0.0306134184314735,0.124720095298859,-4.16998438613617,"10717019"
27.219726,18.77938,2.63116258187192,0.0306141906296941,0.124720095298859,-4.16998845969799,"10858328"
504.0555,2224.12666666667,2.63104778604807,0.0306195981331184,0.124720095298859,-4.17001698335998,"10861676"
-157.3186,421.909222222222,-2.63103058310241,0.0306204085690949,0.124720095298859,-4.1700212579053,"10899839"
11.991911,21.4544022222222,2.63095570915994,0.030623936159173,0.124720095298859,-4.17003986263357,"10701663"
179.3942,323.868555555556,2.63078754524218,0.0306318605049242,0.124720095298859,-4.17008164952072,"10723810"
26.593955,107.913755555556,2.63072187045435,0.030634955851735,0.124720095298859,-4.17009796951128,"10724682"
146.891,375.085888888889,2.63064754540639,0.0306384592842354,0.124720095298859,-4.17011643942287,"10900821"
-145.02715,344.906888888889,-2.63061546905542,0.0306399713822111,0.124720095298859,-4.17012441057237,"10766774"
427.2725,1047.70688888889,2.63038952968125,0.0306506244628003,0.124733420114241,-4.17018055974841,"10848733"
53.78344,99.0170111111111,2.63036493831729,0.0306517841788231,0.124733420114241,-4.1701866712665,"10772863"
-196.70115,814.760666666667,-2.63026041677518,0.0306567138623718,0.124736105679015,-4.17021264773046,"10897683"
46.192275,47.6908,2.62995838699173,0.0306709634455446,0.124776706043467,-4.1702877146099,"10923385"
32.369635,45.7050444444444,2.62977126275488,0.0306797952583216,0.124785542821821,-4.17033422585309,"10803110"
78.71925,173.050333333333,2.6297313698339,0.0306816784448943,0.124785542821821,-4.17034414187199,"10776888"
42.65972,92.7205555555556,2.62955250865943,0.0306901232273282,0.124802513914695,-4.17038860199851,"10887627"
18.9758,27.4971888888889,2.62945639897724,0.0306946619499452,0.124803598358483,-4.17041249321323,"10749928"
36.63184,118.846977777778,2.62936328306155,0.0306990599495425,0.124804110404388,-4.17043564083327,"10720982"
-13.58105,42.1933777777778,-2.62922802924933,0.0307054493328978,0.124812716962749,-4.17046926454253,"10742171"
101.00642,127.910822222222,2.62909716691476,0.0307116325597183,0.124820483249807,-4.17050179773712,"10859047"
73.2113,419.241555555556,2.62889272655848,0.0307212948906443,0.124828378818648,-4.17055262523824,"10876270"
-153.17305,505.451888888889,-2.62887524979847,0.0307221210277977,0.124828378818648,-4.17055697040394,"10799532"
111.8048,749.300222222222,2.62869513075919,0.030730636691159,0.124829092100878,-4.17060175378455,"10811994"
195.5396,1067.18188888889,2.62859484607746,0.0307353789956399,0.124829092100878,-4.1706266887427,"10889513"
-27.759445,58.0230888888889,-2.62851872677692,0.0307389790577977,0.124829092100878,-4.17064561563863,"10881011"
43.02447,62.6449666666667,2.62851007526961,0.0307393882581542,0.124829092100878,-4.17064776684196,"10810040"
49.442215,85.8476777777778,2.62818073800938,0.0307549694536859,0.124875007313409,-4.17072966059676,"10824031"
142.332700000001,997.708777777778,2.62759250100711,0.030782819524757,0.12497071839859,-4.17087595145161,"10755448"
118.7301,271.949333333333,2.62731973222604,0.0307957425235227,0.125005811043795,-4.17094379538568,"10793241"
23.565095,43.5276555555556,2.62670414643079,0.0308249276301334,0.125106895774759,-4.17109692461382,"10811820"
-7.85024,21.0851444444444,-2.62622259096686,0.0308477780664218,0.12518153391642,-4.17121673140361,"10824814"
-33.26485,148.335222222222,-2.62613602456044,0.0308518875949279,0.12518153391642,-4.17123827005329,"10908788"
10.405355,28.1642222222222,2.62583179186267,0.0308663347471334,0.125214467179162,-4.17131397048094,"10704969"
16.041035,47.8740888888889,2.62578459829187,0.0308685764573262,0.125214467179162,-4.17132571394676,"10700558"
116.30724,124.310366666667,2.62559592837853,0.0308775400064139,0.125233437976867,-4.17137266336292,"10918031"
283.5591,631.280666666667,2.62543968146732,0.0308849651838295,0.125235220184513,-4.17141154634801,"10720474"
451.99475,1134.72655555556,2.62540627277606,0.0308865530714525,0.125235220184513,-4.17141986051903,"10938962"
-37.003305,81.1847666666667,-2.62530009498915,0.0308916001694979,0.125236946169505,-4.17144628469789,"10858517"
-400.69575,1322.471,-2.6252169604386,0.0308955525105643,0.125236946169505,-4.17146697470765,"10932128"
33.40309,106.931977777778,2.62457607364357,0.0309260386188081,0.125343131549647,-4.17162649051172,"10781288"
-228.206249999999,1260.329,-2.62433839293193,0.0309373525949777,0.125369009294034,-4.17168565604795,"10805851"
713.542500000001,4696,2.62418297910007,0.0309447528300461,0.125369009294034,-4.17172434509268,"10776679"
103.58665,369.596111111111,2.62417153839103,0.0309452976661627,0.125369009294034,-4.17172719323208,"10791520"
41.21371,161.543744444444,2.6240000605855,0.0309534650593874,0.125384709961861,-4.17176988332873,"10882840"
21.123085,38.1286777777778,2.62370237234572,0.0309676490289001,0.125424754418555,-4.17184399880546,"10934038"
24.7238,143.079555555556,2.62361239758189,0.0309719373716525,0.125424754418555,-4.17186640102674,"10856616"
-37.007325,73.557,-2.62280871324339,0.0310102692530224,0.125562578788329,-4.17206652964683,"10762296"
-29.68785,123.106,-2.62176398328793,0.0310601704829378,0.12574720350451,-4.17232674804429,"10876259"
-65.30305,229.843222222222,-2.62163242684166,0.0310664600654925,0.125755239622184,-4.17235952104562,"10737651"
15.21929,57.9540888888889,2.62138383052593,0.0310783487682291,0.125785935288868,-4.17242145394742,"10913153"
-41.071025,138.558611111111,-2.62082029804221,0.0311053160180279,0.125877642630651,-4.17256186267142,"10767162"
-72.4721499999999,324.261555555556,-2.62067588406309,0.0311122306517853,0.125888186462778,-4.17259784808933,"10924562"
-52.497025,75.6639888888889,-2.62015452348772,0.0311372068291919,0.125971798962472,-4.17272777381749,"10729377"
17.284894,20.1391311111111,2.61983287300367,0.0311526259800106,0.126016728798121,-4.17280794003323,"10781220"
747.429,2282.29666666667,2.61958024249793,0.0311647419600498,0.12603221519794,-4.17287090908535,"10923855"
23.75091,90.8652,2.61957314160903,0.0311650825833476,0.12603221519794,-4.17287267907018,"10812407"
-52.47715,177.610222222222,-2.61933471223539,0.0311765220403107,0.126061026281749,-4.17293211255539,"10700684"
71.049025,126.124644444444,2.61898137376163,0.0311934825568987,0.126098085061589,-4.17302019666895,"10869737"
32.41565,121.298555555556,2.61896393506992,0.0311943198719827,0.126098085061589,-4.17302454419931,"10903971"
68.2895800000001,119.296744444444,2.61843331472574,0.0312198084999762,0.126183658760142,-4.17315683974652,"10781568"
-25.62817,34.5454222222222,-2.61820157789523,0.0312309467888026,0.126206669967175,-4.17321462296675,"10728984"
-44.6609499999999,161.578888888889,-2.61813511615953,0.031234141982018,0.126206669967175,-4.1732311957745,"10739667"
-77.9940999999999,240.058555555556,-2.61786502157776,0.0312471304067483,0.126234307915405,-4.17329854929481,"10834502"
75.8338500000001,261.212333333333,2.61766451279835,0.0312567761351351,0.126234307915405,-4.1733485534164,"10782318"
-542.467249999999,1415.65144444444,-2.61764034779349,0.0312579388290428,0.126234307915405,-4.17335458002037,"10813445"
73.94415,156.290666666667,2.61763354777653,0.0312582660183488,0.126234307915405,-4.17335627591007,"10773553"
-260.20865,745.355111111111,-2.61745826832547,0.0312667009664138,0.12624507566273,-4.17339999080474,"10923606"
126.060645,89.7328333333333,2.61739855409416,0.0312695751179405,0.12624507566273,-4.17341488408106,"10768021"
13.481675,40.8959555555556,2.61719016106868,0.0312796075616916,0.126264318561851,-4.17346686111785,"10801432"
14.8562,31.2998555555556,2.61712001069165,0.0312829854778762,0.126264318561851,-4.1734843585735,"10733134"
98.8059,464.234333333333,2.61696456889007,0.0312904717200369,0.126266708209764,-4.17352313128017,"10805700"
110.30585,385.968222222222,2.61692823647214,0.0312922217922466,0.126266708209764,-4.17353219411356,"10806937"
19.07774,58.0273555555556,2.61644001403358,0.0313157483774697,0.126344189076011,-4.1736539860674,"10759593"
14.31219,40.5097333333333,2.61633113750146,0.0313209974156612,0.126347917495323,-4.17368114862209,"10917984"
-602.37825,1015.79033333333,-2.61616887224277,0.031328822044994,0.126349664562545,-4.1737216321159,"10817656"
-36.6536,198.274111111111,-2.61614277974268,0.0313300804440021,0.126349664562545,-4.1737281420909,"10732581"
92.58085,229.259444444444,2.61562657974599,0.031354986572851,0.126432653932266,-4.1738569414876,"10940563"
-47.0476999999999,262.346111111111,-2.61508456429181,0.0313811600831891,0.126520730150467,-4.17399220178192,"10777442"
39.217175,97.9105555555556,2.6149594491416,0.0313872049738506,0.126520894706872,-4.17402342719251,"10724131"
-280.62475,959.248888888889,-2.61490445110046,0.0313898625602592,0.126520894706872,-4.17403715357722,"10701968"
374.680000000001,1926.14444444444,2.614755974943,0.0313970382972187,0.126532359886184,-4.17407421121561,"10922257"
-78.1142499999999,453.567555555556,-2.6145850452087,0.0314053012770227,0.126533117064079,-4.17411687482453,"10925267"
-69.56755,189.531888888889,-2.6145728958665,0.0314058886777448,0.126533117064079,-4.17411990734401,"10905645"
46.689895,90.7825444444444,2.61427834989384,0.0314201329326629,0.126573050674961,-4.17419343015768,"10826870"
15.185075,52.3095222222222,2.61398169192599,0.0314344860071805,0.126613411583313,-4.1742674861348,"10824517"
11.779198,18.4159511111111,2.61341486662721,0.0314619291336109,0.126706478868115,-4.17440900180499,"10752993"
54.9027,190.45,2.6131293771468,0.0314757605311608,0.126738151913625,-4.17448028644306,"10924709"
-54.221725,58.2112555555556,-2.61307346145792,0.0314784702637524,0.126738151913625,-4.17449424883277,"10722012"
-145.3283,696.264444444444,-2.61284707208583,0.0314894437690227,0.126764862927963,-4.17455078141756,"10883801"
56.03423,103.928122222222,2.61231303165028,0.0315153451938742,0.126834664731925,-4.174684152603,"10813664"
17.57473,84.9330111111111,2.61227104863811,0.0315173823305456,0.126834664731925,-4.17469463825868,"10743723"
63.6002,222.961555555556,2.61222106553721,0.0315198078302793,0.126834664731925,-4.17470712216904,"10783583"
-32.6851,192.686888888889,-2.61189690488542,0.0315355428154784,0.126880505138602,-4.17478808951519,"10894380"
68.0061500000001,230.270555555556,2.61178101626282,0.031541170080737,0.126885670991277,-4.17481703737574,"10913815"
-189.441075,298.333166666667,-2.61156160257908,0.0315518270817976,0.126911066552063,-4.17487184730429,"10838772"
-13.26575,46.7397111111111,-2.61098256698194,0.0315799687433943,0.126991924871137,-4.17501650717239,"10700331"
19.358995,30.5723777777778,2.61096910168534,0.0315806234746632,0.126991924871137,-4.17501987146529,"10754120"
119.90895,226.685666666667,2.61087572297921,0.0315851642661879,0.126992704221361,-4.17504320239529,"10777731"
103.92065,466.777555555556,2.61062182352366,0.0315975141903185,0.127024876779409,-4.17510664288416,"10762593"
-66.72385,288.020555555556,-2.61041376660615,0.031607637970734,0.127048092415661,-4.17515863221741,"10823216"
72.01825,199.071111111111,2.61014147622565,0.0316208922826122,0.127083883222483,-4.17522667668288,"10750290"
194.0657,991.368222222222,2.60996532589455,0.0316294698030329,0.127094750705713,-4.17527069875695,"10840867"
12.63454,37.6167111111111,2.60990727100764,0.0316322972677906,0.127094750705713,-4.17528520783019,"10912877"
89.24143,162.741677777778,2.60955425466502,0.0316494958980617,0.127128352092886,-4.17537343858871,"10726824"
-18.3408,48.9793333333333,-2.60952999851573,0.0316506779864848,0.127128352092886,-4.17537950133465,"10700644"
7.833555,22.6048,2.6093782569267,0.0316580739190679,0.127128352092886,-4.1754174295621,"10753877"
-35.01892,109.592855555556,-2.60934032894381,0.0316599228170408,0.127128352092886,-4.17542691001052,"10892786"
52.2471,219.314333333333,2.60928913948681,0.0316624183551666,0.127128352092886,-4.17543970544171,"10750029"
244.07255,852.532888888889,2.60906528453425,0.0316733338765916,0.127152248529239,-4.17549566282151,"10775769"
-295.0795,1270.40155555556,-2.60893151523148,0.0316798585169983,0.127152248529239,-4.17552910297541,"10926698"
23.64915,45.5113333333333,2.60889935604397,0.0316814272966499,0.127152248529239,-4.17553714243173,"10858152"
56.9840000000001,269.557222222222,2.6086634537457,0.0316929374405945,0.127180971756803,-4.1755961176596,"10865379"
60.56375,205.295222222222,2.60818916443331,0.0317160919122599,0.127215014335724,-4.17571470074952,"10863615"
110.7595,617.060444444444,2.60815942007537,0.0317175445875453,0.127215014335724,-4.17572213802389,"10724170"
-28.0771,187.692888888889,-2.60813225449206,0.0317188713783469,0.127215014335724,-4.17572893055445,"10840418"
353.223,1811.96,2.6080066136994,0.0317250085229715,0.127215014335724,-4.17576034665378,"10724923"
32.632065,59.192,2.6079764038433,0.0317264843574756,0.127215014335724,-4.17576790069686,"10735449"
45.86675,51.1527222222222,2.6079546272862,0.0317275482457069,0.127215014335724,-4.17577334601288,"10745288"
-69.27975,176.1002,-2.60737866916206,0.0317556997873195,0.127310417673494,-4.17591737837517,"10871464"
315.61385,683.992222222222,2.60726029832822,0.0317614886530979,0.127311875642232,-4.17594698268111,"10853816"
831.690499999999,5309.75222222222,2.60719302159788,0.0317647792687146,0.127311875642232,-4.17596380887986,"10840272"
61.2709499999999,248.811333333333,2.60701646335845,0.0317734166815567,0.127319789824531,-4.17600796831637,"10792676"
473.1375,2913.10333333333,2.60697449357123,0.0317754702406606,0.127319789824531,-4.17601846579988,"10725832"
-8.06902499999999,37.1278666666667,-2.6067871051754,0.0317846407105896,0.127339069352601,-4.1760653368481,"10895688"
140.1194,240.569888888889,2.60641006420216,0.031803100660747,0.127395555012075,-4.17615965251368,"10912640"
11.307047,18.7900822222222,2.60602437327307,0.031821995461045,0.127436295462504,-4.17625614193873,"10742344"
11.307047,18.7900822222222,2.60602437327307,0.031821995461045,0.127436295462504,-4.17625614193873,"10742346"
10.839965,24.0930222222222,2.6057551999299,0.0318351889279164,0.127471656981929,-4.17632348780995,"10785543"
-94.6226499999999,692.201888888889,-2.6055932424729,0.0318431299298524,0.127477808024187,-4.1763640111567,"10841850"
-121.5848,719.792111111111,-2.60554588570138,0.0318454522818004,0.127477808024187,-4.17637586062297,"10764115"
284.91635,387.812888888889,2.60466822154005,0.0318885238571879,0.127632735438264,-4.17659549464241,"10915437"
8.0961995,9.25214888888889,2.60453589854598,0.0318950228064336,0.127641259762623,-4.17662861279486,"10817155"
10.564666,14.1333411111111,2.6043379745583,0.0319047462303388,0.127662684066993,-4.17667815195925,"10820308"
50.52624,58.1392666666667,2.60375256018774,0.0319335236676922,0.127760334213635,-4.17682469317128,"10777182"
9.18091500000001,31.2482666666667,2.60328551219431,0.0319565015620393,0.12782630362207,-4.17694162154392,"10803673"
32.376415,99.6600777777778,2.60323955136684,0.0319587636631616,0.12782630362207,-4.17695312892366,"10742348"
52.90567,79.8933111111111,2.60298700361348,0.0319711964872461,0.127858526239344,-4.17701636278337,"10815474"
-41.7391,201.787888888889,-2.60279862621868,0.0319804734513381,0.127878120915329,-4.17706353224584,"10746201"
51.6538,264.305444444444,2.60220120278434,0.0320099127951242,0.127969205677272,-4.17721314225424,"10798780"
21.93345,191.96,2.60215859895638,0.0320120132501371,0.127969205677272,-4.17722381226064,"10902714"
10.35322,16.8909611111111,2.60139469819133,0.0320496990360008,0.128087676430133,-4.177415149917,"10933166"
15.85605,24.5617833333333,2.60138013127822,0.0320504181113259,0.128087676430133,-4.17741879894186,"10780023"
17.295605,36.2315555555556,2.60118394077181,0.0320601043893217,0.128108861938127,-4.17746794624315,"10884818"
-25.35901,25.7295088888889,-2.60099429287557,0.0320694704923986,0.1281287624405,-4.17751545704983,"10721116"
12.689005,33.8462777777778,2.60071054876989,0.0320834889315415,0.128167242670047,-4.17758654550149,"10801262"
825.212,2330.92888888889,2.60039129476526,0.0320992692367468,0.128212749724135,-4.17766653703184,"10901178"
-62.9290999999999,346.276111111111,-2.60004976445467,0.0321161594173009,0.128251757493354,-4.17775211771296,"10904680"
260.0322,343.143666666667,2.60001629018823,0.0321178153563832,0.128251757493354,-4.1777605061218,"10704312"
-19.02132,30.6535,-2.59965545200355,0.0321356712108984,0.128304187373148,-4.17785093438214,"10700007"
578.0325,2708.15333333333,2.59956352086637,0.0321402219886287,0.128304187373148,-4.17787397429945,"10782063"
15.5955,23.8058333333333,2.5994581715997,0.0321454378012229,0.128304187373148,-4.17790037779266,"10918318"
-66.8226,210.190666666667,-2.59939607174185,0.0321485127531815,0.128304187373148,-4.17791594211842,"10721649"
14.41852,35.8870111111111,2.59926241433004,0.0321551319870415,0.128313075518294,-4.17794944207543,"10939615"
-423.89215,915.445888888889,-2.59904500004162,0.0321659021637067,0.128327782451298,-4.17800393748251,"10891104"
164.3699,618.949888888889,2.59882363795151,0.0321768716944794,0.128327782451298,-4.178059425707,"10856884"
58.9946,175.656222222222,2.59878551871124,0.0321787610678026,0.128327782451298,-4.17806898128698,"10855020"
-54.01442,93.6578111111111,-2.59875337477193,0.0321803543645578,0.128327782451298,-4.17807703907874,"10747589"
-21.11275,101.656355555556,-2.59870671857319,0.0321826671421634,0.128327782451298,-4.17808873490528,"10701436"
-33.295605,76.4037333333333,-2.59862311700467,0.0321868117504795,0.128327782451298,-4.1781096926062,"10848575"
-12.289385,63.7525111111111,-2.59856756068525,0.0321895662970873,0.128327782451298,-4.1781236200318,"10735117"
46.2378600000001,110.1761,2.59814743650935,0.0322104043443022,0.128390173103214,-4.17822894782217,"10825226"
18.370755,31.2045,2.59807485194129,0.0322140059165661,0.128390173103214,-4.17824714644443,"10877640"
24.623645,71.6246222222222,2.59761924574802,0.0322366220364301,0.128446974864564,-4.17836138555761,"10880562"
123.9578,248.336555555556,2.59761059922153,0.0322370514036757,0.128446974864564,-4.17836355373152,"10878009"
-534.773075,599.832877777778,-2.59750304420527,0.0322423928349437,0.128450738344476,-4.17839052428912,"10710295"
-29.35201,95.3430222222222,-2.59698225253126,0.0322682693566794,0.128536299561771,-4.17852112939014,"10827951"
223.2123,384.442666666667,2.59688920186679,0.032272894990531,0.128537198943882,-4.17854446674233,"10854494"
-29.283325,64.3427888888889,-2.59674171134458,0.0322802282684853,0.128548880675508,-4.17858145895572,"10721841"
-717.2395,1112.14288888889,-2.59657568424107,0.0322884852295911,0.128564237085631,-4.17862310210588,"10750454"
163.0298,658.850888888889,2.59638048696032,0.0322981956613207,0.12858537585852,-4.17867206414773,"10923336"
101.31875,205.401555555556,2.59607964101378,0.0323131676184031,0.128627453168555,-4.17874753147923,"10937734"
-26.071325,84.0186444444444,-2.59570558315449,0.0323317929489465,0.128684059837946,-4.17884137259444,"10810585"
-70.6078,166.808755555556,-2.59542146770223,0.0323459471423881,0.12871853612548,-4.17891265589307,"10762304"
-12.49938,35.9939,-2.59531436886691,0.032351284284863,0.12871853612548,-4.17893952793054,"10743263"
23.72562,78.8312,2.59525753966144,0.0323541166659695,0.12871853612548,-4.17895378719204,"10925060"
543.34979,453.619755555556,2.59517804103493,0.0323580793217474,0.12871853612548,-4.17897373490262,"10883530"
-28.589285,67.3158111111111,-2.59474271076337,0.0323797874134321,0.128787353232948,-4.17908297509279,"10705808"
-49.09555,339.886555555556,-2.59455086282557,0.0323893587893379,0.128807885607367,-4.17913112078487,"10871117"
20.084235,67.1443666666667,2.59446152365262,0.0323938169459014,0.128808080612163,-4.17915354197628,"10829418"
-39.9785999999999,192.765333333333,-2.59426656143013,0.0324035480265797,0.128829239527558,-4.17920247295087,"10800603"
47.01976,51.3555111111111,2.59373366246425,0.0324301616730683,0.128895860155029,-4.17933623129106,"10875817"
530.29595,1108.74788888889,2.59367898268318,0.0324328937138589,0.128895860155029,-4.17934995707439,"10727178"
-73.64965,132.203222222222,-2.59362612217967,0.0324355350792326,0.128895860155029,-4.17936322637274,"10770984"
8.342047,11.5377044444444,2.59357773386521,0.0324379531683362,0.128895860155029,-4.17937537320629,"10805591"
-92.9136999999999,453.363222222222,-2.59317308606925,0.0324581816787209,0.128958699790854,-4.17947695742958,"10794599"
210.63905,480.967555555556,2.59270845560109,0.0324814246501498,0.129033497379586,-4.1795936135705,"10749330"
321.3073,1135.82344444444,2.59244795171981,0.032494463704669,0.129054237422885,-4.17965902543264,"10793965"
62.88486,70.7718666666667,2.5924276397632,0.0324954806080216,0.129054237422885,-4.17966412590607,"10829840"
-79.3005,309.983333333333,-2.59221278454882,0.0325062391700813,0.129079417033404,-4.17971807925074,"10832602"
-76.1863499999999,239.354,-2.59208960000422,0.0325124090986605,0.129086371216128,-4.17974901413195,"10820511"
-99.4591500000001,196.106533333333,-2.59199321200957,0.0325172377065145,0.129087998689783,-4.17977322040938,"10737774"
-19.3991,95.6787777777778,-2.59179008829826,0.0325274156966607,0.129110858989435,-4.17982423368202,"10831715"
341.1272,597.234888888889,2.59159125891713,0.032537381662638,0.129132871606073,-4.17987417116024,"10737532"
-7.70508,25.3558,-2.59149940953911,0.0325419865015983,0.129133604137149,-4.17989724071682,"10780154"
-240.19865,780.023444444444,-2.59104348554907,0.0325648539640107,0.129206796646015,-4.18001176233257,"10845114"
-22.89906,77.0197,-2.5908385863196,0.0325751363000313,0.129210133380705,-4.18006323467559,"10760818"
-38.2132999999999,168.604111111111,-2.59075486104802,0.0325793387902825,0.129210133380705,-4.18008426795686,"10903000"
208.99045,549.398444444444,2.59067134706708,0.0325835312270084,0.129210133380705,-4.18010524862985,"10931543"
-46.51445,177.511111111111,-2.5906342524625,0.0325853935684764,0.129210133380705,-4.18011456781662,"10755621"
128.85185,505.927888888889,2.59052859586036,0.0325906986738681,0.129210133380705,-4.18014111217566,"10747029"
11.104445,21.8281888888889,2.59044442029949,0.0325949258301082,0.129210133380705,-4.1801622603413,"10845676"
-11.11543,45.9200888888889,-2.59035948967359,0.0325991914723122,0.129210133380705,-4.18018359869353,"10870429"
88.17835,390.655777777778,2.59026649690138,0.0326038626902286,0.129210133380705,-4.18020696317434,"10828442"
-592.44675,1438.70233333333,-2.59023388729597,0.0326055008996563,0.129210133380705,-4.1802151564924,"10744939"
10.08991,23.1888444444444,2.58987732763548,0.0326234188838492,0.129261008365099,-4.18030474848369,"10804221"
14.00899,25.9739777777778,2.58980234571777,0.0326271881866312,0.129261008365099,-4.18032359012389,"10913803"
100.2658,176.377777777778,2.58940564756499,0.032647137407281,0.129322504707296,-4.18042327972517,"10845945"
8.727255,11.79645,2.58902094503709,0.0326664952944426,0.12937591906059,-4.18051996499173,"10935523"
-125.6733,382.809,-2.58892824369748,0.0326711616963324,0.12937591906059,-4.18054326462629,"10725235"
334.114175,319.803588888889,2.5888737046636,0.0326739074015551,0.12937591906059,-4.18055697278505,"10795260"
-75.8331549999999,82.5310555555556,-2.58843565675846,0.0326959689756511,0.129445729455844,-4.18066708158049,"10940499"
-13.662955,51.7659555555556,-2.5878101721374,0.0327274968826376,0.129538713122108,-4.18082432737168,"10932557"
-23.390145,56.3377,-2.58779378189172,0.0327283234597891,0.129538713122108,-4.18082844820701,"10940503"
-38.388525,152.656833333333,-2.58751660258,0.0327423051319161,0.129576497172013,-4.18089813937005,"10791979"
-250.5035,473.896111111111,-2.5870971505909,0.0327634750280084,0.129642714271737,-4.18100361199085,"10926658"
-272.7895,1026.60422222222,-2.58611289432833,0.0328132057286077,0.129821911180328,-4.18125115313932,"10921772"
-30.07365,123.030933333333,-2.58599281546219,0.032819278129851,0.129828353593157,-4.1812813575295,"10769815"
66.9676000000001,270.856777777778,2.58585008086038,0.0328264977275185,0.129832632654315,-4.18131726196098,"10903684"
-56.0601075,63.8120766666667,-2.58575668846668,0.0328312224462199,0.129832632654315,-4.18134075526141,"10710534"
57.8412,134.8765,2.58563865757971,0.0328371946194685,0.129832632654315,-4.18137044733287,"10736135"
417.70135,1179.92044444444,2.58562004274083,0.032838136601723,0.129832632654315,-4.18137513020239,"10788043"
-91.9023999999999,303.152888888889,-2.58476841207268,0.0328812619149181,0.129974521095761,-4.18158939690506,"10821658"
628.196,3256.53222222222,2.5846397451199,0.0328877824474968,0.129974521095761,-4.1816217732198,"10712578"
25.41044,112.895588888889,2.58456008347816,0.0328918201704991,0.129974521095761,-4.1816418189445,"10714780"
25.41044,112.895588888889,2.58456008347816,0.0328918201704991,0.129974521095761,-4.1816418189445,"10923617"
-12.929825,25.1294111111111,-2.58412909925868,0.0329136737814829,0.130043287239957,-4.18175027743621,"10846076"
244.4478,587.099666666667,2.58393657202106,0.0329234409156784,0.13005858790003,-4.18179873154482,"10929128"
45.92859,126.876366666667,2.58387726556224,0.03292645019883,0.13005858790003,-4.18181365794413,"10730254"
38.70037,136.719044444444,2.58373405049453,0.0329337182671911,0.130069710079454,-4.18184970365064,"10938504"
16.57079,46.1993555555556,2.58363994246589,0.0329384950785642,0.130070991514622,-4.18187339039069,"10721890"
-408.659,1397.88777777778,-2.58350198364109,0.032945498983322,0.130071026076619,-4.18190811533724,"10924853"
56.54065,317.997777777778,2.5834516114323,0.0329480566627932,0.130071026076619,-4.18192079460095,"10934173"
-85.7807499999999,330.874222222222,-2.58337669651379,0.0329518608883773,0.130071026076619,-4.18193965186268,"10766105"
26.08856,53.6270555555556,2.58324949413694,0.0329583213309114,0.130078951548399,-4.18197167156452,"10867497"
-22.99761,87.6076,-2.58295695984004,0.0329731836750782,0.13012003078262,-4.18204531316599,"10762789"
15.98909,30.6818222222222,2.58284729657356,0.0329787569335033,0.130124446928061,-4.18207292091304,"10877286"
25.470845,85.9607555555556,2.5826021515826,0.0329912190645105,0.130137172640127,-4.18213463913609,"10837138"
-111.0966,166.526933333333,-2.58254074408785,0.0329943415142287,0.130137172640127,-4.1821500998508,"10786324"
52.2982,171.314444444444,2.58252099088361,0.0329953459897796,0.130137172640127,-4.18215507321716,"10743096"
42.96886,130.506411111111,2.58194139907757,0.0330248328776131,0.130223499990298,-4.18230101173209,"10908682"
51.545,104.019488888889,2.58185863228857,0.0330290458556982,0.130223499990298,-4.18232185386831,"10933947"
538.164499999999,2891.12222222222,2.58182797737937,0.0330306063848877,0.130223499990298,-4.18232957343171,"10880777"
57.7146,65.8591333333333,2.58170726219989,0.0330367522848697,0.130230155343433,-4.18235997271688,"10849823"
-23.16246,52.2857333333333,-2.58137633298025,0.0330536066773155,0.13026610454459,-4.18244331450297,"10889093"
489.43395,1315.135,2.58135310678165,0.0330547899291108,0.13026610454459,-4.18244916410563,"10712340"
1029.4865,4400.82555555556,2.58120714857793,0.0330622267166926,0.130277838049832,-4.18248592504107,"10938722"
583.2795,537.052333333333,2.58097235356707,0.0330741934573172,0.130291992029445,-4.18254506336208,"10930569"
9.57417500000002,53.1523888888889,2.58093004098753,0.0330763504627121,0.130291992029445,-4.18255572111623,"10907601"
61.3163,215.241888888889,2.58087417726389,0.033079198496693,0.130291992029445,-4.18256979233671,"10777744"
-25.80735,152.562666666667,-2.58069387563845,0.0330883923094002,0.130310635336589,-4.18261520899987,"10849918"
49.56304,55.5778777777778,2.58031418671426,0.0331077616729545,0.130369342163862,-4.18271085701746,"10865752"
-175.48645,550.360222222222,-2.57983265068284,0.0331323432975483,0.130448554864498,-4.18283217543832,"10764369"
41.20735,273.428777777778,2.57952709871369,0.0331479508893011,0.130485527829973,-4.18290916443353,"10940459"
8.759257,14.7268711111111,2.5794739388333,0.033150667062164,0.130485527829973,-4.18292255960694,"10940506"
16.320435,35.5026666666667,2.57934284219442,0.0331573663393276,0.130494314998938,-4.18295559401849,"10905689"
217.60045,913.122111111111,2.57909991676871,0.033169783925994,0.130525601779902,-4.18301681068164,"10707299"
-219.2167,469.280555555556,-2.57854125903937,0.0331983587800089,0.130620451636253,-4.18315760622514,"10813152"
137.34385,267.172111111111,2.57783133144906,0.0332347072261026,0.13074585737993,-4.18333655576394,"10762848"
9.95078,21.2421888888889,2.57754837210529,0.0332492061295871,0.130785284484954,-4.18340789000084,"10881892"
-185.2217,752.668444444444,-2.57728922998418,0.0332624902988917,0.130819923477628,-4.18347322461759,"10885305"
-356.59905,628.933333333333,-2.57713917448728,0.0332701849361406,0.130832572718322,-4.18351105850044,"10783927"
64.6626500000002,451.153555555556,2.57700491168546,0.0332770712865382,0.130842040452884,-4.18354491181162,"10881740"
12.603115,51.0583444444444,2.57656968289851,0.0332994042143837,0.130912231828691,-4.18365465965335,"10828026"
-348.3489,845.518666666667,-2.57626393559025,0.0333151021998884,0.130956323421359,-4.18373176488599,"10925382"
10.107955,18.4264444444444,2.57581231646519,0.0333383035066033,0.131006621215788,-4.18384566844758,"10866300"
-600.292,1812.48555555556,-2.5757699674947,0.0333404799720813,0.131006621215788,-4.18385635004923,"10864302"
83.07561,155.856433333333,2.57575301968581,0.033341351021407,0.131006621215788,-4.1838606247971,"10933699"
-8.819535,22.4359666666667,-2.57553933604852,0.0333523354957392,0.131030079422589,-4.18391452390007,"10867047"
17.871074,17.0904755555556,2.57546239601509,0.0333562915268637,0.131030079422589,-4.18393393183951,"10911419"
209.91965,459.291222222222,2.57482638371324,0.0333890117691353,0.131122139948357,-4.18409437963313,"10812162"
44.29924,55.8393111111111,2.57478634608497,0.0333910726379823,0.131122139948357,-4.1841044808946,"10784227"
-8.64843999999998,27.0014888888889,-2.57474516797444,0.0333931923466755,0.131122139948357,-4.18411487000529,"10776133"
382.22025,633.678666666667,2.57451892037116,0.0334048412527891,0.131133121730183,-4.1841719536092,"10736914"
-87.6689249999999,153.141633333333,-2.57447908542215,0.0334068926811313,0.131133121730183,-4.18418200455709,"10779428"
29.845195,115.562611111111,2.57442932899868,0.0334094552282383,0.131133121730183,-4.1841945589895,"10819360"
31.57285,154.895777777778,2.57432437619244,0.0334148611484023,0.131136721331196,-4.18422104099747,"10700857"
10.99352,38.5252888888889,2.57395184568184,0.0334340567000531,0.131177987819368,-4.18431504498152,"10875771"
480.161,1913.22888888889,2.57394602483328,0.0334343567229074,0.131177987819368,-4.18431651388259,"10827407"
10.57889,26.1509888888889,2.57344740535915,0.0334600671722627,0.131255802649807,-4.18444234978938,"10787967"
568.2595,1627.22277777778,2.57338714401449,0.0334631758107675,0.131255802649807,-4.18445755899051,"10930580"
57.3925500000001,185.479,2.57280794082252,0.033493069594216,0.13135542154993,-4.18460375496295,"10846817"
168.98835,380.541333333333,2.57245825985196,0.0335111304923555,0.131408612913245,-4.18469202839554,"10815534"
37.846258,43.5804511111111,2.57214821103182,0.0335271527187724,0.13143786358232,-4.18477030394486,"10701684"
33.3488,45.4272888888889,2.57212533458657,0.0335283352022526,0.13143786358232,-4.18477607963343,"10905091"
27.8342,99.7727555555556,2.5720527523056,0.0335320872622382,0.13143786358232,-4.18479440494383,"10843483"
51.566265,113.705,2.57172052621644,0.033549266790152,0.131487561042058,-4.18487828868375,"10747011"
-47.28755,218.077111111111,-2.57151197147807,0.0335600558185862,0.131512202640399,-4.1849309504312,"10792789"
-13.66273,37.0665555555556,-2.57134172019473,0.0335688659443662,0.131521583275143,-4.18497394240827,"10700485"
20.801815,29.7854111111111,2.57129172303617,0.0335714536346526,0.131521583275143,-4.18498656809563,"10867642"
148.1165429,74.8026392222222,2.57118608721054,0.0335769216708838,0.131525367349584,-4.18501324466028,"10756178"
17.921485,61.9993444444444,2.57091788585878,0.0335908086843644,0.131562124266661,-4.18508097779248,"10788483"
259.2043,1011.97511111111,2.57062938941669,0.033605753087618,0.131596778191005,-4.1851538417422,"10701261"
-9.99065999999998,40.1943666666667,-2.5705493455482,0.0336099006422025,0.131596778191005,-4.18517405896663,"10823322"
111.5219,461.670888888889,2.57048625022653,0.0336131703587759,0.131596778191005,-4.18518999568361,"10940624"
-26.906515,45.5523888888889,-2.57019357884324,0.0336283413785924,0.131638532096235,-4.18526392257367,"10737740"
-92.7375999999999,280.070888888889,-2.56993422658001,0.0336417910965225,0.131673537659942,-4.18532943806229,"10759488"
806.956500000001,2074.08333333333,2.56963010656968,0.0336575694129488,0.131693403898801,-4.18540626815487,"10776291"
806.956500000001,2074.08333333333,2.56963010656968,0.0336575694129488,0.131693403898801,-4.18540626815487,"10803301"
315.54767,241.722688888889,2.56957574746985,0.0336603904604761,0.131693403898801,-4.18542000159179,"10775731"
-78.6344,371.955777777778,-2.56897473498051,0.0336915969980664,0.131797846103577,-4.18557185626759,"10713610"
-23.94902,94.4393111111111,-2.56875046654571,0.0337032493127467,0.131799097574234,-4.18562852718926,"10804225"
422.4923,1358.80455555556,2.56872615534999,0.0337045126965433,0.131799097574234,-4.18563467064499,"10718459"
392.71,3165.65777777778,2.56870809204275,0.0337054514266139,0.131799097574234,-4.18563923528065,"10871519"
-490.139500000001,1954.87222222222,-2.56856606963956,0.0337128331032339,0.131810319362671,-4.18567512540049,"10930307"
-33.72105,189.143666666667,-2.5682445227651,0.0337295517391915,0.131842031422417,-4.18575638767743,"10757420"
-25.99205,105.861577777778,-2.56818599803999,0.0337325956069767,0.131842031422417,-4.18577117896287,"10844103"
67.995205,96.8948111111111,2.56814971264145,0.0337344829493588,0.131842031422417,-4.18578034969232,"10831041"
667.7105,1762.34222222222,2.5679814694399,0.0337432353300669,0.131858597770542,-4.18582287243411,"10802007"
-122.914,1354.64555555556,-2.56776401499328,0.0337545512208677,0.13188517578794,-4.18587783590963,"10857618"
20.31994,30.8334944444444,2.5675602283276,0.0337651593827693,0.131908981841164,-4.18592934760633,"10746445"
205.0805,412.429888888889,2.56740050777753,0.0337734760508129,0.131923830638915,-4.18596972253487,"10739984"
71.264,267.845888888889,2.56725753474974,0.0337809224463449,0.131930750458673,-4.18600586539084,"10916669"
142.9604,585.049555555556,2.56719308694448,0.0337842795981834,0.131930750458673,-4.18602215791582,"10878047"
54.82645,398.365111111111,2.56706530244218,0.033790937029811,0.131939111786808,-4.18605446289658,"10754813"
55.832,145.862222222222,2.56658855846041,0.033815786680888,0.132018494199581,-4.18617499735644,"10769715"
-33.69855,128.203666666667,-2.56496974830988,0.0339003042562407,0.132330770783246,-4.18658439201121,"10854671"
66.4071500000001,404.403888888889,2.56483198018271,0.0339075070313152,0.132341203795971,-4.18661924144575,"10748776"
-559.1235,3116.28666666667,-2.56463127495417,0.0339180030698528,0.132364485931429,-4.18667001353898,"10850563"
-34.267785,62.8811333333333,-2.56421144319387,0.0339399692234109,0.132427395143393,-4.18677622643129,"10825736"
11.22079,31.0954777777778,2.56414992052661,0.0339431893898039,0.132427395143393,-4.18679179198888,"10790600"
17.64388,38.8511444444444,2.56349066079084,0.0339777153653722,0.132531183259995,-4.18695860401958,"10915933"
-9.44932,15.5218622222222,-2.56339605891951,0.0339826726818219,0.132531183259995,-4.18698254344486,"10936333"
62.669355,107.867666666667,2.56338215030891,0.0339834015814549,0.132531183259995,-4.18698606313114,"10776426"
-74.8226999999999,225.576666666667,-2.56314656196887,0.0339957503317235,0.132561645780963,-4.18704568262492,"10826837"
-309.59025,998.855333333333,-2.56281594435379,0.0340130879176169,0.132606535057031,-4.18712935708062,"10790542"
155.9865,1262.26333333333,2.56275393712906,0.0340163405804543,0.132606535057031,-4.18714505100932,"10747746"
-11.185185,27.9328666666667,-2.56260670122137,0.0340240652866473,0.132618951739041,-4.18718231720801,"10933431"
-8.73358499999999,26.3491666666667,-2.56240865020791,0.034034458820897,0.132641766274504,-4.18723244726359,"10798065"
66.05015,111.376522222222,2.56213053773072,0.0340490593741686,0.132668114855674,-4.18730284664388,"10758883"
216.96235,572.429111111111,2.56210687204577,0.0340503020876238,0.132668114855674,-4.1873088374423,"10818920"
105.916865,116.065722222222,2.56198350256168,0.034056781116229,0.132675663892454,-4.18734006814729,"10838733"
-49.60885,291.840222222222,-2.56163651959725,0.0340750104574632,0.132728980733911,-4.18742791153911,"10904334"
-12.30162,30.9217333333333,-2.56132638657041,0.0340913122477086,0.132774776163786,-4.18750643266906,"10789243"
346.78935,588.958,2.56098018075237,0.0341095195599696,0.132827979795382,-4.18759409447447,"10835630"
2712.842,6273.16555555556,2.56053540610525,0.0341329252628815,0.132901409920008,-4.18770672634182,"10741756"
202.62715,404.358111111111,2.56038941029423,0.0341406116781516,0.132913623342953,-4.18774370025489,"10878034"
-15.796105,70.3309888888889,-2.55960088060071,0.0341821568666654,0.133048304633679,-4.18794342250956,"10701569"
52.33131,116.3763,2.55955994832202,0.0341843148689119,0.133048304633679,-4.18795379114734,"10702815"
27.169085,61.7787888888889,2.55913069120477,0.034206954225561,0.133118683994344,-4.18806253385219,"10889959"
-7.4652725,13.6359811111111,-2.55898251618878,0.0342147726416388,0.133131375593079,-4.18810007353279,"10813858"
-256.0876,569.220888888889,-2.55869741175118,0.0342298212300642,0.133156477782819,-4.1881723079706,"10738451"
-42.431,136.346577777778,-2.55856880688371,0.0342366115540197,0.133156477782819,-4.18820489324146,"10894028"
-59.3648499999999,320.604222222222,-2.55847685514476,0.0342414674387161,0.133156477782819,-4.18822819219745,"10784525"
8.56513,17.6621444444444,2.55843924390321,0.0342434538553379,0.133156477782819,-4.18823772238783,"10813230"
184.2104,546.609888888889,2.55842864321005,0.0342440137462285,0.133156477782819,-4.18824040848006,"10713983"
14.65497,27.9025,2.55778459940287,0.0342780473670609,0.133271077426313,-4.18840361571635,"10779551"
22.42384,47.0269111111111,2.55747670007823,0.0342943300736989,0.133316641220631,-4.18848165028402,"10841487"
32.76855,42.5566,2.55692571754521,0.0343234874902931,0.13341223570269,-4.18862130804953,"10886854"
17.285385,25.7945333333333,2.55665483608181,0.0343378315201322,0.133450234139835,-4.18868997588952,"10928682"
-114.2849,744.593111111111,-2.55556781830511,0.0343954540529785,0.133656397273705,-4.18896558153163,"10717118"
-331.69245,633.282333333333,-2.55513295368542,0.0344185337166934,0.133728294187988,-4.18907586037232,"10914209"
31.65402,89.0717333333333,2.55501334574589,0.0344248844629423,0.133735182805904,-4.18910619437256,"10843331"
-107.81425,383.059555555556,-2.55460035797144,0.0344468217964926,0.133802612945451,-4.18921094030828,"10715346"
60.4928,431.357888888889,2.5543763277245,0.0344587279324839,0.133831065915924,-4.18926776575863,"10807795"
58.7414000000001,246.771888888889,2.5540679377926,0.034475124245291,0.133876947986432,-4.18934599456524,"10730575"
-300.790099999999,907.970111111111,-2.55375431388485,0.0344918069929574,0.133890619698481,-4.18942555754688,"10872153"
-47.6119,208.069555555556,-2.55374736001247,0.0344921769868931,0.133890619698481,-4.18942732174288,"10895773"
-23.4668,180.478111111111,-2.55374327782179,0.0344923941894559,0.133890619698481,-4.18942835739532,"10787983"
93.84185,235.748888888889,2.55349359006861,0.0345056820653323,0.133916336312278,-4.18949170532316,"10817504"
18.854488,19.5995344444444,2.55341490307344,0.0345098707090033,0.133916336312278,-4.1895116697479,"10832790"
230.23685,929.162888888889,2.55336042187344,0.0345127711403828,0.133916336312278,-4.18952549293143,"10808601"
-138.9458,433.405111111111,-2.55300305801471,0.0345318023855453,0.133972387103761,-4.1896161695771,"10911593"
38.9981999999999,263.700333333333,2.55281970257171,0.0345415710462173,0.133979684860983,-4.18966269703791,"10805895"
218.5351,345.491111111111,2.55279559388814,0.0345428556983955,0.133979684860983,-4.18966881491617,"10734198"
34.70451,84.3219666666667,2.55232231545545,0.0345680846167678,0.13405974034173,-4.18978892301832,"10837794"
9.9878,19.4287222222222,2.55191270169809,0.0345899349434445,0.134126673671063,-4.18989288636978,"10862520"
-9.54309,20.2488666666667,-2.55178983042095,0.0345964921006078,0.13413429598237,-4.18992407428504,"10924862"
266.259,752.673333333333,2.55168025508029,0.0346023407747169,0.134139169770777,-4.18995188819214,"10903583"
-27.188605,50.1585555555556,-2.55158795712489,0.0346072680361585,0.134140470798505,-4.18997531713597,"10706668"
21.27204,65.0804,2.55146592111518,0.0346137839406914,0.134147928368713,-4.19000629566529,"10887512"
-49.8326999999999,374.301333333333,-2.55099177908297,0.0346391118155668,0.134228281281333,-4.19012666478683,"10908764"
91.2203,258.452555555556,2.55090238655718,0.0346438891310041,0.134228989001745,-4.19014936029027,"10910336"
13.92915,57.7942333333333,2.55073117467644,0.03465304091146,0.134246643308234,-4.19019283005563,"10780070"
19.033425,60.8138,2.55021087445007,0.0346808676200166,0.134322426374704,-4.19032494338554,"10779829"
411.5523,1126.25533333333,2.55019347584199,0.0346817985261994,0.134322426374704,-4.19032936150673,"10842805"
118.1384,450.266555555556,2.54998932747531,0.0346927233129263,0.134346927208885,-4.19038120348811,"10707177"
389.24045,593.503555555556,2.54960621238534,0.0347132347853836,0.134408540890682,-4.19047850021614,"10767767"
-270.5286,487.262666666667,-2.54928597567873,0.0347303893160782,0.134457141993097,-4.19055983568161,"10734987"
-10.5219,24.6319,-2.54911430582471,0.0347395889325042,0.134474937203416,-4.1906034401263,"10807887"
-110.68105,494.519222222222,-2.54901900257102,0.0347446972109585,0.134476892464354,-4.19062764816346,"10883927"
-1205.2,2360.39755555556,-2.5481338766866,0.034792176767936,0.134642820519073,-4.1908525082789,"10894681"
46.745,179.034555555556,2.54791508112737,0.0348039234980884,0.134670439877239,-4.1909080997804,"10743855"
842.098,2935.31777777778,2.54764482970993,0.0348184383777713,0.134695787494372,-4.19097676954624,"10812899"
-438.544999999999,1492.62111111111,-2.54757827493801,0.0348220139013566,0.134695787494372,-4.19099368158048,"10926740"
29.4105,161.905333333333,2.54753560873904,0.0348243062553909,0.134695787494372,-4.19100452351514,"10932321"
-22.461665,96.9607777777778,-2.54738287782886,0.0348325133868366,0.134709696330824,-4.19104333505101,"10762717"
29.48931,121.9313,2.54665687564959,0.0348715527211659,0.134842824777782,-4.19122784574095,"10823427"
-40.24775,167.470111111111,-2.54641564652938,0.0348845342071419,0.134875169709826,-4.1912891609271,"10853002"
-55.1602999999999,276.164111111111,-2.54573589771938,0.0349211406533518,0.134998835919944,-4.19146195898109,"10779464"
890.3144,1190.36488888889,2.54528229295014,0.0349455903587926,0.135057610364039,-4.19157728626431,"10817535"
890.3144,1190.36488888889,2.54528229295014,0.0349455903587926,0.135057610364039,-4.19157728626431,"10825144"
96.73375,345.959777777778,2.54486406041048,0.0349681489237594,0.135126918341099,-4.19168363235416,"10796955"
15.981885,50.4175,2.54420705455719,0.0350036163736165,0.13524608500712,-4.19185071589598,"10844363"
103.35555,675.833,2.54396859643712,0.0350164982317135,0.135277966059413,-4.19191136537941,"10894409"
8.804499,14.6789366666667,2.54380579338262,0.0350252958663178,0.135294062334868,-4.19195277489859,"10917986"
-256.71255,505.981333333333,-2.54371758922046,0.0350300632283677,0.135294588465565,-4.19197521066367,"10806436"
367.608,1715.10333333333,2.54338453047398,0.0350480707401506,0.135340691375977,-4.19205993270659,"10901469"
11.336645,63.9276888888889,2.5433254594569,0.0350512655216897,0.135340691375977,-4.19207495970184,"10920561"
338.3515,1866.20444444444,2.54276406341499,0.0350816427313732,0.135440083355932,-4.19221778398294,"10822025"
-16.94319,38.6289333333333,-2.54258690378543,0.0350912344270779,0.135459212810869,-4.19226285933376,"10750667"
26.72928,104.6757,2.5422526243602,0.0351093401078382,0.135488101240983,-4.19234791687699,"10843664"
-628.662999999999,4141.28222222222,-2.54222272109679,0.0351109602312807,0.135488101240983,-4.19235552613491,"10728383"
-45.4519,329.977555555556,-2.54219187665291,0.0351126314265586,0.135488101240983,-4.1923633749498,"10917301"
-415.583875,488.422455555556,-2.54185432260185,0.03513092587563,0.135540790878322,-4.19244927456742,"10916876"
320.618,1238.91888888889,2.54169014467687,0.0351398273517548,0.135557231777917,-4.19249105673277,"10940673"
-80.4355499999999,342.130666666667,-2.54118958058512,0.0351669813553991,0.135640875154927,-4.19261845787603,"10847351"
-82.6235,684.636444444444,-2.54111929513989,0.0351707958272943,0.135640875154927,-4.19263634791098,"10833659"
-11.121435,24.268,-2.54070267951511,0.0351934146904977,0.135703023600327,-4.19274239744464,"10827094"
-14.091925,28.7397222222222,-2.54065138140309,0.0351962007879673,0.135703023600327,-4.19275545617451,"10938328"
964.5215,2536.59222222222,2.53858911158715,0.0353083928148383,0.136117628357441,-4.19328058273132,"10712309"
28.17392,65.9751222222222,2.53809570423677,0.0353352892181645,0.136177350802778,-4.19340626320969,"10932582"
7.58899900000001,16.9295144444444,2.53809477435612,0.0353353399271013,0.136177350802778,-4.19340650008359,"10727483"
145.70555,286.407222222222,2.53804840428473,0.0353378687080118,0.136177350802778,-4.19341831227329,"10746293"
557.6805,1910.51,2.53768000364007,0.0353579659001254,0.136236826141686,-4.19351216271781,"10706963"
-11.53467,24.5561,-2.53751081291339,0.035367199584515,0.136254433425032,-4.19355526722735,"10707675"
34.92456,100.616666666667,2.53732017048176,0.0353776069509154,0.136258699804927,-4.1936038392212,"10772556"
-680.70575,1061.30811111111,-2.53718952517695,0.0353847408133567,0.136258699804927,-4.19363712649377,"10855676"
-680.70575,1061.30811111111,-2.53718952517695,0.0353847408133567,0.136258699804927,-4.19363712649377,"10862661"
-31.1019,130.521733333333,-2.5371206411169,0.0353885028043866,0.136258699804927,-4.19365467799814,"10712239"
13.842921,22.3461633333333,2.53706342672115,0.0353916277853011,0.136258699804927,-4.19366925633583,"10822080"
67.35345,230.249666666667,2.5368283284882,0.0354044715156854,0.136290187226147,-4.19372916207993,"10704755"
61.182852,44.7672266666667,2.5363999622993,0.0354278859369822,0.136362353064954,-4.19383832409142,"10751988"
35.6157725,34.1902922222222,2.53613256639369,0.0354425097435555,0.136400669167202,-4.19390647162538,"10775231"
60.8278500000001,374.765,2.53575083219657,0.0354633973307943,0.136463078190441,-4.19400376715328,"10704370"
7.496726,13.8661522222222,2.53539731311733,0.0354827522328709,0.136502233448356,-4.19409387983407,"10905871"
8.7182575,8.68237111111111,2.53539428974194,0.0354829178067645,0.136502233448356,-4.19409465053365,"10700977"
-101.8161,382.144,-2.5343180272581,0.0355419088869027,0.136698676519008,-4.19436904272945,"10847509"
-95.2205499999999,271.211555555556,-2.5342919323882,0.0355433404134451,0.136698676519008,-4.19437569654057,"10857403"
-22.62685,120.932022222222,-2.53417170718336,0.0355499365513277,0.136706047967683,-4.19440635279244,"10859734"
54.12149,119.410255555556,2.53383820927657,0.0355682403885045,0.136758433102102,-4.19449139647537,"10730792"
-26.31834,33.6524,-2.5335209088983,0.035585664141086,0.136806971651681,-4.19457231649644,"10898809"
-47.0304,384.533,-2.53334535409564,0.0355953080254589,0.136806971651681,-4.19461709047742,"10807609"
18.894365,43.2906555555556,2.53327892272917,0.0355989580437162,0.136806971651681,-4.19463403384487,"10706289"
9.2221618,11.3722767777778,2.53326731186287,0.0355995960325899,0.136806971651681,-4.1946369952344,"10732001"
20.97098,39.7778555555556,2.53304170336223,0.0356119949819919,0.136831802474775,-4.19469453918201,"10912076"
-31.3774000000001,151.021888888889,-2.53295730554895,0.0356166344309643,0.136831802474775,-4.19471606663947,"10745497"
8.761875,14.6509166666667,2.53289410984719,0.0356201087773213,0.136831802474775,-4.19473218635402,"10818846"
-166.8582,295.425,-2.53146515630235,0.0356987613468546,0.137115910332239,-4.19509674835642,"10782418"
594.827500000001,3246.89777777778,2.53092767480313,0.0357283911800233,0.137211676079033,-4.19523390813282,"10745848"
1270.163636,1414.68528555556,2.53072973950603,0.035739309098417,0.137235564668921,-4.19528442397479,"10908861"
-11.44286,38.3507444444444,-2.53063303974058,0.0357446441981584,0.137238012301879,-4.19530910403598,"10900212"
52.1768485,44.4944544444444,2.53025251261686,0.0357656464359634,0.137300603808178,-4.19540622949636,"10715107"
25.2402575,21.3361222222222,2.52924237094176,0.0358214596141255,0.137496796894897,-4.19566410341655,"10816067"
-35.4339,195.62,-2.52912526956501,0.0358279355271618,0.13750358755787,-4.19569400196185,"10902294"
-112.91675,677.587777777778,-2.52898860256655,0.0358354949605014,0.137514534319728,-4.19572889717656,"10806106"
706.7778,1081.62566666667,2.52877842486964,0.0358471236439229,0.137541091428101,-4.19578256428549,"10936048"
203.396,402.491222222222,2.52825411033141,0.0358761495918025,0.137633993990024,-4.19591645622885,"10737422"
13.645555,39.0818111111111,2.52817088435688,0.0358807591643739,0.137633993990024,-4.19593771094543,"10722218"
53.099015,72.4179222222222,2.52797426388789,0.0358916516242292,0.137657701266933,-4.19598792678882,"10819145"
7.472625,12.8690166666667,2.52760775290038,0.0359119647312881,0.137701026144822,-4.19608153855256,"10776214"
41.90335,221.116111111111,2.52760035568323,0.0359123748270487,0.137701026144822,-4.19608342799054,"10709166"
-26.218935,64.4323,-2.52741516022574,0.035922643467458,0.137722323655947,-4.19613073280421,"10715622"
257.5506,382.276333333333,2.52728059178012,0.0359301068368555,0.13773286197768,-4.19616510727832,"10798463"
15.44654,42.7329888888889,2.5268921722175,0.0359516580248874,0.137797394061803,-4.19626433272506,"10723807"
109.468,301.679444444444,2.52644738815441,0.0359763527149125,0.13787395621323,-4.19637796916004,"10883094"
712.0275,1827.10666666667,2.5256880144008,0.0360185535200386,0.137963291272376,-4.1965720090488,"10782917"
712.0275,1827.10666666667,2.5256880144008,0.0360185535200386,0.137963291272376,-4.1965720090488,"10829688"
712.0275,1827.10666666667,2.5256880144008,0.0360185535200386,0.137963291272376,-4.1965720090488,"10895022"
712.0275,1827.10666666667,2.5256880144008,0.0360185535200386,0.137963291272376,-4.1965720090488,"10937820"
50.25955,55.9261777777778,2.52540936371136,0.0360340516518214,0.137988341698131,-4.19664322107353,"10858707"
10.838095,22.7261111111111,2.52540058090928,0.0360345402483414,0.137988341698131,-4.19664546569082,"10718504"
13.38114,38.6600333333333,2.52520445200522,0.0360454528618839,0.138012039306301,-4.19669559159382,"10926920"
-22.190975,105.114744444444,-2.52467854100044,0.036074731154099,0.138106040615365,-4.1968300144234,"10820393"
185.8461,717.895666666667,2.52448965366487,0.0360852527141151,0.138128219705209,-4.19687829843755,"10738383"
102.11885,263.506555555556,2.52397732988935,0.0361138063227747,0.138219407561056,-4.19700927211592,"10801603"
28.929845,81.4879888888889,2.52338777742088,0.0361466926069924,0.138327151928304,-4.19716001027857,"10932610"
23.54485,113.715777777778,2.52300472729665,0.0361680761511699,0.138390854836972,-4.1972579616222,"10874086"
-61.9340999999999,381.802333333333,-2.52257116546023,0.0361922950092995,0.138436729709446,-4.19736884110448,"10889226"
803.322,1979.54,2.52256126731196,0.0361928481145973,0.138436729709446,-4.19737137260907,"10895797"
69.04051,136.815911111111,2.52253561565363,0.036194281560921,0.138436729709446,-4.19737793318831,"10751923"
-27.909995,46.1814777777778,-2.52234516418245,0.0362049260306118,0.138458872287367,-4.19742664374215,"10758327"
20.6645415,23.0614666666667,2.5222624553701,0.0362095496773972,0.138458872287367,-4.19744779838432,"10827149"
-75.5498000000001,203.104111111111,-2.52200821930828,0.0362237659238231,0.138495105051507,-4.19751282778521,"10773361"
-117.14385,442.374666666667,-2.52154777074825,0.0362495275143635,0.138555564180962,-4.19763061370512,"10767577"
79.46358,157.660566666667,2.52136294088287,0.0362598737835921,0.138555564180962,-4.19767789835795,"10714900"
-414.239,739.823777777778,-2.52132726330505,0.0362618712624695,0.138555564180962,-4.19768702593801,"10850631"
913.3795,2486.79444444444,2.52128670506881,0.0362641421304927,0.138555564180962,-4.19769740226328,"10776809"
53.79991,116.719911111111,2.52121174072906,0.0362683397875561,0.138555564180962,-4.19771658124938,"10800012"
7.245193,9.00532777777778,2.52119323079146,0.0362693763347238,0.138555564180962,-4.19772131691536,"10819347"
40.83857,39.2106555555556,2.52113247877802,0.0362727786286027,0.138555564180962,-4.197736860142,"10816153"
79.8585,179.790666666667,2.52086432133071,0.0362878001247459,0.138594821917156,-4.1978054703294,"10795673"
-255.7355,1569.43777777778,-2.52075882712282,0.0362937113754185,0.138599278970128,-4.19783246313803,"10810536"
9.54868,20.2829777777778,2.52064273241044,0.0363002177456825,0.138606007217667,-4.1978621691386,"10904543"
19.03816,80.2639444444444,2.52030236461707,0.0363193000349352,0.138643788198553,-4.19794926660189,"10828904"
6.680967,12.7838766666667,2.52029694441726,0.0363196039940962,0.138643788198553,-4.19795065364995,"10910575"
59.247095,76.7717222222222,2.51975862614041,0.0363498052161988,0.138734299241341,-4.19808842073417,"10781146"
239.29661,212.080688888889,2.51968872312957,0.0363537288520083,0.138734299241341,-4.19810631178791,"10866819"
-180.8071,376.189888888889,-2.51962045262161,0.036357561271709,0.138734299241341,-4.198123785325,"10903315"
-117.1691,268.038444444444,-2.51933579504678,0.0363735451822138,0.138777164549196,-4.19819664546216,"10882079"
16.121217,18.5887933333333,2.51862680805942,0.0364133868436143,0.138911032025248,-4.19837813873114,"10892330"
8.571753,19.51544,2.51841188584882,0.0364254732037352,0.13891521458174,-4.19843316305292,"10798255"
7.212212,15.4531155555556,2.51836575828188,0.0364280677642245,0.13891521458174,-4.19844497301201,"10782954"
9.30597,32.8058666666667,2.51835365618778,0.0364287485079315,0.13891521458174,-4.19844807151267,"10775479"
-8.800155,38.2706,-2.51817849580511,0.0364386027415997,0.138929693652529,-4.19849291891725,"10809789"
-361.4884,860.000888888889,-2.51801835377572,0.0364476144398629,0.138929693652529,-4.19853392283068,"10792530"
94.7839000000001,275.411777777778,2.51795991541245,0.0364509035157655,0.138929693652529,-4.19854888622483,"10909903"
51.6387,130.554533333333,2.51792919412365,0.0364526327175997,0.138929693652529,-4.19855675263224,"10882812"
31.73453,89.8550555555556,2.51786362996298,0.0364563233908497,0.138929693652529,-4.19857354101399,"10899703"
-49.662,136.6888,-2.5177125694289,0.0364648281883833,0.138943621798452,-4.19861222269398,"10738313"
12.931165,26.6233444444444,2.51743426116687,0.0364805023919721,0.138943621798452,-4.19868349226699,"10883856"
-18.919125,60.3631,-2.51742054164409,0.0364812752468795,0.138943621798452,-4.19868700571241,"10718128"
111.81364,202.471311111111,2.51730819917031,0.0364876044048449,0.138943621798452,-4.19871577606331,"10886876"
111.81364,202.471311111111,2.51730819917031,0.0364876044048449,0.138943621798452,-4.19871577606331,"10886938"
73.19975,326.230222222222,2.51729204429291,0.0364885146312632,0.138943621798452,-4.19871991331504,"10866943"
35.78885,166.427555555556,2.51711792750225,0.0364983264904697,0.138962871118543,-4.19876450557193,"10841223"
-55.280915,80.9466444444444,-2.51693656744105,0.0365085493766549,0.138983483446868,-4.19881095497144,"10834005"
-85.7669,244.510777777778,-2.51677609297184,0.0365175974139997,0.138983483446868,-4.19885205700332,"10854482"
16.86845,64.3411888888889,2.51671450374379,0.0365210706070164,0.138983483446868,-4.19886783218528,"10900119"
63.89235,109.573,2.51668437123786,0.0365227699877321,0.138983483446868,-4.19887555027701,"10758104"
45.1232999999999,200.201,2.51650683888552,0.0365327838994001,0.139003483828741,-4.19892102433047,"10708745"
32.8651,100.706311111111,2.51609976276218,0.0365557560275585,0.139072777261244,-4.19902530266582,"10885608"
59.71275,314.174,2.51585020894029,0.0365698461161326,0.139108266202695,-4.19908923476364,"10824373"
51.72398,67.3840555555556,2.51557248456439,0.0365855332387153,0.139149820080176,-4.19916038852243,"10710026"
138.6273,296.870333333333,2.51545431732622,0.0365922099310437,0.139157097230605,-4.19919066482185,"10703274"
-22.70883,80.0086666666667,-2.51513551547706,0.0366102290731335,0.139207501255047,-4.19927235139181,"10839655"
-57.3618499999998,456.902444444444,-2.51487017873744,0.0366252331693308,0.139233617287793,-4.1993403436487,"10769005"
233.30645,944.339555555556,2.51484549448888,0.0366266293166527,0.139233617287793,-4.1993466691942,"10700818"
-151.5697,687.489888888889,-2.51449452472967,0.0366464861104073,0.139274799275759,-4.1994366124279,"10721504"
15.60059,55.9142555555556,2.51448549022249,0.036646997399629,0.139274799275759,-4.19943892781244,"10810064"
26.11952,49.5978555555556,2.51433948300311,0.0366552613816676,0.139288086108746,-4.19947634761943,"10775866"
-126.35385,544.838333333333,-2.51417334214911,0.0366646672285191,0.139301838962738,-4.19951892911085,"10817429"
-44.6773,264.570222222222,-2.51404138436844,0.0366721395940083,0.139301838962738,-4.19955275084512,"10700854"
44.02615,310.114777777778,2.51402291506751,0.0366731855775455,0.139301838962738,-4.19955748475104,"10775719"
189.6954,519.235666666667,2.51389344095426,0.0366805190181618,0.139311581200803,-4.19959067116061,"10768364"
100.699,690.553111111111,2.51370506682051,0.0366911912309215,0.139333999820634,-4.19963895659209,"10932636"
-29.7181,185.212555555556,-2.51354587031974,0.0367002128654167,0.139350145392551,-4.19967976480038,"10746745"
79.04115,177.005,2.51341931402346,0.0367073863949999,0.139359270454,-4.19971220724094,"10837648"
136.0775,1053.42388888889,2.51305608524973,0.036727983034931,0.139407831000174,-4.19980532596128,"10737636"
-81.0301499999999,515.11,-2.51297266159454,0.036732715175358,0.139407831000174,-4.19982671398128,"10707707"
32.146535,60.2208888888889,2.51294132012735,0.0367344931553138,0.139407831000174,-4.19983474937227,"10837342"
-67.7684999999999,231.715666666667,-2.51268693448319,0.036748927516038,0.139444495188146,-4.19989997166037,"10877753"
37.41201,103.4615,2.51197278390421,0.0367894807015503,0.139553884994195,-4.2000830962097,"10701483"
-66.2339499999999,265.352888888889,-2.51195577959837,0.036790446848836,0.139553884994195,-4.20008745690702,"10879225"
-63.3632,207.486777777778,-2.51192691823797,0.0367920867469462,0.139553884994195,-4.20009485834932,"10819880"
-595.289,1280.07911111111,-2.51154293018764,0.0368139119620704,0.13961446327737,-4.20019333652503,"10784125"
6.719101,15.1589411111111,2.51147779038603,0.0368176157009947,0.13961446327737,-4.20021004333127,"10856924"
-21.931025,46.7336777777778,-2.5108257494549,0.0368547105245423,0.139736990689679,-4.20037729148192,"10741504"
46.66473,103.7628,2.51068915872311,0.0368624860279733,0.139748227412099,-4.20041233043154,"10902765"
79.39715,222.481222222222,2.51056591062554,0.0368695034256768,0.139748227412099,-4.20044394770103,"10717132"
159.21795,250.565333333333,2.51052163036131,0.0368720249501081,0.139748227412099,-4.20045530731448,"10895861"
-114.5012,259.365777777778,-2.50995312497245,0.0369044138707989,0.139843060897092,-4.20060116241687,"10928626"
-11.5573975,18.9272788888889,-2.50987634992401,0.0369087901190479,0.139843060897092,-4.20062086134568,"10807879"
-15.765675,54.7612333333333,-2.50983044580499,0.0369114069479521,0.139843060897092,-4.20063263959955,"10879838"
63.582475,88.4290777777778,2.50950272315993,0.0369300947185295,0.139895719282563,-4.20071673190079,"10765469"
46.59591,43.0028933333333,2.50928043945937,0.036942775503821,0.139903920053042,-4.20077377296558,"10702519"
46.803695,92.6854222222222,2.50921662667095,0.0369464166974783,0.139903920053042,-4.20079014880024,"10865552"
67.11405,188.378666666667,2.5092058130206,0.0369470337666036,0.139903920053042,-4.20079292385876,"10901940"
-147.5634,705.949666666667,-2.50905746023317,0.0369555004137968,0.139903920053042,-4.20083099573456,"10722736"
48.936555,106.3959,2.50904512910041,0.0369562042530746,0.139903920053042,-4.20083416034578,"10750333"
-80.1810499999999,200.972777777778,-2.50875003310117,0.0369730518765104,0.139939024044094,-4.2009098955141,"10882475"
130.34265,236.109666666667,2.50868296926872,0.0369768817739331,0.139939024044094,-4.20092710795763,"10739568"
9.640153,18.1687344444444,2.50863104199934,0.0369798475258577,0.139939024044094,-4.20094043568743,"10851791"
572.672,2783.78888888889,2.50771253013976,0.0370323469978766,0.140119542183133,-4.20117621121838,"10776435"
-611.93615,983.811777777778,-2.507429824701,0.0370485208605026,0.140133668745847,-4.20124879072975,"10894695"
-7.62478,20.1319888888889,-2.50737937614506,0.037051407827909,0.140133668745847,-4.20126174302962,"10741754"
907.2735,1996.89666666667,2.507336450138,0.0370538644902102,0.140133668745847,-4.20127276409973,"10727429"
21.115045,72.5694444444444,2.50731193244126,0.0370552677162205,0.140133668745847,-4.20127905896792,"10935381"
9.139732,17.2952711111111,2.50716744863438,0.037063538082407,0.140146803202102,-4.20131615567974,"10935247"
12.913235,38.4670555555556,2.506957141838,0.0370755795606021,0.140148529252971,-4.20137015508843,"10894421"
12.913235,38.4670555555556,2.506957141838,0.0370755795606021,0.140148529252971,-4.20137015508843,"10894424"
9.445475,18.3191888888889,2.50690812843048,0.0370783864789558,0.140148529252971,-4.20138274042435,"10866422"
34.18296,132.587466666667,2.50628973578482,0.037113819379053,0.140264310393228,-4.20154154054144,"10726244"
-127.09765,952.096555555555,-2.50505391545531,0.0371847330152109,0.140498106578377,-4.20185896722546,"10710857"
-184.66635,203.965066666667,-2.50504404070297,0.037185300200726,0.140498106578377,-4.20186150400383,"10762792"
10.623735,23.0855,2.50495502798662,0.0371904133053194,0.140499254403414,-4.20188437124547,"10923474"
207.00085,690.014777777778,2.50481465587506,0.0371984780687918,0.140511551370789,-4.20192043368614,"10933755"
10.68008,28.2227222222222,2.50424756424901,0.0372310771353347,0.140600348012034,-4.20206613592852,"10758854"
47.168485,92.0023111111111,2.5041329382393,0.0372376698977912,0.140600348012034,-4.20209558919561,"10909272"
-572.92575,1025.99633333333,-2.50405199385887,0.0372423261619269,0.140600348012034,-4.20211638844695,"10765937"
-65.89346,63.4489777777778,-2.50404178043225,0.0372429137235813,0.140600348012034,-4.20211901289185,"10740792"
13.168025,31.0906555555556,2.50398727295299,0.0372460496085826,0.140600348012034,-4.20213301926282,"10858597"
-64.41905,238.462111111111,-2.50377656080598,0.0372581746712486,0.140606195838202,-4.20218716616374,"10778837"
34.339235,110.235522222222,2.50370315234145,0.0372623997750892,0.140606195838202,-4.20220603068165,"10720196"
-16.16204,30.4011111111111,-2.5036962823224,0.0372627952114013,0.140606195838202,-4.202207796158,"10703945"
-15.22862,21.4563844444444,-2.50362583070153,0.0372668506324092,0.140606195838202,-4.20222590118507,"10917725"
-29.2522,171.419222222222,-2.50342343778816,0.0372785035116535,0.140618265855262,-4.20227791496432,"10926601"
961.323999999999,2528.38111111111,2.503403068445,0.0372796764924009,0.140618265855262,-4.2022831499116,"10781775"
150.3194,685.953222222222,2.50326583005795,0.0372875804240734,0.140629921831769,-4.20231842105261,"10701120"
14.966991,17.11858,2.50308242945558,0.0372981456211457,0.140651610452582,-4.20236555807979,"10894582"
-20.496585,78.6090666666667,-2.50297431152507,0.0373043754184294,0.140656946757098,-4.20239334721868,"10812717"
34.770485,38.5880888888889,2.50263131724327,0.0373241458800284,0.140713330460595,-4.20248151073382,"10787275"
7.715592,9.97311,2.50245430642043,0.0373343530878402,0.140732325370807,-4.2025270127092,"10873821"
10.039722,19.6475766666667,2.50223603760316,0.0373469433141271,0.140732325370807,-4.20258312315491,"10701264"
-819.770749999999,1870.67144444444,-2.50214156691582,0.0373523939289045,0.140732325370807,-4.20260740972474,"10926958"
17.78607,82.1908,2.502084745136,0.0373556727279795,0.140732325370807,-4.20262201777321,"10917594"
26.757375,78.5299666666667,2.50194024908901,0.0373640119309067,0.140732325370807,-4.20265916653377,"10893168"
101.1914,276.477555555556,2.50191273903152,0.0373655998145988,0.140732325370807,-4.20266623929917,"10733061"
101.1914,276.477555555556,2.50191273903152,0.0373655998145988,0.140732325370807,-4.20266623929917,"10838594"
492.196,2144.24777777778,2.50187596374634,0.0373677225953771,0.140732325370807,-4.20267569420733,"10785178"
112.1736,392.018333333333,2.50161247638281,0.0373829354674504,0.140759234287366,-4.2027434392392,"10720504"
486.189,2127.52,2.50158325356576,0.0373846230819353,0.140759234287366,-4.20275095297151,"10756526"
115.87165,227.297111111111,2.50150189086553,0.0373893221766946,0.140759234287366,-4.20277187313286,"10809370"
-18.6015,64.5349666666667,-2.50123629183051,0.0374046659996262,0.140798854852864,-4.20284016753501,"10747735"
7.59961,14.2238944444444,2.50071399564092,0.0374348580381167,0.140894349745625,-4.2029744806644,"10898947"
-10.7662975,14.0955188888889,-2.50040996686342,0.0374524442313059,0.140942381266697,-4.20305267249532,"10700430"
12.170625,24.8401666666667,2.50014810041363,0.0374675983203581,0.140980775812153,-4.20312002556784,"10799880"
-59.6854999999999,269.322111111111,-2.5000268290012,0.0374746183502464,0.140980775812153,-4.20315121854872,"10781424"
32.4183500000001,183.881555555556,2.49998354673434,0.0374771241513378,0.140980775812153,-4.20316235168212,"10868191"
41.43332,122.528488888889,2.49986328321748,0.0374840876295837,0.140988816275352,-4.20319328668997,"10821207"
35.435245,58.9120777777778,2.49935392321581,0.0375135950816706,0.141073233538873,-4.20332431812214,"10932016"
121.67885,342.485888888889,2.49930916275588,0.0375161892025571,0.141073233538873,-4.2033358334256,"10776419"
100.7151,435.146666666667,2.49916507194842,0.0375245413142543,0.14108648004564,-4.2033729038375,"10842577"
63.8737,366.320111111111,2.49879155706947,0.0375462006081549,0.141149749654695,-4.2034690046902,"10732926"
-448.0505,2492.88444444444,-2.49853851770848,0.0375608810102149,0.14117230668037,-4.20353411376777,"10865527"
-12.653695,23.4092555555556,-2.49852155144896,0.0375618655379788,0.14117230668037,-4.2035384794716,"10700807"
-42.98855,238.592777777778,-2.49802859705032,0.0375904824230015,0.141261686841467,-4.20366533303543,"10859636"
-117.69845,183.134577777778,-2.49791173140596,0.0375972699291395,0.141266832709308,-4.20369540875177,"10881964"
26.332015,82.5734777777778,2.49783851502198,0.0376015229392613,0.141266832709308,-4.20371425165178,"10807517"
302.8885,1491.04111111111,2.49767157543715,0.0376112219913989,0.141285102128935,-4.2037572163599,"10765491"
131.11445,572.668888888889,2.49722335796228,0.0376372756276332,0.141364794315464,-4.20387258155155,"10802648"
-19.99981,45.7307555555556,-2.49683954641504,0.0376596000930605,0.141430461128509,-4.20397137981284,"10757372"
39.33715,256.168777777778,2.4967460707011,0.0376650391602834,0.141432706173331,-4.20399544315858,"10775136"
51.44278,129.542677777778,2.49631427777087,0.0376901742318146,0.141508899885392,-4.20410660642634,"10891850"
6.990137,10.1989655555556,2.49607239273494,0.0377042620295666,0.141528078554328,-4.20416888395887,"10883971"
251.70025,519.133777777778,2.495967288878,0.0377103851241932,0.141528078554328,-4.20419594595985,"10913487"
-45.09705,216.711666666667,-2.49591364180307,0.0377135108612979,0.141528078554328,-4.20420975921155,"10905371"
152.2127,853.381888888889,2.49589391184885,0.0377146604896778,0.141528078554328,-4.2042148394014,"10769218"
21.02059,28.6346444444444,2.49575206479907,0.037722926705751,0.14154091713098,-4.20425136378972,"10889036"
-32.9389,92.1653888888889,-2.49509010683353,0.0377615270087135,0.141667554903372,-4.20442182937702,"10886023"
54.8101,189.658444444444,2.49437890695767,0.0378030434161992,0.1418012286175,-4.20460500704956,"10810441"
217.48,1373.95777777778,2.49431347176354,0.0378068655337067,0.1418012286175,-4.204621862269,"10867173"
-13.2935525,20.0965744444444,-2.4939041952397,0.0378307805782071,0.141872711657477,-4.20472729260884,"10700498"
-583.5145,1715.52222222222,-2.49366589876162,0.037844711908007,0.141906740300413,-4.20478868315885,"10736901"
50.24403,84.6366,2.49337046189678,0.0378619910212363,0.141920440794816,-4.20486479943482,"10856871"
1543.331,2950.10888888889,2.49330865529617,0.0378656068954213,0.141920440794816,-4.20488072398137,"10830624"
99.34929,126.6735,2.49319811494624,0.0378720747164856,0.141920440794816,-4.20490920545106,"10935854"
-91.12415,246.960777777778,-2.49316344941141,0.0378741032609352,0.141920440794816,-4.20491813742275,"10903208"
256.3461,1085.103,2.49315465486914,0.0378746179141247,0.141920440794816,-4.20492040344948,"10791288"
135.19335,357.449333333333,2.49310517799242,0.03787751341402,0.141920440794816,-4.20493315189476,"10766170"
11.620435,28.3992777777778,2.49293659406491,0.0378873810183038,0.141939208652055,-4.20497659120647,"10718572"
-12.80813,22.9214777777778,-2.49272089861401,0.0379000099740772,0.141954061965472,-4.20503217249123,"10701052"
-182.42695,314.910155555556,-2.4927028999578,0.0379010639874952,0.141954061965472,-4.20503681059373,"10839596"
-335.35725,998.675333333333,-2.49254950428673,0.037910048148879,0.141962466462132,-4.2050763402148,"10818257"
157.30205,309.490222222222,2.49249865584435,0.0379130267453122,0.141962466462132,-4.20508944404534,"10703301"
9.39754500000001,33.1083666666667,2.49201380876843,0.0379414400189037,0.142045405556596,-4.20521439926888,"10934526"
525.092999999999,2990.87666666667,2.49188662987509,0.0379488966042488,0.142045405556596,-4.20524717842931,"10880911"
-81.9032,266.360777777778,-2.49187184612354,0.0379497634822084,0.142045405556596,-4.20525098886931,"10892074"
-15.94259,84.6328444444444,-2.49151640167272,0.0379706118065489,0.142105233578852,-4.20534260717526,"10887363"
-107.32345,444.635888888889,-2.49089822501489,0.0380068981874006,0.142222815889166,-4.20550196589241,"10788101"
9.510905,15.2290388888889,2.49032957990937,0.0380403081960446,0.142329605998879,-4.20564857763138,"10784470"
-133.19415,309.253,-2.49010758554054,0.0380533592779543,0.142360204628782,-4.2057058192836,"10755196"
-36.5906,222.917111111111,-2.48997508655674,0.0380611510787284,0.142371122613825,-4.20573998589582,"10921515"
23.351645,98.0008888888889,2.48975875609796,0.0380738761953485,0.142400488947755,-4.20579577198305,"10809824"
-522.291499999999,1706.85444444444,-2.4892469322889,0.0381040001919229,0.142491437780432,-4.20592777020245,"10851382"
-235.322925,316.501633333333,-2.48908023148104,0.0381138167872535,0.142491437780432,-4.20597076559896,"10882978"
62.21064,94.2038333333333,2.48900502319739,0.0381182464559741,0.142491437780432,-4.205990163869,"10931163"
-7.30968000000001,12.5819733333333,-2.48900011609416,0.0381185354960414,0.142491437780432,-4.20599142955754,"10804691"
934.315,3573.12111111111,2.48893144067305,0.0381225808753287,0.142491437780432,-4.20600914316259,"10732821"
-60.8632,272.582888888889,-2.4886900797344,0.0381368018869888,0.142524795053488,-4.20607140033031,"10700794"
8.570873,18.5045788888889,2.48861438949021,0.0381412626729708,0.142524795053488,-4.20609092480704,"10899979"
94.71545,346.026555555556,2.4885192465883,0.0381468706477819,0.142527520028686,-4.20611546766398,"10816834"
-29.30025,149.158666666667,-2.48828466027312,0.0381607013626978,0.142546662970886,-4.20617598352274,"10910966"
62.91171,103.9317,2.48826682731998,0.0381617529641714,0.142546662970886,-4.20618058400568,"10865630"
-22.60435,254.984222222222,-2.48804847300716,0.0381746316079031,0.142576538966157,-4.2062369159421,"10708322"
-107.44445,310.875111111111,-2.48792046245249,0.0381821837836771,0.142586516305297,-4.20626994204899,"10838469"
146.13185,580.826888888889,2.48777988673841,0.0381904790068812,0.142599265555602,-4.2063062111171,"10700366"
229.58535,440.099333333333,2.48684672780561,0.0382455901082382,0.142777444427782,-4.20654700178397,"10790948"
1126.5495,6622.78666666667,2.48680641251021,0.0382479728928535,0.142777444427782,-4.20655740592866,"10937827"
30.710395,66.2765444444444,2.48651679900979,0.0382650945619478,0.142823108794269,-4.20663214937669,"10794942"
138.92355,558.684,2.4862087459772,0.0382833148949051,0.142872861693888,-4.20671165759716,"10729552"
899.378500000001,3582.55777777778,2.48593310118644,0.0382996258492823,0.142906050839843,-4.20678280643201,"10737920"
-98.578,487.563555555556,-2.48589313400857,0.0383019914450596,0.142906050839843,-4.20679312307716,"10869772"
-65.66185,160.017555555556,-2.48580806681317,0.0383070269351386,0.142906587266395,-4.20681508163739,"10933819"
-221.2144,417.822888888889,-2.48567251042051,0.0383150524843112,0.142918276720718,-4.20685007402977,"10844606"
-230.26035,232.447666666667,-2.4847768681994,0.0383681214331979,0.143080288586488,-4.20708130379062,"10715211"
51.5809,167.520444444444,2.48477416574839,0.03836828167271,0.143080288586488,-4.20708200156556,"10821165"
355.7354,506.668222222222,2.48443184271958,0.0383885849144985,0.143130941139788,-4.20717039341613,"10791604"
55.7568,208.051,2.484379953803,0.0383916634069753,0.143130941139788,-4.20718379240198,"10917240"
-16.77083,50.0644777777778,-2.48416555384152,0.0384043860947252,0.143160104041253,-4.20723915753621,"10917727"
32.5149924,25.2135153333333,2.48387102087747,0.0384218709226478,0.143207009075559,-4.20731522044726,"10926277"
44.16757,80.3710111111111,2.48345765127352,0.0384464240619726,0.143280243978373,-4.20742198218849,"10889415"
-30.5682,158.378333333333,-2.48320368103686,0.0384615171645936,0.143318209495719,-4.20748758097664,"10858752"
24.802875,73.9222,2.48284361810207,0.0384829255140013,0.143379694677469,-4.20758058985719,"10842833"
-36.5043499999999,176.003444444444,-2.4826080797533,0.0384969365153516,0.143413606651299,-4.20764143692227,"10869232"
-76.263445,94.1181555555556,-2.48231595006466,0.0385143210431535,0.14346007585805,-4.20771690826136,"10905738"
38.3266,178.364444444444,2.48137534333119,0.0385703503199274,0.1436122485827,-4.20795994988044,"10741884"
575.6158,1362.98944444444,2.48135011423192,0.0385718542839909,0.1436122485827,-4.20796646955869,"10816387"
-18.91267,81.5829888888889,-2.48130575636004,0.0385744987020009,0.1436122485827,-4.20797793257354,"10718391"
-105.9758,452.551444444444,-2.48123625358748,0.0385786425164171,0.1436122485827,-4.20799589381673,"10700660"
-423.53305,1000.22188888889,-2.48120448266537,0.0385805368762002,0.1436122485827,-4.20800410431509,"10857314"
-316.80975,1247.59566666667,-2.48113517608469,0.0385846696489905,0.1436122485827,-4.20802201530528,"10832551"
9.26375700000001,19.0724933333333,2.48101935640922,0.0385915770143019,0.143619659986728,-4.20805194741998,"10719671"
126.633155,147.857222222222,2.48046518583014,0.0386246445361928,0.143722223622163,-4.20819517757689,"10840910"
32.0491,108.806444444444,2.48034043513113,0.0386320924096022,0.143722223622163,-4.20822742317267,"10885450"
79.47755,314.112555555556,2.48031023791245,0.0386338954646691,0.143722223622163,-4.20823522870759,"10700351"
-74.0953499999999,224.187333333333,-2.48005707929129,0.0386490147489538,0.143760162576514,-4.2083006687606,"10909091"
17.68057,33.7239111111111,2.47987232910813,0.0386600522933254,0.143782911228162,-4.20834842820614,"10940420"
22.07765,127.480888888889,2.47922755186609,0.0386985983262761,0.143882114467749,-4.20851512550372,"10861565"
109.7433,501.162,2.47922426514096,0.0386987949128998,0.143882114467749,-4.20851597530419,"10819281"
-119.809675,94.6478555555556,-2.4791790208652,0.0387015011805151,0.143882114467749,-4.20852767352528,"10768236"
-47.2388,211.586777777778,-2.4787214315067,0.0387288824886869,0.143951728597985,-4.2086459937635,"10920956"
175.0746,606.799333333333,2.47870140953592,0.0387300810152722,0.143951728597985,-4.20865117120883,"10803531"
-52.5675,321.843666666667,-2.4783386144326,0.0387518046545015,0.144014148476861,-4.20874499016862,"10765248"
-18.429185,44.1952111111111,-2.47813779659661,0.0387638346453053,0.144040532349014,-4.20879692535001,"10700623"
77.8192000000001,213.184111111111,2.47800703670609,0.0387716698514316,0.144051324308753,-4.20883074364173,"10784355"
-262.42005,908.468666666667,-2.47768235869727,0.0387911316862213,0.144105305325695,-4.20891471948323,"10881570"
769.59095,427.170222222222,2.47753523191777,0.0387999540147858,0.144119752903745,-4.20895277507357,"10770710"
143.37135,351.636,2.47720196683201,0.038819945489723,0.144175678557941,-4.20903898201765,"10725919"
11.04748,22.9725111111111,2.47685891577965,0.038840534903295,0.144233810431532,-4.20912772772564,"10713419"
530.1405,1892.96,2.47651793379492,0.0388610111088185,0.144291507185184,-4.20921594560398,"10703375"
16.279405,38.9150111111111,2.47614171094283,0.0388836162554839,0.144357093059818,-4.20931328949001,"10794732"
217.21305,663.971333333333,2.47579066093807,0.0389047209307173,0.144417092410416,-4.20940412828223,"10940271"
16.323455,88.5303888888889,2.47562440853519,0.0389147198642734,0.14443585644961,-4.209447151009,"10700121"
-17.4899625,20.4593433333333,-2.47490243977315,0.0389581715353331,0.144578763113976,-4.20963400218673,"10906065"
-6.430005,11.17698,-2.4743915554023,0.0389889488176643,0.14465926098988,-4.20976624310497,"10939734"
111.16227,140.783033333333,2.47437799788165,0.0389897659010857,0.14465926098988,-4.20976975265548,"10725989"
266.7239,911.572555555556,2.47378354304307,0.0390256095263181,0.14477386116849,-4.2099236469509,"10882761"
-273.346,2960.18888888889,-2.47367628239793,0.039032080539127,0.144779482081013,-4.20995141730916,"10700183"
140.9127,914.261666666667,2.47342512134078,0.0390472372908196,0.144817314994795,-4.21001644711983,"10700607"
46.74525,59.1189666666667,2.47221983936994,0.0391200551979208,0.145068963258703,-4.21032857061757,"10907178"
67.3269,210.014666666667,2.4720829290107,0.039128335430262,0.14508125285692,-4.21036403117904,"10933231"
-29.9708999999999,227.435,-2.47200036857067,0.0391333294803655,0.145081356274035,-4.2103854153778,"10746095"
-31.716435,42.7845666666667,-2.47186217034226,0.0391416904855712,0.145093940597066,-4.21042121143655,"10848308"
61.01745,313.172666666667,2.47167442253582,0.0391530521459937,0.145117643414496,-4.21046984375333,"10932238"
-152.495,1914.56444444444,-2.471554116589,0.0391603342831267,0.14512622171093,-4.21050100778087,"10712359"
-82.2762500000001,232.281777777778,-2.47140915621547,0.039169110580334,0.14514033441069,-4.21053855950664,"10813101"
48.0444999999999,273.550111111111,2.47128909341535,0.0391763810199479,0.14514886431411,-4.21056966257049,"10826130"
70.898255,121.215455555556,2.47118096271585,0.0391829300783732,0.145154719668982,-4.21059767532776,"10776026"
90.4332000000001,273.595333333333,2.47107037945531,0.0391896288267667,0.145161128001162,-4.21062632422256,"10906802"
95.18255,718.646555555556,2.47026615383597,0.0392383809446294,0.145319099745796,-4.21083469894845,"10760189"
-129.18145,385.531222222222,-2.47020277509343,0.0392422255731698,0.145319099745796,-4.21085112211461,"10823462"
-35.9949,202.359666666667,-2.46923614693747,0.0393009097086462,0.145517969103725,-4.21110163348807,"10860858"
934.053499999999,4716.15888888889,2.46911947225621,0.039307999059011,0.145520017813207,-4.21113187490804,"10787808"
36.12136,88.0635777777778,2.46906309066706,0.0393114253639292,0.145520017813207,-4.21114648900752,"10701490"
-77.60665,201.581555555556,-2.4670490166768,0.0394340192241121,0.145955332270773,-4.21166866879616,"10789291"
42.7994,183.127555555556,2.46676661101602,0.0394512398055181,0.145971747597924,-4.21174190736151,"10780360"
-158.2959,583.853666666667,-2.4667397581704,0.0394528776397092,0.145971747597924,-4.211748871592,"10920754"
53.3891,228.975888888889,2.46666136487472,0.0394576594720543,0.145971747597924,-4.21176920299372,"10771891"
292.2935,1919.60222222222,2.4665933108508,0.0394618111059839,0.145971747597924,-4.21178685320745,"10806640"
1025.089,3899.68111111111,2.46654391898126,0.0394648245328965,0.145971747597924,-4.2117996634646,"10752769"
-1270.9755,3107.33,-2.46648476077933,0.0394684341163825,0.145971747597924,-4.21181500691734,"10715531"
-172.66255,523.352888888889,-2.46633744806801,0.039477423969353,0.145986514410212,-4.21185321535646,"10819005"
-55.81105,379.160888888889,-2.46601755279435,0.0394969529300748,0.146040245905481,-4.21193619119444,"10835597"
162.0164,385.687888888889,2.46550399179836,0.0395283252673548,0.146137749223045,-4.21206941443545,"10767959"
495.777,2236.77333333333,2.46440818449489,0.0395953502231687,0.146364502939866,-4.21235373438639,"10766561"
-16.38772,40.8796888888889,-2.46433747190114,0.0395996793056994,0.146364502939866,-4.21237208419854,"10815962"
-17.73939,102.261366666667,-2.46425525233286,0.0396047134575383,0.146364591897347,-4.21239342045067,"10795969"
13.870995,53.0813666666667,2.46365259142018,0.0396416330689432,0.146482502969404,-4.21254982600738,"10773331"
23.069315,69.8942888888889,2.46348044615412,0.039652185261606,0.146495715870606,-4.21259450621596,"10735735"
15.246685,33.1395444444444,2.46343065438304,0.039655237937453,0.146495715870606,-4.2126074299916,"10901219"
-33.76463,96.5012777777778,-2.46248334074772,0.0397133620175885,0.146691889996438,-4.21285334118576,"10724575"
22.50193,67.3931777777778,2.4621156017312,0.0397359485344998,0.146756763651944,-4.21294881706389,"10842849"
-854.5395,1947.39066666667,-2.46171975036766,0.0397602762544337,0.146821735278117,-4.21305160127276,"10839254"
38.55398,127.662622222222,2.46160565377937,0.039767291055389,0.146821735278117,-4.21308122869164,"10859766"
57.1594,201.177777777778,2.46158408150568,0.0397686174866754,0.146821735278117,-4.21308683044829,"10938817"
21.302845,43.7828111111111,2.46094678837479,0.0398078234538737,0.146947909322904,-4.21325233208993,"10721268"
15.328795,28.5685777777778,2.46072038424993,0.0398217611500941,0.146980787143253,-4.21331113420482,"10717517"
178.11729,247.3532,2.46053530300213,0.0398331586348474,0.147004282005866,-4.2133592062635,"10811596"
46.407,281.462333333333,2.46042924977084,0.0398396909859099,0.147009818423945,-4.21338675296177,"10880564"
758.1005,1995.85555555556,2.45970023182877,0.0398846242370855,0.147157036178608,-4.21357613023721,"10921951"
-37.0778675,38.1228677777778,-2.45936677035536,0.0399051943461557,0.147213782287695,-4.21366276481712,"10858945"
93.44965,219.839777777778,2.45928755114279,0.039910082690441,0.147213782287695,-4.21368334730457,"10913545"
84.25126,90.0184444444444,2.45820655290078,0.0399768479966984,0.147420810540347,-4.21396424837193,"10871415"
280.9947,1135.20533333333,2.45806913457831,0.0399853434151013,0.147420810540347,-4.21399996226087,"10705618"
89.11162,101.878444444444,2.45806266888042,0.0399857431798219,0.147420810540347,-4.21400164267172,"10710627"
-172.908275,244.321677777778,-2.45794607355112,0.0399929527945316,0.147420810540347,-4.21403194581594,"10890648"
-29.138235,110.501533333333,-2.45793605953531,0.0399935720676484,0.147420810540347,-4.2140345485001,"10782124"
54.44929,153.377644444444,2.45786014701857,0.0399982668618899,0.147420810540347,-4.21405427868273,"10780433"
-23.5758,130.536666666667,-2.45780735150953,0.0400015323185231,0.147420810540347,-4.21406800081066,"10828504"
-13.68425,37.5820111111111,-2.45701203130781,0.0400507563713983,0.147583601997229,-4.21427473441568,"10936211"
189.79735,1093.58077777778,2.45641343091583,0.0400878454724184,0.147701641774654,-4.21443035939239,"10827438"
95.7082,173.841377777778,2.45599384859458,0.0401138633987323,0.147778865741559,-4.21453945642837,"10932453"
-43.18495,212.164888888889,-2.45564482214117,0.0401355192455717,0.14784000242594,-4.21463021642268,"10877680"
-14.594975,30.3687444444444,-2.45548134240661,0.0401456666506785,0.147858737460026,-4.2146727299299,"10894238"
10.32913,36.7516444444444,2.45534302264089,0.0401542543717433,0.147871724091278,-4.21470870180604,"10860184"
-173.12985,732.972,-2.4551846420712,0.0401640898721865,0.147889301931693,-4.21474989223458,"10882659"
-226.393,1173.77888888889,-2.45505545395909,0.0401721143149466,0.147900207636654,-4.21478349167503,"10935255"
25.096555,48.4861444444444,2.45496581133327,0.0401776833673023,0.147902071811035,-4.21480680668146,"10743743"
-26.116435,110.943955555556,-2.45432788090794,0.0402173374061196,0.148029393345392,-4.21497273955545,"10875425"
26.095905,47.2447,2.45410178523472,0.0402314011224022,0.148060015334723,-4.21503155571468,"10822936"
70.4370999999999,259.943777777778,2.45397169101953,0.0402394955645505,0.148060015334723,-4.21506539966591,"10914571"
31.402755,73.755,2.45390106722759,0.0402438904565517,0.148060015334723,-4.21508377285834,"10848486"
-96.6310999999998,488.167444444444,-2.45386830488787,0.0402459294096336,0.148060015334723,-4.2150922962789,"10891203"
-487.8865,1761.76555555556,-2.45355971346588,0.0402651396246164,0.148112035884355,-4.21517258244879,"10934579"
12.1835385,10.313725,2.45315689374215,0.0402902296417103,0.148185668985638,-4.2152773929691,"10701270"
-81.7925,304.194777777778,-2.4529665656961,0.0403020899139202,0.148193919217682,-4.21532691836952,"10827894"
60.2840500000001,283.764111111111,2.45295808928052,0.0403026182030699,0.148193919217682,-4.21532912407669,"10801996"
-89.67925,444.379555555556,-2.45283239802588,0.0403104526820948,0.148203154591844,-4.21536183160291,"10888056"
255.619,388.998444444444,2.45270573010227,0.0403183495977818,0.148203154591844,-4.21539479428159,"10877130"
98.6281000000001,169.594111111111,2.4526516466711,0.0403217218226841,0.148203154591844,-4.21540886867031,"10761255"
44.3469000000001,152.653333333333,2.45259231018663,0.0403254219158818,0.148203154591844,-4.21542431029713,"10879726"
8.91066,20.6959333333333,2.45250551116991,0.0403308351316038,0.148204404721343,-4.21544689912486,"10862541"
-115.9485,326.334333333333,-2.45214539105076,0.0403533018605311,0.148267578683377,-4.21554062287474,"10717311"
142.2878,737.484222222222,2.45206727249746,0.0403581770962624,0.148267578683377,-4.21556095484137,"10817365"
-89.45155,438.189555555556,-2.45194809162481,0.0403656161048168,0.148276261647946,-4.21559197486162,"10889579"
-23.0716,134.179555555556,-2.45142314085214,0.0403983989050171,0.148367954787816,-4.21572861798441,"10908573"
10.86789,23.6518333333333,2.45138574502951,0.0404007352754526,0.148367954787816,-4.21573835266465,"10798257"
-125.8887,639.847666666667,-2.4512413865194,0.0404097556129049,0.148382428415712,-4.21577593212082,"10938935"
-11.443895,28.0279444444444,-2.45111994415099,0.040417345598863,0.148391646892696,-4.21580754705052,"10823363"
10.463122,21.1241544444444,2.45049993987587,0.0404561175334942,0.148515332699611,-4.21596896633509,"10734291"
137.185125,138.411766666667,2.45039057800746,0.0404629603770305,0.148521789729183,-4.21599744140216,"10829761"
-10.04807,33.8087111111111,-2.45016239086353,0.0404772419681912,0.148553450917411,-4.21605685798002,"10820275"
42.90256,77.1148444444444,2.44993670926005,0.0404913717628911,0.148553450917411,-4.21611562535865,"10773201"
20.888775,74.3036,2.44993378296288,0.0404915550094473,0.148553450917411,-4.21611638738594,"10899603"
240.3353,833.397888888889,2.44991038836631,0.0404930200238696,0.148553450917411,-4.21612247951408,"10748382"
121.48465,594.464777777778,2.44984665935893,0.0404970111284404,0.148553450917411,-4.21613907519863,"10784378"
76.50325,248.935444444444,2.44975463344341,0.0405027750629747,0.148555941078436,-4.21616304013576,"10898456"
63.28135,231.748444444444,2.44962758337659,0.0405107340583591,0.148566480640334,-4.21619612676153,"10907849"
18.587925,47.7633,2.44911511691904,0.0405428533658809,0.148665610421846,-4.21632959452963,"10726093"
27.53874,128.6237,2.44846796354045,0.0405834511273797,0.14879580085784,-4.21649816389979,"10754154"
71.61345,266.148,2.44769627433591,0.0406319151561953,0.148948094481379,-4.21669920637937,"10700954"
7.1228,20.5565888888889,2.44764423236209,0.0406351856307452,0.148948094481379,-4.21671276582985,"10779990"
-12.42724,76.3260222222222,-2.44743838755186,0.0406481241501268,0.148966360700475,-4.21676640001478,"10815442"
-25.975715,98.3117777777778,-2.44740270852429,0.0406503672042235,0.148966360700475,-4.21677569668344,"10720111"
-9.6214,45.4236222222222,-2.44714041254319,0.0406668609631789,0.149002248636611,-4.21684404400468,"10705361"
-144.6281,318.347444444444,-2.44708476382865,0.0406703611497342,0.149002248636611,-4.21685854512494,"10839327"
-86.95535,300.158777777778,-2.44678978854093,0.0406889195633004,0.149051548103105,-4.21693541396113,"10786727"
-243.96625,684.348555555556,-2.44662379056314,0.0406993671182847,0.149071127255964,-4.21697867445426,"10743318"
16.232255,32.4305555555556,2.44649246704333,0.0407076342607467,0.149082716220817,-4.21701289970645,"10920996"
66.9365500000001,242.525777777778,2.4462187488274,0.0407248709660021,0.149127147204912,-4.21708423901903,"10936645"
34.324261,21.1239411111111,2.44565253481675,0.0407605502890227,0.149239092134792,-4.21723182650176,"10859799"
15.31767,64.2360333333333,2.4453367975727,0.040780459841541,0.149293277419897,-4.2173141342255,"10864507"
-71.7632000000001,252.250444444444,-2.44495936171383,0.040804272856864,0.149361737531691,-4.21741253396957,"10700733"
-295.538,883.118777777778,-2.44437360081887,0.0408412572852655,0.149478387663712,-4.21756526287356,"10831150"
-39.24615,204.509666666667,-2.44427940038992,0.0408472081824635,0.149481440541462,-4.21758982630639,"10802158"
-30.4108,65.5617888888889,-2.4439357905174,0.0408689223891766,0.149541710019461,-4.21767942971871,"10867060"
-138.6464,708.526777777778,-2.44385681166048,0.0408739150580337,0.149541710019461,-4.21770002613686,"10881353"
389.22295,648.231777777778,2.44337579737956,0.0409043358258901,0.1496320788935,-4.2178254753363,"10928902"
-45.8558,193.334444444444,-2.44330301423041,0.0409089408424896,0.1496320788935,-4.21784445853991,"10760789"
160.6343,504.119222222222,2.44322336024809,0.0409139811802998,0.1496320788935,-4.2178652341634,"10809937"
80.8487,84.1384555555556,2.44280755641304,0.0409403025805357,0.149709600649364,-4.21797369195729,"10857838"
79.49895,262.585666666667,2.4419868576324,0.0409923051042177,0.14987320137733,-4.21818779369101,"10897854"
-28.5105,325.918666666667,-2.4419395932426,0.0409953019855633,0.14987320137733,-4.21820012517779,"10895888"
10.427945,16.0052722222222,2.44155961265011,0.0410194033743194,0.149917946846538,-4.21829926883606,"10940494"
18.2332,70.2060444444444,2.44151581711612,0.0410221821561167,0.149917946846538,-4.21831069644328,"10738944"
54.251965,73.9993444444444,2.44150392855246,0.0410229365061691,0.149917946846538,-4.21831379855726,"10838741"
15.980935,69.1828777777778,2.44078642622304,0.0410684892637267,0.150065646698,-4.21850103459973,"10731915"
18.64142,91.5871555555556,2.44058833269392,0.0410810748275488,0.150092861432217,-4.21855273380057,"10701233"
192.01905,726.249,2.44031328158081,0.041098556240473,0.150137954484079,-4.21862452173125,"10922735"
659.652499999999,2151.48888888889,2.43998791696238,0.0411192451413479,0.15018825727999,-4.21870944748664,"10809643"
-283.774,2395.63222222222,-2.43987386713931,0.0411264996997151,0.15018825727999,-4.21873921800805,"10856050"
101.54535,512.514666666667,2.4398542293492,0.0411277489641925,0.15018825727999,-4.21874434415856,"10813336"
26.245785,69.1753333333333,2.43955524835838,0.0411467734791752,0.150238950183805,-4.21882239162225,"10884682"
-42.72699,134.722566666667,-2.43910458501729,0.0411754665418065,0.150324928711864,-4.21894004549002,"10812784"
30.92745,185.589333333333,2.43868516565884,0.0412021885260245,0.150388439878706,-4.2190495538861,"10939168"
-28.96225,276.308888888889,-2.43858986178415,0.0412082629573315,0.150388439878706,-4.21907443879752,"10741256"
-8.88782499999999,20.2744555555556,-2.43858918129021,0.0412083063335745,0.150388439878706,-4.21907461648416,"10806601"
8.155289,13.5747588888889,2.43799776323991,0.0412460221387454,0.150486580967444,-4.21922905501352,"10881576"
-31.71678,88.4420333333333,-2.43796283714176,0.0412482505308696,0.150486580967444,-4.21923817603537,"10895247"
-85.9812000000002,621.956333333333,-2.43792520433487,0.0412506517555724,0.150486580967444,-4.2192480040045,"10748140"
141.15787,105.758911111111,2.43736735056034,0.0412862631390191,0.150553827926072,-4.21939370022524,"10922025"
141.15787,105.758911111111,2.43736735056034,0.0412862631390191,0.150553827926072,-4.21939370022524,"10922064"
-97.6381,338.907888888889,-2.43734003039533,0.0412880079586317,0.150553827926072,-4.21940083600485,"10850490"
-126.570925,233.263855555556,-2.43731355191934,0.0412896990943962,0.150553827926072,-4.21940775198712,"10779260"
121.4923,452.631777777778,2.43713042389765,0.0413013970909276,0.150577688083659,-4.21945558486431,"10791166"
8.75369,20.3202888888889,2.43700690839615,0.041309289004162,0.150587667702469,-4.21948784817919,"10726878"
30.5324900000001,135.119755555556,2.4366585665153,0.0413315542143072,0.150650034287807,-4.21957884318378,"10937584"
-194.2207,642.236888888889,-2.43647692062724,0.04134316941399,0.150662545974701,-4.2196262963025,"10812943"
-78.8288999999999,252.994333333333,-2.43644358702934,0.0413453012623802,0.150662545974701,-4.21963500458413,"10766726"
12.442065,30.6627666666667,2.43618355946931,0.0413619351262776,0.150704361783372,-4.21970293820729,"10746968"
42.66945,318.557,2.43572766119622,0.0413911150980759,0.150791873858984,-4.21982205424618,"10768583"
-74.09185,617.333888888889,-2.43556623079967,0.0414014525115525,0.150810727390585,-4.21986423549345,"10874820"
369.7015,885.098777777778,2.43432019411407,0.0414813320353156,0.151082861747876,-4.22018987524335,"10739886"
7.561835,17.2165555555556,2.43409600052438,0.0414957209175637,0.151116428681838,-4.22024847629965,"10905324"
-606.238249999999,959.872777777778,-2.43381846207281,0.0415135404955457,0.151162479376402,-4.22032102526516,"10712867"
16.387615,21.9542944444444,2.43362105368745,0.0415262199665396,0.151171294833334,-4.22037263101417,"10700985"
21.57985,29.4259444444444,2.43361964113363,0.041526310708479,0.151171294833334,-4.22037300028731,"10746022"
36.1056725,39.5286855555556,2.43339481297238,0.0415407561423778,0.151195180684766,-4.22043177696768,"10848416"
225.4275,734.971,2.43335642752618,0.0415432229532628,0.151195180684766,-4.22044181236267,"10731444"
-50.0363,223.351444444444,-2.43279610671926,0.0415792483964512,0.151295367119722,-4.22058831161204,"10725078"
145.04665,486.989777777778,2.43269121674838,0.0415859957337324,0.151295367119722,-4.22061573788518,"10711251"
996.646000000001,3360.13777777778,2.43265504994729,0.0415883225197776,0.151295367119722,-4.22062519481522,"10733039"
-24.6895999999999,299.295444444444,-2.43258453848966,0.0415928592428452,0.151295367119722,-4.22064363245184,"10809571"
86.57234,118.468355555556,2.43252570388584,0.0415966450573563,0.151295367119722,-4.22065901701031,"10849707"
16.91997,30.5675666666667,2.43233778409596,0.0416087394149745,0.151301816708298,-4.22070815726415,"10893543"
117.83225,225.258888888889,2.43233720861849,0.0416087764576732,0.151301816708298,-4.2207083077525,"10804714"
-98.20745,185.798644444444,-2.43200999823734,0.0416298439416437,0.151359584432007,-4.22079387714808,"10734212"
-108.991675,153.512255555556,-2.43163996177049,0.0416536817803508,0.151425617225903,-4.22089065404948,"10708262"
24.136615,40.2938444444444,2.43156717715188,0.0416583722066332,0.151425617225903,-4.2209096906557,"10741608"
-81.638,127.330244444444,-2.43089652042582,0.0417016161645482,0.15156394807553,-4.22108511438777,"10933780"
9.377465,31.4026222222222,2.43047483652326,0.0417288295796707,0.15162871093467,-4.22119542850919,"10705712"
353.32845,776.268666666667,2.43045956134223,0.0417298157018808,0.15162871093467,-4.2211994247611,"10729913"
-852.378499999999,3364.35111111111,-2.43036629213853,0.0417358374071755,0.151631731627064,-4.22122382591281,"10878787"
141.56785,362.443444444444,2.42993007421937,0.0417640124450276,0.151697013874588,-4.22133795666955,"10836277"
185.53405,934.945777777778,2.42992730714406,0.041764191230003,0.151697013874588,-4.2213386806764,"10921444"
105.8953,368.828777777778,2.42962559768004,0.0417836897814904,0.151733708087004,-4.22141762596637,"10865531"
49.46295,118.265233333333,2.4295832098128,0.0417864299154884,0.151733708087004,-4.22142871762473,"10794756"
-23.78701,52.3606555555556,-2.42945337490732,0.0417948241321174,0.151733708087004,-4.22146269229152,"10719104"
-21.583435,45.5872222222222,-2.42944958618656,0.0417950691098829,0.151733708087004,-4.22146368372409,"10940523"
7.727987,11.7541488888889,2.42924327140041,0.0418084115652214,0.151763287210037,-4.2215176735215,"10701453"
35.01405,130.967,2.42912401462432,0.041816125909169,0.151772431644982,-4.22154888260967,"10761758"
643.4075,3440.54888888889,2.42867584259958,0.0418451296037977,0.151858834316192,-4.22166617553257,"10760088"
46.2446000000001,571.188555555556,2.42840493433438,0.0418626714358353,0.151903624807663,-4.22173708204471,"10736420"
8.886845,24.9737888888889,2.42824587009169,0.0418729746142649,0.151922141130295,-4.22177871703141,"10872662"
569.3675,3173.56222222222,2.42816391788988,0.0418782839611906,0.151922536649972,-4.22180016858864,"10932267"
40.86931,62.6634777777778,2.42806483910367,0.0418847037776409,0.151926960039732,-4.22182610370112,"10752941"
-85.17495,388.368666666667,-2.42794144119168,0.0418927007440197,0.151937102363227,-4.22185840549553,"10776034"
37.03119,100.038366666667,2.42707638855516,0.0419488049695789,0.152103767108811,-4.22208487613792,"10719646"
-55.8815,195.539777777778,-2.42699460542825,0.0419541130577618,0.152103767108811,-4.22210628933351,"10763931"
-91.2163,298.850222222222,-2.42699212869254,0.0419542738194975,0.152103767108811,-4.22210693782121,"10813136"
146.451075,208.824766666667,2.42621826354915,0.0420045349044618,0.152267090544602,-4.22230957868219,"10851280"
112.5371,608.405888888889,2.4259461533542,0.0420222224027479,0.152293547647732,-4.22238084100323,"10913640"
-53.4991,285.094222222222,-2.42594558352028,0.04202225945055,0.152293547647732,-4.22238099024052,"10899093"
131.3093,572.512888888889,2.42487851148756,0.0420916931528343,0.152517315621357,-4.22266048732836,"10904018"
-97.5300999999999,915.032888888889,-2.42483625735171,0.0420944449871637,0.152517315621357,-4.22267155635311,"10940600"
191.98855,588.073444444444,2.42445823358196,0.0421190721748587,0.152587620847758,-4.22277058952084,"10895932"
15.099065,55.3176555555556,2.42399619253457,0.0421491926205507,0.152662367941457,-4.22289164513636,"10700831"
25.062635,35.3392888888889,2.42388393556691,0.042156513934761,0.152662367941457,-4.22292105865293,"10774892"
64.02695,265.284222222222,2.42384404174169,0.0421591160891374,0.152662367941457,-4.22293151180035,"10905785"
181.0115,641.167555555556,2.42379334397256,0.0421624231864367,0.152662367941457,-4.22294479598364,"10814767"
27.101665,112.150344444444,2.42374107490032,0.0421658330567406,0.152662367941457,-4.22295849205614,"10746916"
9.20447500000001,29.4131777777778,2.4234750923759,0.0421831892383557,0.152706281339445,-4.22302819009655,"10856004"
-43.4248,331.683888888889,-2.4233888659812,0.0421888173258616,0.152707732543393,-4.22305078578764,"10830696"
407.824999999999,3233.82555555556,2.42329857119769,0.0421947117744279,0.152710147395706,-4.22307444809277,"10839232"
22.608895,45.1199777777778,2.42250305399889,0.0422466791451113,0.152865068028651,-4.22328293992885,"10848315"
-501.73575,1491.37633333333,-2.42248311571438,0.0422479824489397,0.152865068028651,-4.22328816592115,"10919960"
13.39081,37.3518111111111,2.42226833930243,0.0422620242921679,0.152896938411318,-4.22334446217551,"10820006"
-17.54716,27.1682222222222,-2.42213694663145,0.0422706169229817,0.15290908900297,-4.22337890364451,"10892674"
-646.13525,1491.93277777778,-2.42140202783065,0.0423187106435869,0.153064109538411,-4.22357156469935,"10706586"
-1086.133,2662.11222222222,-2.42105428331048,0.0423414866034665,0.15312753028394,-4.22366273846663,"10824689"
324.832,1291.74777777778,2.41993419523295,0.0424149323577903,0.153374159413354,-4.22395646037042,"10701408"
144.9062,454.859555555556,2.41985116863978,0.0424203816478031,0.15337487988353,-4.22397823558555,"10871813"
56.03961,62.0394333333333,2.41910548937733,0.0424693545652746,0.153532108573857,-4.22417382229761,"10799999"
182.1717,332.161,2.41902903808873,0.0424743787736672,0.153532108573857,-4.22419387688762,"10721812"
28.7761,210.472777777778,2.41872231194927,0.0424945421676275,0.153580416799596,-4.22427434043845,"10802324"
11.708965,24.5728444444444,2.41861605450269,0.0425015295150698,0.153580416799596,-4.22430221632677,"10777398"
83.18615,328.083222222222,2.41854249068139,0.0425063676530999,0.153580416799596,-4.22432151567914,"10862014"
-145.9481,434.589777777778,-2.41850594355383,0.0425087714876954,0.153580416799596,-4.22433110388355,"10923036"
-59.1779999999999,211.913666666667,-2.41815759336412,0.0425316906097026,0.153640966722748,-4.22442249828457,"10794685"
69.48151,51.5347111111111,2.41804703837132,0.0425389669998376,0.153640966722748,-4.22445150544058,"10726550"
7.886745,24.5927,2.41791919529984,0.0425473828054165,0.153640966722748,-4.22448504953428,"10837387"
21.033275,71.0472222222222,2.41779582689578,0.042555505641185,0.153640966722748,-4.22451742049111,"10816050"
-182.2236,864.916333333333,-2.41778221285175,0.0425564021144656,0.153640966722748,-4.22452099277265,"10732511"
8.671358,14.6081788888889,2.41775928632912,0.0425579118496773,0.153640966722748,-4.22452700864436,"10875418"
18.677325,47.1509333333333,2.41769197181631,0.0425623448924213,0.153640966722748,-4.22454467201796,"10822707"
10.82384,36.7881555555556,2.41746162735046,0.0425775179107143,0.153668576006206,-4.22460511665901,"10733906"
29.357815,35.8615777777778,2.41741615982128,0.0425805135472799,0.153668576006206,-4.22461704816707,"10753839"
-28.88311,85.9647222222222,-2.41721877102044,0.0425935210124043,0.153684755708361,-4.22466884805108,"10881925"
144.8755,386.925111111111,2.41718802006417,0.0425955477904123,0.153684755708361,-4.22467691810529,"10822368"
53.305795,85.1772444444444,2.41709443000622,0.0426017168569908,0.153684755708361,-4.2247014795459,"10859090"
76.91485,362.820777777778,2.41702886070199,0.0426060394496481,0.153684755708361,-4.22471868763911,"10835604"
56.52655,313.322111111111,2.41692167661472,0.0426131064100391,0.153691270452208,-4.22474681773619,"10758448"
-53.133225,138.315033333333,-2.41634918639667,0.0426508724113665,0.15380849112772,-4.22489707773263,"10925859"
-10.84893,19.6655533333333,-2.41589529560654,0.0426808386674174,0.153897558729935,-4.22501622349005,"10730587"
8.203941,16.48363,2.41567849782204,0.0426951593416467,0.153930196841524,-4.22507313707692,"10800882"
71.28295,324.528111111111,2.41519744709783,0.0427269526873025,0.154016313017125,-4.22519943239637,"10886014"
229.17345,816.373666666667,2.41515757242034,0.0427295891354761,0.154016313017125,-4.22520990175036,"10755323"
99.25785,379.464,2.41471168702417,0.0427590815335147,0.154085342587122,-4.22532697845331,"10889560"
-13.92466,34.2759222222222,-2.414708549695,0.0427592891200726,0.154085342587122,-4.22532780226888,"10700239"
8.082083,13.9266788888889,2.41455941760644,0.0427691578642689,0.154101896626388,-4.22536696281122,"10728213"
22.475775,51.4159333333333,2.41441281245459,0.0427788616307764,0.154117852223641,-4.22540546112958,"10869533"
-35.675815,88.1867222222222,-2.41415685306466,0.0427958088607376,0.154144666963826,-4.2254726788706,"10826897"
9.57062500000002,32.2810111111111,2.41413197693106,0.0427974562862655,0.154144666963826,-4.22547921182911,"10702214"
13.517019,18.48057,2.41402552324502,0.042804506920103,0.154144666963826,-4.22550716907269,"10867223"
25.702355,61.4611888888889,2.41398169257305,0.0428074102511644,0.154144666963826,-4.2255186802398,"10863471"
-66.9098,384.554111111111,-2.41367814832489,0.0428275223904553,0.154198082217742,-4.22559840271292,"10714709"
-139.1567,534.574777777778,-2.41312545782744,0.0428641668807322,0.154311000770636,-4.22574357507305,"10815850"
26.11694,82.6831888888889,2.41286481651473,0.0428814589031803,0.154354231197327,-4.22581204284563,"10801980"
244.42135,631.213111111111,2.41273484272972,0.0428900845323604,0.154366259643757,-4.22584618716022,"10736163"
112.77095,589.326222222222,2.41235976359599,0.0429149862452207,0.15440222547084,-4.22594472680355,"10899248"
49.247075,71.0584888888889,2.41233868493736,0.0429163861021144,0.15440222547084,-4.2259502647788,"10779570"
-108.58725,886.851,-2.4122851372088,0.0429199424728938,0.15440222547084,-4.22596433344263,"10781941"
-33.172185,102.165066666667,-2.41224452393032,0.0429226400009099,0.15440222547084,-4.22597500393823,"10700140"
-19.13467,41.1695222222222,-2.41218635953853,0.0429265035693217,0.15440222547084,-4.22599028588591,"10855830"
182.03005,442.312444444444,2.41175654685338,0.0429550647494841,0.154485936426373,-4.22610322004446,"10719204"
-38.91095,150.729444444444,-2.41138689518449,0.0429796435520504,0.154555306096701,-4.22620035577525,"10756638"
15.64164,25.7552,2.41121559889446,0.0429910381618216,0.154577254013472,-4.22624537121768,"10894414"
-178.01555,1052.71677777778,-2.41112524363032,0.0429970498118855,0.154579844105885,-4.22626911665605,"10910668"
50.5305,195.626,2.41088439086202,0.0430130787295815,0.154618442476436,-4.22633241539197,"10921175"
-72.8752500000002,621.391,-2.4108047338818,0.0430183812834029,0.154618478200459,-4.22635335089286,"10745765"
120.0072,271.828333333333,2.41045934199926,0.043041380737127,0.154682113034128,-4.22644413148699,"10831762"
12.485625,40.7125666666667,2.41019661786196,0.0430588837006642,0.154725981356852,-4.22651318908134,"10700311"
26.558465,100.990522222222,2.41002071111377,0.0430706068110924,0.154737605543641,-4.22655942888912,"10820362"
73.44944,108.310055555556,2.40998912765111,0.0430727119970181,0.154737605543641,-4.22656773128983,"10890190"
-18.751735,81.7971555555555,-2.40986809664064,0.0430807802429452,0.154747561049723,-4.22659954748755,"10723656"
316.03315,1013.30477777778,2.40953658347352,0.0431028875942645,0.154807936830445,-4.22668669904228,"10700716"
9.181615,18.0562777777778,2.40933057639567,0.04311663118899,0.154820547029388,-4.22674085964652,"10893436"
1008.5745,4908.50333333333,2.40932508364427,0.0431169976939515,0.154820547029388,-4.226742303762,"10756799"
-86.4059500000001,497.303555555556,-2.40914722576479,0.043128866996443,0.154844134255142,-4.22678906589362,"10940603"
13.74437,50.9504888888889,2.40890362119502,0.0431451292389178,0.154878004884074,-4.22685311716927,"10783442"
-114.82265,122.885911111111,-2.40874606865838,0.0431556502244854,0.154878004884074,-4.2268945445897,"10845416"
472.935999999999,1834.07777777778,2.40871040682289,0.0431580319967361,0.154878004884074,-4.22690392184808,"10833927"
8.45862999999999,34.5061111111111,2.40868832273255,0.0431595070090109,0.154878004884074,-4.22690972888523,"10733721"
-7.284315,19.4474666666667,-2.40851339534135,0.0431711923325557,0.154900910440099,-4.22695572729269,"10755315"
322.05895,994.196111111111,2.40815057628782,0.0431954391837822,0.154968876374188,-4.22705113908332,"10724567"
-70.5259999999997,479.054111111111,-2.40799694553549,0.043205710320861,0.154977415965938,-4.22709154230783,"10834908"
501.0554,916.473888888889,2.40795628278554,0.0432084292819389,0.154977415965938,-4.22710223641078,"10817539"
94.6859500000001,321.952444444444,2.40777706220457,0.0432204151275922,0.154991184978983,-4.22714937173767,"10880727"
106.04,482.614888888889,2.40767460235442,0.0432272689054085,0.154991184978983,-4.22717631973429,"10745256"
-19.69953,42.7638333333333,-2.40763293074194,0.043230056730221,0.154991184978983,-4.22718727998025,"10939861"
-36.1957,220.957222222222,-2.40758162028169,0.0432334896417379,0.154991184978983,-4.22720077552958,"10793528"
-63.1443999999999,241.950222222222,-2.40670069090368,0.0432924708820188,0.155183588263472,-4.22743250030852,"10824017"
34.133216,42.0451022222222,2.4066028288333,0.0432990280909685,0.155188051361741,-4.2274582454228,"10793953"
17.18014,63.9082777777778,2.40610028020249,0.0433327169486724,0.155289743981663,-4.22759046281505,"10716148"
-462.317,1593.99777777778,-2.40572292423377,0.043358030770454,0.155361402051765,-4.22768975287386,"10710427"
-39.6454499999999,255.312,-2.40561040483907,0.0433655816918886,0.155369401955707,-4.22771936069497,"10884264"
304.64815,1055.51877777778,2.4054121590436,0.0433788887454103,0.155374911349735,-4.2277715280233,"10861226"
34.500448,22.8962444444444,2.40534535579504,0.043383373775416,0.155374911349735,-4.22778910748015,"10747292"
142.6168,506.714444444444,2.40528678911014,0.0433873062046299,0.155374911349735,-4.2278045196854,"10872929"
-24.37189,73.0682888888889,-2.40527059715194,0.0433883934685814,0.155374911349735,-4.22780878074153,"10821716"
-30.030475,100.931222222222,-2.40516808204963,0.0433952778307174,0.155380518022623,-4.22783575886069,"10905915"
178.4266,566.169111111111,2.40493744406087,0.0434107702642401,0.155416941482783,-4.22789645643327,"10783553"
11.634205,44.7463777777778,2.40483020861649,0.0434179753920916,0.155423689879251,-4.22792467894955,"10738173"
651.250700000001,1242.31655555556,2.40395875840221,0.0434765727067457,0.155598197036278,-4.22815405542637,"10914316"
-32.92085,187.104111111111,-2.40394681003723,0.0434773766826568,0.155598197036278,-4.22815720070351,"10876463"
18.14376,74.5803333333333,2.40376167241759,0.0434898360514357,0.155605162758266,-4.2282059372732,"10705751"
167.3563,490.009777777778,2.40375959569607,0.0434899758308087,0.155605162758266,-4.22820648397172,"10713520"
-14.36834,60.0087111111111,-2.40343903507036,0.0435115574671432,0.155616657964107,-4.22829087493086,"10875102"
18.265177,25.7873544444444,2.40340295421655,0.043513987274733,0.155616657964107,-4.22830037398493,"10818358"
197.0816,370.906222222222,2.40339175393405,0.0435147415677406,0.155616657964107,-4.22830332271414,"10732803"
197.0816,370.906222222222,2.40339175393405,0.0435147415677406,0.155616657964107,-4.22830332271414,"10903223"
38.13791,142.034022222222,2.40331631318207,0.0435198225360016,0.155616657964107,-4.2283231844064,"10866517"
-97.0995999999998,794.105222222222,-2.40315614373092,0.0435306120038315,0.155636188848358,-4.22836535422074,"10797019"
8.039815,15.8870111111111,2.40300570090245,0.0435407487159288,0.155653381422803,-4.22840496459952,"10828326"
-30.40043,113.848677777778,-2.40239807068211,0.0435817145643074,0.155780767072272,-4.22856496265251,"10848601"
-58.6342499999999,372.620333333333,-2.40204632307961,0.0436054468134655,0.155842761164567,-4.22865759322155,"10754629"
101.63585,294.770888888889,2.40198290080462,0.0436097272718675,0.155842761164567,-4.22867429588397,"10796543"
-54.079475,87.3411777777778,-2.40172009188269,0.0436274691316453,0.155887094326307,-4.22874351088908,"10937703"
-10.682115,28.0396333333333,-2.40156912112797,0.0436376642460557,0.155904454357866,-4.22878327338163,"10830239"
-16.249625,71.3182444444444,-2.40122832307207,0.0436606873069687,0.155967634994593,-4.22887303742121,"10824344"
10.61136,20.2004,2.40067035854834,0.0436984077820775,0.156083296851157,-4.22902001687765,"10777448"
-328.5085,1873.98222222222,-2.40056809140114,0.0437053249840062,0.156088919814518,-4.22904695820993,"10733430"
-23.9639,124.566577777778,-2.40033813739154,0.0437208827735275,0.156125396570814,-4.22910753976988,"10937347"
-69.1976999999998,445.456666666667,-2.39984843513137,0.043754032726055,0.15622467759215,-4.2292365628453,"10923727"
107.65195,313.394111111111,2.39974488876739,0.0437610454491702,0.156226424074545,-4.22926384631818,"10701802"
8.33656999999999,23.4239222222222,2.39953971284244,0.0437749444269689,0.156226424074545,-4.22931791011634,"10782753"
614.8505,3495.97888888889,2.39953480966671,0.0437752766311627,0.156226424074545,-4.22931920213285,"10928427"
26.3103,159.932666666667,2.399525424802,0.0437759124897045,0.156226424074545,-4.22932167510558,"10871693"
-24.30869,60.3975777777778,-2.39936803211949,0.0437865778013295,0.156245399277884,-4.22936314989053,"10903933"
19.66068,59.8577,2.39887838315805,0.0438197743646382,0.156344759194985,-4.22949218759025,"10733902"
-8.77929,17.2532933333333,-2.39859925882056,0.0438387094164912,0.156379511325783,-4.22956575198892,"10872852"
7.757884,15.9626144444444,2.39857699093955,0.0438402203655152,0.156379511325783,-4.22957162098544,"10870134"
-21.883335,73.4638333333333,-2.39849402786405,0.0438458501454996,0.156380498858579,-4.22959348727178,"10701065"
12.006325,28.5862444444444,2.39824186808915,0.0438629658960676,0.156392413119602,-4.22965995068542,"10710411"
18.136865,62.1006888888889,2.39820940324724,0.0438651699888711,0.156392413119602,-4.22966850793631,"10755063"
113.04205,566.927111111111,2.39820821488387,0.0438652506709804,0.156392413119602,-4.22966882117247,"10836010"
65.49415,411.515111111111,2.39744266585388,0.0439172575545684,0.156558726320825,-4.22987062700992,"10863653"
-17.53282,29.4888555555556,-2.39721793963167,0.0439325359269674,0.156594083036899,-4.22992987363503,"10833601"
-59.71475,376.208111111111,-2.39615158737512,0.0440051066632467,0.156826019297432,-4.23021104727051,"10921290"
163.27885,333.814777777778,2.39603785007282,0.0440128541981522,0.156826019297432,-4.23024104133566,"10712477"
64.907275,81.7738777777778,2.39602528359382,0.0440137102834137,0.156826019297432,-4.23024435533392,"10890769"
-119.6917,926.004888888889,-2.39556446053151,0.0440451152264574,0.156918780027528,-4.23036588892392,"10899959"
-235.017,688.326,-2.39529714129688,0.0440633432969195,0.156964578841142,-4.23043639530072,"10819116"
37.1840375,38.1093388888889,2.3951748168068,0.0440716869436617,0.156975160006356,-4.23046866024337,"10838647"
9.468,20.7015,2.39478309968787,0.0440984163430969,0.157051217243354,-4.23057198763905,"10910733"
-19.95055,50.6213888888889,-2.39451181248735,0.0441169376044905,0.157084427978751,-4.2306435533598,"10893557"
-55.800225,100.2003,-2.39441026186158,0.0441238726635733,0.157084427978751,-4.23067034361172,"10716062"
-55.800225,100.2003,-2.39441026186158,0.0441238726635733,0.157084427978751,-4.23067034361172,"10730893"
-215.86395,589.914666666667,-2.39423950608867,0.044135536333105,0.157106806194143,-4.23071539239439,"10796027"
211.7744,504.597555555556,2.3940742424834,0.0441468278129938,0.157115722498228,-4.23075899390219,"10810286"
34.041935,88.9568888888889,2.39400390268866,0.0441516345963833,0.157115722498228,-4.23077755215275,"10726964"
15.434105,47.7518222222222,2.39396672431094,0.0441541754539074,0.157115722498228,-4.23078736130984,"10923292"
8.11335999999999,22.6294777777778,2.39352724035428,0.0441842219881037,0.157203490580984,-4.23090332121395,"10927875"
-14.51125,114.691555555556,-2.39304595280163,0.0442171501812431,0.15729612840446,-4.23103032450115,"10732349"
11.38068,51.2329,2.39298930201256,0.0442210276780254,0.15729612840446,-4.23104527455905,"10718026"
-14.27972,35.5755777777778,-2.3927243153575,0.0442391693971547,0.157326862280127,-4.2311152066964,"10888046"
-127.588525,232.071388888889,-2.39268685181414,0.044241734860027,0.157326862280127,-4.23112509397082,"10872978"
9.88281,22.0138,2.39262714340767,0.0442458239369317,0.157326862280127,-4.2311408522219,"10812154"
165.2279,965.357222222222,2.39220576782143,0.0442746922981834,0.157410351807123,-4.23125206780903,"10758991"
10.43184,37.6460333333333,2.39193472140982,0.044293271667045,0.157457244886962,-4.23132361195941,"10775061"
35.412455,103.998988888889,2.39180102274066,0.0443024391786848,0.157464806760744,-4.23135890406145,"10853634"
136.0911,429.763333333333,2.39174649018845,0.04430617894069,0.157464806760744,-4.23137329919018,"10785930"
48.510075,61.8107333333333,2.39129901580494,0.0443368780914399,0.15747812237852,-4.2314914271414,"10779535"
48.510075,61.8107333333333,2.39129901580494,0.0443368780914399,0.15747812237852,-4.2314914271414,"10779560"
48.510075,61.8107333333333,2.39129901580494,0.0443368780914399,0.15747812237852,-4.2314914271414,"10779565"
48.510075,61.8107333333333,2.39129901580494,0.0443368780914399,0.15747812237852,-4.2314914271414,"10779575"
48.510075,61.8107333333333,2.39129901580494,0.0443368780914399,0.15747812237852,-4.2314914271414,"10782792"
22.35728,71.6587888888889,2.39121737038766,0.044342481718216,0.157478879274977,-4.23151298186222,"10921249"
214.2611,561.206555555555,2.39100233725882,0.0443572436518624,0.157504940340657,-4.23156975339131,"10914937"
-741.86425,1181.10655555556,-2.39095341605664,0.0443606027631588,0.157504940340657,-4.23158266960886,"10865868"
18.708965,54.7727555555556,2.39072545029119,0.0443762591190917,0.157541382173429,-4.23164285921639,"10701506"
8.002488,17.1797733333333,2.39014833734808,0.0444159192869939,0.15766302139128,-4.23179524777702,"10920643"
75.2551500000001,294.082333333333,2.38935549861619,0.044470462732687,0.157821726975176,-4.23200463196529,"10701194"
81.395025,156.450366666667,2.38934139740323,0.0444714334380656,0.157821726975176,-4.23200835635587,"10864048"
15.616,119.059444444444,2.38917193402722,0.0444831007009919,0.157843957716358,-4.23205311569185,"10884570"
143.33305,446.738777777778,2.38906937730804,0.0444901630531531,0.15784984496415,-4.23208020421231,"10772582"
66.10875,215.802666666667,2.38855063992247,0.044525902120105,0.157957462603127,-4.23221722904427,"10879978"
-14.73617,61.7192111111111,-2.38839666841758,0.0445365157468836,0.157975931402314,-4.23225790381999,"10737708"
43.14527,126.766155555556,2.38827501919155,0.0445449031234531,0.157986499920913,-4.23229004099617,"10879339"
-85.99865,232.803777777778,-2.38812653321736,0.0445551429759616,0.158003635214827,-4.23232926907828,"10705202"
-271.08525,1262.06566666667,-2.38750622765969,0.0445979459838513,0.158136229393401,-4.23249316007509,"10767812"
-22.8171499999999,186.259444444444,-2.38708524857398,0.0446270184400242,0.158220111250833,-4.23260440010473,"10785812"
34.2368,214.102555555556,2.38669655439524,0.0446538782786615,0.158291601062622,-4.23270711853306,"10856220"
-54.7386500000002,453.812111111111,-2.38663664972579,0.044658019304379,0.158291601062622,-4.23272295006802,"10803737"
-73.71455,202.103777777778,-2.38647987663603,0.0446688583772502,0.158310812645031,-4.23276438288856,"10877698"
236.6706,451.810333333333,2.3860424947069,0.0446991123656651,0.1583848138112,-4.23287998425505,"10869050"
7.770595,19.8982777777778,2.38602126206725,0.0447005815661444,0.1583848138112,-4.23288559639661,"10889135"
525.072500000001,2157.08555555556,2.38590957718108,0.0447083104446767,0.158392988276835,-4.23291511702189,"10762007"
-12.6591975,22.11605,-2.38581026173474,0.0447151844571353,0.158398132500394,-4.23294136877385,"10700085"
-89.9259,202.043133333333,-2.3857178255663,0.0447215832842152,0.158401592393921,-4.23296580267602,"10869970"
40.7972499999999,411.096111111111,2.38561932477011,0.0447284029458337,0.158406541842597,-4.23299184021887,"10775542"
24.339519,32.64462,2.38544656716677,0.0447403662762316,0.158429704290161,-4.23303750808558,"10903825"
72.890285,109.332522222222,2.38533933469927,0.044747793662685,0.158436800880097,-4.23306585550814,"10778806"
-6.5258,17.7450244444444,-2.38518089942048,0.0447587698512833,0.158447554636142,-4.2331077398977,"10835985"
-253.1341,634.246555555556,-2.38513892482588,0.0447616782505674,0.158447554636142,-4.23311883666883,"10868125"
32.97681,64.8235,2.38454083327922,0.0448031404081247,0.158575108296941,-4.23327696480028,"10700505"
11.69765,30.3162555555556,2.38416601636739,0.044829143966387,0.158647923904789,-4.23337607270565,"10729061"
10.371125,39.1972888888889,2.38394835172012,0.0448442517958561,0.158682167146819,-4.23343363074865,"10761435"
47.95961,132.814022222222,2.38367908758159,0.0448629481762807,0.158729025109596,-4.23350483738431,"10855135"
29.9059,90.1899111111111,2.38360115790209,0.0448683606953871,0.158729025109596,-4.23352544661722,"10816801"
-143.13335,248.110577777778,-2.38277203312018,0.0449259873668397,0.158913645106533,-4.23374473882244,"10779233"
-7.75708,23.7120888888889,-2.38234106421189,0.044955970437757,0.159000450407825,-4.23385874039333,"10770594"
119.5714,264.276444444444,2.38195537202916,0.0449828206328483,0.159076155667356,-4.23396077456211,"10837134"
11.73472,27.1649111111111,2.38182612419415,0.0449918219110129,0.159088729763778,-4.23399496882296,"10770495"
-15.28885,60.6375555555556,-2.38115048530324,0.0450389053314281,0.159221146307086,-4.23417373439273,"10875932"
59.0534,276.544555555556,2.38112002770015,0.0450410290064734,0.159221146307086,-4.23418179373166,"10835779"
64.25075,651.507888888889,2.3809924074441,0.0450499285034085,0.159221146307086,-4.23421556372861,"10727905"
117.07735,396.621777777778,2.38097602216867,0.0450510712457853,0.159221146307086,-4.23421989955796,"10870010"
53.968285,76.5568444444444,2.38080857117137,0.0450627512916624,0.159237043843909,-4.23426421092429,"10838331"
-178.3532,411.269111111111,-2.38075525533761,0.0450664708188347,0.159237043843909,-4.23427831986397,"10784540"
73.73341,150.878244444444,2.38012598114783,0.0451103948806935,0.15937296844172,-4.23444485710904,"10898862"
457.395,2734.71666666667,2.37984002778868,0.045130368994622,0.159406527843859,-4.2345205423631,"10923522"
11.51216,23.1906555555556,2.37980342273696,0.0451329265350574,0.159406527843859,-4.23453023122606,"10747113"
-20.081905,51.9001888888889,-2.3797556669805,0.0451362633779833,0.159406527843859,-4.23454287164965,"10921696"
98.195495,124.875922222222,2.37945348442565,0.0451573835698656,0.159429897727989,-4.23462285918877,"10708214"
6.458198,8.06143222222222,2.37943225521211,0.0451588676994622,0.159429897727989,-4.23462847875256,"10909614"
15.820635,24.3313333333333,2.37942675051189,0.0451592525398476,0.159429897727989,-4.2346299359006,"10801781"
82.4329999999999,574.727888888889,2.3790276438318,0.0451871633796196,0.159509157923176,-4.23473558813904,"10762600"
42.73278,100.761466666667,2.37850622690544,0.0452236539423905,0.159618681439289,-4.23487363280929,"10731608"
355.3675,1766.37111111111,2.37833241642538,0.0452358243929957,0.159642350062452,-4.23491965256498,"10758986"
-153.6361,400.355888888889,-2.37809311781621,0.0452525858077605,0.159682213043594,-4.23498301452753,"10914201"
75.583955,81.6821888888889,2.3778007439577,0.0452730733072995,0.159735212995102,-4.23506043446973,"10726929"
251.42845,1000.85777777778,2.37764343011239,0.0452841006160293,0.159752973226868,-4.23510209292052,"10771475"
40.91473,54.4514444444444,2.37751063794313,0.0452934111206688,0.159752973226868,-4.23513725890147,"10920461"
-11.11611,39.6445666666667,-2.37749493654691,0.0452945121256299,0.159752973226868,-4.23514141700944,"10775326"
115.80365,500.739888888889,2.37734737170561,0.0453048609054245,0.159770184269806,-4.23518049644829,"10930845"
831.429000000001,4175.29,2.37725042875029,0.0453116608479625,0.159774877490932,-4.23520617044974,"10774894"
-101.8796,883.686777777778,-2.37709353201033,0.0453226683507084,0.159794404199565,-4.23524772356229,"10780218"
132.2235,321.192,2.37676821916722,0.0453455001040248,0.159855609996257,-4.23533388526559,"10790811"
711.313,2796.28111111111,2.37651252726142,0.0453634537074249,0.159899606251051,-4.23540161170825,"10727922"
102.2582,624.738888888889,2.37621300130505,0.0453844942520414,0.1599544715984,-4.23548095362817,"10812412"
-49.681275,119.200233333333,-2.37542969164823,0.0454395651803955,0.160129246945727,-4.235688470911,"10892977"
-10.84168,39.1022555555556,-2.37522667131255,0.0454538495852636,0.160160265563128,-4.23574226173246,"10936655"
35.782,143.366111111111,2.3749843301733,0.0454709064983351,0.160199559669937,-4.23580647390648,"10816607"
156.6419,516.496222222222,2.37484250271906,0.0454808918547722,0.160199559669937,-4.23584405497804,"10807975"
59.2886,165.758888888889,2.3748345431397,0.0454814523140431,0.160199559669937,-4.23584616412203,"10736067"
145.32782,186.461422222222,2.37450568055065,0.0455046146507771,0.160261821869536,-4.23593331001128,"10788180"
16.43739,59.6677666666667,2.37434880932569,0.0455156675323379,0.160269049139046,-4.23597488185221,"10764270"
68.5019000000001,284.885888888889,2.37432083517606,0.0455176388275028,0.160269049139046,-4.23598229532704,"10908265"
-81.1305,341.31,-2.37412943074908,0.0455311291074246,0.16029362925129,-4.23603302096618,"10914153"
505.044999999999,2035.66444444444,2.37401988145953,0.0455388520065557,0.16029362925129,-4.23606205448603,"10910617"
-149.6262,978.520666666667,-2.37389396084915,0.045547730663547,0.16029362925129,-4.23609542772417,"10733449"
18.58962,71.4111333333333,2.37379168300844,0.0455549435518785,0.16029362925129,-4.23612253551505,"10908990"
-36.983925,134.2441,-2.37378310249322,0.0455555487234616,0.16029362925129,-4.23612480972895,"10936539"
-56.0729,196.986111111111,-2.37375485507811,0.0455575410307888,0.16029362925129,-4.23613229656699,"10896966"
7.775126,12.2176355555556,2.37279790745343,0.0456250869494059,0.160502703207984,-4.23638595866084,"10858158"
-71.97965,380.497444444444,-2.37275736794202,0.0456279506449752,0.160502703207984,-4.23639670583207,"10802716"
618.731,3671.93555555556,2.37265863654442,0.0456349257497302,0.160507912455167,-4.23642288028886,"10877005"
705.309,5005.99666666667,2.37215223944288,0.0456707181949357,0.160609952296854,-4.23655713911931,"10799940"
-64.63015,149.541888888889,-2.37205220695114,0.045677791890542,0.160609952296854,-4.23658366208272,"10787470"
19.34193,40.6416333333333,2.37201489856027,0.0456804303975682,0.160609952296854,-4.23659355431063,"10804821"
113.73585,610.331666666667,2.37109321253277,0.04574566216703,0.160814378680442,-4.23683796315839,"10776904"
131.01705,301.816,2.37103786363235,0.0457495824335303,0.160814378680442,-4.23685264194287,"10740018"
-39.32815,383.348222222222,-2.37092164198263,0.0457578153111818,0.160823967336485,-4.23688346504986,"10938649"
123.20622,166.7171,2.37076941211639,0.0457686011838955,0.160831114689704,-4.23692383908898,"10739796"
46.1296,158.874444444444,2.37073754413798,0.0457708594348669,0.160831114689704,-4.23693229121049,"10927209"
16.89964,34.5156111111111,2.37041593081781,0.0457936560979128,0.160891866415445,-4.23701759381667,"10876315"
-126.62885,683.739111111111,-2.37029739751378,0.0458020608809352,0.160898645772855,-4.23704903434933,"10725519"
-884.933999999999,1805.09,-2.37020831029336,0.0458083787663592,0.160898645772855,-4.23707266495904,"10883785"
34.60535,189.239555555556,2.37015488056127,0.045812168315425,0.160898645772855,-4.2370868375544,"10760375"
34.4786,287.582222222222,2.37007808000721,0.0458176160123359,0.160898645772855,-4.23710720971188,"10782564"
-83.0351,233.314111111111,-2.36997974316949,0.0458245922947924,0.160902434843677,-4.2371332951031,"10850092"
-62.65355,301.446777777778,-2.36984343532993,0.0458342641104801,0.160902434843677,-4.23716945384101,"10833154"
17.93406,34.7052333333333,2.36975238408536,0.0458407258576,0.160902434843677,-4.23719360785291,"10780006"
17.93406,34.7052333333333,2.36975238408536,0.0458407258576,0.160902434843677,-4.23719360785291,"10783492"
-833.7165,3191.13333333333,-2.36962103476105,0.0458500491033467,0.16091582586559,-4.23722845297191,"10861033"
555.758,1960.75555555556,2.36927565527898,0.0458745734280099,0.160971115151447,-4.23732008211331,"10754694"
81.923805,98.466,2.36924398468619,0.0458768229188384,0.160971115151447,-4.23732848466982,"10750144"
662.739,2675.57666666667,2.36890360889141,0.0459010060499619,0.161036626725542,-4.23741879383752,"10918670"
98.9348,416.418222222222,2.36872509910035,0.0459136939976711,0.161061798324683,-4.23746615912771,"10727759"
6.337475,14.4799555555556,2.36853017689415,0.0459275525205894,0.161091069676612,-4.23751788138361,"10765971"
-51.0171,166.735333333333,-2.36840559972629,0.0459364118760222,0.161102801506136,-4.23755093888113,"10849048"
-53.859965,113.845977777778,-2.36829024650558,0.0459446167994989,0.161112235647649,-4.23758154954818,"10877431"
-7.957085,21.8867777777778,-2.36805031654303,0.0459616874253718,0.161152752813828,-4.23764522098528,"10790731"
27.33721,107.842311111111,2.3678436679324,0.0459763952507262,0.161168724776397,-4.23770006309355,"10701509"
59.21121,152.938133333333,2.36783128989942,0.0459772763841478,0.161168724776397,-4.23770334815747,"10767032"
45.20715,166.254666666667,2.36774930186877,0.0459831131517917,0.161169846144744,-4.23772510757081,"10812886"
-49.2140999999999,383.526666666667,-2.36748860476252,0.0460016772579908,0.161207728644208,-4.23779429854077,"10844286"
86.46475,215.524777777778,2.36744254853598,0.0460049576814803,0.161207728644208,-4.23780652262437,"10725806"
-151.34,262.601977777778,-2.36710502186579,0.0460290057038886,0.161255181738696,-4.23789611158434,"10782409"
30.211595,57.2904555555556,2.36709753485857,0.0460295392797627,0.161255181738696,-4.23789809892005,"10756366"
-28.6161,136.918333333333,-2.36691739666268,0.0460423790480549,0.161266112989783,-4.23794591542293,"10884706"
198.426805,127.464411111111,2.36689886856898,0.0460436998852531,0.161266112989783,-4.23795083369202,"10940477"
-29.3504,187.032777777778,-2.36662033843414,0.0460635604316075,0.161316333546989,-4.23802477174512,"10886465"
15.64493,53.4522222222222,2.36614143940128,0.0460977283937677,0.161416641171704,-4.2381519099759,"10755260"
58.84012,149.803044444444,2.36586629107939,0.0461173709017423,0.16146454976367,-4.23822496250874,"10739998"
-125.43115,349.251222222222,-2.36577165175326,0.0461241290347723,0.16146454976367,-4.23825009050155,"10899089"
-17.412765,40.9689333333333,-2.36568738870285,0.0461301470427999,0.16146454976367,-4.23827246389823,"10777517"
-17.548905,94.3117666666667,-2.36564019303485,0.0461335180693282,0.16146454976367,-4.23828499540208,"10799483"
-58.55298,93.1494333333333,-2.3651431429883,0.0461690357152758,0.161528936414925,-4.23841698122523,"10926370"
-29.2492999999999,356.940111111111,-2.36512524961519,0.046170314832549,0.161528936414925,-4.2384217328713,"10773148"
62.75935,447.772444444444,2.36507326450448,0.0461740312179447,0.161528936414925,-4.23843553780076,"10764700"
62.75935,447.772444444444,2.36507326450448,0.0461740312179447,0.161528936414925,-4.23843553780076,"10888299"
-50.02435,179.776555555556,-2.36482234448497,0.0461919735750661,0.161572355845544,-4.23850217320799,"10782467"
240.7728,656.688333333333,2.3646328472615,0.0462055284630665,0.16160042003113,-4.23855249935825,"10863724"
175.7648,569.210888888889,2.36442122339321,0.0462206708152746,0.161634028872089,-4.23860870433007,"10743265"
7.98995000000001,25.0447888888889,2.36422227383662,0.0462349108312337,0.161661845862963,-4.23866154553799,"10733865"
51.057015,56.1606666666667,2.36409162852627,0.0462442643011053,0.161661845862963,-4.23869624632925,"10905696"
655.800000000001,1788.30666666667,2.36407819096952,0.0462452264625448,0.161661845862963,-4.23869981554472,"10871997"
15.44503,46.1313777777778,2.36364277570142,0.0462764141404452,0.161743337824652,-4.23881547405864,"10919382"
48.61567,68.2577444444444,2.36359735630977,0.0462796686327067,0.161743337824652,-4.23882753936331,"10706750"
22.049035,66.7225111111111,2.36346631009023,0.0462890599406888,0.161743337824652,-4.23886235143951,"10820012"
-378.34125,1477.09233333333,-2.36329528802616,0.0463013189633012,0.161743337824652,-4.23890778450414,"10728631"
-64.3463999999999,307.804,-2.3631912059917,0.0463087812593316,0.161743337824652,-4.23893543537597,"10846762"
136.535,700.326222222222,2.36317980653866,0.0463095986313247,0.161743337824652,-4.23893846384123,"10927678"
75.8901500000001,533.820555555556,2.3631441450544,0.0463121557510513,0.161743337824652,-4.2389479379911,"10700398"
61.90368,132.764566666667,2.36312968308846,0.04631319279205,0.161743337824652,-4.23895178010794,"10902282"
-56.22535,285.099555555556,-2.36299103411131,0.0463231362403753,0.161743337824652,-4.23898861566404,"10890314"
67.23275,385.783222222222,2.36298034130104,0.0463239031826818,0.161743337824652,-4.23899145652231,"10820865"
14.941815,38.3686666666667,2.36267220879733,0.0463460094861331,0.161801185603238,-4.2390733238232,"10780444"
-25.36372,60.2273555555556,-2.36248761341319,0.0463592579647472,0.16182809919729,-4.23912237137841,"10879345"
74.9659,235.509777777778,2.36235731073625,0.0463686121282032,0.161841413944245,-4.23915699439663,"10720510"
25.121305,63.1985444444444,2.36227554530093,0.046374482871007,0.161842568700705,-4.23917872098214,"10792114"
65.6124500000001,458.125888888889,2.36214616576841,0.0463837738237612,0.161855657965523,-4.23921310031131,"10891719"
-48.6344,131.711511111111,-2.36202453383049,0.0463925101158915,0.161866808852938,-4.2392454218067,"10757100"
41.8424500000001,286.711444444444,2.36192217766902,0.0463998631947669,0.161873131522799,-4.23927262178239,"10850619"
53.274965,63.7372222222222,2.3617710581381,0.0464107214866141,0.161873628348356,-4.23931278118422,"10816433"
-9.13125749999999,15.5747633333333,-2.36176596440024,0.0464110875280972,0.161873628348356,-4.23931413484764,"10709507"
22.9315,72.1571777777778,2.36115498813202,0.0464550139986867,0.16200749420528,-4.23947651310475,"10834549"
-160.8582,310.443666666667,-2.36107353989395,0.046460872920303,0.162008586953179,-4.23949816113057,"10779253"
286.18105,993.488777777778,2.36097378180747,0.0464680499600498,0.162014275156092,-4.23952467623641,"10819322"
6.799438,15.6633344444444,2.36068331910052,0.0464889534845032,0.162062006984711,-4.23960188280723,"10733306"
-7.582155,28.7968333333333,-2.3606293989141,0.0464928349605964,0.162062006984711,-4.23961621562915,"10709374"
-10.534075,32.7066888888889,-2.36007695465428,0.0465326217549793,0.162172046684926,-4.23976307366561,"10721563"
69.0717500000001,402.233555555556,2.36003692737626,0.0465355058314415,0.162172046684926,-4.23977371493828,"10895337"
480.2425,2500.55111111111,2.35989308302042,0.046545871699635,0.16218882345338,-4.23981195680715,"10879319"
54.2341,185.847444444444,2.35956640902077,0.0465694214576941,0.162251529930242,-4.23989880949965,"10761741"
34.2692,184.771555555556,2.3593080034765,0.0465880582617677,0.162278812776378,-4.23996751609576,"10724138"
60.4737500000001,232.354222222222,2.35930379514065,0.0465883618386896,0.162278812776378,-4.23996863506852,"10753458"
-14.014995,56.5147333333333,-2.35916965775372,0.0465980391554774,0.162293170706738,-4.24000430198417,"10834810"
-24.92205,59.9816333333333,-2.35866252694324,0.0466346442757676,0.162401299066906,-4.24013915673744,"10939929"
-20.026155,82.7826666666667,-2.35845700526481,0.0466494872285013,0.162433625732233,-4.2401938127367,"10831444"
74.3287,309.557777777778,2.35800696898164,0.0466820058207301,0.1625274839765,-4.24031350303147,"10901555"
15.4702,155.276444444444,2.35791697565295,0.0466885112656463,0.162530763598021,-4.24033743880257,"10926433"
-51.45395,201.350777777778,-2.35745078183065,0.0467222261097931,0.162594358631071,-4.24046144119958,"10818381"
11.439745,80.6144111111111,2.35741492215567,0.0467248204721339,0.162594358631071,-4.24047098000068,"10718111"
8.45088,18.4368666666667,2.35738043386403,0.0467273157547222,0.162594358631071,-4.2404801540796,"10916256"
25.192445,53.9787222222222,2.35735657484229,0.0467290420711465,0.162594358631071,-4.24048650075368,"10714694"
-39.6118,169.397555555556,-2.35701614124411,0.0467536810829501,0.162660716822354,-4.24057706218934,"10760557"
9.71193,27.6112333333333,2.3569227880262,0.0467604398384364,0.162664859423682,-4.24060189699674,"10834691"
131.2279,344.128111111111,2.35681120951266,0.0467685193900459,0.162673595125706,-4.24063158095516,"10723943"
75.346015,107.631077777778,2.3563121252115,0.0468046759367288,0.162779976525666,-4.24076436447203,"10811768"
-332.88525,1427.235,-2.35585844224597,0.0468375677206181,0.162874979572686,-4.24088508134634,"10770143"
59.97868,138.964011111111,2.35534629467294,0.0468747260688701,0.162984794974526,-4.24102136898726,"10916276"
557.837,4448.63555555556,2.35506991183068,0.04689479105039,0.163035157175544,-4.2410949235887,"10935263"
58.03151,92.2141222222222,2.3549835371056,0.0469010634962098,0.163035864079814,-4.24111791166616,"10750371"
71.35275,276.756333333333,2.35491342109834,0.0469061558701595,0.163035864079814,-4.24113657290933,"10701599"
-20.54739,73.1240666666667,-2.35474021329775,0.046918737959495,0.163060196377431,-4.24118267306371,"10759058"
69.54079,135.073477777778,2.35444449606436,0.0469402271658557,0.163114783391886,-4.24126138376792,"10779162"
53.5092500000001,220.752888888889,2.35435949971596,0.0469464055175366,0.163114783391886,-4.24128400808488,"10899552"
-27.9633,130.897066666667,-2.35429361662179,0.0469511950962679,0.163114783391886,-4.24130154512704,"10773800"
21.3926,129.047222222222,2.35412127092957,0.0469637266304701,0.163115404729461,-4.24134742202869,"10715301"
-98.0289500000002,601.899777777778,-2.35411506883285,0.0469641776575971,0.163115404729461,-4.24134907300424,"10898911"
-35.034315,110.045333333333,-2.35406080030291,0.0469681243439523,0.163115404729461,-4.24136351918446,"10788014"
-22.38239,72.2442111111111,-2.35396961905982,0.046974756262786,0.163119045460719,-4.24138779184435,"10835940"
-41.80955,224.621777777778,-2.35382521024111,0.0469852615274243,0.163136133855737,-4.24142623479699,"10846331"
111.44658,189.142233333333,2.35319515339772,0.0470311237035232,0.163275965285173,-4.24159397587416,"10738341"
153.9499,875.002777777778,2.3524846949065,0.0470828923092616,0.163435734772357,-4.24178315004774,"10890338"
21.367245,70.7140333333333,2.35241006483037,0.0470883336612216,0.163435734772357,-4.24180302353844,"10858406"
6.87316,22.0862777777778,2.35229948610666,0.0470963972257796,0.16344430370087,-4.24183247050764,"10889174"
-68.905065,89.4490666666667,-2.35214791222068,0.0471074524722637,0.163463251754925,-4.24187283558678,"10721298"
28.329965,66.5143555555556,2.35202283519771,0.0471165770973031,0.163475496831427,-4.2419061453877,"10764400"
252.64915,1148.65111111111,2.35176705822729,0.0471352420792696,0.163503196886436,-4.24197426527812,"10700866"
15.757825,74.7292777777778,2.35169329233636,0.0471406264261954,0.163503196886436,-4.24199391170906,"10913203"
75.747535,134.516411111111,2.35167632150318,0.0471418652548859,0.163503196886436,-4.24199843167879,"10750688"
1118.833,4535.43111111111,2.35160670107095,0.0471469477158669,0.163503196886436,-4.24201697438714,"10705420"
-69.7043999999997,635.154666666667,-2.35118031428873,0.0471780869990468,0.163591766598238,-4.24213054438444,"10802405"
60.6821,168.534222222222,2.350905861754,0.0471981413601606,0.163632025702264,-4.24220365159674,"10728280"
-67.7201000000001,243.884777777778,-2.35086812337245,0.0472008995889976,0.163632025702264,-4.24221370448806,"10860235"
6.48045000000002,40.6124,2.35064620291654,0.0472171226223082,0.163633278847938,-4.24227282215795,"10743123"
15.508735,33.4580111111111,2.35061820512118,0.0472191697407216,0.163633278847938,-4.2422802807285,"10700812"
139.7109,326.119333333333,2.35061006464856,0.047219764965435,0.163633278847938,-4.24228244934667,"10728006"
-170.63558,179.156244444444,-2.35055671760818,0.047223665844012,0.163633278847938,-4.2422966610687,"10898147"
26.33413,111.503677777778,2.35038185462234,0.0472364545636858,0.163633368196611,-4.24234324595414,"10889728"
57.14535,268.274333333333,2.35034769356286,0.0472389533614171,0.163633368196611,-4.24235234693782,"10745490"
-9.13256499999999,41.1189222222222,-2.35032661571614,0.0472404952204496,0.163633368196611,-4.24235796240446,"10921513"
14.1426,121.747,2.35003391960847,0.0472619113679373,0.163682670948353,-4.24243594386368,"10806375"
-15.212605,43.7583222222222,-2.34994841699197,0.0472681693099017,0.163682670948353,-4.24245872480432,"10908751"
45.7760650000001,83.0990777777778,2.3499024027364,0.0472715374406535,0.163682670948353,-4.24247098481502,"10799968"
54.41598,119.6957,2.34970210038207,0.04728620189082,0.163714043853806,-4.24252435468153,"10897405"
-25.205455,48.9964555555556,-2.34927312534802,0.0473176231995544,0.1638034179585,-4.24263866139615,"10842633"
-259.80445,1064.14955555556,-2.34899520645252,0.0473379912304991,0.163850709766154,-4.24271272265842,"10824680"
-74.725625,181.217011111111,-2.34893367962466,0.0473425015792463,0.163850709766154,-4.24272911924888,"10735669"
-595.4215,1753.13222222222,-2.34866607384127,0.0473621239846184,0.163899205174916,-4.24280043739099,"10861309"
28.56225,74.8219333333333,2.34830906813539,0.0473883144269379,0.163970415452868,-4.24289558745671,"10908829"
66.34088,137.278955555556,2.34819607616938,0.047396606706715,0.163979685969916,-4.24292570389603,"10937313"
24.174875,65.5535888888889,2.34760968538569,0.0474396642944893,0.164109218792091,-4.24308201005901,"10834411"
-32.2345,158.356555555556,-2.34701463670411,0.0474833977694693,0.164241058777797,-4.24324064433305,"10726812"
148.6291,634.393777777778,2.34654129041501,0.0475182155596886,0.164342032598644,-4.24336684850707,"10708152"
343.7398,1200.39544444444,2.34633410175416,0.0475334637385771,0.164375308908474,-4.24342209347103,"10856707"
25.6115500000001,160.402111111111,2.34614434027815,0.047547433663351,0.164383117654778,-4.24347269380719,"10737957"
-1089.3165,1673.99533333333,-2.3461048606533,0.0475503406057859,0.164383117654778,-4.24348322140132,"10842596"
116.4382,290.122111111111,2.34607414419446,0.0475526024269368,0.164383117654778,-4.24349141228122,"10870678"
-9.87917999999999,25.8277333333333,-2.34592422974526,0.0475636429994461,0.164401829932065,-4.24353138939025,"10700860"
-12.99683,48.8040111111111,-2.34569584770923,0.0475804673288682,0.164440526741459,-4.24359229363863,"10777350"
7.591525,19.4612111111111,2.34548627118459,0.0475959115609287,0.164474445273358,-4.24364818553353,"10934558"
64.1168,454.272555555556,2.34530966594615,0.047608929961913,0.164490718209974,-4.24369528629181,"10885193"
135.8028,857.232,2.34526962939492,0.0476118817410672,0.164490718209974,-4.24370596432188,"10835894"
132.915555,147.1934,2.34511867478126,0.047623012840766,0.164491527175324,-4.24374622581052,"10859086"
46.6142500000001,200.008444444444,2.34511373628405,0.0476233770400797,0.164491527175324,-4.24374754299184,"10827835"
-187.4783,855.508111111111,-2.34498517429242,0.0476328590842206,0.164504828618799,-4.24378183315887,"10810551"
150.21325,443.854444444444,2.34397230004968,0.0477076295851193,0.164743580460955,-4.24405202114782,"10731591"
11.17829,35.6785888888889,2.34378880068777,0.0477211881320421,0.164770924251209,-4.24410097660579,"10851587"
-437.843,1649.47111111111,-2.34337895626123,0.0477514850130859,0.16483656896754,-4.24421032524255,"10818571"
-437.843,1649.47111111111,-2.34337895626123,0.0477514850130859,0.16483656896754,-4.24421032524255,"10908096"
58.7834499999998,493.486777777778,2.34322080078361,0.0477631814842244,0.164857465014193,-4.24425252453445,"10827531"
18.171435,38.4206333333333,2.34300034468174,0.0477794902292001,0.164894273780963,-4.24431134937592,"10895828"
9.654025,17.8871777777778,2.34276594704168,0.0477968364626682,0.164934653959413,-4.24437389733668,"10701619"
-8.26647,29.0902333333333,-2.34247282220578,0.0478185376067875,0.164990050507227,-4.24445212083023,"10784446"
-29.65161,77.3040666666667,-2.34226435846049,0.0478339769866285,0.16502383132822,-4.24450775461151,"10910360"
114.8707,275.100444444444,2.34215144999694,0.0478423413768301,0.165031312078068,-4.24453788811043,"10882882"
106.88415,460.714666666667,2.34200900550531,0.0478528959247252,0.165031312078068,-4.24457590535689,"10880331"
-84.9728500000002,627.120888888889,-2.34200635267168,0.0478530925108958,0.165031312078068,-4.24457661338711,"10899890"
122.06255,157.119222222222,2.34133676112251,0.0479027380035774,0.165183025027917,-4.24475533749905,"10882317"
-13.54791,35.7107666666667,-2.34116833923729,0.0479152334335268,0.165205323323691,-4.24480029589871,"10706374"
12.77354,42.6644888888889,2.34109717104094,0.0479205144740521,0.165205323323691,-4.24481929396785,"10750089"
-46.20795,190.527333333333,-2.34085775075205,0.0479382849604996,0.165228603678431,-4.24488320840253,"10701316"
-15.76273,35.3626222222222,-2.34085379091246,0.0479385789271712,0.165228603678431,-4.24488426552901,"10803571"
-805.651,2188.60888888889,-2.34056584213001,0.0479599602351449,0.165282797960307,-4.24496113930735,"10714116"
165.8087,537.893555555556,2.34024192472547,0.0479840237909837,0.165346222107785,-4.24504762132389,"10839767"
220.9459,665.545777777778,2.33989293767814,0.0480099633099141,0.165416094838522,-4.24514080336326,"10747918"
9.91196500000002,41.5545777777778,2.33976048640961,0.0480198118350411,0.165430516857181,-4.24517617062757,"10865198"
52.5671,171.369555555556,2.3395835009006,0.0480329749055863,0.165436428814397,-4.24522343103669,"10749061"
49.31895,194.847333333333,2.33954605256443,0.0480357605417261,0.165436428814397,-4.24523343108934,"10798828"
-46.50985,139.247555555556,-2.33950900322602,0.0480385166575111,0.165436428814397,-4.24524332467433,"10758599"
17.29733,27.6507222222222,2.33931552416555,0.0480529122242033,0.165457141592911,-4.24529499223301,"10781958"
-34.2362999999999,183.146666666667,-2.33922694305707,0.0480595044350233,0.165457141592911,-4.24531864806472,"10894974"
11.14102,38.0500444444444,2.33918739860613,0.0480624476281647,0.165457141592911,-4.24532920866558,"10779909"
-474.62645,699.564111111111,-2.33896415732152,0.0480790663035356,0.165457141592911,-4.24538882837164,"10791250"
105.6563,283.510555555556,2.33893783715807,0.0480810260265131,0.165457141592911,-4.24539585772736,"10704912"
173.21008,211.799177777778,2.33892767084497,0.0480817830021389,0.165457141592911,-4.24539857286667,"10768332"
45.78152,122.611322222222,2.33883677894036,0.0480885512728433,0.165457141592911,-4.24542284782802,"10791274"
30.66167,130.646488888889,2.33881947231518,0.0480898401199907,0.165457141592911,-4.24542747004968,"10742324"
-19.702305,95.4714,-2.33856187366765,0.0481090279283223,0.165503667204193,-4.24549627105058,"10786798"
212.13955,785.826444444445,2.33838811800356,0.0481219748438902,0.165528714599012,-4.245542680907,"10723896"
-19.11532,48.7804222222222,-2.33805923639799,0.0481464901057317,0.165593543907328,-4.24563052938178,"10849655"
117.618295,149.247077777778,2.33791331850971,0.0481573710276087,0.165611469947094,-4.24566950789451,"10726371"
-56.253235,70.4919222222222,-2.33752959055995,0.0481859969378514,0.165690408962146,-4.24577201755407,"10906079"
8.007486,12.6454966666667,2.33737558352193,0.0481974905852912,0.165710426027857,-4.24581316159329,"10908235"
208.441,1726.96444444444,2.33694707508896,0.0482294849303314,0.165800914656943,-4.2459276477038,"10820754"
11.035565,48.8775555555556,2.33680759764289,0.0482399035327509,0.165817218708764,-4.24596491464967,"10924588"
8.3722,23.9563777777778,2.33656292602808,0.048258185321062,0.165860544231706,-4.24603029108638,"10733294"
24.99474,79.1300333333333,2.336466696421,0.0482653774723144,0.165865749614892,-4.24605600464591,"10845130"
21.69506,34.6454888888889,2.336267427104,0.0482802741776775,0.165884755233108,-4.24610925317785,"10783607"
7.772575,20.8280777777778,2.33624080837694,0.0482822644535879,0.165884755233108,-4.24611636637712,"10887645"
-219.35895,493.115333333333,-2.3359487656968,0.0483041058217494,0.165920846890288,-4.24619441024897,"10742868"
54.751125,79.6846333333333,2.33594846582627,0.0483041282536421,0.165920846890288,-4.24619449038722,"10936917"
308.17615,563.492777777778,2.3339594701965,0.0484531457370746,0.166412834555871,-4.24672614809088,"10796149"
-50.963775,159.594033333333,-2.33388475979261,0.0484587520903262,0.166412834555871,-4.2467461225472,"10811501"
-31.20215,107.898977777778,-2.33365288423033,0.0484761564388469,0.166453036460328,-4.24680811845921,"10872554"
-56.94905,333.941111111111,-2.33338672144715,0.048496142081246,0.166502091287051,-4.24687928542477,"10739832"
19.439085,33.6271333333333,2.3330267204042,0.0485231870042024,0.166575368406671,-4.24697554941154,"10708695"
71.73135,382.508,2.33290312381857,0.0485324756322317,0.166587679840209,-4.24700860074017,"10769719"
-9.287975,37.6003111111111,-2.33232033448776,0.0485762979108913,0.166718511180543,-4.24716445787738,"10908988"
11.86479,27.8957,2.33210827679336,0.0485922532290032,0.166750537924291,-4.24722117391297,"10819988"
-59.5731,300.635666666667,-2.33204460103248,0.0485970452484225,0.166750537924291,-4.2472382048566,"10797116"
63.5161000000001,226.229777777778,2.33119934539464,0.0486607012090951,0.166949351159425,-4.24746430175928,"10901328"
86.61805,516.411111111111,2.33111142767334,0.0486673270667869,0.16695247685875,-4.247487821148,"10899531"
15.070055,42.6443222222222,2.33061860596022,0.0487044849847118,0.16701422091965,-4.24761966692674,"10940604"
66.1789500000001,704.392666666667,2.3306074475753,0.0487053266372219,0.16701422091965,-4.24762265231607,"10841912"
-168.2073,355.763,-2.33059062096456,0.0487065958591569,0.16701422091965,-4.24762715423403,"10722982"
61.9412,227.085222222222,2.33056944220408,0.0487081934084828,0.16701422091965,-4.24763282058172,"10731734"
89.401125,119.024433333333,2.33040020612857,0.048720961056369,0.167038394120498,-4.24767810037186,"10804245"
9.53091,28.9137,2.32977385330058,0.0487682440859397,0.16718088274192,-4.24784569773073,"10828841"
18.757365,102.024166666667,2.32957628040721,0.0487831682986895,0.167212422700682,-4.24789856823424,"10721205"
-35.99047,75.1581555555556,-2.32942548398816,0.0487945622030339,0.167231855959577,-4.2479389228446,"10742977"
268.6551,754.951666666667,2.32907690125385,0.0488209106974587,0.167302531978365,-4.24803221196406,"10706705"
30.701565,51.6233,2.32859757529819,0.0488571650406473,0.167407133415139,-4.24816050236752,"10728644"
50.2829,174.539555555556,2.32843942103198,0.048869133133229,0.167413322236367,-4.24820283482321,"10849305"
-51.31285,374.926888888889,-2.32840453595742,0.0488717734058373,0.167413322236367,-4.24821217254832,"10805582"
1026.509,4476.85222222222,2.32834654207938,0.0488761629819255,0.167413322236367,-4.24822769598418,"10935928"
20.76535,173.836444444444,2.32808356592433,0.0488960726960535,0.167461883674385,-4.24829809017651,"10770434"
-16.795355,32.2665777777778,-2.32764005655403,0.0489296688571778,0.167557302308474,-4.24841681888243,"10890979"
-181.6361,672.912444444444,-2.32732414131951,0.0489536137810077,0.167619652250159,-4.24850139707466,"10778108"
136.5844,425.130777777778,2.32710390032483,0.0489703139862084,0.167657184201698,-4.24856036428934,"10885417"
22.380465,69.4711333333333,2.3270147290745,0.0489770771953213,0.167660690553564,-4.24858423973676,"10808893"
41.7614,101.781222222222,2.32682622045766,0.0489913777466692,0.167689995253801,-4.24863471407313,"10733940"
-24.2073999999999,140.782555555556,-2.32652521756185,0.0490142209643061,0.167736372266861,-4.24871531361122,"10867952"
38.6907,28.2182666666667,2.3264963764882,0.0490164102841854,0.167736372266861,-4.24872303665398,"10907913"
-22.2531325,33.0245588888889,-2.32632395024865,0.0490295011691125,0.167761518757842,-4.24876920981492,"10710340"
-25.62926,57.3646777777778,-2.32500800034003,0.0491295257674373,0.168084080778769,-4.2491216568455,"10791950"
14.01243,29.7376666666667,2.32490673062278,0.0491372316911996,0.168090759558162,-4.2491487836749,"10703398"
-151.30235,301.313111111111,-2.32474645546812,0.0491494299958606,0.168112802704493,-4.24919171730603,"10782379"
-62.13095,193.643444444444,-2.32398468478689,0.0492074487419487,0.168291548530472,-4.24939579609942,"10842221"
12.49719,28.0331666666667,2.32364859663631,0.0492330680445135,0.168344601317486,-4.24948584471805,"10742866"
390.7796,1285.22022222222,2.32363000038896,0.0492344859881085,0.168344601317486,-4.2494908274255,"10718863"
-210.37135,828.982222222222,-2.32348589159402,0.0492454755142533,0.168362471816664,-4.24952944082164,"10928229"
533.344,2253.71777777778,2.32336507385811,0.0492546907927077,0.168374272971936,-4.24956181437114,"10836208"
-18.29705,134.944777777778,-2.32317607307875,0.0492691101460641,0.168403859109292,-4.24961245946529,"10848860"
-121.6127,465.379111111111,-2.32307725654801,0.0492766507962446,0.168409929382486,-4.2496389393777,"10929272"
33.56054,68.3592555555556,2.32267373881986,0.0493074550800419,0.16844957007001,-4.24974707592852,"10879928"
-13.632985,59.1473555555556,-2.3226406644884,0.0493099808087629,0.16844957007001,-4.24975593974817,"10761285"
-27.364885,57.8267888888889,-2.32260752322788,0.0493125117785836,0.16844957007001,-4.24976482156644,"10787425"
257.906,1917.71888888889,2.32256541747205,0.0493157275470403,0.16844957007001,-4.24977610594806,"10805794"
88.25589,143.3176,2.32253342652133,0.0493181709518337,0.16844957007001,-4.24978467961933,"10709020"
-393.01475,936.948777777778,-2.3224722218892,0.0493228459772325,0.16844957007001,-4.24980108280605,"10778028"
-41.726265,76.7968333333333,-2.32233164123136,0.0493335857046315,0.168466554386336,-4.2498387600148,"10830471"
-57.223905,90.2182333333333,-2.32195409077828,0.0493624404535652,0.168545387495378,-4.24993995332406,"10794066"
-171.63195,860.081333333333,-2.32047569193071,0.0494755917244895,0.168911994465261,-4.25033627979029,"10878926"
33.26224,106.653977777778,2.32017052497146,0.0494989804329878,0.168972097963228,-4.25041810370448,"10710152"
-257.28255,744.568,-2.31997050435626,0.0495143164898179,0.169004701709726,-4.25047173774351,"10821741"
-128.5182,628.817,-2.31982352493402,0.0495255887863416,0.169023428832264,-4.25051115061506,"10863714"
47.08035,212.067,2.31971197482271,0.0495341456179343,0.169032885186583,-4.25054106384554,"10784719"
-51.23805,188.379333333333,-2.31962763747425,0.0495406159850249,0.169035220203985,-4.25056368017734,"10769723"
361.3469,475.933222222222,2.31891722763878,0.0495951522933955,0.169201539075004,-4.25075420314839,"10860900"
10.75131,29.3466,2.31878408990128,0.0496053796200922,0.169216669806326,-4.25078991216686,"10724262"
-139.83995,665.218111111111,-2.31859207866752,0.0496201331907602,0.169247235380603,-4.25084141346297,"10919433"
-325.63525,1116.71122222222,-2.31818783025185,0.0496512088046253,0.169304161754799,-4.25094984782865,"10805996"
121.17865,342.159777777778,2.31805258899774,0.0496616094987602,0.169304161754799,-4.25098612657866,"10849327"
-37.43785,163.063555555556,-2.31797078014571,0.0496679020470275,0.169304161754799,-4.25100807247291,"10788453"
-114.8717,610.135111111111,-2.31787914006515,0.0496749517391716,0.169304161754799,-4.25103265612055,"10701084"
672.7071,1317.72833333333,2.31787727092875,0.0496750955386094,0.169304161754799,-4.25103315754569,"10789275"
672.7071,1317.72833333333,2.31787727092875,0.0496750955386094,0.169304161754799,-4.25103315754569,"10910547"
-20.76597,59.0372,-2.31781621580597,0.0496797929597567,0.169304161754799,-4.25104953664713,"10939919"
29.89904,93.5825222222222,2.31777212567797,0.049683185415345,0.169304161754799,-4.25106136472289,"10934817"
13.118021,15.1760355555556,2.31755073413759,0.0497002235980462,0.169342469348416,-4.25112075916566,"10762254"
25.61401,113.928744444444,2.31736958227145,0.0497141693092668,0.169362850613165,-4.25116936024049,"10838197"
42.30495,156.421,2.31722662229377,0.0497251776410577,0.169362850613165,-4.25120771614614,"10700409"
26.2708,35.3657111111111,2.31721598245141,0.049725997037312,0.169362850613165,-4.25121057084257,"10841800"
58.50165,314.159333333333,2.31717186761925,0.0497293945560254,0.169362850613165,-4.25122240703058,"10862731"
-12.090995,59.7257444444444,-2.31690737882961,0.0497497691262038,0.169397151688513,-4.2512933727308,"10701297"
-136.80725,384.674777777778,-2.3168905831933,0.0497510632397973,0.169397151688513,-4.25129787934565,"10877416"
-391.49235,1093.284,-2.31653621303351,0.0497783755298533,0.169470395376895,-4.25139296783706,"10904597"
-55.007695,110.471355555556,-2.31616155673008,0.0498072676616444,0.169548999937926,-4.25149350737973,"10886049"
-126.2464,437.697888888889,-2.31602379699131,0.0498178954146106,0.169562504864249,-4.25153047737483,"10773827"
18.359855,54.2267555555556,2.31595967230637,0.0498228432174544,0.169562504864249,-4.2515476866062,"10799835"
-17.74281,30.9587666666667,-2.31566289209381,0.0498457489217835,0.169620699941873,-4.251627336925,"10804712"
44.43235,167.769111111111,2.31502785499313,0.049894796964048,0.16976486736182,-4.25179778569318,"10728525"
-18.189065,73.5311111111111,-2.31496393009024,0.0498997369766532,0.16976486736182,-4.25181494487119,"10799156"
240.895,293.062444444444,2.31482117134615,0.0499107709088642,0.169782634062827,-4.25185326601581,"10715149"
25.215045,47.4370666666667,2.31459280284753,0.0499284267652172,0.169808916673358,-4.25191457000543,"10741604"
-7.618635,19.7873,-2.3145286564999,0.04993338723764,0.169808916673358,-4.25193179018618,"10873639"
-48.81115,118.422155555556,-2.31449571345495,0.0499359349332792,0.169808916673358,-4.25194063388414,"10711683"
65.72005,202.320111111111,2.31425870542065,0.049954268112864,0.169851488436826,-4.25200426146875,"10736957"
27.8608,213.603777777778,2.31415699383834,0.0499621378315706,0.169858477203713,-4.25203156809792,"10789774"
112.1085,432.979,2.31401831656975,0.0499728696925219,0.16987519376278,-4.25206879988023,"10836169"
179.573,611.274222222222,2.31392276548852,0.0499802654769958,0.169880567265265,-4.25209445385947,"10746575"
-8.54029,22.3889555555556,-2.31384599844143,0.0499862081455529,0.169881001019565,-4.25211506498723,"10919948"
