"ID","Description","setSize","enrichmentScore","NES","pvalue","p.adjust","qvalue","rank","leading_edge","core_enrichment","log2err"
"rno00190","Oxidative phosphorylation",119,-0.69962462604636,-2.90242732256117,1e-10,2.32666666666667e-09,7.90558574061422e-10,3267,"tags=66%, list=18%, signal=54%","362897/691853/289218/300677/171082/299643/681024/310856/293448/303393/171335/309391/81728/289407/299310/366448/499529/103693419/54322/83615/94271/100912357/361663/65262/116550/436582/293453/64539/100911483/25282/116664/295923/94170/362344/245958/29754/171375/293991/171374/294964/157074/300047/297990/293655/315167/291969/362440/289217/301427/297566/94194/291660/192241/297932/362588/293130/368044/296981/288088/298596/301011/301458/681418/689938/362802/293652/25488/690848/688869/296658/361385/312488/297797/690441/363061/301123/362837/245965",NA
"rno03008","Ribosome biogenesis in eukaryotes",79,0.68149100091922,2.68862923647609,1e-10,2.32666666666667e-09,7.90558574061422e-10,2935,"tags=63%, list=16%, signal=53%","362498/290556/291317/100861534/309301/305506/114300/751812/362214/362703/499709/310019/60373/24723/308201/362593/361262/303456/690297/85252/84509/307641/293828/287120/287273/317579/300092/313167/363563/102238592/292747/312706/291061/291996/296219/299198/291571/300689/310720/311257/291987/361935/314545/360574/24720/685332/170944/315705/291071/362967",NA
"rno03050","Proteasome",46,0.728144171170283,2.57625871666113,1.16252699066736e-10,2.53576199839319e-09,8.61605325046789e-10,3868,"tags=85%, list=21%, signal=67%","29670/307821/29673/58854/289990/292766/94198/29675/288455/83806/287670/117262/303353/289924/311078/29614/29668/117263/81827/65138/24968/287984/24967/29677/25581/365388/291983/29672/287772/83499/287716/29666/161475/29671/498433/29674/29676/29669/290206",0.839088935621274
"rno00280","Valine, leucine and isoleucine degradation",52,-0.699045529246289,-2.53248947778657,1.59481194496752e-10,3.27405511055096e-09,1.11246375627321e-09,1728,"tags=56%, list=9%, signal=51%","316421/361884/81708/64040/690163/64304/25014/29711/25244/293829/298942/361215/24513/171155/63938/140547/24624/171142/63864/64203/113965/687008/170465/24158/294972/688517/25618/29611/301384",0.826657301178302
"rno04146","Peroxisome",83,-0.616514086942252,-2.45853613039488,3.96421845736534e-10,7.28164337695002e-09,2.47416859809688e-09,3438,"tags=60%, list=19%, signal=49%","288369/100362572/29533/79238/25541/685325/85249/24157/24479/289233/65030/500006/25288/64461/297570/170588/24786/266686/114027/311203/114209/79244/50681/113956/361413/85239/84029/305581/65192/83522/252898/113898/25270/282634/24248/25284/291076/297029/367323/171142/85255/64526/83842/312703/116718/361596/308718/311849/291075/680424",0.814035837847908
"rno05169","Epstein-Barr virus infection",205,0.547461979588708,2.43675077043616,1e-10,2.32666666666667e-09,7.90558574061422e-10,3790,"tags=53%, list=20%, signal=43%","24577/100360982/25125/309452/81736/365527/307821/306886/499400/24887/309165/414789/316241/314856/245920/24988/25464/25513/64044/289990/24835/84598/292766/246097/414793/414779/24811/83806/287670/81515/24812/414819/25406/81818/117262/303353/289924/84351/25402/301059/114483/311078/24842/299626/114851/117263/25729/81827/499356/65138/78963/116554/291105/116502/287984/362817/287398/414783/297602/368153/362485/25272/24185/294790/29677/313121/114494/25581/310553/363875/360640/308995/399489/365388/414791/64033/414784/24751/287772/83499/25112/84576/29414/246268/29468/299827/311786/171075/303200/94201/64202/305896/24498/24223/25217/300177/361787/298693/156726/24973/689314/297893/54287/25155/64625/367901/362788/362268/366508",NA
"rno01210","2-Oxocarboxylic acid metabolism",33,-0.735912792817626,-2.38461000676653,4.38740073121643e-08,4.13838609512036e-07,1.40614754023236e-07,2511,"tags=70%, list=14%, signal=60%","24479/83784/25179/24401/81654/81670/360975/361272/29711/25244/114096/300981/298942/79250/299201/29416/50655/64203/289950/94173/29554/361596/29611",0.719512826338911
"rno05203","Viral carcinogenesis",193,0.531686324056998,2.37434899897445,1e-10,2.32666666666667e-09,7.90558574061422e-10,4787,"tags=59%, list=26%, signal=44%","25205/25125/317335/309452/81736/365527/56010/79255/297604/501099/499400/24887/309165/25576/81634/414789/314856/24988/25513/64044/84598/24525/289014/360739/414793/414779/24605/680312/81515/25597/414819/360820/25402/689030/114483/293621/24842/361580/114851/140583/114090/117263/25578/25729/362165/83805/64647/116502/363287/24829/362817/500131/414783/691488/368153/298400/362485/294790/294230/361247/114494/363875/414791/102549061/64033/414784/24751/117273/84576/406169/64465/311786/94201/305896/54237/680111/100912338/307842/361787/25630/24973/83828/297893/64627/64635/54287/25155/64470/362788/362268/366508/84582/309607/116590/294693/492821/362938/297173/25326/24750/24232/414792/25577/64515/305584/81504/303539/306969/58919/314638/288651/24516/24747/680842",NA
"rno00020","Citrate cycle (TCA cycle)",31,-0.732780608256771,-2.36873232058277,1.04330117782524e-07,9.10280277652524e-07,3.09296509296797e-07,2962,"tags=77%, list=16%, signal=65%","362282/24368/25104/362404/24479/25179/81654/24551/360975/361071/157074/81829/114096/289217/298942/79250/299201/298596/50655/289950/94173/29554/361596/363061",0.704975715167238
"rno05417","Lipid and atherosclerosis",197,0.522501325381582,2.34252579710522,1e-10,2.32666666666667e-09,7.90558574061422e-10,3954,"tags=47%, list=21%, signal=38%","25625/25125/300438/81736/301252/79255/25537/25542/266759/24887/309165/25361/24514/29748/81503/54318/25464/25513/64044/140914/24835/24525/364018/246097/24605/83619/448830/81515/60350/363328/25544/299331/54225/84351/25402/301059/293621/680127/24842/25400/24468/24787/29260/83805/25166/24888/78963/171337/116554/287398/171140/25272/24185/313121/81687/25385/310553/363875/500904/24472/25651/24600/498013/25156/117273/29414/299827/64465/311786/24246/303200/362862/29467/24674/24498/300177/29322/64026/171045/50663/689314/24242/287562/64625/29197/362788/366508/114105/171068/25080/116590/63868/84027",NA
"rno05132","Salmonella infection",236,0.506482676418873,2.34201401438832,1e-10,2.32666666666667e-09,7.90558574061422e-10,3838,"tags=46%, list=21%, signal=37%","498736/24577/25625/81736/301252/78971/25537/29431/24383/114555/306886/291081/81778/24887/309165/299145/246240/312689/361959/79121/501203/307351/191572/362271/64044/24835/246118/500133/501854/300218/303448/56611/448830/361415/60350/288669/296554/293860/299331/287876/84351/25402/83462/301059/79119/293621/680127/29260/81757/360854/362298/170851/297518/361055/25166/29214/500929/140654/116554/54227/116502/116659/287398/64158/24699/25272/24185/81732/288064/313121/316531/310553/363875/81824/315084/301511/64303/117273/308875/29414/690743/310097/81655/64465/311786/294010/303200/362862/24498/81822/296710/300177/58945/116484/361568/363595/64026/102551431/689314/298784/171041/498234/64632/29197/79249/191568/366508/291964/84428",NA
"rno00640","Propanoate metabolism",31,-0.721073206801306,-2.33088784175088,2.55913631802715e-07,1.94160559780755e-06,6.59721899480981e-07,1773,"tags=65%, list=10%, signal=58%","361071/24534/50681/81708/64304/29711/85239/25244/83522/293829/298942/311569/140547/24624/171142/296259/687008/688517/29611/301384",0.674962860011025
"rno04966","Collecting duct acid secretion",27,-0.718456012913337,-2.32653208842782,2.59340819228403e-06,1.50849909851188e-05,5.12560270612818e-06,2664,"tags=52%, list=14%, signal=44%","289407/436582/116664/308069/94170/79430/291969/297566/297932/368044/296981/362802/24779/312488",0.627256739718528
"rno04380","Osteoclast differentiation",124,0.545684478328695,2.32250402974151,1e-10,2.32666666666667e-09,7.90558574061422e-10,2877,"tags=40%, list=16%, signal=34%","89829/25625/100360982/25445/25663/309452/81736/81809/113894/309165/29302/78965/29748/25446/25150/116591/25513/24835/84598/364018/292594/360697/155918/84351/289211/170851/361493/499356/25679/304966/361537/116554/59086/25272/24185/24517/313121/363875/360640/500904/25528/29414/84492/311786/366126/690906/84477/24518/24674/305896",NA
"rno04668","TNF signaling pathway",113,0.553439365630609,2.30838578936341,2.41311992772853e-10,4.6787714154292e-09,1.58976054092022e-09,3924,"tags=55%, list=21%, signal=43%","89829/25625/81736/60584/78971/79255/306886/24508/309165/25361/246208/78965/246240/81503/288731/245920/29538/25464/25513/64044/24835/24323/246097/303008/25544/84351/25402/116596/170851/362165/303690/116554/287398/500131/298400/25272/24185/24517/313121/81687/360640/24253/156767/57027/406169/29414/690743/311786/303200/24498/192126/64026/301365/171045/689314/287562/362788/312937/366508/114105/81707/116590",0.814035837847908
"rno04064","NF-kappa B signaling pathway",94,0.570335036218901,2.29553084343602,2.41905342601392e-09,3.24711402184176e-08,1.10330966945075e-08,2102,"tags=37%, list=11%, signal=33%","25625/100360982/25663/309452/81736/116637/686781/78971/170929/297604/306886/309165/25361/81503/25464/24835/307641/448830/81515/60350/494338/363328/315120/84351/301059/680127/298006/299626/29260/83477/499356/24888/25573/313121/360640",0.774939030136436
"rno03013","Nucleocytoplasmic transport",102,0.565360482886589,2.28996527415126,1.0545022398419e-09,1.53342200710344e-08,5.21028616921245e-09,3793,"tags=59%, list=21%, signal=47%","308939/79227/298385/751812/306182/362965/53372/690585/361959/171361/25497/85252/84509/290228/295692/684558/290284/113975/295284/25281/287113/366016/24917/305714/303029/502128/296219/116555/361055/499974/78973/499417/309126/25573/293476/65274/288064/117021/245922/296954/290280/292085/81738/362335/311182/287830/291874/362281/85245/304817/58958/362557/304670/360886/290519/302591/300259/114612/408222/310512",0.788186810800237
"rno05167","Kaposi sarcoma-associated herpesvirus infection",196,0.504836176648705,2.2785018276056,1e-10,2.32666666666667e-09,7.90558574061422e-10,3957,"tags=46%, list=21%, signal=36%","25205/24577/25625/25125/81736/365527/499400/24887/309165/24514/29748/81503/414789/24988/25464/25513/64044/84598/24525/246097/289014/414793/414779/24605/81515/414819/363328/25734/100912032/497931/84351/25402/114483/54250/293621/24842/114851/170851/83805/24628/25679/79218/116554/291105/116502/287398/414783/368153/266766/25272/24185/81667/363875/399489/414791/29560/294962/690825/414784/24751/24400/29414/299827/311786/192255/94201/60449/24674/305896/24498/361787/363595/24973/64156/50663/689314/24242/54287/114119/25155/64625/57301/362788/366508/114105/501779/309607/116590/84027/50522",NA
"rno04657","IL-17 signaling pathway",83,0.570602292669907,2.27546672205109,1.57133322164954e-08,1.71373529486153e-07,5.82295758319971e-08,5079,"tags=59%, list=27%, signal=43%","25445/81736/301252/309165/81503/245920/29538/64044/24835/58840/363854/299331/312679/94195/170496/84351/25402/116554/114509/25272/313121/81687/24253/287561/299827/311786/362862/24518/24498/171045/689314/362417/306247/287562/362788/114105/116590/116553/24497/84027/266610/25712/171551/24494/24516/501996/116547/297520/60665",0.73376198835648
"rno05166","Human T-cell leukemia virus 1 infection",233,0.49756829129234,2.27180769162743,1e-10,2.32666666666667e-09,7.90558574061422e-10,3030,"tags=39%, list=16%, signal=33%","24577/25625/100360982/25445/25663/309452/81736/81809/365527/79255/25631/304063/297604/25336/751812/501099/499400/24887/309165/29748/83791/25717/414789/24988/24356/25464/25513/24835/84598/85252/84509/24525/360739/414793/414779/24605/414819/54223/84351/689030/313494/293621/24842/114851/29357/140583/114090/25729/170851/303604/362165/24888/116554/291105/50557/362817/287398/500131/59086/414783/368153/298400/362485/25272/24185/114494/297176/360640/308995/399489/304786/414791/64033/414784/24751/315330/406169/29414/309684/365297/500910/366126/94201/361389/24674/64202/301965/24498/24223/171576/192218/307842",NA
"rno05212","Pancreatic cancer",74,0.575233796252078,2.25120915636606,1.63515546028313e-07,1.35873632294955e-06,4.61673631803635e-07,2769,"tags=51%, list=15%, signal=44%","25125/81736/81809/25631/24887/309165/25717/116546/25513/84598/24525/84351/114483/24842/299626/114851/29357/81757/499870/29622/170851/24329/24888/116554/291105/116502/24827/59086/25272/24185/363875/399489/366957/25112/29414/64465/94201/84014",0.690132458796796
"rno05161","Hepatitis B",151,0.511436183009558,2.24346063862896,4.90504230587895e-10,8.55929882375876e-09,2.90829243828496e-09,3018,"tags=42%, list=16%, signal=35%","24577/25125/317335/81736/81809/79255/25631/156117/24887/309165/24514/25717/25513/64044/24835/84598/24525/246097/24605/25737/363328/85384/84351/25402/301059/293621/680127/24842/114851/29260/114090/25578/25729/170851/362165/83805/78963/116554/291105/362817/287398/500131/59086/298400/362485/25272/24185/313121/81687/114494/25385/310553/399489/406169/29414/64041/299827/303200/24681/24498/362896/367264/300177",0.801215574617779
"rno05168","Herpes simplex virus 1 infection",179,0.503120766492426,2.24209118052584,1e-10,2.32666666666667e-09,7.90558574061422e-10,4292,"tags=51%, list=23%, signal=40%","89829/25625/81736/365527/78971/499400/24887/309165/315346/29302/690585/24514/414789/24988/54318/171145/362687/25513/64044/24835/84598/246097/116636/414793/414779/24811/360697/24812/414819/363328/24668/361814/84351/252832/25402/301059/64514/24842/308417/83805/494445/100910669/24888/78963/361811/116502/414783/297602/368153/24185/313121/25385/310553/362612/414791/414784/24751/29414/246268/29468/299827/311786/363519/64202/305896/24498/24223/84005/25217/300177/378947/361787/362264/24973/25622/499801/54287/25155/287562/302591/64625/362788/366508/171068/309607/299314/266610/25712/24750/24232/414792/359726",NA
"rno00630","Glyoxylate and dicarboxylate metabolism",28,-0.711746990756596,-2.2401279834495,3.31667033477003e-06,1.73286628272512e-05,5.88796116408433e-06,3023,"tags=75%, list=16%, signal=63%","306586/287379/500536/83784/293949/24551/171133/81829/25014/84029/680021/293829/298942/311569/79250/24248/50655/24624/296259/687008/688517",0.627256739718528
"rno00071","Fatty acid degradation",46,-0.634345797518185,-2.23876283136344,1.19158650126339e-06,7.84648469699854e-06,2.66609129804611e-06,4094,"tags=70%, list=22%, signal=54%","65183/291450/29539/25287/298079/308579/24157/298423/310848/25756/24172/25288/24306/364975/29646/266674/50681/64040/64304/25014/83522/171155/25363/140547/310903/291076/171142/113965/170465/24158/25618/291075",0.643551836150722
"rno04142","Lysosome biogenesis",241,-0.489096286988582,-2.23234601375935,1e-10,2.32666666666667e-09,7.90558574061422e-10,3558,"tags=41%, list=19%, signal=33%","362360/685232/310091/56718/310746/298875/361704/54241/361378/360476/296461/300066/641386/353307/303631/295217/297960/288785/295234/306868/60575/81637/295357/50654/63886/500282/289407/25732/362452/155205/362045/83615/316033/364594/436582/246215/116664/499474/367562/94170/314979/315600/499935/361846/367166/24375/288371/29448/66031/299825/308022/25524/498995/85491/291969/83730/297566/83534/297932/171494/287061/65081/360776/24591/314360/317630/290923/368044/296981/79248/305861/499893/287134/306991/361063/307429/311372/259221/362802/360904/315676/84431/54398/315222/361939/363103/308909/29663/305623/293455/309855/312488/297797/309243/24162/680476/293485/309969",NA
"rno04520","Adherens junction",87,0.559540910186581,2.22282003654979,4.00851364858663e-08,3.88603128710204e-07,1.32040201422183e-07,4578,"tags=52%, list=25%, signal=39%","24697/25537/305679/25631/81634/25150/501203/24553/307618/307641/305505/287876/83502/308417/24329/83805/361598/171337/307505/313121/363875/24161/366957/116490/117273/64465/81822/313024/360406/363595/494345/303614/689710/362317/116590/297173/292994/81650/81810/50554/690516/81918/317371/50685/301737",0.719512826338911
"rno05163","Human cytomegalovirus infection",226,0.487090551903524,2.21928704712593,1e-10,2.32666666666667e-09,7.90558574061422e-10,3954,"tags=46%, list=21%, signal=37%","24577/25625/25125/25663/25267/81736/116637/365527/79255/25537/25542/306886/499400/24887/309165/29302/29748/414789/314856/24988/25513/64044/24835/84598/24525/246097/116636/414793/414779/24811/24605/24499/24812/414819/54223/85384/360820/84351/25402/114483/293621/24842/114851/54245/170851/24329/362165/83805/25679/79218/291105/116502/50664/500131/414783/297602/368153/298400/25643/24185/81667/25385/363875/399489/366957/414791/29385/294962/690825/414784/24751/24400/117273/406169/29414/304091/29468/299827/311786/94201/60449/24681/24674/64202/24498/24223/25217/24790/29322/361787/24973/50663/689314/24242/114119/287562/81666/64625/57301/29241/366508/84420/309607/116590/84027",NA
"rno05160","Hepatitis C",148,0.50479233254274,2.20247460067679,1.0397046752949e-09,1.53342200710344e-08,5.21028616921245e-09,2930,"tags=36%, list=16%, signal=31%","24577/89829/25625/25125/300438/81736/56010/117104/306886/304407/65132/65130/24887/309165/25576/245920/54318/25513/64044/24835/246255/84598/24525/246097/24605/363328/85384/65129/84351/25402/114483/25073/293621/24842/114851/25578/170851/24329/78963/291105/116502/362817/24185/25385/399489/29414/246268/299872/299827/311786/287716/94201/305896/304125",0.788186810800237
"rno00410","beta-Alanine metabolism",29,-0.69038017826787,-2.19967515694895,7.35998082280735e-06,3.61779339036586e-05,1.22925970656296e-05,4094,"tags=72%, list=22%, signal=56%","65183/291450/29539/367181/298079/81632/65135/81656/116593/50681/81708/64040/307212/60356/64304/85239/83522/291394/140547/171142/301384",0.610526878385931
"rno04714","Thermogenesis",207,-0.488119970842082,-2.19857653190642,1e-10,2.32666666666667e-09,7.90558574061422e-10,3530,"tags=44%, list=19%, signal=36%","25636/305509/100362331/56718/362897/691853/289218/300677/171082/299643/308579/304330/681024/293448/303393/297821/83840/171335/309391/81728/299310/366448/25756/499529/681219/103693419/685179/25288/54322/94271/100912357/56769/65262/116550/293453/25248/64539/100911483/25282/312440/295923/362344/245958/25289/29754/171375/29254/293991/171374/294964/157074/300047/297990/293655/315167/78975/362440/362339/289217/301427/94194/291660/192241/362588/373545/293130/288088/296732/298596/302950/301011/301458/681418/689938/296086/293652/117035/25488/690848/688869/64532/503252/365057/296658/83516/361385/690441/361745/363061/301123/362837/245965",NA
"rno05134","Legionellosis",53,0.598994481116805,2.19442698129956,2.73297762435364e-06,1.53840192080552e-05,5.22720700076804e-06,4476,"tags=66%, list=24%, signal=50%","309452/81736/25021/309165/81503/171361/64044/24835/310710/79245/60350/25402/116643/301059/79119/24468/29260/361842/25166/78963/293725/310553/24472/309684/24498/64026/298784/29197/191568/114105/63868/24232/171551/24494/24799",0.627256739718528
"rno05170","Human immunodeficiency virus 1 infection",209,0.479886919136105,2.18643517606002,1e-10,2.32666666666667e-09,7.90558574061422e-10,3924,"tags=47%, list=21%, signal=37%","25625/308937/81736/365527/29431/306886/499400/24887/309165/64525/29748/414789/24988/311580/25513/64044/24835/366624/24525/246097/414793/414779/24811/24605/24812/414819/315137/360820/84351/25402/301059/293621/499223/29260/54245/140583/170851/29271/25679/24888/79218/116554/116502/50664/414783/297602/368153/25643/25272/24185/81667/313121/65172/25385/310553/363875/366957/414791/294962/690825/156767/414784/24751/296078/24400/29414/29432/29468/299827/311786/303200/60449/24681/24674/64202/54237/24223/25217/300177/378947/81807/361787/24973/367304/50663/689314/315987/24242/114119/64470/81666/25203/64625/300084/366508/300948/309607/116590",NA
"rno00620","Pyruvate metabolism",43,-0.639975583435075,-2.17796435074066,1.3587620509504e-06,8.78162881077205e-06,2.98383608191146e-06,4094,"tags=77%, list=22%, signal=60%","65183/291450/29539/361602/298079/299203/24552/362282/24368/25104/116719/24172/296131/78959/29646/24651/81654/24551/170570/24534/81829/294320/64040/25014/680021/298942/311569/307858/310903/296259/24439/289950/29554",0.643551836150722
"rno05143","African trypanosomiasis",37,0.64101208806341,2.17684491590901,9.26613352786654e-06,4.49150083503531e-05,1.52612943934436e-05,3674,"tags=59%, list=20%, signal=48%","116677/25361/287167/361619/25464/24835/246097/24440/25544/301059/309816/25385/25632/24903/24681/24498/288001/29322/25087/64517/81666/29197",0.593325476396405
"rno00760","Nicotinate and nicotinamide metabolism",37,-0.643185693379833,-2.17242679613473,6.19391603167505e-06,3.13286477544144e-05,1.06448987518635e-05,3329,"tags=57%, list=18%, signal=47%","54410/81506/100125370/292875/315085/58813/287368/293504/361532/316421/293615/499330/353255/365699/85496/310378/367323/304539/306840/100363253/298653",0.610526878385931
"rno05220","Chronic myeloid leukemia",75,0.552060736523425,2.17041220051204,4.56925545141115e-07,3.18934030508498e-06,1.08367922225699e-06,2771,"tags=47%, list=15%, signal=40%","24577/81736/81809/25631/50662/24887/309165/25717/314856/25513/24525/24605/85384/84351/114483/293621/24842/299626/114851/54245/170851/85385/24888/291105/116502/59086/24185/399489/311860/25112/84576/29414/500985/94201/84477",0.674962860011025
"rno01200","Carbon metabolism",115,-0.526737872016691,-2.16915947825816,1.20062144732431e-08,1.39672295038728e-07,4.74580789692133e-08,3023,"tags=50%, list=16%, signal=42%","306586/24368/25104/287379/24849/362404/24479/83784/293820/25179/290401/24651/24401/81654/24399/24551/81670/360975/361071/24190/157074/25741/171133/81829/50681/24362/81708/64304/25014/84029/361730/114096/24689/289217/83522/293829/298942/311569/79250/299201/24248/292804/298596/140547/50655/24624/25106/296259/687008/289950/94173/29554/688517/361596/65152/301384/363061",0.747739663149885
"rno01212","Fatty acid metabolism",58,-0.580551503142126,-2.16619347425583,2.54941763850579e-06,1.50849909851188e-05,5.12560270612818e-06,3083,"tags=50%, list=17%, signal=42%","25541/308579/83512/24157/171402/289934/25756/361802/25288/498962/29470/79244/50681/64304/25014/83522/359725/171155/25363/140547/171142/498728/679532/113965/170465/24158/54398/191576/25618",0.627256739718528
"rno05145","Toxoplasmosis",104,0.534086709916232,2.15744116598757,2.2976235171184e-08,2.42991093174036e-07,8.25639077919595e-08,2722,"tags=40%, list=15%, signal=35%","25625/25125/300438/81736/81809/78971/498491/309165/24514/25717/24511/117036/64044/24835/84598/448830/360697/192362/140433/497931/84351/25402/301059/309816/24468/29260/24888/116554/50664/59086/25643/25272/24185/313121/310553/24472/307582/29414/304091/305078/303090/303200",0.73376198835648
"rno04010","MAPK signaling pathway",293,0.455829197591743,2.13891806255417,1e-10,2.32666666666667e-09,7.90558574061422e-10,3128,"tags=33%, list=17%, signal=28%","24577/25625/100360982/313022/25663/25267/309452/81736/81809/79255/29431/54251/94268/63995/501099/366492/301363/309165/171109/78965/29748/25717/24553/60587/24835/300980/24525/246097/289014/24605/25597/60350/365355/25466/293860/312668/498183/85384/84351/25402/24596/301059/116663/54250/315994/293621/24842/114110/116596/24468/299626/54245/170851/303604/24329/171103/24628/171337/116554/24827/114509/287398/59086/293847/25272/24185/313121/311743/114862/25385/363875/24629/360640/366957/304786/24472/171492/24471/59325/25112/364052/29414/29432/64465/311786/303200/29183/29467/24681/24518/24674/170668/286993/300177/361679/24666/361568",NA
"rno04210","Apoptosis",129,0.502387643766306,2.1339966849315,3.39766242005282e-08,3.38795481313838e-07,1.15116478197387e-07,4063,"tags=53%, list=22%, signal=41%","25625/60374/81736/78971/79255/170929/156117/306886/24887/309165/54318/25513/64044/24835/24525/246097/300218/24605/25697/171293/287876/84351/25402/293621/24842/25423/299626/170851/25679/24888/500929/78963/116554/116502/300985/64158/25272/24185/116685/252929/316531/25385/360640/85383/498013/498331/29154/25112/29414/114214/64041/64314/311786/29467/25591/81822/192126/60430/290027/64026/293625/64625/310738/366508/299625/116590/492821/266610",0.719512826338911
"rno05133","Pertussis",71,0.554836416036943,2.12689956857088,2.58273573058738e-06,1.50849909851188e-05,5.12560270612818e-06,5079,"tags=62%, list=27%, signal=45%","81736/24508/25021/309165/315346/24511/24835/366624/500133/448830/60350/363328/25402/301059/680127/29260/29271/155140/25166/116554/292060/25643/25272/117273/309684/24498/29687/300177/362634/64026/50663/689314/24242/116590/297173/24232/24494/287362/81664/24516/298566/24599/282817/60665",0.627256739718528
"rno04510","Focal adhesion",187,0.469917314139057,2.12097721255834,9.34357811123805e-10,1.53342200710344e-08,5.21028616921245e-09,2671,"tags=37%, list=14%, signal=32%","25267/311061/78971/116670/25537/305679/29431/54251/25314/307483/315346/294337/29302/81634/25150/114636/24511/501203/361517/24553/306204/25513/117036/290905/192362/140433/293860/287876/85384/24668/360820/360606/313494/293621/114110/309816/24718/54245/361821/170851/85385/24329/83805/24628/445442/171337/25353/116554/50557/25272/24185/363875/24629/689069/366957/64033/25156/296078/29154/117273/307582/29414/29432/25724/305078/25404/29393/311144/64465",0.788186810800237
"rno04518","Integrin signaling",139,0.494046914514296,2.11016234084737,8.7037455908759e-09,1.08485971829132e-07,3.68615394820513e-08,2748,"tags=41%, list=15%, signal=35%","25267/311061/305679/54251/25021/315346/499443/25361/294337/361969/29302/499271/81634/24511/25464/24553/306204/25513/117036/309186/290905/192362/140433/293860/287876/24366/360820/83502/360606/313494/114110/309816/24718/361821/24329/83805/24628/445442/25353/59086/24185/363875/24629/289992/308995/689069/366957/64033/307582/29414/309684/25724/305078/29393/311144/64465/24367",0.747739663149885
"rno04110","Cell cycle",152,0.482148099137255,2.0908862737776,1.27910714660869e-08,1.44002707795624e-07,4.89294736400682e-08,4370,"tags=59%, list=24%, signal=45%","24577/308937/81809/56010/25631/25576/25717/314856/313702/25737/311327/305343/114483/312046/313017/24842/299626/114851/29357/140583/313479/25578/308768/25729/171103/29728/287961/360621/312538/288532/29685/291105/291885/292071/362817/316273/59086/362485/287101/100360427/294790/301430/500870/114494/297176/399489/311860/361178/315852/64033/691979/684771/315330/25112/301701/171102/84576/114592/316237/291927/360908/94201/292206/361389/25515/54237/680111/171576/291689/84389/363174/297893/296137/360643/25203/363193/361662/63996/300084/84027/116651/29486/24673/292263/307511/25577/64515/293155/50554",0.747739663149885
"rno05142","Chagas disease",102,0.515812186161881,2.08927229625934,2.36631893311875e-07,1.83521179479654e-06,6.23571240513635e-07,5061,"tags=56%, list=27%, signal=41%","25625/81736/81809/117104/24617/25542/309165/25717/25513/64044/24835/246255/246097/360697/363328/84351/301059/29260/29357/116554/50664/287398/59086/25643/25272/24185/25385/310553/29414/24903/64202/24498/29687/300177/288001/29322/25087/362634/689314/287562/81666/366508/117256/116590/266610/24673/25712/24232/81810/24494/309242/81664/24516/298566/24599/89788/25233",0.690132458796796
"rno04218","Cellular senescence",167,0.476634217137402,2.08562145499098,2.23207881701774e-09,3.11598202855676e-08,1.05875342806455e-08,3464,"tags=46%, list=19%, signal=38%","24577/81736/81809/365527/25631/113894/24617/499400/309165/29748/25717/414789/314856/24988/24356/25513/361967/24525/289014/116636/414793/414779/24605/365355/414819/85482/298765/24668/114483/293621/24842/299626/114851/29357/140583/25729/170851/296344/25679/313048/291105/50557/100361529/362817/294560/59086/414783/368153/362485/100360427/24185/114494/399489/414791/64033/414784/24751/29154/25112/171102/29414/58921/294800/303200/94201/54254/24674/54237/24498/680111/361787/361568/24973/29344/50663/689314/24242",0.774939030136436
"rno04625","C-type lectin receptor signaling pathway",105,0.507061210444348,2.07240352046656,2.88896509337814e-07,2.1452102501893e-06,7.28903018532206e-07,3978,"tags=47%, list=22%, signal=37%","100360982/309452/81736/29431/24508/309165/29748/314856/108348076/25513/64044/24835/24525/289014/58936/24605/450223/365355/84351/293621/114090/500336/83805/83477/155140/25166/25679/116554/362432/25272/24185/360640/117273/29414/24674/305896/24498/361680/361568/25622/50663/689314/24242/25155/450222/312937/366508/116590/25441",0.674962860011025
"rno00785","Lipoic acid metabolism",18,-0.75127964584198,-2.07088586067472,1.66405387333294e-05,7.64151054991046e-05,2.59644484986212e-05,1920,"tags=67%, list=10%, signal=60%","81654/360975/361272/171133/29711/25244/298942/299201/305348/289950/29554/29611",0.575610261071129
"rno04620","Toll-like receptor signaling pathway",91,0.510639009226484,2.06529569813729,2.03599879674149e-06,1.26886353582639e-05,4.3113651041323e-06,3018,"tags=38%, list=16%, signal=32%","81736/116637/25542/306886/309165/245920/25513/64044/305236/24835/84598/448830/60350/363328/84351/301059/680127/116596/29260/170851/25353/116554/287398/25272/24185/313121/310553/363875/25408/29414/299827/303200/305896/24498/300177",0.627256739718528
"rno04650","Natural killer cell mediated cytotoxicity",91,0.506490075778739,2.04851520497743,2.7013495734393e-06,1.53840192080552e-05,5.22720700076804e-06,4916,"tags=52%, list=27%, signal=38%","29431/305450/29748/292450/25150/25464/116591/25513/24835/24525/246097/24605/360697/85384/155918/25402/293621/170851/85385/304966/361537/25385/363875/308995/366957/25156/309684/501869/24681/24674/25622/314612/25155/64625/366508/116590/25441/25712/313050/114858/50669/81504/29683/246775/301348/25023/245962",0.627256739718528
"rno04613","Neutrophil extracellular trap formation",141,0.473867066420806,2.03854749612602,1.48819074278581e-07,1.26677699812744e-06,4.30427543249327e-07,3924,"tags=50%, list=21%, signal=39%","81736/114555/25021/309165/361969/29302/117056/116591/25513/364018/680312/500987/287876/24366/498753/29260/100360754/170851/24828/83805/64647/25166/304966/296501/363287/24829/691488/24185/680615/103690190/313121/361247/502125/310553/363875/691496/308995/500904/315084/291159/366957/691992/25651/502129/102549061/25459/499675/680498/84576/29414/309684/29384/310678/24367/24681/81822/100912338/58940/29322/64646/689314/297893/64627/25155/690158/316010/366508/84582/116669/116590",0.690132458796796
"rno04061","Viral protein interaction with cytokine and cytokine receptor",83,0.509888563534445,2.03335050206021,3.32670604420008e-06,1.73286628272512e-05,5.88796116408433e-06,3806,"tags=36%, list=21%, signal=29%","25205/25625/116637/297604/25542/78965/81503/245920/29538/170819/305236/24835/24499/298006/360918/287561/29385/156767/304091/498335/24498/306748/301365/681112/140924/287562/54258/57301/29197/114105",0.627256739718528
"rno00260","Glycine, serine and threonine metabolism",37,-0.59724208204498,-2.01724745461276,0.000115601010257699,0.000438529919347142,0.000149004407330522,3983,"tags=62%, list=22%, signal=49%","291450/303272/309312/25044/81660/306586/287379/81508/366959/83784/290551/293820/245961/25134/114027/303306/114123/171133/25257/24250/680021/298942/24962",0.538434096309916
"rno05144","Malaria",64,0.54194908201228,2.01421552519328,1.33103848528104e-05,6.19376575150779e-05,2.10452777388931e-05,4528,"tags=50%, list=24%, signal=38%","81809/25361/287167/25717/361619/25464/24553/24835/364837/24440/25544/688972/689105/301059/29260/445442/59086/310553/308995/25651/309684/25216/25632/24498/494210/287562/29197/25712/292406/24494/681309/25304",0.593325476396405
"rno05135","Yersinia infection",133,0.474487357701142,2.01210981653217,2.02640059785735e-07,1.64468327593538e-06,5.58833151320692e-07,5061,"tags=55%, list=27%, signal=40%","81736/25537/309165/315346/24511/79121/362271/25513/24835/288669/363328/287876/360820/155918/84351/301059/29260/54245/360854/362298/170851/83805/297518/25166/116554/54227/287398/25272/24185/81732/313121/65172/363875/81824/366957/301511/25156/117273/308875/29414/299827/311144/64465/311786/303200/24498/81822/296710/300177/313024/689314/298784/287562/25661/81666/81771/29197/366508/116590/84027/297173/313050/24494/317371/117538/207122/287362/301348/24516/25414/287942/282817/25233",0.690132458796796
"rno05210","Colorectal cancer",87,0.504129240393601,2.00269284364544,5.99907972939584e-06,3.07893944935169e-05,1.04616704041587e-05,4770,"tags=59%, list=26%, signal=44%","24577/81809/25631/24887/25717/116546/25513/24525/24605/85384/25402/293621/24842/299626/114851/29357/81757/29622/170851/24329/116554/116502/24827/59086/25272/24185/363875/366957/59325/25112/117273/29414/64041/81709/29183/499505/363595/366508/116590/84027/492821/297173/100360342/79257/290537/81810/50554/81504/58919/291005/24516",0.610526878385931
"rno00982","Drug metabolism - cytochrome P450",58,-0.535550418125078,-1.99828234807536,4.57904337059708e-05,0.000188010133686868,6.38823881933759e-05,3044,"tags=38%, list=16%, signal=32%","25086/24421/289197/24422/24172/300850/29646/25256/494500/246245/316421/114846/25260/81869/501110/84493/29487/499422/246247/310903/297029/309465",0.557332238758646
"rno04217","Necroptosis",130,0.472473097966351,1.99701413345523,3.05848549777258e-07,2.22377383067215e-06,7.55597479345822e-07,3181,"tags=40%, list=17%, signal=33%","25625/25125/301252/78971/113894/306886/24887/24514/246240/288731/64044/361967/24835/84598/246097/360697/363328/500987/299331/25400/498753/29260/100360754/24828/25166/679886/116554/171140/29292/25272/680615/81639/103690190/502125/25385/502129/25459/361749/29154/499675/690743/361080/29384/311786/24246/25591/305896/362896/367264/58940/64646/363720",0.674962860011025
"rno00770","Pantothenate and CoA biosynthesis",21,-0.67526068772929,-1.99257458928441,0.000680801460474936,0.00199663621601473,0.000678420292199999,4286,"tags=76%, list=23%, signal=59%","300328/65183/29539/367181/298079/360511/54410/296167/65135/81656/116593/60356/85496/64203/287711/294088",0.477270815362862
"rno00970","Aminoacyl-tRNA biosynthesis",42,0.575859572739544,1.98939409165555,0.000178502271010826,0.00063568665900794,0.000215994644138332,1489,"tags=40%, list=8%, signal=37%","294810/313047/293638/306804/291556/266975/289352/299851/292023/307492/314442/287191/291624/297113/25009/301544/292028",0.518848077743792
"rno05100","Bacterial invasion of epithelial cells",76,0.513387611778052,1.98503597499819,1.05189260917401e-05,4.96095298110445e-05,1.6856406510291e-05,3102,"tags=51%, list=17%, signal=43%","305679/315346/24511/24553/313702/362271/25513/116561/288669/287876/360820/83502/54245/360854/362298/85385/83805/297518/54227/307505/81732/363875/81824/301511/117273/308875/117515/288077/305227/25404/60465/64465/500985/691335/316258/83788/81822/296710/313024",0.593325476396405
"rno04810","Regulation of actin cytoskeleton",226,0.432244266125336,1.96939582847094,7.15290577465655e-09,9.24579301983383e-08,3.14155054978233e-08,3190,"tags=35%, list=17%, signal=29%","25267/311061/116670/25537/305679/29431/25021/307483/315346/29302/499271/81634/24511/501203/25513/360891/366624/24525/25439/24605/117517/304580/288669/365355/24237/287876/25745/85384/24668/360820/83709/360606/54250/293621/54245/360854/362298/170851/24329/83805/361598/29271/297518/54319/24628/54227/290396/24185/81732/65172/363875/24629/308995/81824/366957/301511/81521/64303/25156/296078/81814/117273/29414/309684/29432/25724/311144/64465/24903/299909/81822/296710/304109/288001/310621/313024/361568/25087/170921",0.761460801445585
"rno05221","Acute myeloid leukemia",66,0.524158901521703,1.95808117689657,3.26226055462781e-05,0.000137172160670495,4.66085792581335e-05,2066,"tags=30%, list=11%, signal=27%","24577/25125/81736/170929/50662/25021/309165/25513/24525/116636/24605/60350/85384/84351/116663/293621/170851/24649/24185/114494",0.557332238758646
"rno04723","Retrograde endocannabinoid signaling",136,-0.451246761044936,-1.95265860982757,2.85351835584465e-06,1.58075858125362e-05,5.37112714870152e-06,4170,"tags=45%, list=23%, signal=35%","114493/50658/29628/691001/266767/84556/316632/25031/25636/305509/116638/100362331/50592/289218/299643/29716/681024/114120/81728/299310/29705/499529/305795/100912357/293453/25248/64539/100911483/304289/295923/362344/81678/25289/29254/293991/296757/294964/297990/293655/685451/315167/362440/301427/291660/362588/58979/293130/288088/302950/301458/681418/689938/293652/25488/64532/296658/83579/25262/361385/301123/362837",0.627256739718528
"rno00270","Cysteine and methionine metabolism",53,-0.537885861792193,-1.94686979462018,0.000156752187200802,0.000575858035085051,0.000195665977254434,3729,"tags=57%, list=20%, signal=45%","312192/25044/683630/192172/81640/29443/81508/541589/83784/293820/25134/365972/81522/311844/24401/24551/24534/25274/171347/288912/81829/25458/24250/294362/81718/24962/64203/298934/25283/29739",0.518848077743792
"rno05146","Amoebiasis",92,0.469248767935388,1.94254920860067,3.98608755655837e-05,0.000165612447290342,5.62720659785137e-05,4586,"tags=51%, list=25%, signal=39%","25663/81736/81809/305679/25021/309165/81503/81634/25717/25513/117036/24835/501854/290905/60350/192362/140433/25402/117254/309816/364705/29260/291085/59086/361241/310553/24471/307582/309684/305078/29393/24681/24498/29221/29322/25661/298941/81666/366508/114105/117022/25712/171551/24494/84032/84352/309242",0.557332238758646
"rno04662","B cell receptor signaling pathway",76,0.501051215099782,1.93733674999469,2.50748010305853e-05,0.000109388819495928,3.71683105267751e-05,3954,"tags=45%, list=21%, signal=35%","81736/309165/29748/316241/25513/24525/294048/24605/81515/292594/85384/84351/293618/293621/289211/170851/361493/83477/499356/24185/313498/363875/366957/25156/29414/54259/690906/24674/100913063/25155/367901/366508/116590/84027",0.575610261071129
"rno03030","DNA replication",34,0.590433251265428,1.93691525498511,0.000276895655075256,0.000929197919435233,0.000315724376307833,3437,"tags=68%, list=19%, signal=55%","296883/25737/29728/289758/312538/288532/29685/299112/291885/246327/316273/304573/59294/85241/85242/288414/59102/81513/304528/116468/293144/84490/288003",0.49849310876659
"rno05202","Transcriptional misregulation in cancer",173,0.433589278852263,1.93532447597898,6.86768548956928e-07,4.69965144286211e-06,1.59685519051065e-06,3537,"tags=34%, list=19%, signal=27%","304005/24577/81736/78971/170929/54251/50662/24887/25021/309165/25671/117056/314856/362831/24553/362316/84017/60350/24596/116663/24842/299626/114851/360635/315532/24888/116502/362110/317385/680537/81687/114494/691496/291159/304786/25692/24253/64033/25112/680498/84576/310483/25705/366126/310678/304663/29467/24498/315305/301119/114845/24790/613224/367218/171045/297893/25713/498333",0.659444398037935
"rno00380","Tryptophan metabolism",49,-0.539979529016831,-1.93202956163147,0.000171007900853882,0.000615275849463969,0.000209059426163323,5010,"tags=67%, list=27%, signal=49%","66029/312316/681319/312317/170670/65183/287305/291450/29539/24311/298079/368066/24296/59113/541589/171385/364975/297081/311844/316421/361272/64040/25014/116682/298942/56823/299201/24248/29416/140547/685750/171142/113965",0.518848077743792
"rno05216","Thyroid cancer",37,0.568688963856936,1.93123921179951,0.000297322013790727,0.000978918705782676,0.00033261858574453,1704,"tags=35%, list=9%, signal=32%","24577/24887/360709/24525/117557/24605/83502/293621/24842/299626/114851/170851/116502",0.49849310876659
"rno05415","Diabetic cardiomyopathy",190,-0.437250630392833,-1.93003090361452,8.69028346104581e-08,7.77668955873073e-07,2.64237619275151e-07,2928,"tags=41%, list=16%, signal=34%","681024/293448/303393/171335/81728/299310/366448/25756/499529/25139/24179/54322/94271/100912357/65262/116550/293453/64539/100911483/25282/24310/295923/362344/245958/24180/24954/81530/83529/24669/29754/171375/171087/293991/171374/294964/157074/300047/25467/297990/293655/296849/66021/315167/362440/100359982/289217/301427/94194/291660/192241/362588/25391/293130/288088/25176/298596/25747/301011/301458/681418/689938/293652/289950/25488/29554/690848/688869/296658/81638/361385/25522/29741/363061/301123/690987/362837/245965",0.704975715167238
"rno05222","Small cell lung cancer",83,0.483658776754867,1.92875048956437,2.77645974650787e-05,0.000118168835552591,4.01515986244792e-05,2758,"tags=45%, list=15%, signal=38%","24577/81736/78971/24887/309165/24511/25513/117036/290905/192362/140433/84351/25402/114483/360606/24842/309816/299626/114851/499655/25729/24888/78963/291105/116502/50557/362817/362485/24185/294790/399489/25112/307582/29414/305078/311786/94201",0.575610261071129
"rno04151","PI3K-Akt signaling pathway",327,0.401240018188123,1.92258197067081,1.02842067801546e-09,1.53342200710344e-08,5.21028616921245e-09,2907,"tags=32%, list=16%, signal=27%","310132/24577/25267/81736/301252/56010/311061/79255/25647/117104/54251/94268/366492/309165/315346/294337/29302/25576/78965/24514/314856/24511/24553/25513/117036/246255/84598/24525/294048/25439/116636/24605/117045/290905/24499/192362/140433/296619/299331/85384/497931/84351/24596/114483/360606/54250/298518/293621/24842/114110/309816/114851/24718/29304/29260/363275/361821/25578/25729/170851/24329/362165/24628/24888/445442/25353/79218/24827/50557/362817/500131/25084/298400/362485/24185/171556/81667/25385/310553/363875/24629/24600/294962/64033/690825/59325/497672/24400/114562/406169/307582/29414/25724/305078/29393/311144/498949/362862/94201/29183/60449/361042/24498/65248",0.788186810800237
"rno00480","Glutathione metabolism",69,-0.498849975856078,-1.92081899584015,9.09334589655378e-05,0.000348744804164535,0.000118497075254289,2925,"tags=46%, list=16%, signal=39%","24609/24421/114515/362368/289197/29328/24422/24479/300850/113892/494500/102549803/64570/500237/114846/25458/25260/81869/81641/501110/116568/29487/499422/171084/116684/297029/299976/25283/361596/309465/29739/289668",0.538434096309916
"rno00650","Butanoate metabolism",24,-0.631047601690752,-1.90757010303421,0.000621602896477497,0.00183846958364955,0.000624678177294534,3673,"tags=58%, list=20%, signal=47%","314196/81632/79238/24763/246263/361637/690163/64304/25014/117099/140547/171142/113965/291133",0.477270815362862
"rno05206","MicroRNAs in cancer",274,0.409462998209165,1.90703484448608,1.12436693660346e-08,1.35311745129175e-07,4.59764442477436e-08,2638,"tags=25%, list=14%, signal=22%","24577/25125/25267/25426/81736/81809/24851/94268/25648/315346/29302/364712/314856/24553/25513/24525/84017/24605/25496/25406/363140/81818/85384/306141/84351/25402/114483/293621/24842/406162/170913/114851/54245/25729/170851/85385/24329/171103/54319/24628/445442/100314151/24646/291105/116502/363287/50557/114509/24649/100314228/24451/25573/362485/100314186/81687/24629/399489/311860/64033/684771/497672/117273/171102/84576/299284/312299/315740/84350/25705",0.747739663149885
"rno05208","Chemical carcinogenesis - reactive oxygen species",209,-0.41855005432173,-1.87183012363319,2.29904972965176e-07,1.8235644446556e-06,6.19613684989701e-07,3267,"tags=43%, list=18%, signal=35%","362897/294515/289218/307092/171082/299643/24296/25086/681024/293448/303393/24421/171335/81728/83785/299310/289197/24422/366448/499529/65030/300850/54322/94271/100912357/78959/65262/116550/293453/291283/64539/100911483/25282/24786/494500/295923/362344/245958/83529/29754/171375/293991/171374/294964/157074/300047/114846/297990/293655/25260/315167/362440/289217/301427/94194/81869/291660/192241/362588/25313/501110/29487/499422/24248/81745/293130/64363/288088/25176/298596/25096/301011/301458/681418/689938/293652/140925/25488/690848/688869/365057/309465/296658/361385/29741/363061/301123/362837/245965",0.690132458796796
"rno05322","Systemic lupus erythematosus",87,0.470745531729289,1.87007344949135,7.29386353987208e-05,0.00028926799720629,9.82879493093159e-05,3440,"tags=44%, list=19%, signal=36%","291794/81634/117056/116591/24835/680312/117517/171365/24237/500987/498753/100360754/24828/64647/304966/24829/691488/680615/103690190/361247/502125/691496/291159/687711/25408/502129/102549061/499675/680498/29384/310678/100912338/29687/58940/64646/81783/362634/64627",0.538434096309916
"rno04666","Fc gamma R-mediated phagosome formation",90,0.461512501282878,1.86899183502252,6.19788629442959e-05,0.000251518874041387,8.54614910078912e-05,3510,"tags=44%, list=19%, signal=36%","29431/117028/79121/361517/116591/25513/366624/81515/288669/81520/25734/289211/54245/360854/362298/170851/29271/297518/304966/54227/24699/24185/81732/65172/363875/81824/366957/301511/25156/29414/54259/64465/84477/24681/296710/170897/313024/25097/25603/25155",0.538434096309916
"rno05205","Proteoglycans in cancer",198,0.416518355070646,1.86630760773352,4.37333139156959e-07,3.11488297073018e-06,1.05837998841346e-06,3549,"tags=39%, list=19%, signal=32%","24577/25125/81809/116670/25537/29431/50692/315346/29302/314856/24511/24553/25513/24771/24835/24525/246097/24605/25433/25697/365355/25406/293860/287876/85384/24668/360820/25402/54250/293621/24842/25400/114851/29304/29260/29357/170851/24329/83805/361598/54319/25679/445442/114850/59086/171140/24185/64537/81687/25385/310553/363875/29560/81521/25156/117273/29414/288077/25404/25216/60465/29393/64465/500985/24246/364754/24681/291678/81822/304109/303181/361568/170921/25622/689314/59327/25661/24483",0.674962860011025
"rno03410","Base excision repair",44,0.534953007723873,1.86471625193161,0.000951226430055048,0.00265582419271369,0.000902400252184627,5316,"tags=70%, list=29%, signal=50%","25737/79116/289758/299112/300985/304573/59294/288414/25459/81513/304577/304528/25591/116468/293144/84490/290027/305957/288003/29541/314380/290729/303369/315344/81528/89809/362385/362600/298098/85472/114521",0.477270815362862
"rno05416","Viral myocarditis",80,0.470087176431976,1.86466883124524,0.00020054738094149,0.000692980553946336,0.000235462056696322,4787,"tags=52%, list=26%, signal=39%","365527/304883/499400/414789/25150/24988/25464/64036/64044/414793/414779/414819/287876/25402/89843/414783/368153/363875/308995/311860/366957/414791/25408/414784/24751/309684/361628/25404/287986/81822/361787/24973/64625/309607/24750/414792/50669/299940/58919/298573/24747/680842",0.518848077743792
"rno04721","Synaptic vesicle cycle",78,-0.481003743757058,-1.86284066118517,0.000158560951938678,0.000576435127360403,0.000195862062603848,4304,"tags=37%, list=23%, signal=29%","25716/24898/299971/266767/84556/685232/116638/54241/81637/289407/25550/436582/116664/94170/171163/291969/171574/297566/297932/50676/368044/296981/24803/362802/25531/140694/312488/297797/25130",0.518848077743792
"rno04060","Cytokine-cytokine receptor interaction",255,0.399632129347185,1.86212730744927,7.53943554933533e-08,6.9243763334685e-07,2.35277582254363e-07,4647,"tags=36%, list=25%, signal=27%","302965/25205/310132/25625/25663/252963/81809/116637/60584/25647/680609/297604/25542/25556/78965/81503/25717/365395/245920/29538/29455/170819/305236/24835/362628/246097/171499/497942/24499/360697/25466/312679/24596/60582/298518/298006/29200/155140/361615/360918/25196/59086/25084/500590/171556/365368/25385/287561/29385/156767/361749/100124593/304091/361313/500910/498335/24498/306748/252833/171060/301365/681112/362417/140924/306247/287562/54258/57301/29197/310738/114105/117022/25237/364031/116553/24497/652957/289635/296872/25712/287437/353218/171040/171551/81810/24494/498206/246775/252834/679119/59304",0.704975715167238
"rno04517","IgSF CAM signaling",285,0.396608343588836,1.86129599872559,2.53385480961017e-08,2.60092743692338e-07,8.83747343454746e-08,3394,"tags=34%, list=18%, signal=29%","498736/25066/305679/29431/291081/25021/315346/361969/29302/499271/81634/25150/24511/79121/501203/307351/25464/289392/304447/25513/246118/300218/81515/288669/25466/296554/688721/287876/24366/25745/360820/364049/155918/83709/83502/89843/84006/311703/360854/362298/170851/308417/83805/361598/100911068/297518/115769/309557/54319/29214/500929/171337/116554/54227/64158/25272/24185/81732/316531/363875/308995/81824/311860/301511/25408/310695/81521/303141/25156/296078/81527/117273/29414/309684/29432/116479/307199/54259/311144/64465/24367/314903/501869/24681/29647/316258/312477/81822/296710/58945/498286/25613/360406/289227/685867/24547/25622/689314",0.73376198835648
"rno05219","Bladder cancer",39,0.539936478157859,1.84594609909773,0.00089638061131072,0.00254338888900359,0.000864196802309889,2163,"tags=46%, list=12%, signal=41%","24577/314856/24525/24605/25433/363140/83502/293621/24842/114851/170851/24329/83805/445442/64391/291105/81687/399489",0.477270815362862
"rno04820","Cytoskeleton in muscle cells",211,0.405430629448879,1.84295797823751,8.36845675051493e-07,5.61652193448021e-06,1.90839093339859e-06,4528,"tags=40%, list=24%, signal=31%","85250/60374/311061/24851/305679/307483/315346/294337/29302/64204/313582/114636/362332/24511/24771/64353/117557/362790/29276/24334/287925/290905/81818/287876/25745/286908/307562/691149/360606/313494/117505/498579/54133/361821/29437/171009/300838/500450/445442/24852/290396/362401/64362/292879/116685/24213/25437/299356/89789/290354/85490/25724/25216/29393/311144/29275/81822/83727/291760/298584/170921/24915/306871/25181/25028/25713/25661/25592/314212/299625/307982/63839/315191/25043/292406/29389/299940/84032/291245/689008/282583/27064/84352/681309/25304",0.659444398037935
"rno05162","Measles",127,0.44030585799847,1.84227492348582,1.78579871573074e-05,8.09407469857179e-05,2.75021783039379e-05,4241,"tags=43%, list=23%, signal=33%","25125/81736/24887/309165/299899/54318/25513/64044/84598/246097/307641/84351/25402/301059/114483/24842/289211/24468/29260/25729/24888/78963/116554/116502/362817/362485/25272/24185/313121/25385/310553/24472/81521/64033/29414/246268/299827/94201/81635/305896/24498/83427/300177/498286/499801/140924/54287/64625/362788/366508/84027/266610/25326/81650",0.575610261071129
"rno01240","Biosynthesis of cofactors",137,-0.429417259660508,-1.83847950398072,2.57153707127037e-05,0.000110798325663378,3.76472348186961e-05,3469,"tags=42%, list=19%, signal=35%","298079/29270/25374/683630/360511/296167/691853/498332/100125370/29421/294753/287379/59113/309391/501167/289934/29531/81716/292875/293820/25455/315085/26956/64300/78959/25249/680668/293504/289219/83578/84594/171347/29309/25458/85269/353255/116682/365699/298942/56823/29223/25586/300741/309004/305348/64845/25106/29498/64203/287711/25283/24183/294088/313689/29739/309070/361338/298653",0.575610261071129
"rno04630","JAK-STAT signaling pathway",149,0.422106168279618,1.83523193087686,9.57786306898345e-06,4.5790057685962e-05,1.5558620076105e-05,3423,"tags=31%, list=19%, signal=25%","25205/310132/24577/89829/25125/252963/25267/60584/25647/24514/365395/170819/25513/84598/362628/171499/24499/360697/85384/117063/298518/293621/114851/24329/155140/24628/24888/24649/25084/24185/171556/365368/24629/64033/29414/304091/305896/24498/362896/367264/60430/171060/252971/681112/25622/140924",0.593325476396405
"rno04062","Chemokine signaling pathway",177,0.409985245205678,1.83004248096422,3.0749997981758e-06,1.67683582744274e-05,5.69757997426177e-06,5079,"tags=47%, list=27%, signal=35%","25125/81736/116637/25537/29431/25542/309165/24514/81503/245920/29538/25513/305236/24525/24605/497942/81515/54223/85384/360820/25734/497931/84351/293621/298006/54245/170851/85385/83805/360918/171337/79218/25643/24185/81667/363875/79113/366957/287561/25238/29385/294962/690825/25156/100124593/24400/117273/29414/64465/498335/60449/306748/304109/29322/314612/114119/287562/81666/54258/57301/29241/366508/114105/84420/116590/84027/297173/25326/59076/171551/114858/81504/81918/317371/298947/81664/25023/311647/59075/25414/287942/25233/246358/60665",0.627256739718528
"rno01521","EGFR tyrosine kinase inhibitor resistance",78,0.469316894044704,1.82148282673048,0.000152516388062685,0.00057234644552556,0.000194472803657798,2096,"tags=37%, list=11%, signal=33%","25125/25267/24887/24514/24553/25513/84598/24525/116636/24605/117045/112400/24499/308444/85384/54250/293621/29304/363275/170851/85385/24329/83805/24628/24888/24827/50557/24185/24629",0.518848077743792
"rno04659","Th17 cell differentiation",103,0.441977685177026,1.81793856661202,0.000198972392933616,0.000692980553946336,0.000235462056696322,2261,"tags=25%, list=12%, signal=22%","25205/25125/25663/81736/301252/25631/680609/50662/309165/24514/29748/316241/84598/24499/360697/25466/299331/84351/29357/155140/116554/59086/25084/25272/365368/29560",0.518848077743792
"rno04141","Protein processing in endoplasmic reticulum",165,0.414311958597374,1.81055508327708,3.22201243120928e-06,1.72997282844929e-05,5.87812973821151e-06,3178,"tags=38%, list=17%, signal=31%","301252/79255/690315/116598/156117/114590/24887/690038/297961/298068/54318/311483/362040/192235/499317/140639/83619/83809/299331/362859/246146/499751/360734/116643/286906/25596/295235/171071/24468/295461/361842/298012/171129/362226/116554/304766/116502/100362805/80843/25272/689134/297994/24472/498013/29154/295243/406169/310846/29468/78947/298652/311786/116645/362862/29467/79435/312903/64202/298943/289085/298689/29435",0.627256739718528
"rno05218","Melanoma",71,0.469848842920018,1.80110979095066,0.000960716823101719,0.00266103310525794,0.000904170144938232,2452,"tags=35%, list=13%, signal=31%","25267/24887/314856/24553/25513/24525/24605/114483/83502/54250/293621/24842/299626/114851/170851/24329/24628/291105/116502/50557/24185/24629/399489/25112/29414",0.477270815362862
"rno05164","Influenza A",154,0.414010699330644,1.79998457557857,6.97762592261653e-06,3.47884492427596e-05,1.18204757136809e-05,3790,"tags=37%, list=20%, signal=30%","89829/25625/81736/24887/309165/24514/83791/245920/54318/25464/25513/64044/24835/84598/85252/246097/494338/360697/363328/287876/84351/25402/301059/114483/29260/296219/81830/170851/25052/25166/78963/116502/24185/288064/25385/361749/29414/246268/81738/299827/94201/362281/81635/85245/305896/24498/81822/300177/499801/54287/287562/302591/64625/304277/29197/362788/366508",0.610526878385931
"rno00511","Other glycan degradation",16,-0.664722585176788,-1.79616115995057,0.00322274133616203,0.00820975712642736,0.0027895245933778,5390,"tags=75%, list=29%, signal=53%","294673/298399/292485/300757/29204/310864/361378/246136/316033/24375/24591/290923",0.431707695803346
"rno04964","Proximal tubule bicarbonate reclamation",22,-0.594564357612313,-1.78728872799575,0.00403455707562114,0.00992689773175518,0.00337297741361172,3650,"tags=55%, list=20%, signal=44%","84484/25650/24214/362282/24211/24399/24551/252919/25240/170943/29639/24784",0.407017918923954
"rno04933","AGE-RAGE signaling pathway in diabetic complications",98,0.43512976298886,1.78670985893318,0.000241850173865996,0.000827506967443459,0.000281171659688249,3544,"tags=43%, list=19%, signal=35%","25125/81736/81809/25631/24617/24887/309165/307483/25361/24514/25717/25464/25513/24835/24525/24323/24605/290905/25544/25402/293621/29357/25584/116554/287745/24649/59086/25272/24185/363875/24600/83580/29414/29393/64465/94201/24498/29322/689314/24655/287562/25661",0.518848077743792
"rno00062","Fatty acid elongation",29,-0.560756279456247,-1.78667015052166,0.00352347234960725,0.00891081050734007,0.00302772964831561,1886,"tags=34%, list=10%, signal=31%","314304/29470/171155/140547/498728/679532/113965/170465/54398/191576",0.431707695803346
"rno04670","Leukocyte transendothelial migration",114,0.426443752080788,1.78038012846733,9.01018549041933e-05,0.000348744804164535,0.000118497075254289,2972,"tags=32%, list=16%, signal=27%","25537/305679/304407/65132/65130/25021/25361/81634/24511/501203/361517/25464/25513/307618/364018/287876/65129/360820/54319/171337/307505/25643/81687/363875/308995/500904/366957/81521/25156/117273/309684/116479/311144/64465/24681/304125/81822",0.538434096309916
"rno04014","Ras signaling pathway",226,0.390546480845884,1.77941194477029,2.36705817688214e-06,1.44930404163486e-05,4.92446878167467e-06,3549,"tags=32%, list=19%, signal=26%","25267/81736/29431/304063/54251/94268/304883/366492/85311/309165/78965/108348076/79121/24356/116546/24553/207119/25513/24525/24605/25597/365355/363140/85384/84351/24596/54250/293621/114110/81757/29622/170851/85385/24329/24628/24888/304893/171337/79218/116554/24827/25272/24185/81667/25385/363875/24629/311860/366957/294962/690825/296078/24400/117273/29414/29432/299827/64465/84014/84477/60449/24681/170668/304109/361568/25097/25622/50663/25022/314612/24242/114119/24483",0.627256739718528
"rno05235","PD-L1 expression and PD-1 checkpoint pathway in cancer",87,0.447559995424602,1.7779670928015,0.00031020651126932,0.00101179506946722,0.000343789369925666,2845,"tags=34%, list=15%, signal=29%","25125/81736/309165/60462/24514/29748/316241/313861/25513/84598/24525/307641/24605/360697/363328/84351/301059/293621/680127/29260/170851/303604/24329/50557/24185/310553/29560/29414/303200/24674",0.49849310876659
"rno05214","Glioma",73,0.456123380042536,1.7735526542797,0.00028115480423934,0.000934505015995521,0.000317527630185673,3464,"tags=45%, list=19%, signal=37%","25267/24887/314856/25513/24525/24605/85384/114483/293621/24842/25400/299626/114851/170851/85385/24329/24628/291105/116502/24827/50557/171140/24185/24629/399489/25112/29414/24246/94201/24681/50663/314612/24242",0.49849310876659
"rno05017","Spinocerebellar ataxia",137,0.408868637776261,1.76872058441313,8.73714956646723e-05,0.000342614067269333,0.000116413963527433,3790,"tags=41%, list=20%, signal=33%","29670/307821/362214/29673/361358/58854/25513/289990/292766/94198/29675/83806/287670/117262/303353/289924/689030/298874/311078/24718/29668/29508/117263/81827/25679/65138/116554/287984/288498/294560/25272/24185/29677/361649/25581/365388/29672/498013/287772/83499/29414/311786/24681/29666/161475/192218/24790/29322/29671/300240/29674/29676/81666/29669/362268/366508",0.538434096309916
"rno05152","Tuberculosis",166,0.402813531787646,1.76800448965984,2.13089740560831e-05,9.53439993022181e-05,3.23961387394018e-05,4106,"tags=40%, list=22%, signal=31%","25625/81736/81809/25336/25301/24887/25021/309165/499271/24514/29748/25717/108348076/116591/64044/24835/84598/58936/450223/60350/360697/171293/25402/301059/680127/25400/289211/29260/29508/83805/83477/155140/304966/78963/116554/59086/171140/25272/24185/310553/24253/117273/29414/309684/304091/24246/24674/24498/361680/300177/170897/155151/50663/689314/24242/25155/316010/64625/29197/116590/63868/25441/266610/310659/25712/297173",0.575610261071129
"rno05140","Leishmaniasis",69,0.461507102133324,1.76791924043996,0.000500527576381771,0.00153933613045105,0.000523038127345534,2669,"tags=33%, list=14%, signal=29%","81736/81809/25021/309165/24514/25717/24511/171361/116591/24835/84598/364018/360697/81520/301059/29260/304966/59086/313121/310553/500904/309684/311144",0.477270815362862
"rno05211","Renal cell carcinoma",68,0.470410123677113,1.76490822053054,0.00106115418502696,0.00289330320761258,0.000983091257079171,2671,"tags=38%, list=14%, signal=33%","81809/29431/64525/25717/24356/24553/25513/24525/24605/85384/293621/114851/54245/170851/24628/171337/24827/59086/361258/24185/363875/29560/296078/29414/29432/64465",0.45505986738723
"rno05034","Alcoholism",142,0.410895256362097,1.7608406241792,6.79553031288582e-05,0.000272602307953695,9.26252543818307e-05,3483,"tags=40%, list=19%, signal=33%","79255/117056/24525/24605/680312/500987/85384/24668/24604/293621/498753/100360754/170851/24828/85385/362165/64647/79218/296501/50664/363287/24829/500131/691488/298400/25643/680615/81667/103690190/361247/502125/691496/291159/502129/102549061/294962/690825/114906/83506/499675/24400/680498/84576/406169/29384/310678/60449/29316/100912338/58940/64646/50663/314612/297893/64627/24242/114119",0.538434096309916
"rno04623","Cytosolic DNA-sensing pathway",67,0.454762651049804,1.75594174880246,0.00140014347348237,0.00375884670957961,0.0012771870321665,3388,"tags=39%, list=18%, signal=32%","81736/116637/306886/498109/309165/246240/245920/311580/64044/500242/361640/84351/25402/25166/171092/306012/100049583/315084/361749/690743/299827/81635/24498/362858/64026/300088",0.45505986738723
"rno04612","Antigen processing and presentation",75,0.446082351173822,1.75376097839858,0.000502820397912377,0.00153933613045105,0.000523038127345534,4828,"tags=57%, list=26%, signal=43%","301252/365527/25336/499400/266759/414789/24988/24835/414793/414779/24811/25697/24812/414819/299331/24468/29614/29508/414783/297602/368153/414791/24472/414784/24751/29468/287716/64202/24223/25217/361787/24973/290644/309607/310659/25712/24750/414792/29683/29144/24747/680842/25617",0.477270815362862
"rno00310","Lysine degradation",58,-0.468143089429941,-1.74676751305016,0.00164478436966169,0.00434871018948431,0.00147761180217984,4144,"tags=52%, list=22%, signal=40%","100362634/65183/291450/29539/303272/500281/311968/361688/298079/64564/310638/100361710/296925/364975/300723/361272/64040/365155/25014/100169747/361798/298942/299201/170898/29416/303547/140547/171142/113965/502710",0.45505986738723
"rno04012","ErbB signaling pathway",83,0.436531903924994,1.74081638516927,0.000586452335806828,0.00176441263100503,0.000599514985797978,2824,"tags=40%, list=15%, signal=34%","24577/29431/304883/25513/24525/116636/24605/25433/112400/85384/293621/25400/114851/54245/170851/85385/24329/83805/116554/24827/287398/171140/25272/24185/311860/59325/296078/29414/29432/500985/24246/29183/24681",0.477270815362862
"rno04664","Fc epsilon RI signaling pathway",65,0.458851862537316,1.74032225970216,0.00098089994963747,0.00269554395609037,0.000915896297813763,3978,"tags=45%, list=22%, signal=35%","25150/25513/24835/24525/24605/81515/85384/155918/293621/170851/116554/287398/25272/24185/363875/366957/25156/29414/54259/303200/84477/689314/25155/367901/366508/116590/116553/24497/25441",0.45505986738723
"rno04540","Gap junction",84,0.441194613911194,1.73810981791375,0.000414296224187743,0.00129097662715645,0.000438650132454768,2245,"tags=32%, list=12%, signal=28%","498736/25267/291081/64462/307351/246118/24525/300218/24605/296554/54223/85384/293621/170851/24329/83805/24392/29214/24628/25679/500929/114509/64158/25643/316531/24629/171492",0.49849310876659
"rno03020","RNA polymerase",31,0.537003962283076,1.73672246788224,0.0053061421827842,0.0126838604232307,0.00430974266896134,3388,"tags=42%, list=18%, signal=34%","680493/498109/313245/117017/361784/362728/83582/361640/192147/306012/83581/362858/300088",0.407017918923954
"rno04519","Cadherin signaling",344,0.360891926355243,1.73647281679698,1.39058331661658e-06,8.82388322725791e-06,2.99819335608546e-06,4355,"tags=35%, list=24%, signal=27%","25267/81736/56010/25537/305679/140585/683522/295062/309165/25576/81634/300228/361517/24553/25484/25626/307618/360891/407761/24525/287925/24605/288669/365355/291654/81818/287876/24668/294853/84351/300242/287702/307562/83502/293621/114110/360854/362298/25578/407757/170851/24329/117057/25409/297518/65157/24392/81658/116554/54227/307505/300247/293619/114850/64362/25272/81732/315323/363014/363875/24629/81824/295027/29707/366957/301511/315259/291752/315318/25156/117273/307481/113927/287701/304822/85265/64465/297387/303200/364754/316101/286993/291678/81822/303530/296710/287678/308582/303181/498515/361568/291760/117048/365360/363595/689314/65189/294299/306871/361630/407759/501061/360626/289785/314212/294643/311693/116590/84027/287700/291647/81751/297173/308666/292994/79257/25577/499254/366991",0.643551836150722
"rno04392","Hippo signaling pathway - multiple species",27,0.547556697687473,1.7278176701497,0.00489291525181789,0.0117767408474789,0.00400152010808331,3546,"tags=56%, list=19%, signal=45%","29431/683522/295062/257646/363140/363014/58822/85265/297387/316101/308582/65189/294299/361630/362423",0.407017918923954
"rno04215","Apoptosis - multiple species",30,0.530173406529228,1.7247531207506,0.00672884414943286,0.0157608497191414,0.00535524708307771,4063,"tags=53%, list=22%, signal=42%","25625/78971/24887/64044/25402/24596/24888/78963/116554/116502/25272/64041/64026/64625/492821/266610",0.407017918923954
"rno03250","Viral life cycle - HIV-1",61,0.464576029963543,1.71387538109831,0.00153810795914144,0.0040977074636669,0.00139232568885273,3034,"tags=41%, list=16%, signal=34%","751812/362325/290640/311580/85252/84509/29456/25281/315137/501083/499223/56084/306809/679886/311796/362110/361825/294258/313323/296954/306347/361080/301119/378947/298696",0.45505986738723
"rno04722","Neurotrophin signaling pathway",118,0.408454471912542,1.71093868085094,0.000199240474486622,0.000692980553946336,0.000235462056696322,4106,"tags=44%, list=22%, signal=35%","81736/79255/114203/24887/309165/316241/25513/24525/170820/289014/24605/85384/84351/24596/293621/24842/25400/54245/170851/303604/85385/314870/171337/116554/114509/171140/25272/24185/360678/25385/363875/311860/117273/29414/64465/24246/300177/25622/50663/689314/314612/58838/24242/81771/310738/116667/366508/116590/117089/84027/81751/297173",0.518848077743792
"rno04917","Prolactin signaling pathway",74,0.433905088025809,1.69811146967009,0.00227560521797587,0.00588286089684131,0.00199888801805526,2452,"tags=28%, list=13%, signal=25%","89829/25125/81736/24508/309165/24514/25513/24525/24605/85384/293621/170851/85385/83805/116554/25272/24185/171556/25351/64033/29414",0.431707695803346
"rno04370","VEGF signaling pathway",57,0.458982402068789,1.69805959497108,0.00193935182799998,0.00508897584941348,0.00172914046888768,3924,"tags=42%, list=21%, signal=33%","29748/25513/24525/289014/24605/360820/315994/293621/170851/83805/24185/363875/366957/24471/24600/29414/64465/24681/24674/170897/689314/314612/366508/116590",0.45505986738723
"rno04980","Cobalamin transport and metabolism",16,-0.627957873425495,-1.69681844348956,0.00870459734620727,0.019694484885938,0.00669182402075992,3093,"tags=56%, list=17%, signal=47%","290947/64365/362134/81522/313520/246046/361809/688517/362851",0.380730400722792
"rno04932","Non-alcoholic fatty liver disease",147,-0.390531781323354,-1.68046733386562,0.000257542193727052,0.000872642967094573,0.000296508042864333,3085,"tags=41%, list=17%, signal=35%","299643/25086/681024/293448/303393/64547/58852/171335/81728/289036/299310/366448/499529/360631/54322/100912357/293453/64539/100911483/25282/24651/295923/362344/24954/293991/294964/157074/300047/25467/297990/293655/315167/78975/362440/289217/301427/94194/291660/362588/373545/293130/288088/298596/25747/301011/171078/301458/681418/689938/293652/25488/690848/688869/365057/296658/361385/29741/363061/301123/362837/311567",0.49849310876659
"rno00730","Thiamine metabolism",14,-0.644879949440827,-1.6776971550741,0.010851648299743,0.0233270989442093,0.00792611951790423,1890,"tags=43%, list=10%, signal=39%","680668/84594/29223/25586/305889/24183",0.380730400722792
"rno05332","Graft-versus-host disease",51,0.471686854180754,1.6765699708043,0.00363971883360405,0.00913857462537994,0.00310511970979696,4787,"tags=55%, list=26%, signal=41%","365527/499400/414789/24988/24835/246097/414793/414779/414819/414783/368153/25385/414791/25408/414784/24751/24498/361787/24973/309607/25712/24750/414792/50669/24494/29683/24747/680842",0.431707695803346
"rno00430","Taurine and hypotaurine metabolism",19,-0.573918054831149,-1.67118895588565,0.0175796784312334,0.033710482266486,0.0114542023459238,1982,"tags=37%, list=11%, signal=33%","25256/246245/60356/81718/84493/116568/246247",0.352487857583619
"rno00500","Starch and sucrose metabolism",28,-0.529572300069116,-1.66675763164588,0.0145968134028254,0.0294467507374917,0.0100054647308482,3397,"tags=46%, list=18%, signal=38%","289687/54410/25634/288333/24701/367562/24382/85496/292804/24645/362029/303565/690987",0.380730400722792
"rno04660","T cell receptor signaling pathway",119,0.395091400177745,1.66484214358498,0.000539567750479387,0.00163747082536788,0.000556382493167626,4150,"tags=39%, list=22%, signal=31%","81736/117104/29431/309165/29748/25150/316241/25513/24835/246255/24525/24605/85384/155918/84351/293621/116596/170851/83477/116554/366962/24699/25272/24185/313121/360640/25156/296078/117273/29414/29432/84492/64465/94201/24674/25622/689314/363193/366508/117256/116590/24497/84027/24673/25712/297173/313050",0.477270815362862
"rno04115","p53 signaling pathway",71,0.434178168106983,1.66437049144256,0.00468021602091791,0.0113430235506969,0.00385415094145447,3603,"tags=48%, list=19%, signal=39%","686781/24617/24887/314856/64044/246097/25402/114483/313017/24842/299626/114851/362791/140583/25729/24888/445442/78963/50557/362817/64394/304923/362485/315427/64033/25112/362720/94201/301013/54237/140941/293625/25203/64625",0.407017918923954
"rno03082","ATP-dependent chromatin remodeling",106,0.401135810650762,1.66389441923095,0.000911179050786745,0.0025645281348756,0.000871379529562028,5436,"tags=54%, list=29%, signal=38%","314126/317413/296084/362258/65137/500987/287876/300891/680172/498753/100360754/363002/24828/313048/293514/361374/83712/307766/310661/680615/103690190/361825/502125/502129/499675/64520/84576/171379/29384/303518/311713/361925/292907/81822/192218/58940/64646/292404/297893/301020/300222/24919/85423/360804/361724/290669/304569/308067/361295/287452/298447/362834/288563/298098/317575/360853/362594",0.477270815362862
"rno00920","Sulfur metabolism",10,-0.692231690842126,-1.66373598364188,0.0229480791935686,0.0423750245426214,0.0143982545751716,3281,"tags=80%, list=18%, signal=66%","292710/192172/25274/295443/81805/64473/294103/103689947",0.352487857583619
"rno04622","RIG-I-like receptor signaling pathway",60,0.443739400429038,1.6609843272797,0.00244012124248847,0.00626178171785643,0.00212763834926324,4193,"tags=42%, list=23%, signal=32%","317335/81736/306886/309165/245920/64044/24835/266764/494338/84351/116554/25272/313121/299827/311786/81635/298696/298693/499801/689314/362788/116667/312937/266610/287824",0.431707695803346
"rno05418","Fluid shear stress and atherosclerosis",142,0.387579527097027,1.66092396017148,0.000365640319355223,0.00117071992160526,0.000397789113975452,3527,"tags=39%, list=19%, signal=32%","25625/25663/81736/301252/113894/309165/25361/29302/25464/25513/24771/307618/24835/24323/364018/83619/25697/25544/299331/287876/84351/24842/83805/24628/116554/114509/499417/287398/24451/25272/24185/313121/81687/363875/366957/114593/25692/24314/24600/83580/117273/29414/310635/64352/25404/25216/362862/24426/65248/81822/116484/57298/50663/689314/24242/287562",0.49849310876659
"rno04530","Tight junction",164,0.373764963601621,1.63886813332215,0.000155428403700701,0.000575858035085051,0.000195665977254434,3044,"tags=37%, list=16%, signal=31%","288515/25537/117104/304407/65132/50662/266759/65130/81634/24511/83807/293057/501203/361517/310655/304447/246255/300218/288669/25737/60324/287876/25745/65129/302495/84006/360854/362298/83805/297518/115769/65157/54319/500929/116554/54227/81756/64158/25272/81732/316531/363875/81824/301511/81521/266688/303141/117273/310635/116479/288077/60465/64465/94201/54254/65248/304125/81822/296710/304109",0.518848077743792
"rno04066","HIF-1 signaling pathway",110,0.39555653283749,1.63756099986559,0.000746741449480476,0.00213665615049148,0.000725996492661365,3117,"tags=35%, list=17%, signal=30%","25125/81736/24617/297604/54251/24383/309165/64525/116510/25513/24323/116636/24334/303448/117045/24499/360697/25400/114851/29304/29260/363275/170851/24329/24451/171140/361258/24185/25060/25059/29560/24600/29414/24189/24246/24681/24498/81807/117276",0.477270815362862
"rno00563","Glycosylphosphatidylinositol (GPI)-anchor biosynthesis",28,-0.514507703965205,-1.61934384032677,0.0237795076891177,0.0432242092890733,0.0146867919457746,4556,"tags=50%, list=25%, signal=38%","300046/100910143/303277/681086/363464/366478/313341/362756/288238/361344/192263/309051/291132/303872",0.352487857583619
"rno04621","NOD-like receptor signaling pathway",159,0.370871698700246,1.61584442363987,0.000356740705995032,0.00115280098511357,0.000391700588668191,4614,"tags=38%, list=25%, signal=29%","81736/301252/78971/156117/114555/306886/290408/309165/246240/81503/300732/64044/24835/84598/315435/500133/29465/171164/685067/363328/299331/84351/301059/29260/25166/25679/24888/116554/294560/25272/313121/315084/117273/246268/303090/299827/311786/305896/24498/300177/116484/29322/613224/689314/298784/287562/316010/29197/362788/191568/114105/116590/287464/266610/297173/359726/171551/24494/207122/287362/294770",0.49849310876659
"rno05223","Non-small cell lung cancer",71,0.420534465636434,1.61206897687076,0.00762199431778778,0.0173861177575682,0.00590748329350448,2824,"tags=35%, list=15%, signal=30%","25125/24887/313861/24553/25513/24525/24605/363140/85384/114483/293621/24842/299626/114851/170851/24329/291105/116502/24827/24185/399489/25112/29414/94201/24681",0.407017918923954
"rno05330","Allograft rejection",52,0.438695360284823,1.60487599951087,0.00900123496171404,0.0198835951911515,0.00675608022701918,4787,"tags=50%, list=26%, signal=37%","365527/499400/414789/24988/24835/246097/414793/414779/414819/414783/368153/25385/414791/25408/414784/24751/361787/24973/309607/24497/25712/24750/414792/50669/24747/680842",0.380730400722792
"rno04360","Axon guidance",174,0.359450612218156,1.6046609074668,0.00074691131908298,0.00213665615049148,0.000725996492661365,4754,"tags=39%, list=26%, signal=29%","25537/29431/140585/94268/296789/366492/362993/29748/312275/25150/24511/501203/24553/289392/25513/360891/315996/366624/24525/24605/304580/293621/25400/296787/83805/29271/293042/171140/84609/25643/310630/301346/65172/363875/308739/311860/366957/296078/117273/29432/25186/64465/24246/314903/24674/287989/252833/361568/25622/60629/361597/295382/89821/366508/170922/116590/84027/25416/297173/58946/81918/50685/360840/303901/362279/362398/81664/316369",0.477270815362862
"rno05215","Prostate cancer",104,0.396922732609573,1.60336781864967,0.00128519864389881,0.00347701028465646,0.00118142419454223,2792,"tags=35%, list=15%, signal=30%","25267/81736/301252/79255/309165/314856/25513/24525/24605/299331/85384/84351/293621/24842/114851/25729/170851/24329/362165/24628/291105/24827/50557/362817/500131/298400/362485/24185/81687/24629/399489/25692/29414/25705/362862/24426",0.45505986738723
"rno04512","ECM-receptor interaction",76,0.414391706339648,1.60226391512678,0.00389945671867367,0.00972078853440793,0.00330294529620952,4528,"tags=49%, list=24%, signal=37%","311061/315346/294337/29302/24511/24771/117036/290905/192362/140433/25406/116727/360606/309816/24718/361821/445442/25353/691992/307582/25724/305078/25216/29393/311144/170921/29643/25713/25661/298941/25592/116669/25460/292406/84352/681309/25304",0.431707695803346
"rno05165","Human papillomavirus infection",325,0.336042563665856,1.60038603192195,2.17700538716759e-05,9.61740354584165e-05,3.26781697709477e-05,4285,"tags=38%, list=23%, signal=30%","25625/81736/365527/311061/117104/689844/499400/24508/24887/309165/315346/294337/29302/414789/314856/24511/24988/25513/117036/64044/24835/246255/84598/24525/246097/116636/414793/414779/24605/25496/290905/414819/363328/192362/140433/85384/360820/84351/25402/689030/114483/360606/304545/293621/24842/406162/309816/84006/114851/24718/361821/117263/25729/170851/24329/362165/445442/25353/116502/50557/313166/362817/114850/500131/414783/368153/298400/362485/24185/114494/25385/24629/399489/414791/64033/414784/24751/84576/307582/29414/113927/25724/305078/299827/29393/311144/64465/94201/364754/301965/305896/680111/291678/303181/361787/298693/25630/170921/363595/24973/297893/54287/25713/25661/298941/54265/363193/362788/252921/362268/366508/117256/309607/116669/116590/84027/266610/24673/362938/301112/24750/680991/414792/79257/313575",0.575610261071129
"rno01040","Biosynthesis of unsaturated fatty acids",30,-0.504002901433753,-1.6001744968655,0.0116283070249731,0.0240134861048262,0.00815934126071999,3405,"tags=40%, list=18%, signal=33%","50559/25541/83512/24157/171402/314304/79244/50681/83522/498728/679532/191576",0.380730400722792
"rno04940","Type I diabetes mellitus",59,0.43335699540863,1.59721042109838,0.00593438035377184,0.0139939104288268,0.00475487358488106,4787,"tags=47%, list=26%, signal=35%","365527/499400/414789/24988/24835/246097/414793/414779/414819/414783/368153/25385/414791/25408/414784/24751/116660/361787/24973/309607/63868/25712/24750/414792/50669/24494/24747/680842",0.407017918923954
"rno04514","Cell adhesion molecule (CAM) interaction",164,0.363522083928584,1.59395560613438,0.000372246567475451,0.00118103683680848,0.000401294612158161,3097,"tags=27%, list=17%, signal=23%","25066/365527/304407/65132/499400/65130/25021/25361/414789/24511/24988/25464/24771/307618/414793/414779/414819/25544/65129/83502/690899/89843/308417/29259/295322/315716/414783/368153/24699/308995/414791/25651/25408/414784/24751/309684/116479/307199/25216/311144/116595/304125/499342/361787",0.49849310876659
"rno00980","Metabolism of xenobiotics by cytochrome P450",61,-0.423787053361277,-1.58955559469601,0.011402141901771,0.0236865924030838,0.00804826878849114,3142,"tags=39%, list=17%, signal=33%","307092/24296/25086/24421/691002/289197/24422/26760/24172/300850/171445/29646/291283/494500/25116/114846/25260/81869/501110/29487/499422/310903/297029/309465",0.380730400722792
"rno03440","Homologous recombination",37,0.466519316353616,1.58427621083685,0.0185187638175172,0.0353172053131886,0.0120001373089809,3071,"tags=46%, list=17%, signal=38%","296883/287634/85482/499870/289758/291787/293452/102551085/59294/308755/360588/497672/64557/298429/59102/313063/293144",0.352487857583619
"rno00350","Tyrosine metabolism",34,-0.476207350293678,-1.58367856103132,0.0199633737102566,0.0374581581982772,0.0127275937530934,2394,"tags=29%, list=13%, signal=26%","29531/24172/81683/29646/24401/316421/29383/302980/360719/310903",0.352487857583619
"rno05230","Central carbon metabolism in cancer",66,0.423288377895211,1.58126286274922,0.00698649531728312,0.0162552457715454,0.00552323377571814,2452,"tags=33%, list=13%, signal=29%","24577/25267/292657/50719/24553/25513/24525/24605/293621/24842/170851/24329/50557/24185/299638/25060/25059/24629/502894/29560/25351/29414",0.407017918923954
"rno04977","Vitamin digestion and absorption",27,-0.486574143856335,-1.57564323874287,0.0342481035971498,0.0583053080751477,0.019811072154198,4280,"tags=56%, list=23%, signal=43%","25081/312226/314459/85309/64365/289175/29723/313520/316559/311536/50621/80848/170551/246046/306262",0.321775918075361
"rno00330","Arginine and proline metabolism",51,-0.432018418645931,-1.57073256839551,0.0174142697720968,0.0335777908865293,0.0114091162536048,4094,"tags=51%, list=22%, signal=40%","65183/291450/29539/24598/298079/81660/24609/81640/360547/300035/29593/314214/293949/680409/361538/297081/114027/24401/64040/307212/25257/64313/298607/291394/29215/289668",0.352487857583619
"rno04382","Cornified envelope formation",176,0.354074674145504,1.56330120929247,0.000386801348505059,0.00121615919484924,0.000413228543944857,4460,"tags=34%, list=24%, signal=26%","83626/117104/304407/65132/81778/65130/64204/25626/246255/407761/287925/60335/290905/192362/140433/94195/65129/294853/300242/287702/307562/407757/445415/300247/302934/293619/287424/315323/361991/291752/315318/85247/301012/307582/25724/287701/305078/304822/304125/303530/287678/316122/311839/306871/366697/315851/407759/301482/363193/102550416/360626/117256/287700/24673/292994/298487/366991/114093/407758",0.49849310876659
"rno03430","Mismatch repair",22,0.527037776875674,1.56178908262358,0.0312577921830436,0.054273479959613,0.0184411310571158,3437,"tags=64%, list=19%, signal=52%","296883/25737/289758/305000/59294/288414/59102/81513/304528/81709/116468/499505/293144/288003",0.321775918075361
"rno05321","Inflammatory bowel disease",60,0.413549053029339,1.54797724740907,0.00930727695041231,0.0204291802244899,0.00694145999463462,4101,"tags=38%, list=22%, signal=30%","25125/81736/81809/25631/309165/25717/24835/360697/29260/29357/155140/59086/25084/310553/24498/362896/367264/301365/140924/29197/116553/24497/25712",0.380730400722792
"rno03015","mRNA surveillance pathway",86,0.384067896182342,1.54289188935896,0.00900174223553564,0.0198835951911515,0.00675608022701918,5515,"tags=52%, list=30%, signal=37%","117104/298385/307503/690585/246255/684558/294754/290284/292295/171350/295284/287113/24668/298510/361605/296219/317385/299256/362836/501582/362178/292683/298648/291877/302591/304277/363193/114612/313131/117256/24673/681012/298681/366952/690303/691397/308653/302405/691318/361176/311670/259170/360855/368070/287522",0.380730400722792
"rno03420","Nucleotide excision repair",55,0.420456140739185,1.53990270929643,0.0123633840635583,0.0252328715683149,0.00857366603145645,5417,"tags=56%, list=29%, signal=40%","498109/292673/117017/296883/25737/361580/192147/298012/289758/299112/304573/59294/288414/59102/81513/304528/116468/293144/84389/288003/64470/300084/294693/361365/266713/288651/89809/362385/298098/291703/83503",0.380730400722792
"rno00670","One carbon pool by folate",35,-0.464256079277547,-1.53648335674843,0.0337577833828687,0.0577522862775547,0.0196231655107611,3983,"tags=66%, list=22%, signal=52%","291450/312192/309312/683630/306586/287379/29443/300886/81508/64392/89833/290551/245961/64300/25134/365972/81522/114123/171347/171133/24250/298942/24962",0.321775918075361
"rno05213","Endometrial cancer",58,0.41721375082572,1.53535914578162,0.0112397857090895,0.0236306338100736,0.0080292550869883,2452,"tags=33%, list=13%, signal=29%","24577/24887/25513/24525/24605/85384/83502/293621/24842/299626/114851/170851/24329/307505/116502/50557/24185/25112/29414",0.380730400722792
"rno04960","Aldosterone-regulated sodium reabsorption",39,-0.443992233476911,-1.52902569514821,0.0241566089933648,0.0436821582315249,0.014842394580275,3707,"tags=38%, list=20%, signal=31%","85243/25650/116501/24214/25122/24482/24211/24954/25467/81745/29639/24521/25117/29741/25672",0.352487857583619
"rno03266","Virion - Herpesvirus",8,0.685999482394791,1.52559736979444,0.0418577328444986,0.0695635655368096,0.023636421136422,1555,"tags=50%, list=8%, signal=46%","315346/29302/308417/100910669",0.321775918075361
"rno00450","Selenocompound metabolism",16,-0.562489429132186,-1.51991475544839,0.0312062742748922,0.054273479959613,0.0184411310571158,2668,"tags=69%, list=14%, signal=59%","363285/541589/81522/311844/295443/308993/50551/24962/294103/361661/291314",0.352487857583619
"rno04611","Platelet activation",121,0.358397634164636,1.51900462522197,0.00723620788779141,0.0166147141634158,0.00564537452899776,4742,"tags=46%, list=26%, signal=35%","116670/25537/361969/29302/25150/24511/501203/361517/25513/309186/25439/81515/54223/287876/24366/116727/24668/155918/497931/313494/84006/83805/25679/171337/25643/24185/691992/24600/117273/304496/29414/292661/29393/24367/81822/29322/170921/689314/25155/81666/367901/29241/366508/84420/25505/116669/116590/25441/297173/307171/84032/84352/25202/50685/298947/81664",0.407017918923954
"rno03018","RNA degradation",76,0.392368952016023,1.51711195859721,0.0100091483259797,0.0218324547860432,0.00741826690139603,4945,"tags=47%, list=27%, signal=35%","54230/24334/307850/684148/313243/292295/316098/171350/298510/295050/361109/301513/360464/306103/297455/313707/366017/290647/29619/364624/296913/498934/361736/363077/363064/63868/298086/360992/291604/300944/500305/362229/362829/291671/360760/302405",0.380730400722792
"rno04156","Integrated stress response (ISR) signaling pathway",49,0.425901719722024,1.51629752393418,0.0150945925248771,0.0301029302353263,0.0102284224650043,2957,"tags=35%, list=16%, signal=29%","301252/296302/79255/246273/54318/171145/498416/299331/282840/24668/64514/171071/170916/362196/29467/25389/84005",0.380730400722792
"rno04071","Sphingolipid signaling pathway",125,0.356602543383199,1.51348780312276,0.00567982900539878,0.0134847641012529,0.00458187501981711,4286,"tags=46%, list=23%, signal=35%","25625/81736/25537/117104/24887/309165/314649/25150/25513/24835/246255/24525/24605/171293/293621/24842/29733/170851/286896/116554/50557/25643/25272/24185/363875/366957/366984/24600/117273/29414/311786/24903/84477/24681/360618/170897/288001/29322/25097/25087/500651/24565/689314/366697/81666/64625/363193/29415/366508/117256/116590/25441/60399/24673/297173/353233/313339",0.407017918923954
"rno04015","Rap1 signaling pathway",210,0.337994881101916,1.50900134723912,0.000604384827030565,0.00180282311652707,0.000612566162873901,3924,"tags=34%, list=21%, signal=27%","25267/54251/94268/366492/25021/29302/78965/24511/116546/361517/24553/25513/360891/24525/25439/24605/54223/287876/155918/24596/83502/54250/313494/293621/114110/84006/54245/81757/29622/170851/24329/83805/361442/24628/445442/171337/50664/25643/24185/363875/24629/308995/366957/303141/64303/25156/117273/29414/309684/64465/303200/292771/24681/29316/81822/304109/29322/361568/50663/102551431/25022/689314/24242/81666/310738/29241/500317/366508/362317/84420/116590",0.477270815362862
"rno00750","Vitamin B6 metabolism",8,-0.652788015138036,-1.50888883696017,0.062111801242236,0.098302713114903,0.0334014553179743,2282,"tags=38%, list=12%, signal=33%","293820/316421/83578",0.261663521711573
"rno04920","Adipocytokine signaling pathway",71,0.392493254491276,1.50457632108433,0.0199104393266182,0.0374581581982772,0.0127275937530934,2907,"tags=30%, list=16%, signal=25%","89829/25625/25125/81736/309165/24514/316241/24835/113976/84351/24604/116554/25272/24185/156767/83506/94340/29414/311786/361042/65248",0.352487857583619
"rno04926","Relaxin signaling pathway",121,0.354432749622465,1.50220016731291,0.00880326545044795,0.019694484885938,0.00669182402075992,4770,"tags=45%, list=26%, signal=34%","81736/79255/309165/25513/24525/24323/24605/81633/290905/54223/85384/293621/29357/170851/85385/24329/362165/83805/79218/116554/50664/287398/500131/59086/298400/25643/25272/24185/81667/81687/24600/294962/690825/24400/406169/29414/29393/60449/29322/689314/314612/114119/29241/366508/295144/84420/116590/114858/81810/81504/84032/84352/314638/81664/24516",0.380730400722792
"rno05204","Chemical carcinogenesis - DNA adducts",64,-0.401700965985041,-1.50209754174083,0.0221604284902237,0.0411382422504684,0.0139780186817723,3069,"tags=31%, list=17%, signal=26%","24296/25086/83790/29277/24421/289197/24422/83783/300850/494500/25116/114846/25260/81869/501110/29487/499422/297029/309465/116631",0.352487857583619
"rno04610","Complement and coagulation cascades",85,0.377511813223261,1.49505102036661,0.0108690904968909,0.0233270989442093,0.00792611951790423,3238,"tags=28%, list=18%, signal=23%","362248/24617/50692/24854/25021/361969/499271/64036/25439/117517/24237/24366/24153/25584/29636/25692/83580/309684/24903/24367/29687/288001/25087/362634",0.380730400722792
"rno04915","Estrogen signaling pathway",132,0.349595029470539,1.49466748901446,0.00403902429200354,0.00992689773175518,0.00337297741361172,3968,"tags=38%, list=21%, signal=30%","301252/79255/25513/24525/24605/25433/171293/299331/54223/85384/294853/287702/293621/24468/170851/85385/24329/362165/83805/25679/24827/50664/500131/260321/298400/25643/24185/81687/24472/24600/406169/29414/287701/362862/303530/287678/24790/29322/50663/314612/24242/81666/360626/29241/366508/83633/84420/116590/50599/287700",0.407017918923954
"rno00515","Mannose type O-glycan biosynthesis",23,-0.503695883242532,-1.49270824187503,0.0389609333814598,0.065059166268562,0.0221059090465184,1717,"tags=30%, list=9%, signal=28%","117108/361368/493574/362520/688673/64445/293667",0.321775918075361
"rno05410","Hypertrophic cardiomyopathy",93,0.369703343044437,1.48927880671862,0.0167847504996124,0.032725574996451,0.0111195489561036,2972,"tags=28%, list=16%, signal=24%","60374/81809/311061/24851/315346/29302/25717/24511/24835/117557/24323/312668/287876/140447/360606/500450/24852/59086/64362/25437/25724/311144/24498/65248/29275/81822",0.352487857583619
"rno00562","Inositol phosphate metabolism",76,-0.384873011453397,-1.48868446229309,0.0143680264922795,0.0291537281732881,0.00990590104867433,4151,"tags=38%, list=22%, signal=30%","361632/83523/171088/317296/688862/290651/316457/85243/25031/316376/311355/24849/65052/25738/114554/64161/59268/288762/81708/305935/501194/252899/287607/306490/171458/50560/287533/309855/116482",0.380730400722792
"rno04814","Motor proteins",175,0.33480195402053,1.48836751239545,0.00202469702288518,0.00527327806706663,0.00179176297535655,3838,"tags=30%, list=21%, signal=24%","498736/24851/291081/305012/501203/307351/25484/304447/246118/117557/300218/25486/81633/361415/296554/287876/25745/83462/691149/29437/117057/29214/500450/500929/305967/24852/207117/116659/64158/316531/84392/293502/171529/315740/81655/294010/362044/84391/29275/81822/362186/58945/289397/298584/685867/303575/84393/353302/171041/500571/252921/289785/84428",0.431707695803346
"rno00010","Glycolysis / Gluconeogenesis",62,-0.403197863634266,-1.48663297580899,0.0174031756357391,0.0335777908865293,0.0114091162536048,4196,"tags=50%, list=23%, signal=39%","25438/65183/292138/291450/25058/29539/298079/362282/24849/24172/25634/78959/29646/24651/81654/24534/24190/25741/24362/64040/298942/311569/292804/310903/24645/296259/313843/303565/289950/29554/65152",0.352487857583619
"rno04260","Cardiac muscle contraction",80,-0.381108124999951,-1.47655861703057,0.0159644738803106,0.0314779739221943,0.0106956370393721,3642,"tags=32%, list=20%, signal=26%","25650/497902/24585/24214/362897/29716/293448/303393/171335/366448/54322/24211/25282/58942/300047/94194/25391/312981/301011/140726/302863/29639/690848/688869/29715/116600",0.352487857583619
"rno04390","Hippo signaling pathway",153,0.337816450245074,1.47391045405822,0.00431806604437599,0.010538496849561,0.00358078755392825,4682,"tags=39%, list=25%, signal=30%","24577/81809/56010/78971/117104/25631/24617/683522/295062/25671/25576/25717/64462/246255/257646/363140/287876/24668/83502/84006/29357/25578/307505/114850/59086/363014/58822/64033/309684/64041/85265/297387/364754/29183/316101/291678/81822/308582/252833/303181/363595/65189/294299/361630/54265/117256/84027/364952/24673/362938/303024/79257/25577/81810/50554/81918/58919/252834/679119/362279",0.407017918923954
"rno04550","Signaling pathways regulating pluripotency of stem cells",135,0.338514050820437,1.46778536038098,0.0108948914839717,0.0233270989442093,0.00792611951790423,1941,"tags=17%, list=10%, signal=15%","25205/24577/25125/60584/25631/25671/24514/25513/84598/24525/114505/681178/24605/54250/293621/29357/170851/29200/25196/309457/114850/293847/24185",0.380730400722792
"rno01523","Antifolate resistance",28,0.451628201618714,1.45297261606123,0.0544354838709677,0.0879536290322581,0.0298850267412332,3359,"tags=46%, list=18%, signal=38%","81736/309165/25303/24835/81643/84351/299857/687266/288259/140668/24498/170924/24565",0.276500599254472
"rno04961","Endocrine and other factor-regulated calcium reabsorption",59,-0.391345441719944,-1.45268195183839,0.0292746443759438,0.0518621872446924,0.0176218181071077,4136,"tags=42%, list=22%, signal=33%","292855/140448/24594/24873/25650/25031/24523/25636/54241/24214/83839/100361452/81637/29600/24211/29599/25289/83504/56813/24890/171574/302950/29639/29715/140694",0.352487857583619
"rno03272","Virion - Hepatitis viruses",49,0.407334805046248,1.45019549746584,0.0258765627045802,0.0463124122251204,0.0157361065487261,1940,"tags=22%, list=10%, signal=20%","300438/304407/65132/65130/65129/501083/25073/24329/171577/679886/307833",0.352487857583619
"rno00230","Purine metabolism",125,-0.346743098379459,-1.44657973489744,0.0119709730335309,0.0245757034629546,0.0083503723866317,2671,"tags=27%, list=14%, signal=23%","60398/314312/191569/245708/29691/26956/58813/287368/25368/308776/117533/25289/295443/85269/301261/81529/24689/29223/85496/25206/302950/24645/361063/297389/299976/290646/81743/294103/24183/100363253/64532/192357/297998/308758",0.380730400722792
"rno05226","Gastric cancer",146,0.333738368236284,1.44460993621182,0.0071353850045936,0.0164917176596236,0.00560358257742792,3395,"tags=29%, list=18%, signal=24%","24577/81809/25631/24887/25717/24553/25513/24525/24605/85384/83502/54250/293621/24842/170913/299626/114851/29357/25729/170851/85385/24329/24646/291105/307505/116502/362817/114850/59086/362485/24185/399489/25112/29414/113927/364754/301965/291678/303181/117048/363595/25022/314612",0.407017918923954
"rno03320","PPAR signaling pathway",81,-0.366820773658903,-1.44427267589171,0.0233639434770748,0.0429158751236796,0.0145820256629115,3709,"tags=40%, list=20%, signal=32%","24207/361602/25287/83574/24552/25541/24539/362282/308579/83512/24157/298423/58852/361801/25756/25045/25288/24306/29171/25682/79223/266674/50681/65192/83522/252898/81745/25747/171142/24158/79131/301517",0.352487857583619
"rno05014","Amyotrophic lateral sclerosis",332,0.299670604661859,1.43047137134331,0.000704325352115058,0.00204841289906796,0.000696013057554237,3003,"tags=31%, list=16%, signal=26%","498736/25625/79255/29670/113894/307821/362152/156117/291081/114590/24887/53372/690585/29748/29673/54318/307351/58854/25497/362687/289990/24835/246118/292766/94198/29675/300218/295692/83806/287670/113975/112400/296554/25281/287876/117262/303353/289924/29578/361814/366016/25402/116643/29326/155423/311078/502128/24842/308416/296219/29668/117263/116555/298762/81827/25166/29214/25679/24888/500929/65138/78963/207117/287984/288498/294560/317385/64158/65274/29677/361649/316531/25581/363875/117021/245922/365388/29672/498013/156767/64303/362361/287772/83499/292085/294744/81738/299827/362335/29507/311786/294010/303200/311182/29467/287830/291874/362281/24674/29666/161475/81822/58958",0.477270815362862
"rno04350","TGF-beta signaling pathway",108,0.343212390620198,1.42723436110752,0.0150734440445503,0.0301029302353263,0.0102284224650043,4974,"tags=43%, list=27%, signal=31%","24577/81809/293135/25631/316742/25671/25717/24835/81505/29357/29200/445442/84604/25196/59086/100360427/499929/308739/361178/117273/84576/680111/24790/252833/83727/25585/297893/303614/300084/116590/116651/24673/25712/297173/680066/81810/50554/690516/303875/252834/29199/679119/294503/315963/83711/25261",0.380730400722792
"rno00340","Histidine metabolism",23,-0.480935920363223,-1.42525884372627,0.0622489959839357,0.098302713114903,0.0334014553179743,4928,"tags=57%, list=27%, signal=42%","312316/312317/65183/291450/29539/298079/89833/297081/64040/307212/79251/291394/81676",0.257206466468838
"rno01230","Biosynthesis of amino acids",75,-0.367503927934024,-1.42517587443304,0.0256734833663389,0.046185802550785,0.0156930869082081,2846,"tags=36%, list=15%, signal=31%","25104/287379/24849/24616/300035/24479/293820/25179/81522/24651/24401/81670/24190/171347/25741/24250/114096/24689/300981/79250/29215/50655/24962/64203/94173/361596/65152",0.352487857583619
"rno05225","Hepatocellular carcinoma",171,0.328155026563071,1.42393860459262,0.00878988136235429,0.019694484885938,0.00669182402075992,3954,"tags=36%, list=21%, signal=29%","24577/58819/81809/25631/24887/25717/24553/25513/24525/24605/83619/287876/85384/114483/293621/24842/299626/114851/29357/363002/170851/85385/24329/24888/291105/116502/24827/50557/114850/361374/24451/59086/24185/361825/399489/24314/25112/29414/171379/113927/64352/303518/94201/364754/24426/24681/301965/361925/291678/81822/303181/292404/363595/57298/314612/24483/499689/301020/366508/24423/116590/84027",0.380730400722792
"rno00052","Galactose metabolism",29,-0.443132333419339,-1.41189914737838,0.0665322580645161,0.104593504795118,0.0355389507193043,2342,"tags=34%, list=13%, signal=30%","25634/316033/367562/25741/298003/24382/24645/313843/303565/65152",0.248911114434702
"rno04070","Phosphatidylinositol signaling system",93,-0.356158762504442,-1.41134125968788,0.030098445517612,0.0530523105335687,0.0180262001286885,4256,"tags=35%, list=23%, signal=27%","497978/361632/83523/317296/688862/316457/85243/25031/691455/316376/24244/54248/311355/65052/25738/25666/140866/114554/81678/64161/59268/288762/305935/501194/287607/306490/81821/171458/50560/100361138/25262/29741/116482",0.352487857583619
"rno00604","Glycosphingolipid biosynthesis - ganglio series",13,-0.539910375105597,-1.39967368959641,0.0849420849420849,0.128890381064294,0.0437945827497514,2798,"tags=38%, list=15%, signal=33%","64018/316033/83505/29758/64828",0.213927855492356
"rno04068","FoxO signaling pathway",129,0.329292529408032,1.39873895158203,0.0195034508804611,0.0369929584634833,0.0125695274326095,2907,"tags=30%, list=16%, signal=26%","25125/81809/25631/83722/314649/25717/314856/25513/24525/29548/58936/24605/85384/84351/293621/299626/114851/24787/60421/29733/170851/24329/116554/50557/362817/59086/25272/24185/294790/310344/25385/58822/64033/25112/29414/361042/25515/24498/65248",0.352487857583619
"rno04152","AMPK signaling pathway",120,-0.332455039057624,-1.38822477710042,0.0315122181403323,0.0544443768860197,0.0184991986919804,3235,"tags=31%, list=17%, signal=26%","294515/84021/312754/362282/308579/83840/116719/24482/60660/289036/501146/84482/25756/25139/25634/54283/29412/24954/25741/25467/24362/85239/78975/362739/362339/25735/373545/81745/290291/24255/117103/360827/303565/65152/83516/29741/690987",0.321775918075361
"rno03260","Virion - Human immunodeficiency virus",8,-0.600246707827924,-1.38744207286362,0.118012422360248,0.170191468610441,0.057827933270239,89,"tags=12%, list=0%, signal=12%","24932",0.186432558434075
"rno00100","Steroid biosynthesis",20,-0.475302867244071,-1.38640459201729,0.0880626223091976,0.132910954161473,0.0451606995984402,1143,"tags=25%, list=6%, signal=23%","81681/361631/64191/293688/29580",0.211400189384923
"rno04914","Progesterone-mediated oocyte maturation",89,0.346882006993372,1.38316231806172,0.0350300539765706,0.0593470331933161,0.0201650312046206,3924,"tags=39%, list=21%, signal=31%","301252/313702/25513/24525/299331/54223/170851/171103/116554/362817/25643/25272/287101/24185/114494/297176/293502/171102/29414/293056/361389/25515/54237/291689/689314/296137/360643/29398/25203/81771/261730/29241/366508/84420/116590",0.321775918075361
"rno05207","Chemical carcinogenesis - receptor activation",215,0.301951882888378,1.38215911915381,0.0113288420771188,0.023675244819847,0.00804441308825214,2854,"tags=21%, list=15%, signal=18%","24577/25125/84010/25426/81736/301252/79255/309165/24514/361959/25513/24525/362809/116636/114505/24605/299331/54223/367808/85384/24917/54250/293621/170851/24329/362165/83805/361055/360621/500131/298400/25643/24185/288064/399489/286989/171102/84410/406169/29414/64041/64352/54239/362862/24681/85245",0.380730400722792
"rno03460","Fanconi anemia pathway",42,0.399838059155032,1.38130111950368,0.0557768924302789,0.0897056933556098,0.0304803459990267,3530,"tags=36%, list=19%, signal=29%","292673/296883/287634/499870/313387/497856/293452/308755/360588/497672/59102/312641/361435/360847/360254",0.271288554688953
"rno05414","Dilated cardiomyopathy",97,0.340680274956977,1.37200150870217,0.0334887316016015,0.0575742232953641,0.0195626629818382,2112,"tags=21%, list=11%, signal=18%","60374/81809/311061/24851/315346/29302/25717/24511/24835/117557/312668/54223/287876/140447/360606/500450/24852/59086/64362/25437",0.321775918075361
"rno00120","Primary bile acid biosynthesis",17,-0.490867560360882,-1.37195401633093,0.111578947368421,0.162254385964912,0.0551310584542834,2063,"tags=35%, list=11%, signal=31%","170588/79244/252898/25284/301264/301517",0.193813302725311
"rno01522","Endocrine resistance",92,0.331087116264414,1.3706013944524,0.0286011612940793,0.0509275780185392,0.0173042550682256,4013,"tags=38%, list=22%, signal=30%","84010/24887/314856/25513/24525/24605/25433/25496/54223/85384/293621/24842/406162/114851/170851/85385/24329/83805/116554/291105/25272/24185/81687/399489/29414/94201/24790/363026/689314/314612/29241/366508/84420/116590/114496",0.352487857583619
"rno04148","Efferocytosis",154,0.314278538619862,1.36638140720933,0.0167300185339221,0.032725574996451,0.0111195489561036,3413,"tags=29%, list=18%, signal=24%","171109/29302/24514/309527/60587/300980/315435/289014/501854/308444/286934/361401/25402/25400/54245/29733/170851/287222/25277/25166/445442/59086/171140/314480/81639/363875/25528/24253/29560/57027/313033/24246/25145/64202/29221/29687/289615/361679/170897/362634/64026/282580/25622/689314/29597",0.352487857583619
"rno04614","Renin-angiotensin system",35,-0.412300516268268,-1.36453330285042,0.0758483033932136,0.11764914615214,0.0399750177170114,4136,"tags=40%, list=22%, signal=31%","292855/296370/24594/24523/302668/100361452/302526/24179/24310/24180/64017/81641/24590/81638",0.231126709673834
"rno00561","Glycerolipid metabolism",61,-0.363131254805355,-1.36204566209993,0.0502008032128514,0.0824193990232475,0.0280045970917555,4348,"tags=41%, list=24%, signal=31%","681211/497978/313997/65183/291450/29539/296972/298079/309014/361796/54248/24539/25666/291437/362972/140866/78959/79223/29254/64040/361730/81821/294324/100361138/406165",0.287857117255149
"rno00053","Ascorbate and aldarate metabolism",23,-0.458716220338794,-1.35941052043854,0.0883534136546185,0.132910954161473,0.0451606995984402,4312,"tags=52%, list=23%, signal=40%","501907/65183/291450/29539/63867/298079/78959/83504/691018/64040/252899/25106",0.213927855492356
"rno04145","Phagocytosis",256,0.293117468814669,1.35326810470519,0.0111646933765135,0.0236150181115346,0.00802394915960864,2354,"tags=23%, list=13%, signal=20%","498736/365527/291081/499400/25021/315346/29302/312689/414789/24511/24988/298068/307351/116591/498638/114091/25513/140914/246118/364018/501854/300218/414793/414779/24811/310710/25697/361415/60350/24812/414819/296554/171293/287876/170496/83462/25073/289211/29260/56084/29214/304966/445442/500929/116659/414783/368153/64158/80843/689134/81687/316531/310553/363875/500904/366957/414791/414784/24751",0.380730400722792
"rno04912","GnRH signaling pathway",88,0.33916334822902,1.35062639088819,0.0503018108651912,0.0824193990232475,0.0280045970917555,3969,"tags=39%, list=21%, signal=30%","79255/24525/24605/25433/54223/85384/293621/25400/170851/303604/24329/83805/25679/116554/114509/287398/171140/25272/171492/64465/24246/303200/29322/25097/50663/689314/24242/81666/116667/29241/84420/81707/116590/25194",0.287857117255149
"rno00983","Drug metabolism - other enzymes",79,-0.342464468129159,-1.34462928326729,0.0582329317269076,0.0928004254460766,0.0315318790886577,3044,"tags=33%, list=16%, signal=28%","25086/311864/24421/289197/24422/171118/65135/81656/300850/494500/29225/116593/114846/85269/25260/81869/690050/501110/29487/499422/497778/299976/295620/309465/116631/361052",0.266350657088526
"rno04971","Gastric acid secretion",73,-0.346684934998561,-1.3427617807107,0.0562851782363977,0.0901079229564349,0.0306170162252474,3642,"tags=29%, list=20%, signal=23%","25650/25031/25636/305509/691455/24214/24244/170847/29712/24211/84020/81678/25289/302950/24255/24521/64532/25262/29718/297910/288057",0.261663521711573
"rno03450","Non-homologous end-joining",13,-0.517425524530095,-1.34138354512774,0.115830115830116,0.1677373876544,0.0569940816622567,10,"tags=8%, list=0%, signal=8%","290907",0.181383128498408
"rno00051","Fructose and mannose metabolism",37,-0.39673169047878,-1.34000268373966,0.0936329588014981,0.140248509106107,0.047653865919698,2808,"tags=38%, list=15%, signal=32%","24788/24849/501167/54283/310935/25659/300036/24190/25741/24362/691018/361730/300741/65152",0.199915231309662
"rno05224","Breast cancer",144,0.310773135896698,1.33945756643959,0.0304838900140753,0.0534616965573482,0.018165301975909,3083,"tags=24%, list=17%, signal=20%","24577/309452/84010/24887/25513/24525/24605/25496/85384/114483/54250/293621/24842/406162/114110/299626/114851/170851/85385/24329/291105/116502/50557/114850/24185/399489/497672/25112/29414/113927/94201/364754/291678/24790/303181",0.352487857583619
"rno04640","Hematopoietic cell lineage",87,0.337159947187752,1.33939426498967,0.03582837746369,0.0604062982358832,0.0205249499990067,1223,"tags=20%, list=7%, signal=18%","25663/25647/25021/315346/29302/78965/64036/24835/361584/60350/24499/25406/688972/116727/360606/25668/298518",0.321775918075361
"rno04120","Ubiquitin mediated proteolysis",137,0.309504302612733,1.33888144117117,0.0219281836491642,0.040924791944162,0.0139054921904601,4926,"tags=44%, list=27%, signal=32%","89829/78971/64525/116725/297961/314856/363284/54252/100912032/117060/308508/292588/689226/294328/361258/25573/294790/308384/314432/497672/362294/299602/298652/192255/500985/246216/295704/79435/361389/140941/81807/303478/298689/296368/295686/252971/291689/302938/64156/360643/501546/64470/303614/300084/116667/300948/50522/303024/100366017/64515/293155/361831/690516/304490/171136/292699/317341/303689/298317/287155",0.352487857583619
"rno04935","Growth hormone synthesis, secretion and action",116,0.324745891487893,1.3364362948645,0.0516528925619835,0.0838458581587546,0.0284892816906624,3954,"tags=34%, list=21%, signal=27%","89829/25125/79255/24514/25513/24525/24605/54223/85384/293621/54245/170851/85385/362165/25679/116554/287398/500131/298400/25643/25272/24185/24517/171044/406169/29414/303200/24681/29322/252971/689314/314612/81666/116667/29241/366508/84420/116590/84027",0.287857117255149
"rno04114","Oocyte meiosis",116,0.324342834907753,1.33477758429508,0.0516528925619835,0.0838458581587546,0.0284892816906624,4354,"tags=41%, list=24%, signal=32%","56010/25576/29748/313702/54308/54223/24668/25400/25578/25729/170851/25679/362817/171140/362485/287101/297176/315330/293056/24246/361389/24674/25515/54237/291689/50663/689314/363174/24242/296137/360643/25203/363193/81771/261730/63996/300084/29241/84420/116590/29486/24673/303024/292263/307511/25577/64515/293155",0.287857117255149
"rno04725","Cholinergic synapse",109,0.320099327552427,1.33452899829547,0.0479846449136276,0.0793679671794125,0.026967776630162,3966,"tags=35%, list=21%, signal=28%","79255/24514/25150/25513/24525/24605/54223/497931/293621/25400/170851/362165/25679/79218/50664/500131/171140/298400/25643/24185/81667/294962/690825/24400/29414/54239/24246/60449/24681/29322/276720/114119/81666/29241/366508/84420/116590/50599",0.287857117255149
"rno04144","Endocytosis",248,0.291253459586017,1.33333652625833,0.0111335172137202,0.0236150181115346,0.00802394915960864,4682,"tags=41%, list=25%, signal=31%","25267/300438/365527/298500/25631/499400/117028/414789/314856/79121/24988/79120/414793/414779/306380/116561/246324/288669/414819/309376/501083/83709/691149/79119/293621/84006/24468/29357/360854/362298/81830/24329/83805/297518/56084/313474/679886/54227/414783/368153/307833/81732/81922/619382/81824/414791/24472/301511/25238/29385/414784/24751/117273/60443/192204/305367/116563/288700/25404/64465/500985/361617/361512/296710/361787/25097/298584/363720/288659/311785/300791/24973/25022/140924/404781/54258/303614/363487/309607/312915/297173/84357/50993/24750/59076/414792/140940/314764/292156/360834/81810/362300/690516/81918/117538/108348178/287873/287443/171136/292699/362279",0.380730400722792
"rno04130","SNARE interactions in vesicular transport",34,-0.399949405311792,-1.3300745952344,0.0823529411764706,0.126057791537668,0.0428321208856808,3793,"tags=38%, list=21%, signal=30%","252853/25624/64630/65277/29631/65134/290627/85491/83730/362283/24803/60466/25130",0.219250346703755
"rno05020","Prion disease",245,0.286989863979907,1.32795227659032,0.015549447540694,0.0308338476801262,0.0104767747800119,2975,"tags=30%, list=16%, signal=26%","498736/79255/29670/307821/156117/291081/24887/29748/29673/25150/54318/307351/58854/25513/117036/289990/24835/246118/292766/94198/364018/29675/307641/300218/83806/25496/287670/117517/24237/296554/117262/303353/289924/25402/311078/24468/29668/117263/362165/298762/81827/29214/25679/500929/65138/78963/116554/287984/294560/500131/64158/298400/25272/29677/316531/25581/363875/500904/365388/366957/24472/29672/287772/83499/406169/24686/25404/29507/29467/24674/24498/29666/161475/29687",0.380730400722792
"rno05320","Autoimmune thyroid disease",58,0.360060614544321,1.32503388606504,0.0959183673469388,0.143057735914879,0.0486083895615997,2354,"tags=26%, list=13%, signal=23%","365527/499400/414789/24988/246097/414793/414779/414819/414783/368153/25385/414791/25408/414784/24751",0.206587922696891
"rno02010","ABC transporters",56,-0.362934201718952,-1.3183601347022,0.0686070686070686,0.107371600645143,0.036482896633546,3391,"tags=32%, list=18%, signal=26%","83569/302973/293442/316231/83687/63886/25559/81642/140669/362302/25270/312382/79248/310836/24255/302395/641630/299609",0.248911114434702
"rno04976","Bile secretion",85,-0.329450525804256,-1.31203703173022,0.0724070450097847,0.112812762091138,0.0383317032957165,3992,"tags=35%, list=22%, signal=28%","361510/63867/84484/25650/25636/305509/83569/24214/83500/24904/303879/24211/54262/89776/25552/300790/25289/80899/60351/297386/50572/170698/312382/302950/25240/24255/84608/29639/64532/24784",0.234392647294686
"rno04136","Autophagy - other",29,-0.41042625321451,-1.30769170577969,0.129032258064516,0.18455843469064,0.0627095643094729,4716,"tags=52%, list=26%, signal=39%","502919/303206/316640/361321/689161/688555/56718/365601/58974/363254/314415/65052/313391/363131/58845",0.175204047558551
"rno00592","alpha-Linolenic acid metabolism",24,-0.431568176982841,-1.30457123936092,0.146443514644351,0.206918164416513,0.0703069895452114,2938,"tags=25%, list=16%, signal=21%","83512/24157/362039/360426/50681/83522",0.166933848713193
"rno00910","Nitrogen metabolism",16,-0.478441419893561,-1.29280682631818,0.159223300970874,0.223168401762389,0.0758285215499317,4283,"tags=44%, list=23%, signal=34%","288360/29242/791259/363085/24399/291819/302669",0.153158808683073
"rno00250","Alanine, aspartate and glutamate metabolism",35,-0.387804127634569,-1.28346103451375,0.125748502994012,0.180601759444075,0.0613651587761139,4255,"tags=40%, list=23%, signal=31%","59085/287305/85309/81632/25698/685325/83784/24401/24399/81670/288174/79251/246307/291133",0.176694268938498
"rno05012","Parkinson disease",241,-0.281142262319107,-1.28319683727633,0.0236217364357933,0.0431622304507427,0.0146657326755514,3348,"tags=34%, list=18%, signal=28%","24611/311024/362897/316226/289218/24244/171082/299643/681024/293448/500377/303393/171335/81728/25738/299310/29477/366448/499529/300160/54322/94271/100912357/291328/65262/116550/293453/64539/100911483/29219/25282/24786/295923/362344/245958/81678/83529/29754/171375/293991/171374/294964/287069/56816/157074/117287/300047/297990/293655/315167/362440/289217/301427/94194/291660/192241/362588/192647/293130/288088/25176/298596/64476/301011/301458/681418/689938/293652/25488/295455/690848/688869/64532/365057/296658/79462/25262/361385/363061/301123/362837/245965",0.352487857583619
"rno04981","Folate transport and metabolism",26,-0.421980936398786,-1.28119503407277,0.169811320754717,0.234245655902752,0.079592368930041,3514,"tags=50%, list=19%, signal=41%","85309/83500/287379/29509/300886/81508/64300/365972/81522/29723/171049/312382/140860",0.154190966581424
"rno04310","Wnt signaling pathway",170,0.28462492020825,1.27935328904494,0.0361390018799692,0.060637075269756,0.020603363793917,4580,"tags=33%, list=25%, signal=25%","24577/25445/25537/25631/140585/29748/307641/84424/65137/24842/25400/306782/289144/78973/116554/114850/171140/25272/313121/363875/58822/366957/315259/502097/64033/117273/65154/113927/24246/503000/364754/302711/24681/24674/291678/29322/303181/140941/363595/408222/300084/314212/25335/84027/364952/297173/303024/295445/81650/79257/100910419/50554/300128/81717/84402/58919",0.321775918075361
"rno04922","Glucagon signaling pathway",100,-0.312508057348005,-1.27505920381687,0.081419624217119,0.125178188774337,0.042533248031962,2962,"tags=26%, list=16%, signal=22%","362282/308579/116719/315649/84482/25756/25634/24701/81678/24534/25741/24362/78975/362339/373545/24953/25747/64561/303565/289950/29554/361377/65152/83516/25262/690987",0.227987202850442
"rno04936","Alcoholic liver disease",126,0.302235032229222,1.27497947073974,0.0799180327868853,0.123413245321341,0.0419335526826066,4695,"tags=39%, list=25%, signal=29%","25625/81736/306886/309165/81503/64044/24835/246097/448830/60350/363328/312679/84351/25402/301059/680127/29260/116554/117259/287398/25272/24185/313121/25385/360640/83506/29414/299827/303200/24498/65248/29687/300177/60581/363595/362634/689314/362788/114105/24360/84027/266610/24232/500116/171551/24494/58919/83803/316737",0.227987202850442
"rno05340","Primary immunodeficiency",36,0.379983388851508,1.27167352426609,0.130705394190871,0.186188500296384,0.0632634306451049,4150,"tags=44%, list=22%, signal=35%","24811/24812/399679/499356/294328/24699/304496/500910/304577/140924/100913063/24165/367901/310659/25326/313050",0.176694268938498
"rno00360","Phenylalanine metabolism",17,-0.454362234549417,-1.26992317866937,0.166315789473684,0.231251834766198,0.0785751235280172,4080,"tags=41%, list=22%, signal=32%","287305/24311/24616/29531/81683/309227/24401",0.156312403073186
"rno05412","Arrhythmogenic right ventricular cardiomyopathy",80,0.319761984689435,1.26838219836823,0.101123595505618,0.149542944201105,0.0508119441526814,3516,"tags=30%, list=19%, signal=24%","60374/311061/315346/29302/24511/287925/312668/287876/140447/307562/360606/171009/24392/307505/64362/25437/25724/311144/81822/291760/170921/363595/306871/25713",0.191892240384838
"rno00600","Sphingolipid metabolism",53,-0.347450943955032,-1.2575934709354,0.104508196721311,0.1538960365221,0.0522910449226143,2151,"tags=23%, list=12%, signal=20%","316033/50555/25524/24591/314360/308589/84431/315222/308909/301543/310667/64828",0.197822021315103
"rno04720","Long-term potentiation",65,0.326538903792004,1.23848886607004,0.151260504201681,0.212862564380591,0.0723267874073543,3924,"tags=32%, list=21%, signal=26%","79255/29748/24525/24605/24668/293621/25400/170851/25679/171337/171140/24246/24681/24674/29322/50663/24242/81666/81771/29241/116590",0.16440575583821
"rno00740","Riboflavin metabolism",7,-0.561864364147872,-1.233868763192,0.234343434343434,0.309794918885828,0.105262620054092,3329,"tags=57%, list=18%, signal=47%","54410/25732/85496/24162",0.126253987849115
"rno00130","Ubiquinone and other terpenoid-quinone biosynthesis",12,-0.494914358301999,-1.23252140478779,0.225352112676056,0.299041396668987,0.101608770832079,3136,"tags=50%, list=17%, signal=42%","498332/29531/81716/25249/29309/309004",0.128788713061714
"rno04921","Oxytocin signaling pathway",150,0.281439214328302,1.22645707190269,0.109375,0.159714958158996,0.0542682075552101,4788,"tags=35%, list=26%, signal=26%","116670/25537/29748/304447/24525/24605/312668/54223/287876/24668/497931/25668/293621/25400/114851/170851/24329/83805/25679/50664/114509/171140/266766/25643/29565/24600/83506/117273/24246/24681/24674/65248/81822/29322/84583/276720/685867/50663/24242/81666/29241/84420/116590/50599/297173/25202/58919/83803/298947/81664/24516/171358",0.20207170902116
"rno04150","mTOR signaling pathway",154,-0.282050478628688,-1.2188867042624,0.0841121495327103,0.128188385095703,0.0435560574208432,4634,"tags=38%, list=25%, signal=28%","24703/266715/366545/58868/315189/313845/303206/24881/266608/299971/298514/293649/58960/85243/685232/310091/56718/310131/303811/500047/360969/297960/295234/83840/295357/24482/289407/303251/501146/360505/362045/312781/116664/314979/116466/24954/297522/499935/25467/64566/78975/297566/360776/296648/81745/293561/64558/368044/303185/290291/690751/360827/83721/362802/312488/297797/29741/363138",0.211400189384923
"rno00040","Pentose and glucuronate interconversions",28,-0.386957904933202,-1.21789799256671,0.173913043478261,0.238959260527217,0.0811939651552299,4312,"tags=46%, list=23%, signal=36%","501907/296972/63867/298250/24788/290277/316067/691002/78959/171408/83504/493574/363016",0.147331213699377
"rno04910","Insulin signaling pathway",132,0.284348801241026,1.2157121037987,0.106425702811245,0.15606121966859,0.0530267343642495,3612,"tags=32%, list=20%, signal=26%","89829/24697/25521/85428/114203/25513/24525/116636/24605/117045/85384/24668/84351/293621/84006/29304/54245/363275/170851/85385/116554/64665/25272/24185/25060/25059/29414/691447/500985/361042/65248/83764/60581/116717/360406/25330/252971/50663/314612/24242/114508/64632",0.193813302725311
"rno04658","Th1 and Th2 cell differentiation",87,0.30356703684715,1.20594380081144,0.146090534979424,0.206918164416513,0.0703069895452114,4150,"tags=31%, list=22%, signal=24%","84010/81736/689844/309165/24514/29748/316241/84598/25496/360697/84351/116554/25084/25272/24674/362896/367264/156726/689314/140924/362268/116590/116553/24497/25712/25326/313050",0.165656695205483
"rno00603","Glycosphingolipid biosynthesis - globo and isoglobo series",18,0.411407299878849,1.19801685716262,0.218,0.291501915708812,0.0990469937617184,2651,"tags=22%, list=14%, signal=19%","310508/171553/362924/84597",0.130777137971974
"rno00532","Glycosaminoglycan biosynthesis - chondroitin sulfate / dermatan sulfate",21,0.409263050408191,1.19731959005078,0.236641221374046,0.311652023620913,0.105893630113369,4327,"tags=38%, list=23%, signal=29%","365583/292999/64133/297554/361450/316533/298690/297865",0.121543282035469
"rno00030","Pentose phosphate pathway",31,-0.364653425642845,-1.17875165554158,0.220825852782765,0.294153521454904,0.0999479606632672,1719,"tags=26%, list=9%, signal=23%","24190/25741/24362/24689/292804/25106/24645/65152",0.122107920287081
"rno05016","Huntington disease",276,-0.256239197741632,-1.17796249821736,0.1003861003861,0.149084038445741,0.0506560164107376,3641,"tags=31%, list=20%, signal=25%","25031/497902/305831/64317/100362331/56718/50592/54241/311024/362897/316226/289218/171082/299643/681024/293448/500377/308463/303393/81637/314415/171335/81728/65052/299310/362504/366448/499529/54322/94271/100912357/65262/116550/293453/64539/100911483/25282/24786/295923/362344/245958/363131/83529/29754/171375/500442/293991/171374/294964/157074/300047/297990/290798/293655/315167/362440/362339/289217/301427/94194/291660/192241/362588/293130/288088/25176/298596/301011/301458/681418/689938/360827/293652/25488/690848/688869/365057/296658/83516/25262/361385/363061/301123/29718/362837/245965",0.195789002148949
"rno01524","Platinum drug resistance",79,0.298502302767361,1.17765607659271,0.196428571428571,0.267787388392857,0.0909892332032189,4297,"tags=42%, list=23%, signal=32%","78971/24887/292673/314856/25513/64044/25303/246097/25402/24842/114851/24888/78963/116502/24185/25385/497672/29414/64041/64352/81709/24426/499505/57298/64625/499689/366508/24423/116590/492821/266610/100360342/360243",0.138022242496643
"rno04270","Vascular smooth muscle contraction",136,-0.267991361667072,-1.15966625113684,0.169660678642715,0.234245655902752,0.079592368930041,2274,"tags=18%, list=12%, signal=16%","24179/24306/29412/366270/81678/24180/362039/25289/81662/24669/304813/266674/360426/25206/64363/302950/367072/78966/81663/64532/29340/81638/25262/288057/85420",0.150169802128406
"rno04137","Mitophagy - animal",94,0.286742792811183,1.15410571546655,0.192224622030238,0.263083894464913,0.0893910724068944,3128,"tags=33%, list=17%, signal=28%","79255/113894/309165/288731/54318/24525/307641/366896/501854/304017/24605/365355/100912032/116643/293621/24842/308416/83805/24888/116554/25272/399489/29560/300756/266601/299827/311786/192255/24790/140941/361568",0.14641623786055
"rno04924","Renin secretion",70,-0.299518937378819,-1.14844999081565,0.209876543209877,0.282806616139949,0.0960924907696566,3641,"tags=29%, list=20%, signal=23%","25031/25636/691455/24244/29716/81742/29712/29691/24179/24310/366270/81678/24180/25289/81529/25206/25240/64532/81638/25262",0.135740943810425
"rno05031","Amphetamine addiction",67,0.292028668541305,1.12758892964303,0.217299578059072,0.291501915708812,0.0990469937617184,6245,"tags=51%, list=34%, signal=34%","79255/29748/24668/25400/362165/116470/500131/171140/298400/84576/406169/24246/24681/24674/50663/297893/24242/25693/314638/24516/29629/25023/29627/25085/24409/314322/25549/364774/29253/100360880/24412/29749/24675/81646",0.135002033828631
"rno04140","Autophagy - animal",156,-0.258113741078086,-1.12517532042958,0.205555555555556,0.279139645482058,0.0948465215313639,4755,"tags=40%, list=26%, signal=30%","60445/502919/24703/362245/305482/84480/365793/308846/296083/303206/316640/50658/311245/298514/58960/252853/64862/85243/361321/689161/305831/25636/688555/56718/365601/58974/84021/363254/297960/83840/56082/314415/65052/313391/314979/362246/315600/363131/29448/25467/306722/25482/364902/78975/83730/58845/287607/24224/303554/65081/81745/497918/302559/306991/117103/360827/299188/60466/25262/29741/305164/85420",0.129442887745046
"rno00140","Steroid hormone biosynthesis",77,-0.286594694747714,-1.12193073907346,0.240079365079365,0.314991347416159,0.1070282709692,3593,"tags=27%, list=19%, signal=22%","79243/25322/307092/24296/25086/24800/83790/266684/29277/361802/25053/366791/291283/24950/286963/171522/25116/360583/289456/25117/292915",0.123257226381337
"rno04931","Insulin resistance",106,0.269610520214012,1.11833306336395,0.208,0.281364341085271,0.095602432212079,2907,"tags=25%, list=16%, signal=21%","89829/25625/25125/24697/81736/154968/309165/246273/25513/24835/24668/84351/362165/116554/50557/500131/298400/25272/24185/24600/25351/29414/691447/361042/24498/65248",0.134273452883202
"rno04213","Longevity regulating pathway - multiple species",59,-0.301202709657916,-1.11807036321122,0.247916666666667,0.3228467039801,0.109697376764586,3707,"tags=36%, list=20%, signal=29%","85243/25636/305509/56718/365601/294515/84021/65041/83840/24482/84482/24786/25289/24954/25467/78975/373545/24248/302950/64532/29741",0.124434168630393
"rno00240","Pyrimidine metabolism",52,-0.307811704391936,-1.11513466562416,0.247422680412371,0.3228467039801,0.109697376764586,2626,"tags=31%, list=14%, signal=26%","314312/65135/81656/58813/287368/312373/116593/85269/85496/497778/361063/299976/295620/100363253/297998/361052",0.12384217120105
"rno05010","Alzheimer disease",359,0.23246601773374,1.1114866517126,0.1625,0.22685,0.0770794609709887,2452,"tags=21%, list=13%, signal=18%","498736/25625/81736/79255/29670/307821/24383/156117/291081/309165/78965/29748/29673/54318/307351/58854/25513/64044/289990/361967/24835/246118/292766/94198/24525/246097/29675/307641/300218/24605/303448/83806/287670/296554/117262/303353/289924/84351/25402/311078/293621/306009/29668/117263/170851/298762/81827/29214/25679/500929/65138/78963/116554/287984/288498/114850/294560/64158/25272/24185/29677/291733/316531/25581/58822/365388/29672/502097/498013/287772/83499/29154/83765/57027/29414",0.157402899305283
