Gene,Degree,Betweenness,Closeness,Eigenvector
Tp53,459,0.051758703937871395,0.48935896829675024,0.020065704903556216
Actb,390,0.032941751273077746,0.48189948636186125,0.01991267903571841
Rps27a,380,0.031551052528437734,0.4629731627170952,0.06956871970887282
Akt1,362,0.027157920636500927,0.47506928530857667,0.010978016851066485
Il6,331,0.02339001707763808,0.4585471789627535,0.007330173782152118
Gapdh,327,0.018161807451085723,0.47288895712511053,0.021656549538959728
Rpl4,293,0.00455912461550324,0.4329296194782174,0.09837490057436919
Mrto4,290,0.005039747301460106,0.4222197199525004,0.1014695506724108
Eef2,287,0.012345504475959408,0.44095827147995326,0.06755977053610011
Rpl3,273,0.004611341933243788,0.4334692637530423,0.08819821714086519
Rps5,268,0.0025574223153387813,0.4264917575911429,0.08795317686349627
Src,265,0.014846340132386846,0.4497988253463258,0.006753413759519391
Rplp0,264,0.004544612474922578,0.43991235527625316,0.09167362218851842
Rps16,263,0.0020955242264964957,0.42292577299589923,0.09478526642525571
Stat3,260,0.010260474932704607,0.4482767861371294,0.0063494516137960165
Rps9,257,0.0025134224715306773,0.4251231257284574,0.08989901801483173
Egfr,254,0.012649878087138525,0.4462633517431866,0.006574483112360158
Rpsa,253,0.005502298821882001,0.4348922518003791,0.07367370920559593
Fau,252,0.00808890046580308,0.413558158877215,0.07204367022108514
Rps11,251,0.002293371124703485,0.4222197199525004,0.08678061968302424
Casp3,248,0.009702707945571461,0.45133123536129544,0.007230159338214972
Rps13,247,0.001838378507598718,0.4204966346383049,0.0858492243661252
Rpl23,241,0.0027338040549788516,0.42094200858935166,0.07883606405846713
Rps3,238,0.003602524777713038,0.42892472013059285,0.07493198925208519
Rps3a,235,0.0019052999262711306,0.41740521151793325,0.08206980333376071
Rps14,232,0.0013415769834758582,0.4076198878779524,0.08379226557341658
Rpl5,232,0.0021770536074476486,0.42479855470560773,0.07805978181201588
Rplp0l1,232,0.0018794071218583579,0.41771857879384766,0.08654940492422793
Pdcd11,232,0.0028202749856465793,0.40827791822234005,0.08318153006351502
Hif1a,231,0.010021164769357214,0.44726780301720664,0.008263892135547214
Rps23,231,0.001392929640634377,0.4115393098767789,0.08314668701097182
Rpl13a,230,0.003615296010045446,0.428660359748386,0.07756133036479783
Cdk1,229,0.011296675213390618,0.43598271975662517,0.006257758892597727
Rps7,229,0.0012769213585817878,0.413128264741168,0.08222857878590659
Fbl,228,0.0026507868174944125,0.41828382720899493,0.07865293612068855
Rps6,228,0.0029240460440103405,0.42623038681890996,0.08053581415879073
Pten,227,0.010746989772495087,0.44741166528900367,0.008707736554186772
Rpl18,226,0.003137480352269196,0.4204966346383049,0.07748044335477834
Nop56,225,0.00399785621690717,0.40559931983773506,0.07676239388228465
Nop58,224,0.0019515374620619303,0.4042437859295299,0.07799604048275625
Pa2g4,222,0.0021005122279318554,0.39879669363059417,0.08739343837354027
Polr1b,222,0.004475172256442357,0.40115439578471884,0.07159198877545872
Rpl11,221,0.0018998797920550343,0.42145216403075675,0.07590857811570771
Eef1g,218,0.004866736480868856,0.4217077057400372,0.05817986992197921
Rpl7,218,0.0008495583863075346,0.4085177290406792,0.08564683981292168
Polr1a,215,0.002545734937799516,0.3995412515822239,0.07282643710100799
Rsl24d1,214,0.0016105473929230328,0.3838837773929937,0.0858747026241647
Ccna2,213,0.007107973871306238,0.43306440454032147,0.00746760069691315
Gtpbp4,213,0.00221425801603102,0.3880063786285949,0.07646111146680812
Tlr4,212,0.006717931314074028,0.4240216026165257,0.004937502506435263
Snu13,212,0.0019323324784132477,0.3937729277801875,0.07547376869971885
Tgfb1,211,0.00716607712365982,0.4299854304122141,0.005030573474787209
Rpl7l1,209,0.0005579959704306504,0.3945547773035066,0.08490299120324014
Eftud2,208,0.0032494190291217093,0.40074988976764986,0.05778542753742228
Rpp38,208,0.00304270741962026,0.39321635827095763,0.07645910275549299
Rps8,205,0.000582881519584353,0.40272231250246454,0.07884990020286539
Rpf2,204,0.0021315790768993296,0.3829326544758465,0.07396023785186931
Exosc10,204,0.0034011386260993036,0.39045694523045965,0.07371032734679918
Rps28,203,0.0006247700832721467,0.3974861744202065,0.07797840199089116
Rps12,202,0.0007369243581080213,0.3973726231634088,0.07906800722171005
Brca1,201,0.009150045671202933,0.43598271975662517,0.006024932515040267
Eif2s1,200,0.0037761863310584293,0.42196355752571285,0.0594078033000693
Mmp9,200,0.005314280985731105,0.4249283236241065,0.0044188635639996815
Bysl,199,0.0008541873629517467,0.3918317936291585,0.07446711279599486
Cdh1,198,0.008814596226794045,0.4370100117447416,0.017954626439000275
Rps24,197,0.00045599410173653845,0.3979979591941381,0.07680929178819443
Nat10,197,0.0023548219854736784,0.39822584236573505,0.06917301358989661
Noc2l,196,0.0014282702999932166,0.40318923692275727,0.07019284008387859
Rps27,196,0.0012877472254207835,0.40086537964942726,0.0746109696289693
Rps15a,195,0.0004310493345893343,0.3964665433614116,0.07734225334806064
Rps18,194,0.0008337808708022877,0.40984174053727535,0.07580717520402717
Brix1,194,0.0026056743173821693,0.38404275742228394,0.07192772565149706
Pes1,194,0.0009448776104366854,0.3919974263445153,0.0738946146547137
Dhx15,194,0.0026228649241838643,0.38542612008409877,0.05446490593539926
Cd44,193,0.007116702526312469,0.42113317208099077,0.00404304128004626
Nhp2,191,0.0005705275909224618,0.38073159090831055,0.07670710890241608
Rps4x,191,0.0010175538820900837,0.39388443080376967,0.0743295191413204
Cdc42,190,0.010317298623708395,0.4355049678721079,0.004513849883892583
Gnl3,190,0.0017037685370386029,0.40518580465584403,0.06996781754432556
Nip7,189,0.0019069931507429807,0.38779003830039377,0.07126184787092557
Wdr12,189,0.0009774382295942928,0.3890917111562273,0.07092959056818823
Rpl18a,188,0.0005901704550810888,0.40040381905109745,0.07282814873259973
Nifk,188,0.0008676179169235679,0.3785041816009558,0.07236427020904813
Ddx18,188,0.0007621756502088172,0.38135788002289583,0.0687522391377741
Hspa4,187,0.007610658640078438,0.43845638057793934,0.013704541035734612
Bop1,187,0.0005566357663087267,0.38606796208257355,0.0734577308418762
Gart,187,0.015957556481792604,0.42479855470560773,0.03839335376244765
Rpl15,186,0.000672914556782853,0.4027806189035797,0.07121798321495225
Rhoa,186,0.013159384965890909,0.4283303671696729,0.004092375497090439
Ftsj3,185,0.0012597941020476057,0.3874659797725662,0.07116386826405852
Plk1,185,0.008482598403548671,0.4221556501922648,0.005337212902173316
Gnl2,184,0.0006364210087831043,0.3788650054156374,0.06977982841130104
Rps19,184,0.0008382673000815403,0.4034231053896498,0.0721678729019607
Krr1,183,0.0011640118283361709,0.38914613718940066,0.06847730538870998
Cdk2,183,0.005419096312555239,0.4325257672212414,0.008018997982604543
Eif6,183,0.0007546868410783172,0.38985506372856293,0.0670607471054728
Fbll1,182,0.0010116094515080518,0.39433107509100285,0.06879460638765875
Rpl6,182,0.0004838518364895057,0.3981118681692938,0.07027666830915845
Polr3b,181,0.004674683557158759,0.3919974263445153,0.05890819047610586
Isg15,181,0.008383065255691664,0.41690480065443203,0.038421899532962156
Pwp2,180,0.0004649433630328534,0.38881980919175757,0.06891690499259823
Icam1,180,0.002914912506004535,0.41208794767694046,0.0038945313398152763
Rpl26,180,0.0006618237415660604,0.4061915220860016,0.06955266712094384
Hsp90aa1,180,0.006322314222548116,0.4441969878280417,0.010838527413778257
LOC297756,179,0.0002513473511833174,0.38941849590803823,0.07310281352840794
Ptprc,179,0.004935024493090459,0.4044788797276861,0.0031682720859285223
Utp4,178,0.0008404116455146718,0.38214364488558034,0.06771992131976481
Itgb1,178,0.00517647892295719,0.4077991402472919,0.0034495733324957714
Myc,178,0.006854498280171388,0.4441969878280417,0.0072550685528016585
Dimt1,177,0.0014908293694812797,0.38547952539379593,0.06656431423816106
Rack1,177,0.0027608992461938425,0.4170297908510006,0.059272469397798754
Rsl1d1,177,0.0008533038775963061,0.38146246191786987,0.07271214346528418
Tbl3,177,0.0011704877373159416,0.390950777791881,0.06816543878069203
Ebna1bp2,175,0.001458464611826405,0.3892550349471142,0.06680527846880044
Rpl10a,175,0.000655127047034307,0.4027806189035797,0.06603020205508878
Wdr3,174,0.00039981927677210024,0.38930950668444236,0.06722628993728764
Cdc6,174,0.0023577678825964054,0.40295563945061197,0.005701056289299593
Rpl32,174,0.0006906903882080206,0.4054219957398754,0.06771762937505907
Nop14,174,0.0006200431398322106,0.3813056105766207,0.06584813599783372
Nol6,173,0.0012768598809095963,0.3950029440248509,0.06568376923470355
Rpl27,172,0.0006056079784421337,0.4044200806464639,0.06664329124510902
Mphosph10,172,0.0011573056401513206,0.3913907899222039,0.06431869563891666
Abce1,172,0.003175173532237201,0.39578969053450347,0.06315731020697976
Rps29,171,0.0006841064038502067,0.40173368011076177,0.06251151552188093
Rpl17,171,0.00035093397156562,0.39117066011909807,0.06778013081183504
Utp14a,170,0.0006989284045768606,0.3770677330939313,0.065807240098122
Wdr43,170,0.00033012774392425064,0.37569287437772114,0.06579798600778866
Rpl14,170,0.00038531123451231804,0.3950029440248509,0.06745235189369536
Ltv1,169,0.00063530742503273,0.38452048856489635,0.0673711614811717
Noc4l,168,0.0017296647612718573,0.399483879202617,0.0628759144581686
Tsr1,168,0.00046882162853177764,0.3855863804250901,0.06682931103105906
Nob1,168,0.0007119320916642533,0.37701663298103066,0.0658131136553029
Rpl22,168,0.0015720589354191103,0.40231463987954086,0.06500316091661225
Nop53,167,0.0006099460400793751,0.38936399366928276,0.06843840999686096
Rrs1,167,0.0006092956829497612,0.3786587361871546,0.06452597434292968
Utp18,166,0.0005467765446101689,0.3879522709199589,0.06426923533119515
Rpl13,166,0.0004987320436241276,0.4046553796024764,0.06600126690051505
Rpl35,166,0.0005896070674478166,0.3881146393369176,0.06726257271095708
Dkc1,165,0.0016504792507849543,0.4035401413935342,0.05766832797512609
Eif5a,165,0.0019063687722810374,0.40984174053727535,0.05612803953215773
Exo1,165,0.002516653861570715,0.4005767796640785,0.003985588427372989
Heatr1,165,0.0013878237297957397,0.3923291122221161,0.06267094280878746
Rpl23a,165,0.0002755689580549164,0.3898004392275501,0.06845531667051125
Utp6,165,0.0009153900213973694,0.3789682243246186,0.06560567833804738
Rrp9,164,0.0007748979742483881,0.3875739390870751,0.06367345852850123
Ncl,164,0.005583435862742388,0.42479855470560773,0.03884673814417152
mrpl24,164,0.0008608471668547516,0.38335479327091426,0.06175982498283934
Rpl10,163,0.0005182208526644133,0.397315871860472,0.061218446284766206
Mak16,163,0.0005639398862985235,0.3743783790562542,0.06413697615992449
Rpl7a,162,0.0005131420604878345,0.37938166299836695,0.07038293787676117
Utp3,162,0.0009386467819418097,0.38324917134137276,0.06316235567259931
Noc3l,162,0.002609020414147351,0.38114888817194476,0.06111798548222089
Nop2,160,0.0006715057098612237,0.3671160906264219,0.06153152519838191
Nsun6,160,0.0007586142125961015,0.3671160906264219,0.06143717657341756
Rpl34,159,0.00030861001204233557,0.3945547773035066,0.06445829797261242
Eif4a1,159,0.0017673998219352868,0.4066665304439446,0.048968734933923064
Nol10,159,0.0001842336254742418,0.3692111127759821,0.06350199893013854
Rpl30,158,0.00046247246055583356,0.3957333904362767,0.06338023252888558
Ngdn,158,0.0010291913939650182,0.37277311198807783,0.06082997378816611
Wdr75,158,0.0008086041710921635,0.3746304517596317,0.061920413173668025
Pcna,158,0.004555714379790608,0.4145441416729288,0.009201519446744914
Rpf1,157,0.00024741179096267,0.37093409796893667,0.06312124376132924
Grwd1,157,0.0014164176150348242,0.3813056105766207,0.057141084801505766
Ddx56,157,0.0008685148389558167,0.37737462490057316,0.055661459248116996
Wdr74,157,0.00047746891984835535,0.3791748309618407,0.06212049658151649
Hspbp1,156,0.0014464034593358382,0.38936399366928276,0.055715699024185876
Ddx47,156,0.0009087915439011623,0.3719259003699231,0.05970480497547414
Rpl8,156,0.0004405984074843438,0.39150094775781386,0.0605536285706144
Rps2,155,0.000333938460061233,0.3852659929050028,0.0592940706430634
Eif3b,155,0.0012128221552628955,0.39355011101528153,0.04722192093353396
Rad51,155,0.0030442813094335515,0.408457749929089,0.005495249082565138
Yars1,155,0.005627565835109643,0.39988583222179463,0.036744286502447564
Lyar,155,0.000709375168354666,0.3703908580438058,0.06417554969858934
Wdr18,154,0.0014575365872958445,0.38052328474449804,0.05591512238629764
Rpl24,154,0.0004604291457999843,0.3933275462699032,0.058204352011598424
Birc5,153,0.003224089568178025,0.4092990635231757,0.0037395540327993565
Rpl19,153,0.0004962980758026831,0.40179170057293834,0.059908104582919675
Rrp1b,153,0.0003914255522301603,0.37533806459350044,0.06128281453396867
Eif5a2,152,0.0009795867277097837,0.3960714314873327,0.05445634670574016
Aatf,152,0.0013373070708077286,0.3878441007621672,0.06139020525207589
Cct7,151,0.003954687656377541,0.40863774012441617,0.028818661612620283
Notch1,151,0.005902483534464671,0.4175305019911489,0.00373168513503487
Rcl1,149,0.00019577352657637937,0.37589592416795364,0.06116369090395737
Ddx10,149,0.001766581672748544,0.3801073554812167,0.048508990257048364
Rpl27a,148,0.0006185887396672292,0.3851059987219027,0.0602052149929223
Cdc45,147,0.0009043212795632302,0.37645544448809537,0.0029476069129572608
Rps21,147,0.00025182512515356813,0.3837249289333828,0.05712935912287308
Cdkn1a,147,0.0023610157751979876,0.4269499286014465,0.006188617019974794
Rela,147,0.004218173416211304,0.4217077057400372,0.005922603254964781
Rrp1,146,0.00026406937854859,0.3722244761529335,0.05914244091362652
Mad2l1,146,0.0020552734307948484,0.38990970354127896,0.003964832674734477
Casp8,146,0.007000263364521131,0.42479855470560773,0.018593631191651007
Rpl22l1,146,0.00015344431995681232,0.37855568577589127,0.061120166080012035
Cct2,146,0.002982742206562865,0.4030724043417886,0.02867181463873144
Eif3i,146,0.0004506572588778327,0.397315871860472,0.05139676424741245
Vcam1,145,0.0014288277228879929,0.40518580465584403,0.003496430500504536
Mcm4,145,0.0015402003790602975,0.4041263414827172,0.004554209635519131
Emg1,144,0.0011598640482033253,0.38172416777813184,0.05708505190463244
Aurkb,144,0.0021370991394105833,0.39788411538429996,0.0037670208627459396
Myd88,144,0.005336025209217602,0.41510082583811175,0.004047812956439959
Rps25,144,0.00024979797496269983,0.3873041535245754,0.056247647490520865
Rpl9,144,0.0006683664624727724,0.379071499491351,0.05938173888948014
Eef1a1,144,0.0015717115595075058,0.417655867702601,0.04704303905896565
Utp15,143,0.0012564077030634052,0.3870885953481321,0.057659137978406876
Gnl1,142,0.001179596103173882,0.36692241292100036,0.05732190691189412
Orc1,142,0.0013545515713889495,0.3908409293013522,0.005416131934678261
Sdad1,141,0.00046125352956808313,0.3645185711172727,0.05517263504402502
Cav1,141,0.006930032647589354,0.40738112970669577,0.0028399999213850466
Cebpz,141,0.000580204595495944,0.364614119890829,0.052742896164274904
Rps20,139,0.00012071941726620071,0.37984786110964297,0.05620875805769273
Riok2,139,0.0008416791126545245,0.37860720396938286,0.05836104618350078
Pno1,139,0.000300215323684245,0.37691447429440794,0.05774889987473941
Gmps,138,0.004295173186069068,0.3894730134071153,0.04042250624059894
Ddx52,138,0.0011519724735634866,0.3693581697778844,0.054132775932575906
Psmd14,138,0.0020276955172051528,0.4094195341820493,0.016218273624818626
Rpl12,138,0.0001535010090089664,0.3823011865833483,0.056340908408636564
Cct4,138,0.001795743594485935,0.40607294333192606,0.02847033449413327
Mcm5,137,0.001532953510165532,0.39161116761923215,0.0040011355231516265
Zfp593,137,0.0002871176865926216,0.3645185711172727,0.0561498557802097
Vcp,137,0.005825653218767767,0.4244744789086093,0.013363754593568521
Mdm2,137,0.0039716543816076585,0.42925562949653223,0.01003339040820076
Pkm,136,0.005426019091183725,0.4206237881413706,0.03406848124359916
Fgf2,136,0.002096477243102587,0.4154107413419479,0.004187289648090307
Bub1b,135,0.0017759072446320813,0.3910057251956466,0.0028901378600316783
Ddx27,134,0.0010721824413466564,0.3656684719725322,0.05047941462369748
Jak2,134,0.004418973882541114,0.4186615101229534,0.0043649625452034995
Tlr2,134,0.002131795313036467,0.39624066867497865,0.0030662570222811125
Mcm3,134,0.0009679263970159765,0.3907311425234586,0.0036987017294278237
Eif1ax,134,0.0006267118692573049,0.3804192171156878,0.05335684893055035
Polr1e,134,0.0006299985676486056,0.37182648152459574,0.048155090502287834
Ccne1,133,0.002214178980458616,0.4170297908510006,0.005953495161714046
Mcm2,133,0.0012536814959007686,0.39828285393944524,0.003927767325796524
Cdk4,133,0.003761447252685546,0.4147913724119614,0.004065567734978942
Hsp90ab1,133,0.004116246282819295,0.4291894067829412,0.011383664213819115
Ddx49,133,0.0007901789226975698,0.3651884661022611,0.052603367308780506
Ddx31,133,0.0011654342161225798,0.37128062655372013,0.04772961339240062
Eif3g,132,0.0002941346877363107,0.3815147743783633,0.05008882141223098
Etf1,131,0.0012673482131023964,0.3908409293013522,0.04839887922475967
Sod2,131,0.005674234236067983,0.4231831053798335,0.019860959549749358
Rpl39,131,0.00021901637792224923,0.3761500452632538,0.054072037698464345
Ppan,130,0.000820507128004558,0.369456272877427,0.049011007831958234
Eif3c,130,0.0005068521102714088,0.39067627226050067,0.04469200814802309
B2m,130,0.008514282979068475,0.41872452359527773,0.008894149888858558
Snrpd3,130,0.001483038446730546,0.37938166299836695,0.010804883905175172
Mrpl1,130,0.0001392782493670638,0.373473719259904,0.05351110149378718
Bud23,129,0.00030804527301325313,0.37103304011296684,0.050643202628717285
Smad3,129,0.004541173550782199,0.4177813087200819,0.004083679305088708
Rrp15,129,0.001183004967829434,0.369456272877427,0.050496570591158356
Kras,129,0.0033770250119781685,0.41935570316054044,0.004112136554654302
Fen1,129,0.0013202815754176714,0.3951151448326978,0.004517150761022913
Tcp1,129,0.002915673308756581,0.4064882721751936,0.015355479145110451
Hmgn2,129,0.000553681356579686,0.381881363729173,0.05228152922498513
Rpl31,128,0.0001270983323883424,0.3751356168779699,0.05377098223100487
Vcl,128,0.003229638923248094,0.4033061372523956,0.0029673157807586343
Dnttip2,128,0.00015975361352009657,0.37167745287468607,0.05281671537000756
Utp20,128,0.00044025537126004703,0.37377478634515987,0.05145771403767687
Nfe2l2,127,0.0015319267604662924,0.41276049477255566,0.0053990231234671785
Pabpc1,127,0.0026852987706682215,0.40530386578773675,0.029123094253764564
Mybbp1a,127,0.0025031226730252236,0.39851106356783056,0.03852755803336261
Actg1,127,0.004053811414151747,0.40785892607638546,0.0064498687140706525
Rrm1,127,0.00404711701690045,0.3997709059875018,0.0065828308439436845
Cdt1,127,0.001456849805227534,0.3917766138243945,0.004356197968866782
Psmd12,126,0.0018175865855462696,0.406310170113484,0.00878298184658464
Rrp7a,126,0.0004269527206648885,0.3789166078407825,0.05345986719748126
Rplp1,126,0.00026740055111522815,0.3929941707539236,0.04986338117134683
Metap2,126,0.0012473696434348244,0.3931607878415807,0.05022086786662633
Pwp1,125,0.0007110928539839979,0.3666322792260181,0.047252178527748115
Kif2c,125,0.0011901474219686225,0.3700459875986998,0.002061056866472713
Cct5,125,0.0024653933207408004,0.40690445147974624,0.021550224353944186
Rpl35a,125,0.0001077401663568274,0.3714293370850501,0.055109929798577366
Rac1,125,0.003593955916419584,0.39150094775781386,0.0018596450612908364
Cxcl10,125,0.0023017693569866906,0.39117066011909807,0.00291101195838119
Eef1b2,125,0.00024054952838501,0.3747313759115066,0.04804675167181953
Pum3,124,0.00019009845923467257,0.3671645420043586,0.049143583642875036
Rfc3,124,0.001518531588542072,0.4032476786153102,0.005406225944301762
Rpl28,124,9.783095588246113e-05,0.37716997488706955,0.05091054671873099
Kif23,124,0.002137128231234755,0.3726732397544575,0.002112408190711999
Oasl,124,0.0021775636647863327,0.38114888817194476,0.03340907239698347
Eif1a,123,0.0007986123846343059,0.3801592969072185,0.048312635440773195
Psmd4,122,0.0024428235051043834,0.4080383887895314,0.008120407250699933
Mcm7,122,0.0022988118083401197,0.4040676448463363,0.006170812032359196
Nle1,121,0.0006140043532686788,0.36318612725418087,0.0482642333693943
Hspa8,121,0.0028819609420917924,0.419862018528075,0.018140974490343253
Parp1,121,0.0034316653975384553,0.41992539392709816,0.004844041249268281
Psmc2,121,0.0011573831556266588,0.4012122490289912,0.017022864067592205
Ezh2,121,0.004101052299406535,0.4142972054753574,0.003898056225736614
Ruvbl2,120,0.004372421299381957,0.41166110310254883,0.014571983168517787
Smc4,120,0.001550412437503651,0.37292302074625,0.0030516133048699256
Espl1,120,0.0008542185472952764,0.3793299338378818,0.0030930628561938282
Psmd1,119,0.0014202058250090443,0.40954007577904095,0.012260534138658031
Utp25,119,0.0013214550203985774,0.3594787097515215,0.04806311256626866
Eif4e,119,0.003689169976973431,0.4097813720381536,0.01752341742270701
Psmc5,119,0.0017498993488877265,0.40791872943798024,0.012082672833095462
Vars1,119,0.002075526404918681,0.39533973778130244,0.03232053847222681
Smad2,119,0.005073273530479867,0.4147913724119614,0.0035382732567354777
Bcl2l1,118,0.0026221631216121638,0.4123322565239403,0.0038777573597011637
Snrpd2,117,0.0011338816387339893,0.37157816679137506,0.012187462917238177
Cdk6,117,0.0023050998977265412,0.4067854561729822,0.0035598012845935206
Psma5,117,0.000891114308223153,0.4048320335807662,0.013790250270507606
Psmc4,117,0.0011307505134630616,0.4041263414827172,0.012598081034183964
Ddx21,117,0.0006983426469230361,0.38930950668444236,0.04006032074505166
Eif3d,116,0.002082905812586943,0.38251144435130274,0.040941566882386274
Mcm6,116,0.0010743454107201252,0.3703908580438058,0.002648462435971795
Casp1,116,0.0018441572473433202,0.399943320121769,0.0033962069403669303
Mapk8,116,0.005136327932033406,0.4170923140580247,0.009152901668996221
Snrpe,116,0.0008563928147484578,0.36571654197016235,0.01561625550740585
Srfbp1,116,0.0014585955490833604,0.38000351519833697,0.04477917262685187
Psmc1,116,0.001367034347932683,0.40494988861237624,0.011606464464049109
Acta2,116,0.0016918511668261233,0.39856815684341335,0.0026193128609107645
Rad23b,116,0.002173410922358391,0.400634466412302,0.02647947041678432
Psmd7,116,0.0011890909170871292,0.406428887475095,0.011814444800561673
Gar1,115,0.0005564494437717959,0.3765573544622395,0.04042924849528253
Ttk,115,0.0007579753190974073,0.36389872266409745,0.0020047458225294205
Pak1ip1,115,0.0013580545788887202,0.37182648152459574,0.04354595534723532
Ywhaz,114,0.0044531266031426955,0.4208783259859342,0.009745358331432922
Eif2s2,114,0.0005247151996097566,0.379071499491351,0.035472089312780127
Metap1,114,0.0006546298484887843,0.3671645420043586,0.04711529150593418
Ddx24,114,0.00015319187737620037,0.3613463741741817,0.04411380626993853
Hmox1,114,0.002397129182231711,0.40318923692275727,0.0033092537868384285
Fcf1,114,0.0011965442823532223,0.3699475711126363,0.04720828423722365
Clspn,113,0.0009591855354340794,0.38266928951403373,0.0024481934448921023
Nolc1,112,0.0008437021775123644,0.369554428104015,0.04122815154577367
Hnrnpa2b1,112,0.002853759559313831,0.399254554358069,0.011061710897766076
Fyn,111,0.0025634291905270467,0.3967492491110989,0.0026919044573698197
Sec61a1,111,0.00260366692242494,0.3768123709558479,0.038927657032084374
Ctps1,111,0.0012425445068627765,0.3820386892017337,0.038551138995351494
Dhx37,111,0.0004324964097034211,0.3600369787455707,0.03756363738086792
Pik3r1,111,0.0035398706564656376,0.395846006654386,0.0019464524784532488
Nsun2,111,0.0005479110433703763,0.3565302748644143,0.040981321009366974
Serbp1,110,0.00039165189060237545,0.3736241921524342,0.045901339582821186
Naca,110,0.0018622140802155083,0.37157816679137506,0.04396020401393574
Mrpl17,110,0.0009819300712137343,0.37468090703933,0.03478369581811127
Hnrnpd,110,0.0021775865046818163,0.40051910952591785,0.00998328634156271
Vezt,110,0.001386266082986185,0.370193710547841,0.0473031874260812
Timp1,110,0.001849245504114962,0.38969123613489637,0.00235467660070606
Rbm34,110,0.00030260791088281355,0.3590148063965705,0.042072400386611315
Psmd2,110,0.0008664681432593012,0.40383302870765353,0.009463131150601562
Cd68,109,0.0011480519085191741,0.38505269685356747,0.0022165780593804514
Cenpe,109,0.0009628676137865115,0.361487231648522,0.0014812698326791007
Rpl29,109,5.895084821140864e-05,0.3675040600749042,0.04635971974503063
Prim1,109,0.0009979953111867537,0.3738250113903554,0.002943691605032598
Ran,109,0.0015783919479412276,0.3855329455054082,0.016247852383079565
Ndc80,109,0.0010241948177006472,0.36789285040558384,0.0019543567530838973
Snrpd1,109,0.0008439961558434211,0.3671645420043586,0.008810105538955127
Snrpf,108,0.0012971288289833239,0.3636133492049438,0.006390168439536707
Mcm10,108,0.0004343353554462556,0.36745551905521395,0.0023990569406131222
Cxcl1,108,0.0008002926857283444,0.380679492989467,0.002201832310222361
Blm,108,0.0008464155749527947,0.3917766138243945,0.0030878364723051876
Psma3,108,0.0005700851085861934,0.4001158830385481,0.012062286304833178
Pxn,107,0.001781523793636219,0.3900190291275796,0.0023459090714812152
Eif3a,107,0.0003933158787963565,0.38590730125773687,0.03618496500439608
Txn1,107,0.004616819547133771,0.413558158877215,0.013846757633056195
Psmc6,107,0.0012806380648704117,0.4004614559906471,0.0072614213523558915
Psmb4,107,0.0016816619759876775,0.40103873933501877,0.008523572935394763
Xpo1,106,0.0034397473248290473,0.41093142315613373,0.011513741469474547
Rfc2,106,0.000823532094359869,0.3950029440248509,0.004220490887160463
Hras,106,0.0029702798853722327,0.41147844028502073,0.00332075816545171
Eef1d,106,6.583517795468176e-05,0.3705388565219799,0.043551050446417446
Col1a1,106,0.0039508545421865346,0.3881146393369176,0.002135824039955523
Pold1,105,0.0009684458955849757,0.38887415917906415,0.004486225547555509
Gcn1,105,0.0007940041487830844,0.3776820166667153,0.04447106321003182
Nop9,105,0.0006889318726289987,0.3660052275709808,0.04113696311103869
Psma1,105,0.0008457487993679748,0.39851106356783056,0.00898623990382158
Birc3,105,0.0014407879450833699,0.40283894219041777,0.004732204923245402
Ruvbl1,104,0.0024002492099066256,0.40103873933501877,0.01335388475412817
Alyref,104,0.0014952759438541076,0.3691621197939258,0.01043683219225824
Ago2,104,0.0037910035186891336,0.4120269156941684,0.0065589618216575375
Rrp36,104,0.0005947258008300402,0.363091325341559,0.04232234734662232
Pole,104,0.0008603783240400099,0.3884940280361716,0.003034941055086015
Gmnn,104,0.000510787576850308,0.36842878224963915,0.0037654312563111356
Lyn,103,0.0031644183636236455,0.4044200806464639,0.0023952134447627785
Hnrnpa1,103,0.0020300140793828108,0.40266402297974024,0.010182003330621567
Anxa2,103,0.004939197772503534,0.41105285679181813,0.004605560600127652
Sec61b,103,0.0015061935047410943,0.3680875542163304,0.03964054790081576
Psmb2,103,0.0009140193987278191,0.3979979591941381,0.006960379484221436
Habp4,103,0.0026970810772201314,0.3801073554812167,0.042126652363061394
Skp2,103,0.0017101010136578154,0.39720241787079175,0.004397076170114018
Psmb8,102,0.0012199846636437302,0.38969123613489637,0.004821228464110522
Surf6,102,0.0005041016869508631,0.3568046344449179,0.04112419832233104
Rrm2,102,0.0009961981654602221,0.3838837773929937,0.002921025267943392
Pdgfrb,102,0.0010266043774772053,0.3895275461729243,0.0023313136000560532
Traf2,102,0.001984063933457864,0.3974293906810036,0.004050857509072333
Cd80,102,0.001583938089130139,0.387250241476479,0.0021134983685100095
Rpl21,102,9.12854853127221e-05,0.3706869733200566,0.045454624513709616
Rpa2,101,0.001716998918771932,0.3890917111562273,0.0032945646591706393
Riok1,101,0.0005664454814537585,0.3709835624439292,0.03868925612721723
Smc2,101,0.0007531647150399916,0.3613463741741817,0.0019239443790889947
Mrpl21,101,0.002174496134450586,0.3707857836554745,0.03154837599548182
Npm1,101,0.0028888879297259517,0.4083977884273378,0.023822891496050515
Bard1,101,0.001663838842732491,0.390950777791881,0.0037784694119310895
Iqgap1,101,0.0017943693364480156,0.3869270841122427,0.0015775764452645726
E2f1,101,0.0013283351456935784,0.4072022445502086,0.0034301202544173145
Psmb1,101,0.00046040983208424943,0.3974861744202065,0.00981523406800321
Thbs1,101,0.002447379443639855,0.40040381905109745,0.0027730429627187587
Calr,100,0.006809699576441551,0.4076198878779524,0.00485668356243634
Chek1,100,0.003966312645014934,0.388331342094783,0.021638980390254397
Rplp2,100,3.47282251130413e-05,0.36514053481651465,0.044043558764312374
Cfl1,100,0.0016054583613897668,0.3975429743879716,0.0030528180465336707
Tex10,100,0.0009263787377598929,0.364614119890829,0.0347655555840729
Flna,100,0.0025352110559652983,0.40536292215751496,0.002727817163922218
Pola1,99,0.0004548235360354011,0.3663908514114349,0.0021984755502333243
Hsp90b1,99,0.002648026145392891,0.4107494071706814,0.0074364048532424565
Itgb2,99,0.0011970319121728395,0.3789682243246186,0.002096390685220144
Psmd11,99,0.0006962476951184008,0.3990827334338008,0.0070520889874538355
Foxm1,99,0.0014525128874888144,0.40115439578471884,0.0028396758710229546
Dtl,99,0.0006615341586902538,0.3864970456747743,0.0027778908420006926
Nras,99,0.0028943355238937735,0.4089981968196156,0.0029681322849117306
Palb2,99,0.004777508135730582,0.395846006654386,0.014232796537451558
Psmc3,99,0.0005869525102568373,0.3955645862031886,0.006937755833404671
Trmt61a,98,0.0003142738541167939,0.34537625509211983,0.0346121763754258
Ppib,98,0.0036630793256092723,0.39194219988264656,0.028635342163560108
Psmb9,98,0.0012857836651664005,0.3965795773010727,0.004724752612913235
Kntc1,98,0.0002879700345076054,0.3587833034262348,0.0017592568457314277
Serpine1,98,0.0007516498327330104,0.38876547439449766,0.0025421850452539817
Ubqln1,97,0.0005428976669716622,0.3719756297321868,0.027329103573527847
Prc1,97,0.0007524675697995413,0.36862405389784353,0.0017595016697419493
Ddx3x,97,0.0016370082817910737,0.3877359909082962,0.028821219314578966
Rac2,96,0.0018714304105001262,0.3884397842456053,0.0017689736239873452
Psma6,96,0.0004334130569944259,0.3902926114993021,0.005925484540400451
Cdca3,96,0.000696067116661756,0.35621072148105315,0.001643707114558288
Psmd8,96,0.0005172310832865906,0.39691906616735984,0.007142088442070161
Hspa1a,96,0.0017926765787070057,0.4088779739516498,0.011186497359617603
Snrpg,96,0.0013626295694271742,0.3620517614220491,0.006410645794310713
Relb,96,0.0011272587388598515,0.3961842402117666,0.004163142297293604
Pdgfra,95,0.001373740876722267,0.39517126914304335,0.002665907063689202
Trmt6,95,0.00042116398929113665,0.3544407866947414,0.033048961846223454
Map2k1,95,0.0016453944346805896,0.40506781228407474,0.0033213551663195
Nfkb1,95,0.0024492531332279102,0.40518580465584403,0.0031263683469232796
Pus7,95,0.00043690940605273216,0.3554824603586794,0.035085169447745805
Psmb10,95,0.000898776260395564,0.39310523311671963,0.0054410042278215135
Psmd6,95,0.0010004760877045096,0.3942193190827583,0.006176095967043014
Pinx1,94,0.0002458667045657635,0.3565302748644143,0.03702331848164846
Dscc1,94,0.0016720322682033481,0.3540348351701483,0.0016605988170126712
Ikbkb,94,0.000998689576984951,0.40080762638914064,0.0036753949643356775
Psmd3,94,0.0011359143777292511,0.39517126914304335,0.005784030067762187
Dicer1,94,0.0022450280724109787,0.4060136799134596,0.019502057921394127
Elavl1,94,0.0037323825787158108,0.4092388547759672,0.006078472749476844
Rps17,93,0.000580212742268075,0.3673099729029608,0.03899217012566792
Cfl2,93,0.0014504248779747158,0.39078602820157676,0.002417353990114987
Pole2,93,0.0011727541163683648,0.37752825821237956,0.0030333811198121146
Snrpb,93,0.0010478811081272453,0.3736241921524342,0.007877671361436744
Ccne2,93,0.00044562955616569955,0.39466672361569377,0.004669881984033264
Ipo4,93,0.001537224216590529,0.37147893373841967,0.02195947850000214
Uhrf1,92,0.0009960004643039546,0.37964052057410275,0.0020216186130456973
Irf1,92,0.0016014836772968689,0.3902926114993021,0.002793585558991307
Racgap1,92,0.0036858530677504726,0.38452048856489635,0.001774531115896756
Tln1,92,0.0019598910403493875,0.38335479327091426,0.0019798059159472077
Mars1,92,0.000535883688816788,0.3926059461991286,0.027862004607471392
Cct3,92,0.0011495773618913083,0.3933831638528033,0.012401326386890156
Lox,92,0.0026781152973240118,0.3902378643241724,0.002313335785569819
Dnmt1,91,0.0028567331983545803,0.41050696986380775,0.003893869019849746
Ccl3,91,0.0005613491885246175,0.3785041816009558,0.0020729716942068798
Brip1,91,0.000810401106507933,0.3852659929050028,0.003309310302153391
Psmd13,91,0.00038262999641660114,0.3938286713996355,0.006044738731810786
Gja1,91,0.0016717839249252536,0.39771347173224086,0.002551858866307808
Smarca4,91,0.0027024382216147983,0.4066665304439446,0.0033036092922500257
Pbk,91,0.00039218823628918556,0.37207512836258194,0.0017413659991141397
Cdc25a,91,0.0007312304049747424,0.3932719444115105,0.004174183463875948
Nup98,91,0.001984679050639214,0.383989749450245,0.00441053215678469
Tsr2,91,0.0004324713535901432,0.34870966843407186,0.03653922659270007
Psmb6,90,0.0004506580391005341,0.39161116761923215,0.005384254134379771
Chaf1b,90,0.0007108735457232323,0.3684775807638444,0.0021559504135374636
Apob,89,0.0051665479738014965,0.4080383887895314,0.0033338908622832075
Pdia3,89,0.004537874374305409,0.40283894219041777,0.0061100169129121255
Fancd2,89,0.0008242412811389073,0.3851593153491659,0.004185176523976073
Jak1,89,0.0016608791298757507,0.4009809361151665,0.0033303903575620255
Tert,89,0.0030830565767545775,0.4185355400582255,0.006870518251067536
Kat5,89,0.0012200299927431083,0.39873953486699515,0.0030353075712940413
Eloc,88,0.0016989422275500282,0.3845736431804016,0.0036519142946167217
Ncapd2,88,0.0018144062502560014,0.3616752125282144,0.0022348723093149952
Nme2,88,0.00085572651312178,0.3857467740941521,0.03013696034303041
Sf3b3,88,0.0022333833495450507,0.36721300617304975,0.008194308277543801
Sumo3,88,0.0019035214621020572,0.3981118681692938,0.005208376692176848
Recql4,88,0.0006648891109565482,0.3846268124937129,0.0027659377180310387
Eif3h,88,0.000843435599285803,0.3670676520341767,0.033204792674947116
Stat6,88,0.0008316823510445744,0.38936399366928276,0.0027381530952338175
Fcgr2a,87,0.0005723821050111586,0.3692111127759821,0.001583712423032805
Lgals3,87,0.001267009676949561,0.3929941707539236,0.0026667169549952235
Met,87,0.0014378139679093102,0.39856815684341335,0.0026247207852031335
Hdac4,87,0.0019645630376841122,0.40127011896250186,0.003298363499686717
Kif18a,87,0.0010625931414463977,0.3667772886970369,0.0017277276664633887
Trip13,87,0.0013987225483925417,0.3620988851707699,0.001909264919038407
Ncapg,87,0.0005793098041172471,0.36195755071129654,0.0022570073042164
Wdhd1,87,0.0007525379323521336,0.3666806029744333,0.002114234009981348
Ipo7,87,0.0008494828703867763,0.37118155233716144,0.024113666639322736
Hdac1l,86,0.003402029932786422,0.39293866310268716,0.0022492808494823545
Rfc5,86,0.0006553888355691393,0.38494613736917466,0.002837879704079371
Psme3,86,0.0003909486816457084,0.39106068804709376,0.006088855623796187
Rpa3,86,0.0008410538404974184,0.3855329455054082,0.003122734988689392
Ssrp1,86,0.0022904261012582886,0.39194219988264656,0.006264121154708211
Psmd5,86,0.00032339680760085137,0.3882771437218458,0.005567708342640854
Ube2s,85,0.0010634496547843983,0.3795887208032508,0.003953686491824831
Nol12,85,0.0001218920280960607,0.34857859099950195,0.03622330378131401
Eif5,85,0.00036390754210656055,0.3722742853963636,0.02745461150544947
Pus3,85,0.0005026818949029972,0.3497618474688239,0.029708269440566266
Plk4,85,0.0014047407879755468,0.3709835624439292,0.0015044972927872446
Nup153,85,0.0017437625970494058,0.3760991935605009,0.0027796045788400087
H2az1,85,0.0022523316797045515,0.3965795773010727,0.004867358396160147
Atad2,85,0.0009991106263103323,0.36456633924348386,0.002415008816350362
Cdh5,84,0.0024630925667095275,0.3884940280361716,0.0020047875408088643
Ticrr,84,0.001273349356484172,0.37307305012297504,0.016913573303106513
Aldh18a1,84,0.004335516582115022,0.38542612008409877,0.00962233238000922
Ube2i,84,0.002538418048726796,0.3914458610900556,0.0032112189794359716
Runx1,84,0.003966469477917469,0.3937729277801875,0.0019889525781540064
Pelo,84,0.0011353264335922336,0.35910749125687685,0.037075127611785066
Prpf19,84,0.0023486050618554176,0.37387524993509275,0.005715320276337377
Hcls1,84,0.0018371327670557794,0.3827219335213957,0.001927074271360835
Itgax,83,0.0013117742776053865,0.37387524993509275,0.001611173825098724
Faslg,83,0.00043622494265686286,0.3971457151701677,0.003546698822923212
Psme2,83,0.00031934765864470376,0.3860143936127411,0.004414058897883698
Dcp1a,83,0.0007412142249288593,0.3558462183124872,0.028336552013591244
Exosc7,83,0.0006781553545748383,0.3608776410386594,0.028736595962216966
Tma16,83,1.4177192231596863e-05,0.34602061377699317,0.036414110094866184
Las1l,82,0.001097836783060567,0.3620046499371536,0.029016390377822745
Pak1,82,0.0011068308994483808,0.3799516163298314,0.0015419056192248052
Csf1,82,0.00026206654034777817,0.3774770332112653,0.0019158893083541222
Cdc7,82,0.0009381267079809032,0.371876184302503,0.0028413461122988016
Gins2,82,0.0006583629832704433,0.34923496544903654,0.0014374742089407863
Rbm8a,82,0.0013638590248519153,0.36064373020054774,0.005746580948934963
Cd274,81,0.0014290082938077208,0.3889829047493044,0.0020208326826013645
Spp1,81,0.0010172500836941902,0.3846268124937129,0.0020936715695573154
Ckap2l,81,0.001527104048045734,0.3646619130642319,0.002245395144556177
Itgb3,81,0.0015481844480206286,0.3714293370850501,0.0014940475822127555
Zfp622,80,0.0006149091487409478,0.3542602489197791,0.03305983645954579
Edn1,80,0.002938568403042823,0.3837249289333828,0.001987035490782917
Atad5,80,0.0008020905062904117,0.3598972489996151,0.002403576803038495
Cttn,80,0.0029294753363804976,0.38914613718940066,0.002018270544338989
Asf1b,80,0.0010789104226809156,0.3778872228697399,0.003794860442261961
Tnfrsf1b,80,0.0008436900142439735,0.3644230724085702,0.0027852469998739765
Nup133,80,0.0010006496549138733,0.37493338743490906,0.002526569870865154
Prmt1,79,0.0010110605200387812,0.3816717978827034,0.01856104250076393
Ezr,79,0.0021633042689608284,0.38768195857957427,0.0024204475778240916
Sele,79,0.0018166445872233427,0.38000351519833697,0.001910770951664023
Exosc2,79,0.0007098180986857805,0.3504668348156998,0.029074157796530737
Timeless,79,0.000503011129411575,0.371876184302503,0.0022908078252617675
Rangap1,79,0.001339845162151873,0.3744791674205176,0.0030426433034274974
Hnrnpc,79,0.0008984954043110394,0.37824687080449015,0.007581627787946794
Srp68,79,0.00012830821547528943,0.3598972489996151,0.03650028208212796
Abcf1,78,0.00021974811323820717,0.3643276237253831,0.03024114972018959
Nfkb2,78,0.0009386970810401699,0.386711945338758,0.003465398500813504
Exosc8,78,0.0007226697085306095,0.35570972187278166,0.027454129395459624
Vim,78,0.0027527221074387176,0.3941076264013352,0.0020548212470778704
H2ax,78,0.0010690113972750106,0.40028859493050717,0.0048720872441305706
Ncapg2,78,0.0008580810079684138,0.35525548905210386,0.0014277937027311189
H2bc12,78,0.001418885294998577,0.395846006654386,0.004344003420738929
Scarb1,78,0.0028441368532878195,0.3867657076000313,0.002052132883932347
Lmnb1,78,0.002337571952923319,0.4012122490289912,0.002975179872938956
Brd4,77,0.0018876286032778824,0.40219831354156793,0.003246774897439974
Cenpi,77,0.0017042837975267526,0.38298537097563673,0.002282680492240138
Actc1,77,0.0008454763831801917,0.37599753139167796,0.0013347341595000876
Dis3,77,0.0001620246542496329,0.35144084572600115,0.029148812288738005
H2bc1,77,0.0014453343726590561,0.39641005055101525,0.004624243043358438
Tgfa,77,0.0022492597794557053,0.3895275461729243,0.002357596954881904
Hspb1,77,0.0010100763095056734,0.40833784452767136,0.004684063521471231
Sell,77,0.0006072905570431716,0.3675040600749042,0.0014716423546840818
Rock2,77,0.001553365797273544,0.3942751891676623,0.0019584082898801898
Btf3,76,5.515177755164942e-05,0.34727321617363943,0.03365351252454748
Socs3,76,0.001663332927666758,0.38914613718940066,0.002469880350330945
Tuba1b,76,0.002320933826944331,0.3914458610900556,0.004656422133599447
Hgh1,76,6.716388165364212e-05,0.3463221380265188,0.030593292523587102
Tnfrsf1a,76,0.0005382522815161384,0.3874120226663453,0.0026404883666436233
Shc1,76,0.0006002342269905036,0.3838837773929937,0.0018533953480947601
Cct8,76,0.0005962575508072147,0.3762517899333277,0.010781561391859023
Snrpa,76,0.0006056026961817635,0.3574464518523738,0.006608638220459663
Klf4,76,0.0018849749925309123,0.38606796208257355,0.002018988612284198
Nup205,76,0.0006313017467369895,0.37716997488706955,0.00472370019975498
Pfn1,76,0.0012144442794210107,0.38881980919175757,0.0020177433547786403
Sdc1,76,0.004072867056311211,0.38031520639330485,0.0018508000263561008
Farsb,75,0.00017281174374841294,0.3580905824130551,0.024541479301033873
Syncrip,75,0.0010963181827909941,0.3876279413079316,0.016825799050014405
Atf3,75,0.0023226173832611823,0.38914613718940066,0.0025343878219557464
Rab11a,75,0.007460383116489599,0.3922737922683341,0.0020450257250434582
Acta1,75,0.0017583140534015254,0.3845736431804016,0.0021740054006445697
Hells,75,0.0005186732465183786,0.3579984216660694,0.001510211689080588
Il7,75,0.0010808504981525923,0.3690641728266152,0.0014794529349699626
Psmd9,75,0.00022435695304624985,0.38340762607042794,0.004189591462458486
Kpnb1,75,0.001571900572135064,0.39466672361569377,0.00716487660520885
Kpna2,75,0.000810983538253698,0.3931607878415807,0.00447719197350597
Tipin,75,0.00029644818952048263,0.35417004898370785,0.0015470316374220261
Eif4g1,75,0.0006229446228389959,0.3742776449303142,0.02178764255303671
Rbbp7,75,0.0010895541412879635,0.37650639257910745,0.001978332470548309
Cdca2,75,0.0002753419860665723,0.3532257154351225,0.001321095383379811
E2f8,74,0.00028491266674163257,0.3483167315346219,0.0012715876748014313
Ckap2,74,0.0008868571375485503,0.34822953245300103,0.0010594351249928514
Nup155,74,0.000466479390724485,0.3806274093264503,0.004464231238374987
U2af2,74,0.0004644266899560999,0.3505109908992094,0.004150751734161875
Nup107,74,0.0009494974277446333,0.37367437673163534,0.002841069724078032
Wdr4,74,0.00018883076559581504,0.34349990551512843,0.0276548638939359
Anxa1,74,0.0026414202565621984,0.3948908069222179,0.0028199607345637295
Cebpb,74,0.0008105488086729071,0.3922737922683341,0.002182848994983251
Ska1,73,0.001226539853832808,0.36233468803946667,0.001771731313469863
Ddx39a,73,0.000687482523274588,0.3692111127759821,0.016937725006860964
Eif1,73,0.0001337308662369089,0.3646619130642319,0.027492430347663417
Exosc3,73,0.00039504945602450485,0.3477941911197681,0.026260025550289372
Elob,73,0.0010205360922468016,0.37523681342959603,0.0033880572910326263
Gins1,73,0.0010336541765176013,0.3624763172334886,0.00212103852158429
Ercc6l,73,0.0018104000789121728,0.3551194453366128,0.0013583816157691014
Urb1,73,0.0006025392360451314,0.34524767122946454,0.028765280914242155
Cdca5,73,0.0005073590489176487,0.35804449610901223,0.0017358954529392726
Nasp,73,0.0008956879503653495,0.37128062655372013,0.0018545461144616434
Cep55,72,0.00045437219352234656,0.34910349288079123,0.001037009490125424
Snai1,72,0.0005784810328321005,0.3939402059992955,0.0023129457179486604
Cks1b,72,0.00032705965567258484,0.36366088036170263,0.003189395343113723
Prmt5,71,0.0015238969587981473,0.39150094775781386,0.005088704497603641
Mapk10,71,0.0027607625838675107,0.3947227205969105,0.00809955429036868
Sqstm1,71,0.0020443133455391588,0.4006921697777654,0.0031203065087680782
Ube2n,71,0.0017285672394935874,0.38324917134137276,0.002700338979603441
Tpx2,71,0.000503031809559181,0.37207512836258194,0.0017329117539561566
Riok3,71,0.0009836575849925912,0.3548476702508961,0.02628715980485751
Sf3a3,71,0.0006180657032014797,0.35772222383528673,0.009822038526815267
Tnf,71,0.0006050511301214043,0.372573421021431,0.001483309383960819
Rbbp4,71,0.000806220412552472,0.37147893373841967,0.0015955203678857327
Selp,70,0.000549187307993114,0.37009521548051416,0.001568029752167353
Nup93,70,0.0005204753850684642,0.37167745287468607,0.002959146260798384
Tubb5,70,0.0015797671708676182,0.3937729277801875,0.007115041365878865
Lig1,70,0.00016552593829551385,0.35480241484083985,0.0016736364886225509
Trmt112,70,0.0010960293790930576,0.3678442066332177,0.02534510310119643
Cul2,70,0.0004557458951755147,0.3761500452632538,0.003637358479324404
Snrpa1,69,0.0012015383966212645,0.34783767626494433,0.006126314149558736
Nploc4,69,0.0008817433709668328,0.36740699085671225,0.0047455286860446505
Dhx38,69,0.0003579537652085633,0.3498938164717677,0.013066363614963926
Nme1,69,0.0007582220240556079,0.3761500452632538,0.020274301838839832
Nup62,69,0.0004335316938745906,0.3698492069618486,0.0024546383802743436
Rae1,69,0.0006219444274930217,0.3743783790562542,0.0036573821928900688
Cbl,68,0.0014091678160395849,0.38441422340293285,0.0016273210138206958
Crk,68,0.0006452594577870655,0.36755261392086475,0.001029879840167011
Eif4h,68,0.0009431819409293257,0.35845970039518427,0.022980067966954426
Actn1,68,0.0014112120368568698,0.3650926161111582,0.000891138611639097
Csnk1d,68,0.002894664501433651,0.3866044656429996,0.01571607638493684
Pus1,68,0.00040832677212015983,0.35291205565990424,0.02162400685457853
Mrps18c,68,0.0008628656531342295,0.3620046499371536,0.02103022162426472
Lars1,68,0.000578007376567847,0.37392550198481517,0.018842967187346082
Nup160,68,0.000253700246368515,0.3693581697778844,0.0033654518370479745
Rad18,68,0.0005309340570980555,0.3649968164218086,0.002477376973440437
Ccnf,67,0.0005663991713301331,0.35694197264139405,0.0016451500674444033
Sf3a1,67,0.00031566043473522324,0.3589221693674397,0.006464630929089657
Cxcr2,67,0.00042788146041261257,0.3693581697778844,0.0013219467755966618
Areg,67,0.0018466503487530328,0.38404275742228394,0.001938980934204154
Exosc6,67,0.00021277328517815185,0.3560739453176789,0.022668706279864982
Gpx2,67,0.0012114488873421923,0.3855329455054082,0.0021751380363376482
Oaz1,67,0.0008987591376440702,0.3775794971182173,0.012375585259317305
Vav1,67,0.0006433468650146841,0.360971290355135,0.0008792559677757469
Dap3,67,0.001238149242309763,0.36191046373969366,0.019488777768136095
Anapc10,66,0.0010488010688605115,0.37103304011296684,0.003582646395038989
Tuba4a,66,0.0015304880317419773,0.38920057845089884,0.0034210813697828696
Rad54l,66,0.000355552361536181,0.370193710547841,0.001658529168067894
Cdc37,66,0.000734348448181793,0.4004614559906471,0.00487546627872309
Esco2,66,0.00044856349041418324,0.35845970039518427,0.0021454604038970157
Nup85,66,0.00030736060262987424,0.3719259003699231,0.0027840940888495744
Tra2b,66,0.000981014451954034,0.3517518946474934,0.004774918752831407
Ppp1ca,66,0.0040201144505314056,0.3995986404434107,0.005377288656636364
Lsm4,66,0.00048713206150645925,0.3613933144670077,0.006293838842418478
Nol9,66,0.0014123561520365164,0.34870966843407186,0.024282671089668886
Apaf1,66,0.002547070547663454,0.3965795773010727,0.002929287317823362
Rad17,66,0.0001325265869809336,0.36228750289972983,0.0016283707724224989
Pold3,66,0.00019942881149759186,0.35703359019083997,0.0019483335794220342
Kdm1a,66,0.0007644783777631004,0.39034737403774733,0.002773363480043599
Cenpk,66,0.0006226872657092883,0.36755261392086475,0.0016209014417542776
Kif22,65,0.0005158227262540314,0.3466241882341173,0.000981867185327766
Cenpu,65,0.00030446244503184593,0.3537647170354813,0.0011593938635914769
Arg1,65,0.001119457340954919,0.3816194423548731,0.00262667798455871
Epcam,65,0.0012484031244782267,0.3785041816009558,0.001701890994833438
Rad51ap1,65,0.00010747610773489524,0.36013019220285114,0.0017824927943861971
Usp14,65,0.0004993533818538459,0.3710825309813292,0.0045712228914560026
Hmgb1,65,0.0002932103333642278,0.3843080169591138,0.0022678370944064848
Bccip,65,0.0013162237244018667,0.36257079822325367,0.019758063741552277
Srsf3,65,0.0002900401558509005,0.3471432162174975,0.003458707207182121
Pak2,65,0.0005228002098400102,0.3678442066332177,0.0008936632811449943
Denr,65,0.000500386062843553,0.36456633924348386,0.022568067115880813
Eif3j,65,0.00023005307828145304,0.3643276237253831,0.024346265866025014
Gpatch4,65,0.00014891101630914858,0.3461928490252644,0.025338785103171977
Fcgr2b,64,0.0010317860262045537,0.36191046373969366,0.0011520400902414543
Msn,64,0.000830175476217826,0.38214364488558034,0.0016479265451737459
Tyrobp,64,0.0013707345129904361,0.3600369787455707,0.0007277484166776647
Ipo5,64,0.002401132145460238,0.3645185711172727,0.011558136247387284
Hmgcr,64,0.0038345192422515203,0.3922737922683341,0.0025571379576314556
Fas,64,0.00023262435913826705,0.3777845919020947,0.0016777546195540145
Prnp,64,0.001626690928678329,0.3926613598824312,0.0035829865151151804
Arpc1b,64,0.001610648146568317,0.37508503906795543,0.001415656059854632
Polr2g,64,0.0016997907586042155,0.36842878224963915,0.0033718101280389035
Nes,63,0.0010706529037330095,0.3845736431804016,0.0018770788661929833
Chtf18,63,0.0006938428287954768,0.34862227252719613,0.0023409856889541974
Cck,63,0.0011722031253160441,0.3901284160380066,0.0021551708240532563
Msh2,63,0.0002933304579138726,0.3799516163298314,0.002177369488070775
Ngfr,63,0.0017289752580711458,0.38903730034499023,0.0020161536124249954
Myh9,63,0.0010404148024053359,0.37523681342959603,0.001642275390792726
Sf3a2,63,0.00017334678197988287,0.3484476120700182,0.005202435874586604
Cd24,63,0.0002444631470913229,0.38135788002289583,0.00196358877599474
Nup54,63,0.00032809663768090103,0.36552433776994153,0.0023184555040008307
Pola2,63,0.0006851308165208293,0.3568961814967319,0.0017001940950380605
Diaph3,63,0.0006270165786447817,0.3637559799643077,0.0006604991550633772
Il33,62,0.0010357734582454477,0.3634233487612051,0.001190425136497292
Tuba1a,62,0.0016040571425595372,0.3845736431804016,0.0031338480986742396
Cenpn,62,0.0001297678943203548,0.3604101223950026,0.001185715842544649
Mybl2,62,0.0007548112932525026,0.3837249289333828,0.0051566249630105475
Nbn,62,0.00020724010794243852,0.3751356168779699,0.0022206932475937057
Flnc,61,0.0006666342274249541,0.361769276302604,0.000852765011935259
Eml4,61,0.0013185205104581288,0.39216319914956654,0.0021567402178078827
Epha2,61,0.0005268090857397431,0.37237394388529316,0.001002491122527165
Flt1,61,0.0006419287462249734,0.37701663298103066,0.0017090526205994347
Rpl41,61,4.431636772799426e-06,0.33595045704226845,0.027909316931826314
Nup50,61,0.00015563623954580278,0.3618163265401255,0.0021071691806750117
Snrpb2,61,0.00013995622527675938,0.3477941911197681,0.004352623171041068
Nup210,61,0.0007699906664476771,0.3656204146099389,0.002122137183989543
Itgb4,61,0.000668609760110866,0.36413687627840646,0.0013120173525214235
Ptbp1,61,0.0008318242282643282,0.37217468023639133,0.0028484082653317346
Ccl4,61,0.00016887897192456407,0.36571654197016235,0.0015037133291570836
Cdk9,61,0.0020859634978954186,0.3887111547809173,0.0027127176761187585
Ddit3,61,0.0007188977297367851,0.3866581980218242,0.0027738848931341572
Kcnd1,61,0.0012127657066131367,0.3414760936255094,0.02848779363417469
Rbm22,61,0.0006252366306173283,0.34801172564010824,0.0046713503980160085
Pold2,60,0.0006223526000217495,0.3636133492049438,0.002381420485785007
H3f3b,60,0.0009792270623623452,0.3864970456747743,0.00352502016973045
Pdgfb,60,0.0005765400847080797,0.37287303776531633,0.0014710479455741759
Rhoc,60,0.000760798433480236,0.3689662778205604,0.0009705070513419759
Rars1,60,0.001178319863396545,0.3676983524672251,0.017239037011218147
Tbk1,60,0.0016265709867014102,0.390950777791881,0.0029220237028858976
Gpx8,60,0.0007438282721978188,0.3827219335213957,0.0020262345340021546
Ywhag,60,0.000994634443956548,0.39578969053450347,0.0033294014603117744
Anln,60,0.00040395659533205624,0.35873703865467765,0.0010643352515164912
Itga5,60,0.0003205306455315193,0.3603634371459877,0.001201779610914512
Zeb1,60,0.0003507633380584445,0.39155604993202325,0.002028049695580772
Cct6a,60,0.0003781803641980445,0.37589592416795364,0.008334780235764555
Srsf2,59,0.0009679648517543088,0.37763074993444073,0.0031403631254703045
Ccnd2,59,0.0008601604895436307,0.38531935384584837,0.0021445567037965325
Pelp1,59,0.00029571958325964014,0.36648738437189105,0.020910838792880863
Hnrnpa3,59,0.0004086096877571896,0.35772222383528673,0.007264841187669169
Magoh,59,0.00021764515182799588,0.34160188295272903,0.0038771919489090953
Actr3,59,0.0006692619416617233,0.36755261392086475,0.001351385899510422
Tubb3,59,0.0017613695483545265,0.39078602820157676,0.0025112092469596354
Zwilch,59,0.0009956621191622719,0.34443552491853724,0.0008675067443063765
Arf6,59,0.0023453513168823817,0.38104447812176756,0.0013501712294560829
Shmt2,59,0.00152696943684399,0.38547952539379593,0.005016569293883715
Gata4,59,0.0016794238085483713,0.38314360759771726,0.0016723473170030237
Got2,58,0.0013409390103765828,0.37589592416795364,0.002350669966110799
Kcns3,58,7.363828738045305e-05,0.3398907434046457,0.0284832283659866
Xrcc3,58,0.00018034656314413374,0.3747313759115066,0.00229515653177837
Vasp,58,0.0008194613689439598,0.3628072163232949,0.0010654561760705319
Hbegf,58,0.0006250606859855607,0.379071499491351,0.0015191565025237481
Impdh2,57,0.00021402472805032814,0.37292302074625,0.01694832127965212
Ranbp1,57,0.00025481882370245886,0.36389872266409745,0.0045319845319446925
Diaph1,57,0.0007704442589979016,0.3622403300477897,0.0007025426592748933
Hjurp,57,0.00032305614587494066,0.3454191376666284,0.0011045405504886954
Prpf3,57,0.0004886645826499984,0.35144084572600115,0.006746013017648237
Khdrbs1,57,0.0013507892409624846,0.38436111284429747,0.003238406961410549
Yap1,57,0.0017540086766217391,0.3962971132146759,0.002499210831977308
Orc2,56,0.0015974742746127542,0.36504470998123933,0.002938889095515492
Itga4,56,0.0002664942764200507,0.3600369787455707,0.0010222385794736086
Ltbr,56,0.00027617311694494754,0.35268835379906505,0.002329247138253998
Spag5,56,0.00028766426281835164,0.3467537996718216,0.0010443249679142482
Tagln,56,0.000844620142784357,0.37048951055626916,0.0014983372039294842
G6pd,56,0.0019326725508286983,0.38985506372856293,0.0031887362125268244
Pclaf,56,0.00021559549608422444,0.35906114284551177,0.0018019499590756689
Mapk6,56,0.0015836716572873186,0.3679901765564848,0.00272554395448698
Ifrd1,56,0.0011975347225677989,0.36828246422650585,0.02550142565716307
Cdca7,56,0.00016627175243680655,0.3432456181082079,0.0010971765065857315
Csnk1e,56,0.001754127293580285,0.3805753399134097,0.015823384731342663
Abl1,55,0.001323605839810732,0.3815147743783633,0.0014003178645485878
Kng1,55,0.0033768701847263285,0.38052328474449804,0.002099807198222415
Flnb,55,0.000742978469592571,0.3777332973207094,0.001628361744372186
Nup58,55,0.00010627451780853354,0.360971290355135,0.0020057594263915434
Adsl,55,0.0008995207136555188,0.3628072163232949,0.0035721526179469227
G3bp1,55,0.000783891547902719,0.38985506372856293,0.00744249871210485
Bud31,55,0.0002475642967111929,0.34941041632341435,0.005661801822972784
Plrg1,55,0.00015328980755439613,0.34958604357464507,0.0040142436172227024
Tiam1,55,0.00046370238644602234,0.36980004449913934,0.0012406943032055471
Srsf6,54,0.00016246947835988102,0.334456087372809,0.0021082206351104257
Csnk1a1,54,0.0007017539473498316,0.374076339218371,0.006425527347329518
Itga3,54,0.00032406857568284504,0.3550741205829005,0.0008686022836175672
Mdn1,54,0.00017858385557590305,0.3560739453176789,0.021479501109824124
Rnps1,54,0.0003323285165094132,0.35634760276252403,0.0034992528757276414
Gins4,54,0.0002122480440577483,0.3532705694942254,0.0013795202561461683
Lsm2,54,0.0003490824651846888,0.34941041632341435,0.004772023933701575
Arhgap11a,54,0.0012120552824715716,0.352241799793242,0.0008462098555041068
Fkbp1a,54,0.0013472886163815323,0.3855863804250901,0.0147485755181004
Mapre1,54,0.0015712873287908537,0.3574464518523738,0.0007845204266819605
Nup35,54,0.00034527014201898273,0.3595251660334744,0.0018823537953988657
Sf3b5,54,0.0007901968943646782,0.34753350840312613,0.004762348166929106
Map3k14,54,0.0005950301642514682,0.36059698441568694,0.003098526850703777
Csnk2a2,54,0.0023164452044436516,0.37881341704344024,0.005024088971143837
Polr2h,54,0.0006788316899949506,0.3468835080756889,0.008547407928520706
Actr1a,54,0.001193765288943517,0.3698492069618486,0.0014897141367199778
Lcn2,54,0.0017325460537504101,0.37594672091446285,0.001519087226829646
Zwint,54,0.0003397004647068659,0.3533603117956338,0.001266460137755186
Rpn1,54,0.0012139724965976502,0.3580905824130551,0.012648557386097275
Dbf4,54,0.00011789542523266207,0.34936653707987253,0.0013136543592639999
Fus,54,0.0007554145890282649,0.38346047343446243,0.002839592386842486
Gtf2f1,54,0.001404922548511011,0.3671160906264219,0.0023936788001258052
Gnb1,53,0.0015208239978591262,0.3665356699297794,0.003916121588423819
Eif4g2,53,0.00012595707951686195,0.3557552090494917,0.014320350966041314
Rad9a,53,0.00019562110332020774,0.3610649882890364,0.0015249635233267657
Mdc1,53,0.00022126137276443314,0.3620988851707699,0.001224489067563346
Cenpm,53,0.0008242819554282514,0.35869078581318015,0.0010770188208963315
Prpf38a,53,0.0006345738727878097,0.3468835080756889,0.00367380824407514
Ppih,53,0.0006025897764367279,0.3677469576691375,0.006687180987932488
Farsa,53,0.000957635485537184,0.3647097187686189,0.01584530004027332
Tgfb3,53,0.0007808170383683792,0.3647097187686189,0.0012608720221126283
Ifrd2,53,3.1884656255985158e-06,0.348534920416816,0.02628049351760939
Sec61g,53,0.00032982305442885306,0.34371209967470046,0.021536081348091814
Plat,52,0.000400772983261871,0.3707857836554745,0.0013812366454680738
Wdr5,52,0.0005477278509879791,0.37650639257910745,0.0019769166046013104
Akt3,52,0.0004455128869532389,0.3917766138243945,0.002177411496147352
Il6r,52,0.00017274511264256073,0.3570794166046753,0.0010810646811079993
Hprt1,52,0.0011052527972885595,0.39567710635286946,0.005928472553036815
Chaf1a,52,0.00010977596953164694,0.34727321617363943,0.0011881421949242112
Rbbp5,52,0.0019212874775901571,0.38282726500165476,0.0036188962265583245
Atf4,52,0.000725342236044118,0.3803672046441106,0.0021105013284730446
Il4r,52,0.00010792303331954519,0.3450763749400924,0.0007608091057151623
Sf3b4,52,0.00017218552841434217,0.34341510119331253,0.004387906332431499
Wee1,52,0.00024735908280580063,0.3739757675449691,0.001653417244951965
Iqgap3,52,0.000824950376944056,0.36764976011193673,0.0011003466368072002
Cd38,51,0.0006414666742168058,0.36610155741111006,0.0010589573720603657
H2ac20,51,0.0004847792252393554,0.3668740254209449,0.0029303509453578445
Pom121,51,0.0008482702668280647,0.35694197264139405,0.0018032019742897022
Nup188,51,7.086768980859787e-05,0.3573087252462144,0.0019080561682177583
Nudc,51,0.00029426454600463883,0.3569877755379219,0.0019830421995740816
Tars1,51,0.00013660709557233278,0.35822891253760303,0.013660962724629156
Trmt1,51,0.00030913692614376867,0.3338540423337364,0.020332483976741058
Tnfrsf13c,51,0.00014955162875442143,0.3518853699427049,0.0022209858910574964
Isg20l2,51,0.00047935516031352043,0.3450763749400924,0.02011872556909191
Mcam,51,0.00029211832165205727,0.35580070786123863,0.0005247591568039588
Ndc1,51,7.150827031159005e-05,0.357262839959808,0.0018785589551677487
Adrm1,51,0.0001303439792521046,0.351618520572172,0.004392819131455263
Adam17,51,0.002166280829182197,0.37696554671639904,0.001968188470012316
Tpm4,51,0.0010783897893630282,0.3722742853963636,0.0011905300310457792
Cwc22,50,0.00025815190153849964,0.3458055605676849,0.004369669261257643
Rhog,50,0.0007121030331039822,0.37048951055626916,0.0008932273405041208
Rmi2,50,0.00016491237291854952,0.37207512836258194,0.0019429359912013714
Usp1,50,0.00030197714469893826,0.3518853699427049,0.0013633568029589942
Tuba1c,50,0.0006834653735770798,0.3802112525306854,0.002799343854094731
Ptges3,50,0.0006222236957962579,0.3790198548728917,0.004176408639403876
Gnb2,50,0.0010895611208202643,0.36619793797117617,0.004411118447272715
Helz2,50,0.0008004439121255389,0.3515296606983858,0.01203697171429493
Snrnp40,50,6.926581407228758e-05,0.34567665690445143,0.004407617004612371
Gnb3,50,0.0016281787255761025,0.3651884661022611,0.003819796063897021
Rnf2,50,0.0014373200344975263,0.36228750289972983,0.0017960301209654045
Umps,50,0.001264657344468489,0.3694072148143706,0.006671145506752571
H2ac1,50,0.00029574923549503264,0.3666806029744333,0.002929850735056249
Ccl20,50,0.00013211922367093655,0.36242909520154054,0.001306030237935163
Gtf2h1,50,0.0010692155705666843,0.3776820166667153,0.0033461652378407305
Lmna,49,0.0010138622108673073,0.4010965592224661,0.002308475262859261
Flot1,49,0.0009481732958403285,0.36576462460781295,0.0012408859937972521
Tubb2b,49,0.0008365576456473856,0.3780926521836131,0.002678820622929375
Itgb6,49,0.0002973510632783038,0.35268835379906505,0.0007507557890064595
Fanca,49,0.0002915957362993318,0.37834975313029034,0.0028508712067030497
Gcg,49,0.0007040482473897728,0.372823068181054,0.001548133443464028
Lsm3,49,0.00012224854405590288,0.34328797319435156,0.004459433035791057
Srf,49,0.0018634398959033634,0.3831963821993148,0.0015940925823525103
Atic,49,0.0022038077241309786,0.36745551905521395,0.006562529364005742
Ercc1,49,0.00011082565142798458,0.3741769649989274,0.0018735658086458237
Ppp2r2a,49,0.0015870986475917564,0.3746304517596317,0.001978887028050581
Nme6,49,0.00097712380930315,0.3617222383002243,0.013749606757669477
Hspa12b,48,0.0002656070508772829,0.36013019220285114,0.003784433077913442
Hspa14,48,0.00020814317865479939,0.3600369787455707,0.004903852039478109
Prpf31,48,0.0005720637620178613,0.34984981574032004,0.004482188184011627
Gemin5,48,0.00038878519548197354,0.34185373983374606,0.0019010406536499602
Rbbp8,48,8.61554851443455e-05,0.3672614831375611,0.0018002788305290763
Smn1,48,0.00039005847552712146,0.36490106699462554,0.002604430314761428
Gas2l3,48,4.709231549973756e-05,0.33627532149970085,0.0007233232796597991
Zc3h15,48,0.0012818795549097018,0.34775071684587816,0.02004166431679582
Smarca5,48,0.0005450312918082514,0.36242909520154054,0.0031580587242264345
Tnfrsf12a,48,0.0002284918611146737,0.3465810059507942,0.002104677314625777
Tubb6,48,0.0009563986745700221,0.37834975313029034,0.0025341991173031156
Tnpo1,47,0.00029571982585911504,0.35095316447168223,0.003390365599003239
Limd1,47,0.00024803503104537766,0.36031676399003043,0.00283251510639702
Sos2,47,0.00034579932262437463,0.3693581697778844,0.0011002502225437496
Srsf7,47,0.0001160612928639486,0.3408485340317355,0.0022788091016735365
Ppp4c,47,0.0016017620537643626,0.3827219335213957,0.0027773414810395333
Arpc2,47,0.0005733385552330501,0.3518853699427049,0.0006308216737257248
Hnrnpab,47,0.00027161473536143623,0.3549382157140884,0.005104674135934277
Fbn1,47,0.0009209359303850674,0.34155994288115715,0.0004124885210084165
Arpc3,47,0.0005208135312916995,0.3598041560743695,0.0009808155898591204
Pdia4,47,0.0008531623253269771,0.38094012525907506,0.003616540099990154
Malsu1,47,0.0002526990352300011,0.3483167315346219,0.01688625629748754
Upf1,47,0.0006487133574350663,0.35910749125687685,0.0062911087307226405
Lcp1,46,0.0004950294950036948,0.3627599080410777,0.0009003326862711612
Bin1,46,0.0018312197573231077,0.35309122157215705,0.00049226590405936
Txnrd1,46,0.0019390946136852993,0.3713797536733447,0.0016542077171339236
Lif,46,0.00042084138227617304,0.36823371737485444,0.001192765100025977
Eri1,46,0.0005107937223612859,0.34473429179269205,0.01612111697556377
Rpp30,46,0.0005090253878778929,0.34796819696898373,0.015295722211536541
Prmt3,46,0.00015535419627794227,0.34822953245300103,0.014739264485132852
Kif2a,46,0.0010728236576621353,0.3420218508442372,0.0006037478666179093
Ppial4g,46,0.00042670488381407523,0.37737462490057316,0.009713243343029037
Dnajb11,46,0.0007385836481057633,0.3587833034262348,0.003937345609944549
Wasf2,46,0.00011620748202577777,0.3564845892833195,0.0008290578107637424
Ppig,46,0.0019988367383066805,0.374076339218371,0.005132941436850957
Nfkbie,46,0.0009180472026576286,0.34870966843407186,0.0025640119451921656
Nqo1,46,0.0009265533718058209,0.3760991935605009,0.0016987986150722805
Col4a1,46,0.0006991552545594641,0.3668740254209449,0.0017317438605797834
Tkt,46,0.0009187510621925277,0.3733734713148605,0.004475610422708332
Srsf4,45,0.00011033090889154456,0.3429494248973157,0.003571616246537158
Ajuba,45,0.00021122365107723566,0.3580905824130551,0.002659971289625197
Spi1,45,0.0007147489206373142,0.36191046373969366,0.0007110512841731458
Ascc3,45,0.000447927477513469,0.3406815741816097,0.004118922242447473
Actl6a,45,0.000876322374343778,0.37058821563434463,0.001163840936716763
Tubb2a,45,0.0005401721535282395,0.37468090703933,0.002651326713519166
Camk2a,45,0.0008826664540732095,0.3575842846744248,0.0006483156140526995
Srp72,45,3.5817728121081595e-05,0.3310729185727746,0.02075267824660837
Kpna4,45,0.0003872658996524162,0.380887970258355,0.0025231317550465033
Ppie,45,0.0003808243456234545,0.34941041632341435,0.0038810054408182047
Dync1i2,45,0.0005177937651488182,0.35906114284551177,0.0011233852834290892
Il1r1,44,0.00011396206717990917,0.35740053118795284,0.0010283701226995504
Suv39h1,44,0.00029358009107866744,0.3617222383002243,0.0012239816751595948
Krt8,44,0.0022713911604734533,0.3734235885593322,0.0015077614333967278
Hsf1,44,0.0002922241863366275,0.3816717978827034,0.003706052989198709
Cdc25b,44,0.00020142547135341632,0.3600835794417584,0.0011743753726212612
Pf4,44,0.00019664435862579093,0.3363973077106439,0.0005071829885825617
Ereg,44,0.00017921195494502668,0.37262332370305723,0.0011801135407761337
Cstf3,44,0.0026379552799698685,0.3761500452632538,0.003563353961006192
Spred3,44,0.0024091717321924892,0.34697003426877343,0.0024286808826459597
Rps19bp1,44,1.49897478258794e-05,0.3405981555787249,0.019721002822413822
Psmg2,44,0.0006284043125129549,0.34749009927142455,0.0029263095033194688
Orc6,44,4.9894670533652834e-05,0.35389972456011004,0.0016205743807878687
Itgal,44,9.316531327733367e-05,0.3534950107709054,0.000763041579250919
Plk2,43,0.0004953608162179358,0.3623818854718021,0.0010910562612465034
Irf8,43,0.0003409448659607086,0.35380970809703993,0.0009025391700757781
Tubb4b,43,0.00040355984668682786,0.3697508951046019,0.003019184937492934
F3,43,0.00023181186348361803,0.35371973741475204,0.0008130044088289296
Ube2l6,43,0.0005553981249391667,0.3533603117956338,0.0016513770512668817
Ptpn1,43,0.0004071017124722657,0.3708846466827123,0.0012978665539146957
Gspt2,43,0.0005188050184806662,0.3517963751602207,0.014597647304852577
Rbfox3,43,0.00038067163570770714,0.38531935384584837,0.0024810867267595206
Hk2,43,0.0009588711393734062,0.37372457479406573,0.0016218285474875814
Cdk14,43,0.0014940914436314936,0.34366963987239346,0.0008816206879778929
Mad2l2,43,0.0002079507372114244,0.3538547106037936,0.0014057678809079154
Pafah1b1,43,0.0012420887362565235,0.3484476120700182,0.0005021620914658339
Zyx,43,0.0005286306294222175,0.35985069651623663,0.0006804844352367216
Tjp2,43,0.0007701039323599207,0.3616752125282144,0.0007858252641206862
Clu,43,0.0013721293450873983,0.37014445646181815,0.0011563412752185844
Cldn1,43,0.0007668487016776603,0.36818498342602235,0.0014580315098728018
Prdx1,42,0.00031016927972529415,0.37392550198481517,0.0022733633895794924
Ska3,42,0.0007477794604194064,0.3359910307689644,0.0006079087813384438
Ywhah,42,0.00042797160119283274,0.3884940280361716,0.002694056655515181
Trim28,42,0.0014462684609509765,0.37312308674450445,0.0015995061001725932
Hck,42,0.0001619133568488889,0.369554428104015,0.0011127919769922388
Kpna1,42,0.0008210201615088077,0.3787618427184513,0.0026192281208503518
Polr3e,42,0.00028546229187772354,0.33115173607511306,0.013683725741158377
Mmp12,42,0.0001784431313247072,0.3468835080756889,0.0007622828214843377
Uchl3,42,9.56197758260226e-05,0.339062246772337,0.0029989060424656854
Wdr1,42,0.00044652155995118044,0.35906114284551177,0.0012027182345162373
Tgfb2,42,0.0003380527111534517,0.3676011805981798,0.0012973931272413737
Dynll1,42,0.000852053378474721,0.3647097187686189,0.0012141989665637963
Hyou1,42,0.0006537379180518882,0.3730230269196869,0.00326235808245705
Eif2a,42,5.072388379301274e-05,0.35570972187278166,0.016658176645712935
Cpsf2,41,0.0001770467011045758,0.3392276228224637,0.001567255649191568
Pkmyt1,41,0.00018993226462493776,0.35166296735773295,0.0013229448531232868
Mrm3,41,0.0002464569906667063,0.34349990551512843,0.011455216515012917
Ripk3,41,0.0004909421108537445,0.37696554671639904,0.0018622941410810644
Wnt3a,41,0.002507587947916513,0.3806274093264503,0.001702342988917433
Flt4,41,0.0004301847227946006,0.3660533861535559,0.0011407633963408314
Eps15,41,0.0006163393681161225,0.36926011876387377,0.0011673507149038472
Krt18,41,0.0009489613928701056,0.3942193190827583,0.0025877252235630807
U2af1,41,0.0007628804165758288,0.36576462460781295,0.0014498939192145132
Sp1,41,0.0009059277967922732,0.3776820166667153,0.001442692899085523
Plk3,41,0.00035550606552962384,0.36027010292243267,0.001054443152542876
Lcp2,41,0.0005688367846303051,0.35721696645698836,0.0005475621335393383
Ppil1,41,0.00012692619553112514,0.34193777467637965,0.0026521222812628284
Gnb4,41,0.001215722183390993,0.3604101223950026,0.003628183638813434
Mllt1,41,0.0013187833392307665,0.3617222383002243,0.0008284932339949591
Kpna3,41,0.000188750996364164,0.36195755071129654,0.002322528893728673
Ripk1,41,0.00013479609329142804,0.3757943718447961,0.0017822741037774046
Cwc27,41,0.0008004412256425008,0.34278040103092966,0.0038208927302578475
Rap1b,41,0.00039657385842275714,0.3521972065789372,0.0006905119160904721
Cebpg,41,0.0004742695416198531,0.37793855926735836,0.0016170145149672322
Uba1,40,0.0003800872547250323,0.3705388565219799,0.0035717959568335117
Cmss1,40,1.6089138750090462e-05,0.3337338933261786,0.016234916927585465
Tspan8,40,0.0005684876836285093,0.36078404030177996,0.0010605339631294724
Serpinb6a,40,0.00025242831926230097,0.35095316447168223,0.000779289946144562
Acaca,40,0.0019088353878189367,0.37468090703933,0.0018541265278960246
Arhgdia,40,0.0005928936805253887,0.36629436929124753,0.0011265097934522485
Il1rn,40,6.585116753573792e-05,0.34055646159469033,0.0006314168432317903
Sars1,40,0.00047917157055973116,0.3555278894270959,0.00479699992361683
Cd2ap,40,0.0006822814010753294,0.36789285040558384,0.0009393207413801653
Pfdn5,40,0.0006820558847108423,0.37157816679137506,0.010650688787489654
Dnajc9,40,0.0008996729170847154,0.3635183241561512,0.0036569374325494865
Srsf10,40,0.00020726685243774106,0.3408485340317355,0.002576613137882922
Iars1,40,0.00023814714584127476,0.36271261209478817,0.008006781785698143
Naf1,40,0.000800112759927319,0.33578826008051,0.014265018462477266
Tcerg1,40,8.205395874431272e-05,0.3388970318878091,0.0028886856773210324
Ppa1,40,0.000735653928502069,0.3635183241561512,0.010353725839947835
Axl,39,0.00017346528148655117,0.3684775807638444,0.0013466606513004718
Wdr77,39,0.0004929078159131132,0.3726732397544575,0.0023640050843149922
Plk5,39,0.0006375882511377863,0.35634760276252403,0.0009274711847680416
Donson,39,0.0009396027142651653,0.3449907905217045,0.00200761103932837
Txnl1,39,0.0009827286013751979,0.3611118554993542,0.001888092878555738
Ptma,39,0.0005389327915523475,0.36490106699462554,0.014139288516738327
Slc1a5,39,0.0013606523099990787,0.3757436162570266,0.0014961378369026375
Rnf8,39,0.0005160324468172272,0.372523531704208,0.002684055564279004
Rbm3,39,0.00043762792145527846,0.3581366805827787,0.003860240120491125
Lrr1,39,0.0012161479256945162,0.34862227252719613,0.0006252930103694999
Sdc4,39,0.001233742234195404,0.3498938164717677,0.0004998842865512569
Actr3b,39,0.0003251519425520068,0.3667289394630932,0.0011353566801883448
Prdx6,39,0.0005994585286218047,0.3637559799643077,0.002843767474167867
Asns,39,0.0009617074759934734,0.3509974431954359,0.0023828630343651442
Myo9b,39,0.0006201446238747669,0.3484039742976863,0.00036679407975685996
Aimp1,39,0.0001570709032721594,0.3533154349462821,0.008318271713536343
Fxr1,39,0.0009510353926666931,0.3569877755379219,0.0033542523228854973
Git1,39,0.0002081531694633868,0.3443928862053757,0.00036098063066915563
Cdk17,39,0.0005684171095134926,0.3407650336559315,0.0008375258782075192
Col6a2,39,0.0002812427289643846,0.3359910307689644,0.0004828492456512049
Prickle1,39,0.00045473517696070434,0.34836034745392247,0.0023790101948689578
Gnai3,39,0.000928505531021064,0.3428648921329831,0.0004975774361438645
Mapk7,39,0.0005703170148157569,0.369554428104015,0.001178543432577418
Pak6,39,0.00026891516096515846,0.35961811462862264,0.0005994790510997042
Nrg1,38,0.00023573783432772106,0.3785041816009558,0.001637702196691218
Tpm1,38,0.0004927734121036253,0.35295683008970125,0.0006867884003747957
Hnrnpl,38,0.00019670533818225212,0.35721696645698836,0.0018384069990485241
Gstp1,38,0.001581783850337917,0.3707363719039212,0.0014300430342829818
Lbr,38,0.0010976191256347244,0.354079894968439,0.0005789547033706358
Casp12,38,0.00014574637138397455,0.3742776449303142,0.0019301061232903564
Sf1,38,7.537474971786244e-05,0.33643798945060166,0.00218250636618828
Plek2,38,0.0012400885646593222,0.3690641728266152,0.0009222795773900813
Irf9,38,0.00027051334971300135,0.35117466987718066,0.001102922549167399
Ccnk,38,0.0012234524884394392,0.34679702502705373,0.0007281715043713662
Mcmbp,37,9.966542290745615e-05,0.3305222448339106,0.0009206664154607995
Rad54b,37,0.00011886418522750447,0.345290521877501,0.0012608276415853915
Tbpl1,37,0.0011369490678109857,0.3537647170354813,0.0034281862357990554
E2f4,37,0.0002706435863133814,0.3583211920101784,0.0009764930591202312
Cd276,37,0.00015022515808662875,0.3467537996718216,0.0007022742067745217
Mrps22,37,3.72414658578447e-05,0.3407650336559315,0.013453473865418172
Cdc73,37,0.0006295020384755654,0.3556187824066247,0.0019045819142417516
Fignl1,37,0.000258520571580969,0.34051477781726136,0.0006100382731148686
Tpm2,37,0.0004575554565508272,0.3503785560159981,0.0005033785213808687
Col6a1,37,0.0002140514184741592,0.33277580559414177,0.0003136182423236181
Col5a1,37,0.0003087762699139588,0.3411829451517078,0.00047376893156185127
Map2k3,37,0.0006818894455917626,0.3645185711172727,0.0008639060799591335
Apex1,37,0.00017970496704641683,0.3744791674205176,0.002173210354991924
Eno2,37,0.00023895873762448024,0.3722244761529335,0.010501193036215337
Pcf11,37,0.0007125706818196206,0.32915354173769823,0.0007722233623718338
Cavin1,36,0.0007287515146356686,0.362901869914822,0.0016975652176494582
Sdcbp,36,0.0011093330959660646,0.3667289394630932,0.0015867212666532547
Arpc1a,36,0.0005687123342617401,0.36485321111698693,0.0011030507632714534
Rad1,36,3.5057704661597715e-05,0.35255426875770185,0.0009266483464783484
S1pr1,36,0.0026351460968063525,0.36740699085671225,0.0010466501307185992
Hnrnpf,36,5.31993645873481e-05,0.3383611937201441,0.0015019949837294336
Eme1,36,0.00025151539600021,0.35466671784383286,0.0012665587461015266
Rnd3,36,0.0017963862785918192,0.3542602489197791,0.000546104140537107
Rrn3,36,6.902850697596586e-05,0.3308760388638231,0.012419227032607961
Egr2,36,0.0015373579623948956,0.3646619130642319,0.0009267850772317923
Cxcl13,36,4.781142649560965e-05,0.3372536955712238,0.0004968541355795884
Cenpt,36,0.0002119115485586588,0.3507761612365433,0.0007302894796449585
Nars1,36,0.00025197564911554445,0.36055025074741126,0.004848512071293578
Dnajc2,36,0.00017642535886436272,0.35117466987718066,0.009960968520408559
Dsg2,36,0.00036950602824277826,0.35291205565990424,0.0005433248789708738
Fermt3,36,0.00022284615611664816,0.3503785560159981,0.0007526626823157953
Nos3,36,0.0003517513620437318,0.371876184302503,0.0013950158852311788
Cxcl11,35,8.547438653114101e-05,0.3422743276042108,0.0007380241580664161
Flot2,35,0.0008005650736657639,0.35694197264139405,0.0007364596690777221
Prkcg,35,0.00036539376503743763,0.3517074253814191,0.0008207858611769588
Cops4,35,0.0007228850800429239,0.3735238634219959,0.002112350625304938
Dcx,35,0.0004617532158088341,0.3632335467772588,0.0008968759799539434
Dtymk,35,0.0004980761049779361,0.34653783442538927,0.0023690356690015046
Plec,35,0.00048379422056938243,0.35166296735773295,0.0008744263751589681
Col18a1,35,0.00030534203775943886,0.3569877755379219,0.0009206230530470018
Aldoa,35,0.0013602637094897857,0.37357402105103066,0.003065355160726638
Fermt2,35,0.00036565566330416284,0.35786026945806854,0.0005472907663013403
Celf1,35,0.0007637188549930256,0.3576302525732132,0.0016899104916140337
Mis18bp1,35,2.2728904351552347e-05,0.3375401279746451,0.0006947797861337551
Msh3,35,0.0006204657573596707,0.36304394294232356,0.0017898458328841741
Myl12a,35,0.0007620749528003621,0.35166296735773295,0.0005526962504396542
Isy1,35,1.0822798973263833e-05,0.3334538816693066,0.0031249883930078203
Map3k7,35,0.0004269459777576217,0.36214602118810535,0.001213997352899913
Col5a2,35,0.000382175656807757,0.3323782239865024,0.00037286221223607936
Pabpc4,34,8.107164591692812e-05,0.353989786838914,0.006856731530124566
Rnf4,34,0.0003007443025027383,0.3560739453176789,0.0010058821419548826
Taf10,34,0.00044579313110986146,0.3714293370850501,0.0028447973885087977
Casp2,34,0.000183364968620008,0.36682565068130607,0.0010764891365982313
Plcb3,34,0.0005251404431493574,0.34290715330543886,0.00037953299025036085
Serpinb6b,34,0.00013509122642009315,0.35304641304150064,0.0007168382497201277
Ctsd,34,0.0013379533547854896,0.37727227214090386,0.0013428366588106463
Rala,34,0.0011154973943381607,0.3726732397544575,0.0010667670157546553
Tapbp,34,0.0007336090596593379,0.34273817109363375,0.0007382851705986728
Npy,34,0.002282918111514114,0.3510860341704979,0.0006902362579459003
Wdr90,34,0.0021303047346557928,0.33902092795113636,0.000823076756699945
Fosl1,34,0.0006287135930439852,0.3660533861535559,0.0008981001323729365
Krt14,34,0.0018568141539420237,0.361769276302604,0.00098083376868934
Pcbp2,34,0.00024981946935225175,0.3434574981193858,0.0015253321859931153
Rpp40,34,0.0005369811953143494,0.3443076404414635,0.009776827705642376
Ilf3,34,0.0004972029198140149,0.3610649882890364,0.0035665961379830703
Rpia,34,0.0004675543042877719,0.3521972065789372,0.004820134262992965
Ctnna1,34,0.00023299410592000612,0.3548929372071725,0.0009463482805093075
Tfam,34,0.0013007513648348509,0.37798990961508494,0.0016753525395968565
Eed,34,0.00044212407333682366,0.3506435259348406,0.0010027556617047137
Dync1li2,34,0.00023246669643683265,0.35566424632664606,0.0010579255171068102
Nufip2,33,0.0009593302986309483,0.33457675703752554,0.008613869939134985
Jund,33,0.00036744150015795214,0.3677469576691375,0.0011591753327640248
Haus3,33,0.0005895460625757901,0.3594787097515215,0.0015343644409845662
Fga,33,0.00019968333485110415,0.34210596836780927,0.00036846017797961567
Gak,33,0.001650829948465059,0.3382789074376247,0.0007631742924702322
Serpinh1,33,0.0003750892732469954,0.3505109908992094,0.0009234223169244214
C1qbp,33,0.0009237751343704956,0.3652364099733524,0.0020697960530297443
Parn,33,0.0003441986096426302,0.37594672091446285,0.005402720542373692
Mrps18b,33,0.0002223596412414494,0.3361940464975257,0.011314723802132975
S100a10,33,0.0010395996975496394,0.345290521877501,0.00043354839261707293
Rbm42,33,0.0003462049938111265,0.3372536955712238,0.002153331170567237
Mapkapk2,33,0.0005684784935387678,0.36779557572276905,0.0009759674163701032
Ppil3,33,0.0007338630660854998,0.3513520756209933,0.0031004710749960944
Gpsm1,33,0.0007445193732978219,0.32814410648348963,0.0003190876981549386
Cxcl16,33,0.00011636546510088012,0.33976621088996395,0.00046869345581365706
Bag2,32,7.866760586564402e-05,0.3620517614220491,0.0025463196863039143
Ifit3,32,0.00035416064894605077,0.3473165711319632,0.0009306248287921985
Sphk1,32,0.0024929557603718833,0.36027010292243267,0.0015365852562255135
Haus8,32,0.0016335189107443654,0.34413727545361517,0.0005755152893591977
Tinf2,32,0.00021135416081352756,0.34801172564010824,0.002035866817190933
Sfn,32,0.0005677208575406594,0.3697508951046019,0.0010899884019398274
Pusl1,32,4.4065967675109414e-05,0.3299733999249229,0.011028738031130792
Tagln2,32,0.00020348159079915419,0.354576310829343,0.0012309223133212578
Ap2m1,32,0.00039431787503461664,0.3649968164218086,0.001016663501764378
Tmed10,32,0.0019373255372006244,0.3463652558225878,0.001416848633040941
Srsf11,32,0.00016319498824740692,0.3213962262900907,0.0008537530192386909
Plaur,32,0.0010231062914263253,0.3641845444124918,0.000853808423698218
Rnd1,32,0.000878988876322889,0.3398077115875199,0.00022090274117172133
Psrc1,32,0.00015179596243415842,0.3293873709172419,0.0007423797190699684
Nod1,32,0.00015936391017404145,0.3613463741741817,0.0013125486831503724
Limk1,32,0.0005469156696069602,0.3505109908992094,0.000577555787362799
Piezo1,32,0.0010303181704558754,0.3463221380265188,0.0006025933078765413
Hk3,32,0.001004983219014248,0.3665356699297794,0.0012127158473113568
Nsd2,32,7.17555920362416e-05,0.36370842394653224,0.0014303348358684887
Katna1,32,0.0008419979704530279,0.3353834520514798,0.001561849971750515
Sirt6,32,9.872247732119241e-05,0.36999677281114846,0.0013041097959850469
Rras,32,0.0004571957266464545,0.35421514320945063,0.0006848855116608922
Ccl21,32,3.640913404648263e-05,0.33301481143967265,0.00040691239343266383
Gadd45a,32,0.00011214490546606514,0.3741769649989274,0.0014984106981283175
Stbd1,31,0.00019920351663683765,0.34409471054632346,0.0003119242837271208
Syn1,31,0.0020018677442014783,0.35873703865467765,0.0009628990283786819
Eif4e2,31,0.00038246834666455547,0.34857859099950195,0.003913593754100528
Camk2d,31,0.00019140591882144646,0.34653783442538927,0.0004703903367319581
Fgr,31,0.00022581991545030057,0.3422743276042108,0.00034844161303198846
Thbd,31,0.00011802617092691581,0.3353834520514798,0.00041519259119973434
Mms22l,31,0.0012179650398629754,0.3388144848090397,0.0007185219299943984
Dsn1,31,3.8611915762030673e-05,0.32903675159870194,0.00043798443073416165
E2f3,31,9.12674888247289e-05,0.36266532847960176,0.0010284602653884804
Grk2,31,0.0011143961081599707,0.3567131343463297,0.0008277941671925817
Arpc4,31,0.0003581538013817661,0.3455478493065489,0.00043335707044812297
Tnpo3,31,8.658741101410773e-05,0.3396832398982937,0.002249871299578222
Synj1,31,0.0011241143243492498,0.3512633503493719,0.0007047430639625719
Inpp5d,31,0.0011832448214546783,0.35055515811076426,0.00039041250772527765
Sgo2,31,0.0005344487248880672,0.332656431276698,0.000433453046035688
Ipo9,31,0.00039619662639196426,0.3517074253814191,0.0012162343515363357
Baiap2l1,31,0.0006047168940829279,0.3461928490252644,0.0005028998086554233
S100a6,31,0.0010657867360346627,0.3614402669568696,0.0009519015911202901
Tpm3,31,0.0004246638289954879,0.3520634946554069,0.0004885543717982078
Cand1,31,0.00039524359186839206,0.3468835080756889,0.000856694613465597
Arpc5,31,0.0001057469790259886,0.3438820438525371,0.0004104871186701569
Ugdh,31,0.0009128435480818186,0.3498938164717677,0.0018665370714551046
Hba-a1,31,0.001029644002037478,0.34349990551512843,0.014069063696463237
Ifit2,30,0.00018965181006640126,0.3442224368679813,0.0008928172319264167
Eif2b3,30,0.00046964745137490464,0.3438820438525371,0.006434595484908887
Rasl2-9,30,5.095303705495712e-05,0.345504934769874,0.0037057956413149152
Llph,30,6.39591920579588e-05,0.33305467912929787,0.013036507189153782
Tspan4,30,0.0003384430431676994,0.353989786838914,0.0006577308568199422
Capza1,30,0.0002578426757424579,0.33595045704226845,0.00035574661047409943
Hcfc1,30,0.00036833674104589075,0.3622403300477897,0.0012389130869667727
Csf3r,30,0.00013254520291072983,0.33864951123153075,0.00038708780891952424
Col7a1,30,0.00039581014237891434,0.3256473995981535,0.000425979092333132
Gngt2,30,0.00026596624053552213,0.33692693893266623,0.0004895611959530253
F11r,30,0.0005732942807400118,0.3658608278231227,0.0009859055203780569
Lamc1,30,0.00012482984853983843,0.33918626368776217,0.0003084559820714087
Sec24b,30,0.000535419501315232,0.33680456837373185,0.0008843760733314457
Fkbp4,30,0.00019152246566546397,0.37671032292038253,0.0020175178523866
Rbl1,30,5.074512722759941e-05,0.35166296735773295,0.0011002097076569552
Hikeshi,30,0.0008500587583253978,0.33530260754092145,0.0012667728516030455
Paf1,30,0.0003904296538084193,0.35130770738313233,0.001788362318325265
Fcgr3a,30,2.8833512676009457e-05,0.3392689920447592,0.0004231295152141613
Ptk6,29,0.0005722870784959964,0.37029225805497473,0.0011780045797871608
Med10,29,0.0008011914728911678,0.34567665690445143,0.0023157508148225706
Haus6,29,0.0004322074329172726,0.34269595156036275,0.0005971702803160221
Gng5,29,0.00016201105541782066,0.33257689596736706,0.0004079370351447422
Ifngr2,29,9.93208171843486e-05,0.3388557533211967,0.0003368188801169378
Znhit6,29,0.000191645040221366,0.3328952656176888,0.008099332822719704
Nxt1,29,4.344079040293453e-05,0.3199178627836965,0.0007924710695621574
Sdf2l1,29,6.155765824490091e-05,0.3410574641126671,0.00198146890444629
Gbp2,29,0.00048612669829867504,0.3403481446986818,0.0008250629202550456
Irak4,29,0.00010407299190144983,0.34366963987239346,0.0004750964060296437
Mmp8,29,0.00017995954749879217,0.3391449146369651,0.0004913903882797539
Sec22b,29,0.0010691157557298418,0.3288811602750946,0.00034053547875443
Taf9,29,0.00035820579770737016,0.363375879671764,0.002276832992688606
Ern1,29,7.060409595170787e-05,0.36610155741111006,0.0017804326523744622
Eif2b1,29,0.00028018930339143624,0.3433303387346693,0.007149861012704063
Ube2f,29,0.0004235039062635452,0.3349796188762222,0.000957609919777343
Plaa,29,0.0007330233006691201,0.35887586877799604,0.003474505813733679
Ksr1,29,0.0003628737070165395,0.36447081550727434,0.0009983448296908466
Tnfrsf9,29,0.0004005615601549861,0.34602061377699317,0.0005123125675378421
Spdl1,29,5.826880090584349e-05,0.3316649659951151,0.0003843702058765902
Itgb3bp,29,0.0008297613574827464,0.36370842394653224,0.001098659617770678
Gp1ba,28,0.0006483432526933284,0.3491911302581932,0.00044897514831687105
Ptbp2,28,5.639304088881179e-05,0.33040448156377966,0.000789307015864268
Arf4,28,0.0011208507568273582,0.3348183577767511,0.0002516600769796888
Junb,28,0.0002397635406158521,0.348534920416816,0.0005292472323449598
Coro1c,28,0.0009267082572726286,0.34567665690445143,0.0004072649244468332
Rpp25,28,2.6668954610592664e-05,0.3389796191991014,0.00937997701920766
Ppid,28,0.0001677172506486118,0.3660052275709808,0.0032378076035001484
Piezo2,28,0.0005939686340735845,0.32950441013467074,0.0004430528185089565
Primpol,28,0.0018792447954367182,0.3380733667234202,0.0006509101076816482
Map1b,28,0.0005397721542388007,0.3704401777319607,0.0012572951566123093
Cenpq,28,6.533611751027046e-05,0.3498058260740633,0.0006550170444970229
Usp5,28,0.0003454534456245031,0.3486659650040137,0.002694004059723781
Cxcr6,28,3.548412521411117e-05,0.3267566049761599,0.0003077506312109725
Mthfd2,28,0.0002190664918881827,0.34172776498796525,0.0018376409329707456
Hgs,28,0.00048379149164856725,0.35735462232074827,0.0007558085984633458
Dot1l,28,9.844076223833774e-05,0.35139645506720035,0.0015120730227267246
Bax,28,0.00016886729111360976,0.3680875542163304,0.0011047394360042793
Olr1,28,3.2119637744390956e-05,0.35144084572600115,0.0007149378333129312
Bcl10,28,0.00012006103011770109,0.3651884661022611,0.0013017059867312013
Coro1a,28,0.0004209590556153489,0.3623818854718021,0.0005953620939092509
Pomp,28,0.0002589040134727864,0.32054450221995906,0.0014635709103113534
Efnb1,27,0.0005782220717353691,0.3437970507621138,0.00044167293286743325
Il6st,27,0.00012012251201284683,0.3428648921329831,0.0003871956369923983
Pdlim1,27,0.0012900685977854864,0.3497618474688239,0.0006965340823545717
Lsm14a,27,0.00025106964443129596,0.33586933897947907,0.003471176119860858
Phc2,27,5.7026725726147416e-05,0.33795016214371054,0.0005196062435141062
Emd,27,0.0006349435897462487,0.35255426875770185,0.0011786797547856838
Gnao1,27,0.00024538363241498166,0.32303828782710464,0.0003111716992448641
Prkaa1,27,0.0009347736435870273,0.3667289394630932,0.0009771872043990845
Lama4,27,0.0008410809015522185,0.32296328474193464,0.00017872427601643725
Ctsz,27,0.0004977090619042336,0.35804449610901223,0.0005699378694649703
Rhoq,27,5.748223051551681e-05,0.34311861553614026,0.00033078548615187136
Trim25,27,0.00020937114390597454,0.36571654197016235,0.001779201947148683
Sde2,27,0.00019598178905107968,0.343372714733032,0.002289100617180599
Cdc34,27,0.00012457972989662772,0.3564389154089718,0.001906526133614013
Septin2,27,0.0007688143230408872,0.3328554360812425,0.0004922513751333737
Tfdp1,27,5.2291428071672284e-05,0.3356262196606376,0.0005668553005220458
Sfpq,27,6.051459623376787e-05,0.32706392367352755,0.0010183583298745405
Rbfox2,27,0.00017490392569169917,0.3341347267315668,0.000738875335681372
Zc3hav1,27,0.0008715761074873387,0.33943456988372683,0.0022249052426373986
Rbm17,26,2.6639474804658176e-05,0.320988315999426,0.001763175250771723
Epn2,26,0.00012652664535966777,0.35139645506720035,0.0008954010767691927
Nfkbiz,26,0.00013653679527954513,0.3366008148538445,0.0004106360843784808
Ctsl,26,0.0012604318216313387,0.3614402669568696,0.0008570892353172351
Hat1,26,8.060650943113127e-05,0.35345009970359864,0.0016595339805526507
Fgg,26,0.00022809295269445463,0.3458485498218579,0.0003650761928573071
Isg20,26,0.00029142698247957953,0.3463221380265188,0.0049942702489309924
Map2k4,26,0.000197072482152083,0.35685040209941316,0.000633897828389141
Pmepa1,26,0.000792790811378665,0.3413503969039295,0.010456233704622788
Mettl6,26,0.00014234897147976066,0.3129717330146276,0.003818578625788606
Senp1,26,0.00037814040987435197,0.3577682272076936,0.0005686271644961211
Med7,26,0.0011246161075942709,0.34055646159469033,0.0016154751277104704
Smarcb1,26,0.00037838758889029546,0.3598972489996151,0.0006207975551814139
Nsfl1c,26,0.00017661857454711601,0.34524767122946454,0.0010820348308482393
Il23a,26,2.9858345572214512e-05,0.3366822866715509,0.0003775868649233793
Wars1,26,6.274935442276771e-05,0.3524649353562682,0.004684958662213801
Grap2,26,0.00044053195708617613,0.3424850098198972,0.0003504565486357638
Arhgef2,26,0.00023112528394747655,0.36755261392086475,0.0013808609532412845
Ung,26,0.00011072973860879583,0.3600369787455707,0.0008583853515858348
Nelfe,26,0.00010433122979724757,0.34516200183213713,0.001894502529566221
Ppp2r2d,26,0.0004313332320973453,0.3508203953047951,0.0012745108971484633
Pdia6,26,0.0001526122185518051,0.34692676577715736,0.0018481185175197028
Cad,26,9.19648731896402e-05,0.3472298720378214,0.0029173584664306256
Ostc,26,4.361965216032814e-05,0.33091539607077736,0.009606557720766767
Eif1ad,26,0.0002055286060426246,0.34666738127938007,0.010720483542631342
Morf4l2,26,0.0012210860043478464,0.3613463741741817,0.0014855412657167352
Rbm14,25,0.0001392601462384837,0.32618193630754194,0.0009042605509795727
Hars1,25,0.0003844381466537588,0.34366963987239346,0.003546959248919615
Knl1,25,0.00011862547605148949,0.32954344169237443,0.0003525942379691768
Map3k8,25,0.00027873157822389395,0.35345009970359864,0.0010900924477686299
Lonp1,25,0.0002119899435749386,0.3510860341704979,0.0020911180506070653
Fgb,25,8.836643551801647e-05,0.3398077115875199,0.0003309997348249441
Pum2,25,0.0005483001397438575,0.3443076404414635,0.0021684966176477465
Cpeb1,25,0.0007653775373267342,0.3575383285910584,0.0017988411056703458
Eef1e1,25,4.3086758062113496e-05,0.34862227252719613,0.008044828946659323
Sowahc,25,0.00047154113185683786,0.3397247203281262,0.0002528479200517936
Tgfb1i1,25,0.00022683216582702946,0.33676379793814615,0.00024320827412599815
Prmt7,25,0.00021957668602558345,0.33856708467409335,0.0035367414961797274
Ncf4,25,0.00015629399492802644,0.35371973741475204,0.0007507060119454641
Nufip1,25,0.0004399334008888604,0.3368861388674043,0.002119154145012181
A2m,25,0.00011412764388427404,0.33672303737194687,0.0003495111746578719
Lilrb4,25,0.0007162683046845496,0.3371310875868911,0.00021539600791558992
Pabpc6,25,3.9689528842542e-05,0.3447770150907207,0.005202567993757981
Nop16,25,0.0002341057582040126,0.33377393338536593,0.009633396635426164
Top1mt,25,9.24429398153458e-05,0.3595251660334744,0.0014280065947692919
Casp8ap2,25,7.201697133183828e-05,0.3350199584257015,0.0004585723938652993
Cd83,25,2.2201128688004985e-06,0.32989514227048794,0.0004049852501587557
Glrx3,25,0.0002389652269525197,0.3423585693781719,0.002549938744120302
Havcr1,25,0.00022898491985032257,0.35166296735773295,0.0007669199439926352
Pfdn6,25,0.0002225289111720751,0.3426115436905203,0.0024089280358074367
Pik3r5,25,0.00013794427117416795,0.3409320753390962,0.00041599901700227563
Ralb,25,0.0001556047260598383,0.34114110788068974,0.0003795953621614402
Hnrnpdl,25,0.00012026883719303853,0.34155994288115715,0.0019412233336468408
Aicda,25,0.0003270108032145206,0.36055025074741126,0.0008583168902534278
Mtap,25,0.00036790105655621616,0.34818594928248126,0.0026942719496202564
Cldn4,25,0.0004635596279931114,0.3504668348156998,0.0008030318710040311
Cdyl2,24,0.0003354017383748107,0.3598972489996151,0.00293743306077296
Ralgds,24,0.000997331774342487,0.3528672925884101,0.000755950123087442
Gpnmb,24,0.00017164820391027714,0.35525548905210386,0.0007784180121612908
Apobec3,24,0.00042665061932239804,0.3381144548817483,0.0005817964598422099
Has2,24,0.0006846022340538336,0.36125253016063175,0.001062450355342187
Macroh2a1,24,3.197309619135753e-05,0.34290715330543886,0.0006791642911408408
Sh3gl1,24,9.567440547798518e-05,0.3553008601235026,0.0007457128448508161
Heatr3,24,8.130458840591447e-05,0.33217978922591346,0.008552343568198392
Gsdmd,24,0.0003831320401591417,0.3497618474688239,0.0009236954533604905
Cdc42se2,24,0.0006386198329956884,0.3471865387204574,0.001831526134357451
Il1rl1,24,0.00011654604446635396,0.3277188991361792,0.00021731174307236013
Chd1,24,0.00016109579551289922,0.3350199584257015,0.0007523416794944035
Swap70,24,0.0005249610643778398,0.3313489441123184,0.00020407833437608577
Twf1,24,8.925397560998415e-05,0.3415180131066812,0.0004015136579613856
Rpp21,24,0.0008134974052265375,0.33672303737194687,0.0065573777721398985
Fpgs,24,0.00021850089288255617,0.3355857339887847,0.0026397458153355263
Ell,24,0.0007626411085008734,0.34892835002722,0.0004678683570193967
Mettl2,24,0.0005173650182205891,0.3307187036099649,0.003921831325585524
Cacybp,24,0.001084299402322742,0.34879710817038934,0.001450170945692027
Tap1,24,0.00017381608516942222,0.34273817109363375,0.0012520635510746038
Lgals1,24,0.001257519756316592,0.33778602899065385,0.00033130980337161826
Smarcd1,24,0.0004574190919234424,0.36648738437189105,0.001818187373020787
Hmga2,24,6.921580051537955e-05,0.37262332370305723,0.0013093557446911446
Fosl2,24,0.00012949888876783442,0.3366008148538445,0.00048406310513017883
Nelfb,24,0.00014968078200520258,0.33997381580924174,0.0012995074009273838
Slc2a2,24,0.0001800363563484533,0.36022345393849864,0.0008177925898816664
Ube2j1,24,0.0006878496801759133,0.3425271773906704,0.0011066867716056684
Bmp1,24,0.0002472650215102106,0.32288831647713845,0.00019409482458703154
Cd2bp2,24,0.00032640786205166515,0.3282602636893245,0.0017853069735574744
Aire,24,0.0004734140630656567,0.34282264137609675,0.0003086383502249667
Cherp,23,0.0008053221364332152,0.3128661420115863,0.0011644815342865661
Anxa7,23,7.145815476034552e-05,0.3671645420043586,0.0010883444252814541
Ctu2,23,0.00041026626213480795,0.3331344431525596,0.0021716474768467423
Pdk4,23,0.0005637416447240278,0.37392550198481517,0.002011756311593063
Fkbp10,23,0.0004443755612931053,0.3416857940023367,0.0008470964443851977
Rhno1,23,8.511245023684414e-05,0.35430536611908114,0.000996043419463225
Pgm2,23,0.00025928396325488885,0.33993227453165015,0.00195735255560619
Lama5,23,2.0600384365935543e-05,0.3191837694776302,0.0001745103961153989
Cap1,23,3.425353800456159e-05,0.3421901272776169,0.00044195542582948626
Hmgb2,23,0.0001610780034775978,0.3697508951046019,0.001362049665309697
Parp9,23,6.716932962649901e-05,0.32484887141137614,0.0007573375521622791
Cip2a,23,3.1450484779758924e-06,0.33099413858025284,0.00042925953011807913
Qtrt1,23,0.00018762527279155575,0.3291146024804241,0.003996204432103914
Bst2,23,0.00022707449939065444,0.3391449146369651,0.000723377809870178
Aen,23,0.0007270608982699804,0.3510417330936309,0.005344132713432633
Psip1,23,0.0002217514338383876,0.33692693893266623,0.0007871005718029138
Parvg,23,0.00010603161175617527,0.34328797319435156,0.0004427627281431774
Brd2,23,0.00043995134878067367,0.35602837660187164,0.0008287197122451627
Mlkl,23,0.00023178439140420084,0.35139645506720035,0.0008659240755420159
Plin2,23,0.0002573885569112697,0.35480241484083985,0.0008190384208197699
Cebpd,23,6.776696138486561e-05,0.33749917927538825,0.00029917980519091704
Polr3d,23,0.0002844580876807903,0.3266415093069185,0.004844534089066774
Nfx1,22,5.52492227517968e-05,0.34932266885572894,0.008158404483467588
Sirpa,22,2.9685997951998854e-05,0.3293873709172419,0.0002821248917910893
Cdk11b,22,0.0009116612314302532,0.33281561607453347,0.00048105819938715834
Med15,22,0.00038390260392092324,0.3352621998996174,0.0008117862306783548
Ccnc,22,0.0009710793098292182,0.3450335774236668,0.0012493415356418002
Mastl,22,5.049576438587416e-05,0.32530469302701415,0.0003698930406348459
Ino80,22,7.202730458399482e-05,0.3391035756663853,0.0007577963602504606
Akap12,22,0.0004624539018693797,0.3475769283816873,0.00027697736311662707
Xpo4,22,0.0003776689900019775,0.33182320309721197,0.0016081755422920926
Il10rb,22,0.0009293397064909215,0.35580070786123863,0.0006579786772638775
Cp,22,0.0003646758093032218,0.33590989311362296,0.0002932001727546367
Hamp,22,0.002362668130673615,0.3441798508928647,0.000433371164943022
Erh,22,0.00019069751481891694,0.32296328474193464,0.001079585402768005
Dpysl3,22,0.00035267763165014167,0.34311861553614026,0.0005444720259505285
Dynlt1,22,0.0004869321243401339,0.31660472684272506,0.0002796401108440456
Pds5a,22,0.00015155111441792453,0.342316443308358,0.0018987039350062444
Pkp1,22,0.00030745492660956135,0.3450763749400924,0.0009703695273213919
Numbl,22,0.0008558414345812679,0.35966460695113445,0.0007385970571052704
Ets1,22,0.00019266103734390206,0.3564845892833195,0.0006123256142710199
Ppp3r1,22,0.0005114259005511295,0.3304437266619581,0.0003827643985884457
Ppp3ca,22,0.0008524135014877065,0.3297387382679892,0.00022263144066969942
Klf6,22,0.0006729044377868468,0.34849126077502507,0.00045701087365662615
Wwtr1,22,0.0004687170063215912,0.3322988216396351,0.0004760736485229063
Uba2,22,0.00012979682942144952,0.33489896891381066,0.0014110795338077124
Sae1,22,0.00014870842863341866,0.3298560273615159,0.0007098495364256832
Ube2r2,22,0.0002795105963424802,0.3400985005827659,0.0017137926721376435
Trem1,22,0.0006716948640737105,0.327448885918906,0.0002980344325664914
Prps1,22,0.0003967907057677831,0.34623593463186375,0.0049909438259693895
Lsm11,22,0.00012159057148099419,0.3340143756473796,0.0020980217998990236
Suv39h2,22,7.821444844777377e-05,0.3528672925884101,0.0008648736382940273
Ist1,22,0.0003656404698219373,0.33361383076712137,0.0008059627402287472
Smyd2,22,0.00010442944697872278,0.35015805346343926,0.0007250583460100344
Polq,22,1.0607451530291232e-05,0.33233851807036496,0.0005613443997057074
Des,21,0.0003596084335487651,0.34936653707987253,0.0008131217101851814
Ifi47,21,0.00017945247590153536,0.3234514282952011,0.0007031001976179238
Krt7,21,0.0009396889421699914,0.3520189465730767,0.0006134406312385657
Desi1,21,3.1961271697407216e-05,0.3186354065704988,0.0012048546740564612
Ube3c,21,0.0020597470276340615,0.3246214392960356,0.0011418065595341204
Bcat1,21,0.0008114393171900708,0.3380322885500638,0.0012408583532679501
Creb5,21,0.00018180224196205714,0.3354643355561347,0.00021703234212721976
Larp7,21,0.00017004948173336492,0.34464887695329843,0.004720485922839206
Map3k3,21,0.0001106391577509137,0.3658127198904701,0.0017264717046082238
Snapc1,21,0.0019117090116360243,0.32386562686461295,0.0008249093304676772
Tmod3,21,8.141498659916279e-05,0.32515261042157845,0.00020727541250405783
Nsmce2,21,0.00028208754253710876,0.3179435125448029,0.0003030433219128901
Msr1,21,9.673976528564049e-05,0.34026488928168114,0.0003727026025020954
Acsl4,21,0.0006113010424687496,0.34623593463186375,0.00044416386755131765
Gpd2,21,0.0011528647040487197,0.3389383205125518,0.0013710833054909625
Xpo6,21,0.0002409324474131966,0.3551194453366128,0.001272584397636496
Uggt1,21,0.00014375515386311381,0.33277580559414177,0.0010827396619138801
Ppp1r12a,21,0.00025641176327734265,0.3577682272076936,0.0005288399860922936
Casp4,21,2.5131711211838978e-05,0.3510860341704979,0.0007837348668478702
Ldlr,21,0.00016837758158795067,0.3473599369168467,0.0006559592462799291
Eif2b2,21,0.00016916087128638973,0.3322591346909143,0.004725556481060195
Gapdhs,21,0.0005827714369622255,0.363375879671764,0.0019326164052341993
Sugt1,21,0.00021227218204011188,0.34366963987239346,0.0017144087319780302
Upp1,21,0.0005250116233786234,0.3304437266619581,0.0008274310451440178
Parp14,21,4.8578920099451546e-05,0.3310335238894604,0.0007920919312479148
Dph5,21,0.000698953198502184,0.33305467912929787,0.00576639218232479
Grb10,21,0.0008068597703769377,0.3484476120700182,0.0004121854979771449
Uxs1,21,0.0016924611767433328,0.3432456181082079,0.004557411007944667
Taf1d,21,0.0007997437993118385,0.3287257160306068,0.002212250188508716
Loxl2,21,5.5943049879026964e-05,0.3347377854370142,0.00038417007065174306
Rassf1,21,0.00023545666603803285,0.35869078581318015,0.0008093074465504625
Synj2,21,0.0002742878493469083,0.3373763927682543,0.00022077926766759043
Pstpip1,20,0.000306084697668843,0.3316254302976547,0.00017451574518472245
Cd14,20,1.302273581551703e-05,0.34409471054632346,0.0004715099119356097
Yrdc,20,0.00028938177965642244,0.3340544830411894,0.0034503451504914423
Gdf15,20,0.0004936186787009932,0.35611952569982397,0.0006020635895533872
Smad1,20,0.00018035940174006228,0.3645185711172727,0.0009486338915113756
Morf4l1,20,0.00018101333104728965,0.35371973741475204,0.0007204841807184918
Trmt10a,20,0.0009348881812629444,0.3046436415645012,0.005409754647518011
Snapc3,20,0.0002818409399017466,0.32583810432970545,0.0007754558008472304
Bak1,20,8.68820470354532e-05,0.3519298842210025,0.0006168174843125524
Actn3,20,0.00014527062038735295,0.33361383076712137,0.0005007416845652782
Notch4,20,0.0003671669521609599,0.3506435259348406,0.0004876705030401443
Batf3,20,0.0003948792278372991,0.31984430153679294,0.00018735868544278252
Fubp1,20,0.00016566890502882624,0.36045681974177574,0.0016700818018649196
Eaf1,20,0.00011191167356949566,0.3181980710016042,0.00033730185745062
Gnat1,20,0.00023416113316868076,0.3201019140222098,0.0008412423767721407
Rras2,20,5.9084310927623016e-05,0.3242808876054348,0.0002359396889321054
Ube4b,20,7.996162894145094e-05,0.3406398597731144,0.0013221049242026044
Btg2,20,0.0004357054286594111,0.34984981574032004,0.000691263563323913
Srsf12,20,0.00016767307632914767,0.3245078426183396,0.0010009554739223486
Arih1,20,0.0004571040481939726,0.3543956350021688,0.0014472793095974816
Taf1c,20,0.00028526394473637546,0.3277188991361792,0.002201604955643269
Dclk1,20,7.029998240790733e-05,0.3365193824563959,0.00045056489307226016
Il13ra1,20,0.00010218643039890738,0.33009085604734517,0.000265658409884458
Setd5,20,0.00022286106152443545,0.3161010947354875,0.00036762054679636777
Trib3,20,0.00016857462319806984,0.34775071684587816,0.0005937661190087836
Lamb3,20,0.0005135085076046554,0.3190373549044754,0.00014428218496213578
Prdx4,20,0.001230052246940605,0.3323782239865024,0.0008895472187999802
Elmo2,20,1.870270439261975e-05,0.33749917927538825,0.0002894409105081587
Surf4,20,0.00047199105967763935,0.32977782536356387,0.0009374487590524626
Mapkapk3,20,0.00017210574088678482,0.33570722031700556,0.0004374629183288311
Dbnl,19,0.0002578124684560008,0.3432456181082079,0.0005218818816357267
Blnk,19,0.0005431252436703696,0.3346572518665975,0.00021403222964821802
Cpne8,19,0.0003005786942744675,0.3241675291035918,0.00013248518734628863
Dcun1d5,19,0.00012957947637472374,0.35144084572600115,0.0008980349675253493
Pdlim7,19,0.0006484376516348321,0.33040448156377966,0.00017765323477392665
Gan,19,0.0004393223818318097,0.3178708563490659,0.00011109126441641166
Rab5if,19,7.062907122443675e-05,0.3391035756663853,0.007454083046791982
Dck,19,0.0002580074282440413,0.34910349288079123,0.0006017376388215975
Uck2,19,0.0004101939338198848,0.3317045111204274,0.000746991025808213
Klf5,19,0.0009663705039548066,0.34744670098251845,0.0004536728224236236
Ube2z,19,7.537978223242832e-05,0.3394759895993929,0.0012174270815170358
Smarce1,19,0.0003092746216446991,0.34941041632341435,0.0003869999000013594
Taf6l,19,9.004204181520964e-05,0.3218424033742509,0.0006541681100099232
Ctsc,19,0.00014575092493753847,0.33142789311020077,0.0002694651001952086
Hpx,19,5.1014236047864926e-05,0.32833774752354833,0.00020594118532375657
Plxna2,19,0.0007188485590332641,0.32530469302701415,0.00017248431410853588
Cd226,19,0.0006128770654573131,0.35020213176825593,0.0021545258002269147
Cd55,19,0.0007970904993862574,0.3352621998996174,0.00022834243190336545
Adcy4,19,0.00016137523884336428,0.34126665048663213,0.0008882163826318895
Brd7,19,0.0003466365369768649,0.36064373020054774,0.0007980748256763378
Agfg1,19,0.00015191020215560478,0.3518853699427049,0.0010367894707114902
Slk,19,2.418407838392125e-05,0.33976621088996395,0.00023589085330716488
Tigar,19,0.000237079471044823,0.3595716343242891,0.001265410815938232
Capn2,19,0.0003387451829527985,0.34857859099950195,0.0007502050925670105
Ccdc74a,19,1.0639340493769641e-05,0.31725461680545386,0.0011472225205994239
Usp22,19,0.00013319652768568346,0.3466241882341173,0.0014355399995445329
Hnrnpll,19,0.00010858346722801764,0.3549382157140884,0.0009915322526306471
Shq1,19,0.00010828528484750459,0.32876456331446763,0.0052475009813531485
Ehbp1l1,18,0.0005848321036287506,0.31534864370517174,9.074209387187774e-05
Pdlim5,18,9.025208547531601e-05,0.3190373549044754,0.00012491114440802166
Synpo,18,0.00018322442231202157,0.34563371036986273,0.0005160847762235935
Sec23ip,18,0.00024394078058701175,0.3149559305747792,0.00020106612660044122
Tomm40,18,0.0004218039691245432,0.3313094837164493,0.0003983695515986007
Lilrc2,18,0.00024644984674445747,0.32760312467817065,0.000127455555935573
Ak6,18,3.348608532794187e-05,0.3388144848090397,0.00469508619596456
Add2,18,0.0008560399613051608,0.3267566049761599,0.00021777396529749568
Cnih1,18,0.0007145067272440643,0.32109946153820695,0.0002864216159037447
Ephb3,18,9.636585503867597e-05,0.34256935534626587,0.0004070741733006388
Mybpc2,18,0.00019190859017307975,0.33684534868228905,0.002272812841082345
Tstd3,18,6.147018084212748e-05,0.3346572518665975,0.003486936595048656
Srpk1,18,5.318833224807094e-05,0.3259144487777677,0.00047465902248824076
Kif3a,18,0.0002585486444112012,0.32579994551669106,0.00014011377398187558
Cnbp,18,0.000571280794516564,0.3421901272776169,0.0037708222969695146
Dusp6,18,0.00013490642393484316,0.3518853699427049,0.0004897537732574786
Serpinb9,18,0.0006963592212740965,0.3346572518665975,0.000325509826789588
Zfp598,18,0.00020864064724499722,0.333573829108756,0.003151600607299666
Ythdf2,18,8.394715785758857e-05,0.3328554360812425,0.0012993523699961378
Rtn4,18,0.0005270316039412802,0.33534302492370116,0.0002403264522872366
Pfdn1,18,0.0003771442021878194,0.32950441013467074,0.001992253746554703
Pdcd6ip,18,0.00016823385174869588,0.3413922855279206,0.00037976411281856503
Naa25,18,0.0009758049064182811,0.3153843934663899,0.0008133464971105968
Prex2,18,4.6299293523421414e-05,0.3406815741816097,0.00039362239610333583
Arpc5l,18,6.601797687253358e-05,0.3366822866715509,0.00045654573742917907
Atf5,18,7.000705575195754e-05,0.3286868779261608,0.0005633932664874601
Adar,18,0.0001270119434136266,0.3418957520913144,0.0006986816972631647
Eif4ebp1,18,0.0002761975254489635,0.3719259003699231,0.002838680376057467
Creb3l1,18,0.00017566485646233404,0.33939316027412775,0.00025066649610794685
Atf6b,18,8.849234263583986e-05,0.3515296606983858,0.0010870263816102782
Tomm70,18,0.0002516833091471332,0.3351410353893537,0.0008465995533135255
Gpn1,18,0.0003237957351139807,0.3265264946909654,0.004144550598870574
S100a11,18,0.0002899508819260205,0.33154638717280716,0.00040596763414401163
Pcgf6,18,1.6183549989898412e-05,0.32833774752354833,0.0002964164583634088
Osmr,18,1.5530803416331112e-05,0.3321004816482064,0.00028167795963050443
Tcof1,18,0.0006060631809657784,0.3442224368679813,0.005836364108505409
Pin1,18,0.0003855318728304855,0.3628545369462665,0.0008125155886092683
Btbd19,18,0.00040885470087132864,0.33976621088996395,0.00583519891085532
Fdx2,18,0.0009810491593214945,0.3269101920995329,0.0006168678938345856
Il24,18,2.3461199231052125e-05,0.33127003271815014,0.00022578404901272783
Irgm,17,0.0001309937586453776,0.3286868779261608,0.0006531108265537226
Cda,17,0.00012422188191396337,0.3322988216396351,0.0008910236932100095
Abl2,17,0.0001121117356874063,0.35471193864172196,0.000590721166815195
Sp7,17,0.0001112246345240729,0.3458915497658865,0.0004980612360197681
Lsm12,17,5.125605282685251e-05,0.31703769057174075,0.0015805400652912228
Mettl16,17,3.9224292041732664e-05,0.316532681165892,0.0024679248905883824
Golt1b,17,0.0005388147155213721,0.32969966043695487,0.0014762523983037723
Srxn1,17,2.6944784967844677e-05,0.32545691796525794,0.0004608499813764439
Slc7a11,17,0.00012308698927238654,0.3507761612365433,0.0005031981195037594
Cc2d1b,17,0.0004180872993550838,0.32465932253087,0.0005997644566550101
Cyp1b1,17,0.000946729498292058,0.3601768170335351,0.0007553381804381995
Tirap,17,9.835070127724958e-06,0.3391449146369651,0.00036730367357388263
Cxcl14,17,8.521661999678481e-06,0.3199546560974152,0.00016509951797841988
Wdr83os,17,0.00034962572819942687,0.32496270701635616,0.006384354082430479
Ppp1r15a,17,0.00043257975913077755,0.33060080032882055,0.000644716303001223
Pcgf5,17,0.00011720373506138816,0.33013002667224695,0.00028333382205316033
Spry2,17,0.0001270945263745851,0.3484039742976863,0.000715914168627143
Tubgcp2,17,0.0031662387259398343,0.3318627859676757,0.0004527756523511169
Atxn2l,17,0.00019571704509910765,0.3273333021257825,0.0015736816322979537
Ralbp1,17,7.564918467417379e-05,0.33607220763071094,0.00022431712113390212
Txndc5,17,0.00027332651040015086,0.32860922924250235,0.0009332323021982912
Btaf1,17,0.0005999494030841867,0.3207662555940304,0.0001898188755598504
Dr1,17,0.00021327462144694705,0.32694861144282816,0.0001599514467825283
Procr,17,5.6575234452345626e-05,0.32496270701635616,0.00021234736585088568
Cnih2,17,0.00037968523226647005,0.3110123795155981,0.0001707716281021116
Chac1,17,8.430557496014698e-05,0.3112211360070506,0.0001511842582164554
Usp43,17,1.8662881679836828e-05,0.34366963987239346,0.001931271176767941
Nap1l1,17,0.00021327228410208406,0.3518408669238681,0.0026211810342838754
Ice1,17,1.6568153898733585e-05,0.3192936686292924,0.0005396160706504315
Actr5,17,0.0003262579833362673,0.3346169996111409,0.0005798778266222084
Naa15,17,0.00027111147309274113,0.34954212021196446,0.0026049690833374202
Samhd1,17,0.00024527085505141543,0.33869073956257917,0.0005016880366051986
Sap18,17,7.773960688324007e-05,0.32572365469699394,0.0007622324947522122
Lamc2,17,3.378016471271624e-05,0.3216563457933894,0.00015603632850388145
Pkp3,17,0.0005214082662428165,0.3290756724351816,0.0005682282512750417
Col12a1,17,0.0001346940723498554,0.3195871033620936,0.00010822859346104633
Cenpb,17,0.00021024669606490686,0.3263732678046721,0.000707234704754745
Mboat1,17,0.0014145634749433973,0.3130421666216974,0.00048372108506456704
Ptpn23,17,0.0008331167073283289,0.34018167458633225,0.00029371989353809173
RT1-M6-2,17,3.974996874010978e-05,0.3216191600886734,0.00023154801734433654
RT1-M5,17,6.610320924327439e-05,0.3286868779261608,0.0005840150911696651
Med27,17,5.491503235639889e-05,0.32337623326363185,0.0004146706414443088
Ugcg,16,0.001977301872486477,0.3319815912609815,0.0009047783197718007
Abcb4,16,0.0001992019950615216,0.36294921523379325,0.0010346085758578334
Gipc1,16,0.0005138718812075782,0.32618193630754194,0.00012934197568622064
Tfg,16,9.597240954847567e-05,0.31198898001200237,8.10202310670389e-05
Reln,16,0.00020751774168165527,0.32534273591007196,0.00013811656586040937
Bdp1,16,0.0002370405655313766,0.33253714257315625,0.002011842894270412
Hist1h2af,16,0.000168608907096252,0.33485865849386437,0.0004432905857083024
Ncaph2,16,6.774958021605159e-06,0.32725629158534586,0.00037682427457377696
Rabggtb,16,0.0013518883034850367,0.3049776074070407,0.0001333215437350438
Zgrf1,16,0.00015759205261788384,0.3243565039952227,0.002380400766210014
Desi2,16,1.0490865527014016e-08,0.30952444757087505,0.0011529528951620632
Cldn7,16,8.178670922729238e-05,0.3217679545185086,0.0002573007634729639
Efemp2,16,5.183655904934156e-05,0.30578212077017203,8.587957189660159e-05
Dph1,16,0.00012413031922728633,0.3275645513678353,0.003449347515157485
Csrp3,16,3.5979515014976875e-05,0.3191837694776302,0.00013281575475650108
Svil,16,5.819849893075886e-05,0.3463221380265188,0.0005140935499485741
Efna1,16,9.168306493368157e-06,0.33939316027412775,0.000339657131709653
Pfkfb3,16,6.924563151823017e-05,0.3463652558225878,0.0007672295018127066
Rhoj,16,0.00019387625870211358,0.3302475943455633,0.00012609488184361217
Rybp,16,3.538470917393964e-05,0.3216191600886734,0.00031408229843185923
Raly,16,1.0671578879608194e-05,0.3337338933261786,0.001769233997836746
Cttnbp2nl,16,0.0004580407112236246,0.3206923037195418,0.0007033816926843606
Map3k2,16,3.5581827884804084e-05,0.34927881164683305,0.0003896039040310491
Parp3,16,0.00010057400073841931,0.3457196141129645,0.00041484023191704355
Dll1,16,0.000217857379280184,0.3471432162174975,0.0005756036061116014
Hist1h2ah,16,1.156915781863417e-05,0.3341748630350781,0.0004950927319990157
Tap2,16,5.426622992974167e-05,0.3317836296681008,0.0006957725771792657
RT1-M2,16,1.4042136900977661e-05,0.3195871033620936,0.00019530756733389593
Adm,16,0.0012995521272732532,0.3408067787292693,0.00036066175117906835
Cacul1,16,0.0002226048028513904,0.32942637475038783,0.0005052531673506407
Gab2,16,1.7160594363553701e-06,0.33623467908714344,0.00034424805970295185
Ifnlr1,16,0.0007996856117002214,0.34026488928168114,0.0004640322592442105
Tomm20,16,0.0004397506193982807,0.3575842846744248,0.0011271504257738642
Tbl1x,16,0.0003595758572220576,0.3378270473305434,0.0010267959645163284
Ssr2,16,0.0010188985604964113,0.3175805633295691,0.0016279844868510986
Derl3,16,0.00011675092305347332,0.339062246772337,0.0008358999732798893
Ftl1,16,3.71043190206916e-05,0.3442650333828765,0.0008603288317244968
Ptpn12,16,1.2676221090106494e-05,0.3321401307028444,0.0002615889419445097
Mob4,16,0.0004909517633247218,0.32032305524087795,0.0008952782929470795
Rab35,16,0.0007434125487233976,0.3234890389263983,0.0003407169502451258
Ca13,16,0.00020390894098760282,0.3079824792169849,0.005786572773607853
Siglech,16,0.0003350843000340829,0.31999145787520417,0.00012573917830148229
Rab7b,16,0.00036196647799286363,0.3159574940110193,0.00025296243156657205
Tmpo,16,0.00010517598578817157,0.32091426171035015,0.0001803058571045475
Ets2,16,1.578005631613134e-05,0.3415180131066812,0.0003610213339349066
Stoml2,16,0.0004674065211421085,0.3356262196606376,0.0006771793160896807
Cask,16,0.0006784688368868589,0.33190237828287106,0.00046262389130002153
Itpr3,16,0.00120906651266123,0.3366822866715509,0.0002124310426323583
Mcfd2,16,0.0001862952274588441,0.31143017292813446,0.0001752416495806265
Kif21b,16,0.0003315602513961318,0.30477714009279416,0.00010492335773263887
Rnf111,16,0.0002524105383780727,0.3459345604037584,0.0009030751639094234
Ptrh1,16,0.00018976027491673456,0.3305222448339106,0.004190737782766482
Lcat,15,0.0008387491909013914,0.32386562686461295,0.00017255689390515265
S100a9,15,9.354755002472773e-05,0.3262201846584223,0.0001836828853104721
Rin1,15,0.00010758635285276717,0.3264881744826928,0.00019018453181716234
Il17ra,15,5.713272956724429e-07,0.33009085604734517,0.00027808654728847813
Emp3,15,0.0005529353126275717,0.3139606968476498,0.00011490530520669442
Igf2bp2,15,0.0001804249987945816,0.3338540423337364,0.0005149423979430544
Pvr,15,0.00018981692033577315,0.3181980710016042,0.00011775968209331147
Irak3,15,1.5240085052259028e-05,0.3341347267315668,0.00035717232423357337
Pdlim2,15,4.77071874842747e-05,0.3266031620999091,0.0001866181836996254
Gmfg,15,1.0362620539384532e-05,0.309731210728905,0.00012060298762886894
Tlk2,15,0.000148215713008265,0.32845404188512695,0.0012300031897552464
Angptl4,15,2.86567231494784e-05,0.3377040221858491,0.00027606915277879655
Cd151,15,4.781032341099424e-06,0.33253714257315625,0.000376513131051907
Uba5,15,7.214513440682921e-05,0.334295329820599,0.0009237664689406149
Usp28,15,0.0007847134310250076,0.3625235515724557,0.001128988634090219
Dpagt1,15,0.0017302178181710305,0.31063038574888624,0.0006371320143799888
Stx1a,15,0.0013511402147335897,0.34409471054632346,0.00029050712512261167
Nrp2,15,0.00019515228107881802,0.31531290204771906,0.0001503474933582375
Tmsb4x,15,7.489360716038992e-05,0.3548476702508961,0.0010244262489933916
Mrgbp,15,2.419075991498405e-05,0.3510417330936309,0.0007789527167209561
Tfpi2,15,4.313877054588114e-06,0.32903675159870194,0.00023178660137050073
Bcl2a1,15,4.257737233422674e-05,0.34602061377699317,0.0004695808316175346
Prkci,15,0.00018760254074552609,0.33489896891381066,0.00020386489733530426
Spsb1,15,0.00011045072293073473,0.3199546560974152,0.00044141072435393647
Cinp,15,0.0008008446630962451,0.3429494248973157,0.0010077244621040566
Trex1,15,0.00010903552907473037,0.34155994288115715,0.001802088925227739
Fam169a,15,0.000124458726539503,0.32845404188512695,0.0001543639907369774
Ranbp17,15,3.5871980438870162e-06,0.3152771684912766,0.0006756242217390117
Cass4,15,0.00017209620447234495,0.32106240447397866,0.0001099816923832217
Bag5,15,3.998928065471578e-05,0.35975762766934244,0.0012541488717022083
Ephb6,15,2.0485204878816354e-05,0.3297387382679892,0.0001662825137157684
Hip1r,15,0.0005934943287621564,0.3371719470084869,0.00024903120606204523
Dysf,15,0.00026351916586422436,0.33534302492370116,0.0005394659292746196
Cltb,15,5.004964410337293e-05,0.3155274736040632,9.9433306774286e-05
Gpt2,15,0.0001285085655452849,0.34623593463186375,0.0004227607228284479
Apln,15,4.614218039833456e-05,0.33993227453165015,0.00033059351132072666
Clec4e,15,0.0008021750054980317,0.3355857339887847,0.00026886648043030094
F2r,15,0.00011314037609964742,0.3231133257569135,0.0001426836428955846
Camk2g,15,2.2133126881078784e-05,0.3351410353893537,0.00031086147474036324
Lrp8,15,0.0001108533323058271,0.34371209967470046,0.0005128253956019814
Slc11a1,15,7.668679448571904e-05,0.33142789311020077,0.0002881187652137693
RT1-CE3,15,5.720028243933391e-06,0.3137482502274755,0.0001729467059794132
Akirin2,15,2.1214955521991002e-05,0.32124777537725463,0.000713978557871283
Dtx3l,15,0.0009579732571271178,0.3329749532934799,0.0008745312863631733
Ybx3,15,0.0003142004272316166,0.34349990551512843,0.003496086139319613
Dnajc25,15,3.280629060281267e-05,0.3400569288310751,0.0008553339970767849
Kctd10,15,0.002325270690996345,0.30753987782080755,0.00039461777577093766
RT1-CE7,15,0.00017443435673990162,0.320359941820247,0.00019340952388287918
Adamts4,15,0.0004288455586418753,0.3411829451517078,0.0004132598264060629
Dab2ip,15,0.000240452224584593,0.3403481446986818,0.0003297683426072828
Krt16,14,0.0001513037432675548,0.31276062223350476,0.00019220338106559426
Tas1r3,14,0.00013836075766969442,0.3162448260505883,0.00027394450701947624
Kif13b,14,7.240764418037679e-05,0.2999143741663459,8.739152622374596e-05
Gadd45b,14,8.609179094593447e-05,0.3497618474688239,0.00040162194521234574
Pgm2l1,14,0.0004202040037834288,0.31279578758342985,0.00024609673628242913
Senp5,14,2.8935765584712694e-05,0.3231883985556488,0.0010556578188674027
Bicd2,14,0.0002978310424900911,0.32633498355038415,0.0006213578459461505
Atad3a,14,0.0001865489175737354,0.3265264946909654,0.0007531900815557817
Eepd1,14,0.00017053616418838123,0.3222524886791411,0.0011859960958235214
RT1-CE4,14,0.00010599780786994245,0.3139252691003188,0.0001706799179057139
Recql,14,0.00011677495122830957,0.3327360046366493,0.0008626462327962483
Slirp,14,0.00022976668251889002,0.3216191600886734,0.0016779626928596278
Srm,14,4.551640520678221e-05,0.3316649659951151,0.0018942881232560168
Cerk,14,0.00035009905542520244,0.2890695900630741,2.991401114320818e-05
Col8a1,14,2.4649491121205814e-05,0.3093523556952102,0.0002551316798215306
Pin4,14,0.0004735746630185426,0.33048298108422725,0.0009100107871465084
Urb2,14,0.00010871181001825531,0.33939316027412775,0.00138319728039247
Mef2d,14,0.00012606240242393974,0.3438820438525371,0.0003209107239889393
Sec23b,14,7.13798382849781e-05,0.3128661420115863,0.0008563428654838605
Wsb2,14,5.00559263356771e-05,0.3154201513341298,0.00014047931021721652
Vps72,14,9.305335261263424e-06,0.3448624934631245,0.0004793418584858798
Zpr1,14,0.00030451008624378227,0.3463221380265188,0.004062799527994062
C1qb,14,1.772652875292907e-05,0.3202124464510849,0.00016138811295498593
Htr1b,14,5.218064290206173e-05,0.30876867200521924,0.000140443486259404
Whamm,14,0.0003043437839043006,0.34862227252719613,0.0003584784531295462
Cldn3,14,0.00014484994859267387,0.3400985005827659,0.0005097481332524936
Ppm1g,14,9.118515141524997e-05,0.3327360046366493,0.0012502132383052863
Sh2d3c,14,6.957116389266516e-05,0.35295683008970125,0.0008825298022079608
Emp1,14,0.00010073954694790618,0.3195503945287187,0.0001640076698832066
Wsb1,14,5.0809351014960887e-05,0.31388984934751496,0.00013354310013205105
Trim24,14,3.186817636082039e-05,0.35735462232074827,0.0007483247591292373
Adamts1,14,1.0556656832577655e-05,0.3252666590397551,0.00020107327077166498
Alkbh1,14,0.00022093134367381955,0.3081530499298876,0.0016139167377809845
Kif26b,14,0.0001679286447553686,0.31018014659014664,0.00038117197501497325
Ccnj,14,2.9307652110148282e-05,0.3288422854334545,0.00046349946604523124
Naa50,14,0.00012230613178256411,0.3277188991361792,0.00273612620404179
Ptges3l1,14,3.700740013474915e-05,0.3334938545632972,0.0006955385618079034
Dnajb3,14,1.2528830654383916e-05,0.34172776498796525,0.0016882386178485068
Adpgk,14,0.0016391186048360013,0.3221032458917477,0.001250624970794245
Alg12,14,0.0009833617597615303,0.30001140243362723,0.0002567641204684724
Bag1,14,1.165082391734398e-05,0.35639325323687226,0.001216173727619901
Nrxn2,14,0.0008920045007030637,0.30880294536208514,6.964852380931768e-05
Tsn,14,0.0008053472549946794,0.3392276228224637,0.0012817871378228264
Nr5a2,14,0.00011938597749820892,0.3302475943455633,0.00028934341882071667
Fdps,14,0.000399207720853487,0.3212106840742438,0.0008078754821911039
Nus1,14,0.00040023416032406464,0.3188910745950281,0.0006552504202214948
Shisa4,13,0.00040560981421847733,0.3155990623672178,0.0003480194976883882
Fhdc1,13,4.0672305821600336e-05,0.3224766123527327,0.00012113728152990746
Creld2,13,0.00013140675377826383,0.31233925393140505,0.00032166797160231687
Panx1,13,0.00010187758934090161,0.3422322222619049,0.00033684377174912384
Fam98a,13,6.718028517127177e-05,0.3142799067744041,0.0009680064025961213
Peak1,13,2.0343630448171375e-05,0.3329351046872936,0.000868161645824228
Tle3,13,0.00035513757310808686,0.34679702502705373,0.0007631426416045023
Aldh1a2,13,0.0006826391323460565,0.321470503208577,0.0005322978481754418
Acp1,13,0.00013974142532064616,0.33840235187532236,0.0008205038983325148
Lama3,13,0.0002517874767749727,0.30818718674720563,9.478977313831146e-05
Reg3g,13,0.0007925452857623137,0.32880341978099814,0.0002147304450906075
Ccm2,13,0.0006840901151065531,0.3416857940023367,0.0003311701734521044
Exoc6b,13,0.00024100965421597622,0.3154201513341298,8.575292987396991e-05
Tmed9,13,0.00015636312300557162,0.29302777909911787,4.5285826377685144e-05
Fblim1,13,0.00019654064687149093,0.32270104799524707,0.0001232720586015381
Cotl1,13,3.152095554590126e-05,0.3339341897451717,0.0002207399604863135
Cnot11,13,0.00024054595158417942,0.3203968368958914,0.001135344636476076
Alox15,13,0.0001487771172150769,0.3316649659951151,0.00023525465009538422
Ppp4r1,13,0.00011897753584455348,0.31216401871263744,9.084969754216431e-05
Siah1,13,0.00033892168562081425,0.34623593463186375,0.0004835674197447102
Cald1,13,3.5826180196396526e-05,0.3349796188762222,0.00026287577791861
Fam72a,13,0.00029563747313239786,0.3379091139034404,0.0002737447581762207
Jmjd6,13,7.807278022058694e-05,0.3299342664571899,0.00042415341943417156
Ifitm3,13,8.514264278346438e-06,0.319330318499429,0.0006144506568322281
Gp1bb,13,0.00030966423193455795,0.3354643355561347,0.00022746944376959055
Ptpn13,13,0.00043524169169515157,0.3332142453907085,0.00013601428429561865
Qtrt2,13,3.074899265513691e-05,0.3024905659200854,0.0017478588684477468
Mgp,13,0.000689743245648217,0.3129013310951552,0.0001090882640952146
Copb2,13,0.0001546699562795461,0.3271408436932062,0.0005979674260259393
Tent2,13,8.578302005988899e-05,0.32386562686461295,0.0013942595387924704
Erap1,13,0.00011781875830356592,0.3398907434046457,0.0007749060584730033
Slc7a6os,13,0.0006170260596821892,0.309386758759678,0.0014591139879178547
Gast,13,5.9704445758791854e-05,0.32946538782176993,0.00020087766178783584
Hrob,13,7.146464483012322e-06,0.31269031524862595,0.0011213963746925775
Atf1,13,0.000802687966128981,0.3383611937201441,0.00022176275554355304
Ccl7,13,1.2568111619355988e-06,0.3186719054715951,0.00016789611971457488
Mfge8,13,0.0007528570256300245,0.33993227453165015,0.0006260181801903031
Sdcbp2,13,7.135949379537574e-05,0.3313094837164493,0.0002002137295202354
Med13l,12,0.00010841426220337732,0.31276062223350476,0.00012099169107029259
Cox7a2,12,0.00016460054719736908,0.31718227508459984,0.0027150527419865043
Ppl,12,0.0003602483911688805,0.32946538782176993,0.00014722866551457775
Cgn,12,7.574496321185301e-05,0.34967392342471404,0.0007177951052606392
Pdcd2l,12,3.509924496450903e-05,0.3243565039952227,0.003663055742856637
Cfap20,12,0.00010823759927906316,0.30444361290950156,0.00014347986342772896
Rwdd1,12,0.0005470006678372585,0.3173631912807467,0.001781960460154696
Vac14,12,0.00017905008603609368,0.3338540423337364,0.0005106077107272118
Mnda,12,2.321075973496665e-05,0.31911054539653877,0.0003731227286588847
Ctnnbip1,12,9.685815264832891e-05,0.33138841390911555,0.0002667591905429836
Thoc6,12,5.662630298256359e-05,0.3117442553526474,0.001736919976834061
Raph1,12,8.162316323289655e-05,0.34185373983374606,0.0005420552750092546
Oga,12,0.0005070540087759805,0.3565759721567579,0.00040001833591545277
Nedd1,12,0.0014795466557524265,0.3140315763367226,9.388687699485133e-05
Timm50,12,0.00046088865699101976,0.31628077930502785,0.0005710003723335182
Bnip2,12,0.00012428639040409667,0.3386082929365902,0.0006169829612450715
Carhsp1,12,0.00016682146707114564,0.31509862212787687,0.0022213875108416116
Bzw1,12,0.0001424155331046614,0.31381903381466725,0.0011946014071541906
Pgam5,12,4.8365526560953445e-05,0.3438820438525371,0.0006510970604476779
Muc13,12,0.0010729375988973032,0.282236556230803,9.767482813959435e-06
Bco1,12,0.00044252649695541925,0.3145641943427211,0.00023029176214678596
Mta1,12,4.2974542571582097e-05,0.3396832398982937,0.000292426823059448
Mbd2,12,3.853774871302423e-06,0.31279578758342985,0.00023831307879793514
Map1s,12,9.611131770050065e-05,0.3550741205829005,0.0006835155291815693
Ptrh2,12,0.00023897173726970472,0.31321838941308544,0.0008266212567811219
Il1rap,12,0.00018164334277528623,0.32401650765979795,0.00015011629643754053
Hnrnpul2,12,1.1278018775723768e-05,0.3054799313458905,0.0004491916968537403
Wnt7a,12,0.0003187644708904919,0.33115173607511306,0.00016911709780069765
Unc119,12,0.0006768652783581199,0.33964176959675557,0.00028626301218610464
Myo1e,12,2.850450184134984e-05,0.2983064266316776,4.451399672716311e-05
Nfkbid,12,0.00042671085120419015,0.31364213469752256,0.000299140432645741
Gda,12,2.783372709704193e-05,0.32401650765979795,0.0008495178048815281
Ggt7,12,0.00013878433823950065,0.31459976645561744,0.00020717208316279535
Pdcl3,12,7.57799657134786e-05,0.30716636135221653,0.001071783668372821
Lima1,12,3.5621765811074775e-06,0.3371310875868911,0.0003466761302508324
Vrk2,12,4.937182824168587e-05,0.3569877755379219,0.0020732052508364526
Fam89b,12,0.0007710042977785643,0.3125497960641529,9.502687488185278e-05
Fem1b,12,0.0002664983931458388,0.3239410496934123,0.00017933336775084779
Col15a1,12,0.00030925320360430865,0.29965593868666796,6.295107847949836e-05
Prrx1,12,6.35818624241935e-05,0.3195871033620936,0.00014100657584477217
Fabp2,12,2.0989018894641065e-05,0.33206084205860886,0.0001694945776465101
Cyp7b1,12,0.00011236931562757344,0.3049441778764689,8.137383921489027e-05
Kcnab2,12,0.00018735549706288838,0.31360677880363264,0.0005032419504502492
Rab13,12,0.0002139481494123884,0.2862145817661549,1.1464206269947948e-05
Rbm38,12,0.00038587281355558243,0.33960030941980285,0.0008343653369445633
Rasa2,11,6.606349974516331e-05,0.3109776139913956,0.00010771097595426235
Inhba,11,4.898751548224513e-05,0.3253807876920497,0.0001885987015130086
Cdca4,11,5.5139444758959366e-05,0.29904393580210953,8.42090531481215e-05
Galk1,11,0.00010918298849679913,0.30942116947692416,0.00021340603777555395
Zc3h12a,11,0.0001686482595958726,0.3324973986813703,0.00022322917671442434
Rgs19,11,2.257435371646875e-05,0.29349147956187627,3.742967873969182e-05
Tll1,11,0.00017453130623240983,0.2989154114931799,5.8258651989149495e-05
Mtbp,11,2.8977278064269503e-05,0.32694861144282816,0.00036258871556546854
Selenoi,11,0.00018994876068794068,0.3069630072566507,0.00016393523580323778
Ppm1a,11,0.001184186634486745,0.3147421353962015,0.00011341408045786747
Cep170,11,0.0001619265909297294,0.3122691362405461,0.0001083181339156172
Dusp8,11,0.00020289990099777995,0.3033481337658952,0.00014544049290500765
Ccrl2,11,5.904133150059276e-06,0.3212848752473756,0.00013526479302467106
Slfnl1,11,0.0003527856383096234,0.31827087687530314,0.0035994332959174914
Prpf38b,11,0.0016522989195187586,0.31371287040674617,0.0007128154110573094
B4galt5,11,0.00029449197633944616,0.2765963148505692,1.2935249190459704e-05
Fcrl2,11,0.000497928397830538,0.3155990623672178,0.00011913345420164717
H1f1,11,7.66261083181304e-06,0.34684026116033223,0.00044647268695155706
Efhd2,11,8.620146754356037e-06,0.31209397966872615,6.9179621799219e-05
Clec4d,11,0.00011589442309158627,0.29840241711541615,3.9331807395311816e-05
Treml2,11,0.0001638847702587635,0.29146209898030645,2.409509964312022e-05
Senp2,11,4.961235030707573e-06,0.3133242183542094,0.0002711744715775282
Ubr5,11,0.00012741756920519608,0.35694197264139405,0.00125264712908822
Alas2,11,0.00025317310064839574,0.29182898717791095,0.000411595357422047
Dnah8,11,8.908600379774197e-05,0.3246214392960356,0.0005009717621792804
Rgs2,11,9.340869306763934e-05,0.32687178178439963,0.0004951526849494005
Traip,11,0.0007521377829888266,0.3207662555940304,0.0001681085941417239
Dctpp1,11,0.0002141867587607869,0.32602903255209487,0.0005724608419603864
Crlf2,11,1.7236817032724574e-06,0.32158198298081436,0.00015003641685913495
Klhl21,11,0.00019271228846591405,0.3135360909238166,0.00023496137043545673
Prtfdc1,11,8.676084769694607e-05,0.35580070786123863,0.0007611294070598455
Flii,11,0.00028760369279360015,0.3176168209575323,9.342797613038447e-05
Enoph1,11,0.0007629290769749302,0.31198898001200237,0.0004600225046738998
Psmg4,11,2.9537450253556343e-06,0.3030837492937166,0.0004291392473179935
RT1-CE15,11,3.64172588011741e-05,0.31346543490332673,0.00017785831490464452
RT1-T24-4,11,5.5432516725166325e-06,0.3175805633295691,0.00018398198800906234
Npc1l1,11,4.58071049541278e-05,0.33329408587121423,0.0004327663384406524
Lsr,11,0.0003682460793019038,0.307302080500058,6.578917613924065e-05
Ascc2,11,0.00022733745419651477,0.30774399720874174,0.0006183633644066086
Plcd3,11,7.510719029374427e-05,0.32154481446683136,9.159439772484127e-05
Nol8,11,0.0008083540662540959,0.31163949084429543,0.002402011271633257
Txndc9,11,4.298485874148555e-05,0.32043374047074696,0.0005728981767166118
Kctd5,11,0.0002616483412651662,0.2799925256408037,6.056764014729793e-05
Tead4,11,6.132133801524687e-05,0.31999145787520417,0.0001182419395649032
Mthfd1l,11,7.937775276716003e-06,0.3153843934663899,0.0007775394310511366
Bcor,11,1.1696511183847775e-05,0.32262620141099674,0.00018363451583598461
Plekhg2,11,0.00022848650931195643,0.34155994288115715,0.0009164832939966454
Drap1,11,0.00011519943392690623,0.31969728048345497,9.008003612065176e-05
Ifitm1,11,3.2985640028764277e-06,0.31445752625376117,0.000607364855940925
Otud4,11,0.0006227124145280174,0.3286868779261608,0.0005934730137645572
Dazap1,11,0.00011462065314279774,0.3038119181792099,0.0001738425748631309
Spsb2,11,3.149222236062883e-05,0.3054799313458905,9.033050329557592e-05
Ptx3,11,1.8790678955915305e-05,0.3246214392960356,0.00018392920841873729
Gorasp2,11,0.0005168154225464734,0.3193669767841838,8.589874229855738e-05
Ccdc86,11,0.0009003392601302506,0.3186354065704988,0.0025260645399763425
Ppp4r3a,11,8.130400376887411e-05,0.31325365778257236,0.00011242704154714922
Ssh1,11,4.870738517603935e-05,0.3262584419804181,0.0003230883479192962
Ryk,11,0.00021415982750606007,0.32217785000197163,0.00010763122440928198
Bhlhe40,11,4.0835765985631373e-05,0.3523756472155827,0.0005712267663309393
F2rl2,11,0.00030093253721465136,0.2812095152903088,0.00011572092338561459
Cep76,11,8.279346333806474e-05,0.3158498790607431,0.00011553305698705973
Rrbp1,11,0.0005347728586466547,0.3334139183565466,0.0011884207215035966
Ccdc80,11,0.0003021797670787232,0.31944031860914285,0.0005280343509467195
Ehd2,11,6.590545845129761e-05,0.31381903381466725,7.435616474017489e-05
Rbm7,10,4.921169650624601e-06,0.30101771637816765,0.0018459553833085778
Hm13,10,0.00038158186507621653,0.33001254267698993,0.0005987294622487996
Septin11,10,0.00019818281351768037,0.31028393205075006,9.80011479146927e-05
Phlpp2,10,5.267571192598137e-05,0.3368861388674043,0.0002197238790590343
Map3k20,10,1.0008255305530255e-05,0.32379023914886235,0.0001672523494972484
Dusp5,10,3.506721496570898e-05,0.3251906177401549,0.0007705117018438879
Sgpl1,10,0.00017100681320037856,0.3122691362405461,6.663792866861371e-05
Siglec8,10,2.7204000654547846e-06,0.3243943254159311,0.00016885768889688063
Pck2,10,7.460610151671086e-06,0.3094555878495022,0.0004288243575374639
Plp2,10,5.7087049397197796e-05,0.3158140236992877,0.000127901662086448
Gmfb,10,3.9047586701617317e-07,0.2887995157030027,5.83599663696411e-05
Ppp1r13l,10,0.000985572467403569,0.35480241484083985,0.0005283042544993066
Man1b1,10,0.0006437183046427836,0.31300694585587596,0.0005725308100477217
Lrg1,10,0.0014001255591826575,0.3039778993408026,4.633362886056754e-05
Wdr64,10,4.87950201360226e-05,0.32288831647713845,0.0008291703433385754
Homer3,10,0.0002017008596383384,0.29106567637236086,2.635960860324209e-05
RT1-T24-1,10,0.0,0.31094285623863027,0.00015126417087828477
Ceacam16,10,8.332750915123633e-05,0.32032305524087795,0.00016280672688916847
Tbc1d15,10,0.00025184224298047765,0.3177982333524132,0.0002908564707632664
Abcc2,10,6.895944381072583e-05,0.32496270701635616,0.0005444857311487818
Mafg,10,1.9788485389482986e-05,0.3162448260505883,0.00014019333052250714
Rasal2,10,4.247073725769474e-05,0.32401650765979795,0.0001428111863952631
Atxn7,10,3.848440266633015e-05,0.3328952656176888,0.0006476020688409614
Ahsp,10,0.00016131015240888446,0.277894889098694,0.0001418088039293813
Fam110b,10,0.00013546109970082393,0.3157423373926938,0.002037885210721814
Pcmt1,10,5.500179020612303e-05,0.334215008982103,0.000760939867811913
Rap1gds1,10,0.00038460170934091455,0.3434574981193858,0.0011847923944107162
Ptpn2,10,6.28334465816542e-05,0.3377040221858491,0.000259236043468638
B4galt1,10,0.0004991511633588321,0.2650034039595185,8.565150035667667e-06
Hs2st1,10,0.0007052255713734981,0.30321588389831333,0.00020631867338254106
Rgs16,10,8.656433261757171e-06,0.2920127778699512,3.65508519602581e-05
Fntb,10,0.00010530495215402001,0.3185624338448443,0.00013055845702828159
Gmip,10,0.0003456827285949202,0.32841526794558196,0.00046770490433576555
Sec11a,10,5.788795328797931e-05,0.31388984934751496,0.001150141114284356
Tph1,10,0.00015052711443485338,0.3532705694942254,0.0010831051471936674
S100a16,10,0.0007623014026868715,0.33635663580788605,0.00019400865164454365
Tlr11,10,1.021756035406218e-06,0.3283765031594695,0.00020744588234467018
Endod1,10,0.0009075108922076265,0.28961125700260515,3.4866394061583496e-05
Krt17,10,6.669650454067477e-05,0.30092003621060304,6.32397402704438e-05
Pygo2,10,1.3667796884317207e-05,0.30726813947062354,0.00022977767830118157
Ubxn4,10,0.00015040543977682948,0.31129078379400527,0.0007763505124832439
Inhbb,10,6.052515088549945e-05,0.3270254772266398,0.0001964794061048585
Ahnak,10,9.227654832679853e-06,0.31143017292813446,0.00011152179902023391
Memo1,10,7.139772156541168e-05,0.3276417070741992,0.0001519131192434253
Efcab6,10,0.00012548721709561457,0.3012458835697916,0.00014829315857543585
Enah,10,4.7409635047871866e-05,0.30890581110004717,6.360840400784478e-05
Tlnrd1,10,0.00012175747079589845,0.3394759895993929,0.000552890522647051
Wdr62,10,0.00023752922971550868,0.31944031860914285,0.0001761811094557727
Baz1a,10,8.957298483539271e-05,0.31925702717087734,0.0004546740584317681
Slc7a5,10,4.684139616225216e-05,0.3011154599812777,7.006405851950558e-05
Hmga1,10,3.3281505921772956e-05,0.34666738127938007,0.0006360488621272174
Sox11,10,0.0001719964030950184,0.3288422854334545,0.00018548948208887763
Krtcap2,10,3.0133657532535535e-05,0.3049776074070407,0.0008013748268163584
Tcf25,10,0.00010410405365798411,0.3135360909238166,0.00019704178961831207
Fnta,10,0.00015001296652079652,0.32802803145466636,0.0001676972317081638
Usp37,10,2.9228266033163234e-05,0.3299733999249229,0.0006630178486226899
Gpat4,10,0.0002053781524831925,0.30514486506164584,0.00014139881671002623
Mvp,9,1.8225136030195e-05,0.3400153672411422,0.0005840731132033956
Ext1,9,0.00045405646422773914,0.2951417074864232,5.1109869010428844e-05
Tnip2,9,0.0002233776253668907,0.30777804345248644,0.00017508084775606523
Mlf1,9,0.0004714283744776918,0.3150272601932992,0.00024940503159994143
Anp32b,9,0.0005044977000720781,0.32500066994941884,0.00037432648447346576
Nfyb,9,0.00010138249692151973,0.3235642864348715,0.0004488223098345213
Kcnk3,9,0.0014326104486808056,0.31111672274290153,0.0002497318717347312
Prr16,9,0.0001769638926105902,0.2837333742750663,1.543908334000157e-05
Uap1,9,0.0009438781205519371,0.2950790978751618,7.141637167223092e-05
Secisbp2l,9,2.137059974892734e-05,0.33574773530859586,0.0017295454944873234
Cacna2d4,9,3.70142582890053e-05,0.30514486506164584,0.00017460094536215357
Tbce,9,0.0014526220813517406,0.2983064266316776,0.00011565284542508151
Smg9,9,4.394707456819975e-06,0.3189276320952683,0.0012000529935542663
Dsg3,9,1.5011001650260573e-05,0.3288811602750946,0.00024374626287999778
Oas1b,9,4.718761906893614e-07,0.3122691362405461,0.0005887451091540394
Uhrf2,9,3.791487543982063e-05,0.3208772473779729,0.00015456656857992644
Clip2,9,2.189717031561521e-06,0.31346543490332673,0.00010601566378615234
Cacna1h,9,0.0001099216915558581,0.31381903381466725,0.00014536521150407315
Dapk3,9,0.000313128367228315,0.35130770738313233,0.0006881168773473761
F2rl1,9,0.0002037508554876302,0.3115696869489333,6.580285781114679e-05
Dynlrb2,9,0.0001095363632264447,0.2939877137025283,6.336444489537216e-05
Samd4b,9,0.00016707997952111468,0.27449489242891223,3.8545944634037344e-05
Kirrel1,9,0.00012916485906623842,0.3037124164592822,5.7321788183731724e-05
Dbh,9,5.8865209309197354e-05,0.2962101506353306,3.4603591458449214e-05
Sms,9,1.3797372005928253e-05,0.316316740735307,0.000982077795857262
Katnb1,9,0.00011872151628379845,0.31588574256466734,0.000741857321054033
Cnot9,9,8.905046256764395e-05,0.3118840509828504,0.0009898846332133814
Enc1,9,0.00013624391964475673,0.3049441778764689,4.955557119342093e-05
Mbd1,9,8.034468657618828e-05,0.3150629371197084,0.00011082622751696296
Pir,9,0.00021927660524199416,0.3382789074376247,0.00018278906994236032
Cdh6,9,8.37216775792267e-06,0.3199546560974152,0.0004911483103339027
Agps,9,0.00027296422455233945,0.3296215325553347,0.0007227183661886034
Nlrp4,9,6.855398799561783e-06,0.33158590402467525,0.0007524571190970366
Trim27,9,6.28506752335846e-06,0.3434574981193858,0.0007032935560181324
Dffa,9,4.8170834727403803e-05,0.32802803145466636,0.000277252806133734
Hypk,9,3.5780164813690066e-05,0.2903669486240502,0.00014080691320623827
Ggt6,9,7.852977499414156e-06,0.30578212077017203,0.0001400049725637459
Pycr1,9,3.446657975697402e-05,0.3147421353962015,0.00044106328664292565
Strap,9,3.9647782119546775e-05,0.3245078426183396,0.0004235142238089199
Srd5a3,9,0.00017355024449159764,0.27731317132845146,1.7010757867162864e-05
Tifa,9,0.00010327208493692189,0.33253714257315625,0.0005736591025142957
Aldh1l2,9,0.0005885001557604914,0.3119539958249636,0.0004576017845460604
C6,9,6.75289962128977e-05,0.3014090720224296,4.872519849496645e-05
Thoc7,9,3.3196296464113355e-05,0.3076759273133184,0.0002827881737694729
Ntmt1,9,1.414383336440318e-05,0.3216191600886734,0.0017879367346930338
Prr11,9,4.1067328137385456e-07,0.31635271034421486,0.0001449062109453134
Syde1,9,8.342070930339679e-05,0.3288422854334545,0.00014829479821501743
Il27,9,8.125560233114122e-06,0.3234890389263983,0.0001602007897241243
S1pr4,9,2.8910563687545205e-05,0.29091349312632286,3.640976057406749e-05
Cd72,9,0.00043289568505408424,0.3262584419804181,0.0005437412607561669
Amotl2,9,0.00011662143734069544,0.30591661917385365,8.234717968676429e-05
Myof,9,0.0001092428328390419,0.3181980710016042,0.00039006783759884913
Zfyve27,9,0.00028063677737788566,0.30733602902861523,9.277727689955723e-05
Emc8,9,0.00018031014488441478,0.29389454202060267,0.00010742489912036043
Cd52,9,0.0007393274728996381,0.30521181950269066,8.485201340509231e-05
Mns1,9,2.711885557525409e-05,0.2981465796556666,0.00011392436577963712
Rnf138,9,1.1311446566692876e-05,0.3235642864348715,0.0007166008700217409
Septin7,9,0.00017537434474025466,0.30295172980148377,5.0092842755581765e-05
Frmd6,9,6.17531642181374e-05,0.3035136084188332,0.00013469258392839067
Ubiad1,9,0.00019976160762879113,0.3005624173257374,5.622702421198851e-05
Naa10,9,0.00013107474583786698,0.34026488928168114,0.0012675216200822138
Bola2,8,0.00017427156197786383,0.31420891515326693,0.0005908925932006289
Lmo1,8,0.0008547091884652658,0.30870014810996727,7.426845553114532e-05
Erp27,8,0.00010389686507525611,0.3178708563490659,0.0005269137532894709
Brsk1,8,9.708398370637508e-05,0.3052788033322753,0.00013408778880665882
Krt76,8,0.00014741818510124275,0.28089718646678363,1.9971623427127033e-05
Prdm4,8,6.338325120045486e-05,0.3225887911371782,0.001363841279754499
Csrp1,8,1.1406656441019271e-05,0.3144930742445201,0.00012831138394162438
Reep5,8,0.00017971868659060172,0.31080390288984755,0.0004946349495524296
Creb3,8,4.253776148487606e-05,0.2966523496232699,2.6833464192357413e-05
Rapgef6,8,0.0007411852878772669,0.3088715149069641,0.00010640515533490868
Msantd3,8,0.00019460109386055174,0.27703701800109787,1.946079014354133e-05
Nsmce1,8,2.1260964129920915e-05,0.300367710512527,0.00010392751593400928
Sertad4,8,6.040942615646015e-05,0.29598954513959197,6.911670753188686e-05
Rnf145,8,0.0006734500464872089,0.3163886881345417,0.00018672822779708357
Trh,8,1.4186787343978735e-05,0.32187964072278435,0.00012692919613224206
Taok1,8,5.3899366770278265e-06,0.3198810779311285,0.00017877121475428585
Nfya,8,5.259226808417562e-05,0.3424850098198972,0.0005722431455765787
Rtraf,8,1.272022550411225e-05,0.3131831289842424,0.0006684546388783929
Gfod2,8,0.0001331943252512825,0.30474375449304686,0.0002099199550950793
Slc34a2,8,0.00043250309078117087,0.31747184009665924,0.00014275802206545964
Resf1,8,0.000998330878862348,0.3121990500243547,6.0266058514013474e-05
Bspry,8,0.00012032147602293863,0.3030507336347522,0.00037119374301882216
Minpp1,8,0.0006353021567627417,0.2968105979693828,7.693853929176374e-05
Ints6,8,7.651415722130109e-05,0.2920434321611406,0.00012127363983454266
Msmo1,8,0.00021454266416597216,0.31004187392923493,0.00017692894428182976
Chi3l1,8,1.4833247773292565e-05,0.32266362036267976,0.00016078303441264773
Krt4,8,3.4805335435568776e-05,0.28283913529554955,2.386877475906941e-05
Ints2,8,2.7774232454960536e-05,0.2791216750042164,4.9193372078448796e-05
Pnma2,8,0.00018621346428247546,0.31420891515326693,0.00013596612387878134
Arid5a,8,0.00030925201732543084,0.3050444884612966,0.00011233851438526414
Slamf7,8,6.421992859840905e-05,0.3074039485930415,7.886128176068208e-05
Sh2b2,8,2.0078405305357673e-06,0.33190237828287106,0.0002020332316103059
Lgals5,8,1.1897105155834073e-05,0.31980753359777275,0.00011391339642911537
Mad2l1bp,8,0.0001788447904303244,0.3027209722270974,0.0001116942777085529
Arrdc1,8,0.0001461590780814793,0.31999145787520417,0.000458999514217079
Bcap29,8,0.0008936308187107193,0.30222767352167573,0.0003046430585564496
Acsl5,8,1.1913870730049919e-05,0.3125146859994411,0.00029489057757874375
Pcdh1,8,0.0002761056463026213,0.31388984934751496,0.00037843458400049204
Egfl7,8,0.00016159992960798435,0.31790718029562626,0.00010654553785196779
Maml2,8,6.886762487571441e-05,0.3337338933261786,0.00018994917007484718
Aebp1,8,2.7013426697131933e-05,0.29662072020119684,4.7670466055454526e-05
Vgll3,8,4.7401412397775855e-06,0.295643542483212,4.607589314174983e-05
Ltbp4,8,0.0007172805764757978,0.30437699505109683,6.259653974966209e-05
Scimp,8,0.00039656824082083075,0.30176870970463443,4.185876835435435e-05
B4galt2,8,0.0001647257935269734,0.24868201794645795,4.092962083955677e-06
Tmem43,8,0.00013391295579117144,0.3132889340953857,0.00033187889808034926
Hapln4,8,0.0015125653238952349,0.2996882187619331,0.0002989491023110528
Tnfaip1,8,4.414140259621508e-05,0.2873972866494861,0.00011760473887693747
Lst1,8,0.0004409105832217086,0.30682758737918003,5.567963689704669e-05
Rasgrp4,8,1.851916365846451e-05,0.30598391275484216,8.19799226880239e-05
Sema3f,8,5.836522826636767e-05,0.29536105051141576,4.187709577443106e-05
Stk40,8,3.863712026733854e-05,0.3170738243408964,0.0006920772192277205
Wipi2,8,6.308127682303226e-05,0.3025892685193632,6.659829938657029e-05
Themis2,8,0.0002813896816321763,0.2988832976758729,3.1735132648588044e-05
Nanos1,8,0.0012152527223683676,0.28580293145336194,4.055985378111974e-05
Mob1a,8,2.348849594553208e-05,0.2982744435260025,4.2862714480183856e-05
Smpdl3b,8,0.00027688912944804305,0.2953296958351407,0.0002901056055402308
Thg1l,8,0.00019147394642819176,0.3023590625765705,0.0012963134819998702
Tsc22d2,8,7.381756320947217e-05,0.2998820453559367,9.097877439571145e-05
Prkar1b,8,7.209968057013551e-05,0.3241675291035918,0.0016172560672867
St3gal4,8,0.0005503289055068466,0.28829074971679014,1.7421296592655185e-05
Prkx,8,0.00017681914638987788,0.30720027989918564,0.0010903448897205317
Adgrg6,8,2.0436912407933843e-05,0.30949001387996716,0.00013654814451862966
Bpifb1,8,0.0007853289237345272,0.3029187428971064,0.00010502072522485786
Flrt2,8,6.332262366452144e-05,0.3195871033620936,8.435721535455421e-05
Litaf,8,0.00020164306669341324,0.32698703981746885,0.00017864695466339052
Rab8b,8,0.00011780212041953427,0.2901852231946412,2.2439657513308556e-05
Ankrd11,8,1.4691515349126069e-05,0.3392689920447592,0.0002753027102147421
Maco1,8,0.0001070847956085106,0.31143017292813446,4.948139926761505e-05
Prss2,8,4.6285487688368884e-05,0.30134377542970375,3.80661815627183e-05
Tec,8,3.5463341712311957e-06,0.3267566049761599,0.0001616737309995561
C2cd2,8,0.00028682334342386916,0.2939566499119849,0.0005130558890636113
B4galt6,8,0.0003030987268718967,0.25652427245431303,6.783883030222481e-06
Cbr3,8,3.647927174140267e-05,0.31588574256466734,0.00032841905202949935
Pcbp3,8,2.3918504592889865e-05,0.31467093482264735,0.0007801451434221319
Clec1b,8,3.281119647948117e-05,0.28606742773953986,2.402568925297336e-05
Etv3,8,0.00044820121240250467,0.31783454070227635,7.626162353637002e-05
Pkn3,8,0.0002515658634508952,0.32954344169237443,0.00013423017212627666
Hgfac,8,5.574210839939887e-05,0.31139531394302944,6.565471630906633e-05
Ecm1,8,0.0005737973405871418,0.3268333804942464,0.00046879768061249065
Tmed5,8,0.00011747557541604292,0.29536105051141576,5.731096107312703e-05
Hdgf,8,2.9542349413348765e-05,0.344478174191063,0.0014589179572576153
Rgs20,8,4.000029460069378e-06,0.2964310852175839,4.9927268712427904e-05
Tns4,8,4.763628923836205e-06,0.3241297605460824,0.0001607166289150176
Ubap2,8,3.5872454887040556e-05,0.3063545572918209,0.00023877629859925657
Wnt8a,8,3.300689275137758e-05,0.2916760049032318,5.8255109184018926e-05
Dusp7,7,6.0386722567804216e-05,0.3019980172348052,0.0001308330772214917
Lims1,7,1.2017999163442037e-06,0.3081189206741638,8.72247621937667e-05
Ptgr1,7,0.0004275771325828656,0.30160513169633835,8.178011940916923e-05
Fbxo28,7,0.0007616175993080278,0.302622183701406,6.523807382584722e-05
Impact,7,9.150257310581407e-05,0.3091804550752417,0.0006053585361498272
Zdhhc5,7,0.0001462086767049104,0.3039446886012264,5.789609257403496e-05
Krt75,7,0.00012262257460122862,0.2926578723718731,0.00026479118714659234
Dusp9,7,5.851147284558757e-06,0.316532681165892,0.00019454153461720565
Clic1,7,2.6392534344423757e-05,0.31094285623863027,0.0001277406208359331
Ch25h,7,0.00020953928447466115,0.3110123795155981,0.00029117290531157264
Bcl7c,7,3.7080782387610677e-06,0.2976999181131113,6.117599278494023e-05
Tead2,7,2.0423820040897492e-05,0.2996882187619331,4.8211174374000356e-05
Sh3bp4,7,4.648409791678284e-05,0.33329408587121423,0.0006311165390682976
Rhbdf2,7,0.0007920901142277022,0.28315579997628754,2.7947421572545663e-05
Prl5a1,7,3.358361520957339e-06,0.3354643355561347,0.0002548040446144946
Pawr,7,9.630926069957558e-05,0.2937393870517396,0.0004437215133568517
Tm4sf1,7,2.541130541670991e-05,0.27982355006709164,1.9538646243605648e-05
St3gal1,7,0.00029232077683240563,0.26609332709392874,1.6344430876374857e-05
Ptges,7,6.287519682535386e-05,0.32465932253087,0.0001031594679917718
Pcyt1a,7,0.00018354958147111716,0.30846055380497006,0.00014423227582765233
Clcf1,7,5.549579112808352e-07,0.29904393580210953,7.312775536952049e-05
Layn,7,0.0007298824199970721,0.310491711469534,7.394530407010332e-05
Dusp4,7,7.566960592354465e-06,0.3175805633295691,0.0005507554541135732
Robo4,7,6.76431800822998e-05,0.29627324118924653,3.9619658808914345e-05
Ier3,7,5.476208013293841e-05,0.28838040165512857,3.029212426032341e-05
Sec11c,7,5.9940280157464134e-05,0.3115696869489333,0.0009236385957453704
Klf10,7,0.00031160682968437857,0.315491691400207,7.136804759061228e-05
Ebf1,7,1.3621560335709451e-05,0.30615227630318315,6.804718755541196e-05
Hivep3,7,9.284697128268361e-05,0.31417343136838227,7.833433306259249e-05
Tprn,7,7.585038638786658e-05,0.305882983481806,6.135618432962409e-05
Net1,7,0.00010335601777479604,0.3121990500243547,6.219313557555066e-05
Plpp5,7,6.576314438618912e-05,0.277894889098694,2.2689173059677475e-05
Dctd,7,3.722740047034094e-06,0.2872192581836698,8.658670312459825e-05
Edem3,7,8.1581585566721e-06,0.3076419036566433,0.0002178831744220529
Prrg4,7,9.48623889419451e-05,0.2787580896560145,1.758870129207633e-05
Sstr3,7,0.00014152776858235527,0.3195136941273717,0.0005613693667463454
Mtdh,7,2.4410435784263623e-05,0.3231883985556488,0.00028267395768022955
Mfsd12,7,0.00015048961357800363,0.2975089011621244,0.0003278785912389051
Sema6b,7,0.0004919123976968848,0.31321838941308544,6.765992260241619e-05
Pacs1,7,0.0001951294650180741,0.3082554830766787,0.00044851172830322135
Lrrc59,7,0.0001909735154253981,0.295643542483212,0.00029131886669003776
Trim15,7,0.00012995699237081863,0.3124444895290909,0.00029015214748611903
Smyd5,7,2.8421710804721175e-05,0.34130851855809413,0.0008118923664820595
Map3k6,7,0.0002000013372015133,0.31325365778257236,0.00017582885105540185
Usp27x,7,2.5772019892495745e-05,0.3251906177401549,0.0007358263382514744
Ebi3,7,2.6296210527497385e-08,0.3233386488571624,0.000152467761675912
Ncs1,7,0.00011904118340186451,0.2944232971496481,0.00021393998995504807
Mki67,7,3.2128097986156487e-06,0.3216191600886734,0.0004671635886005691
Card10,7,5.195482026111076e-05,0.31509862212787687,0.0001015064274085582
Jph2,7,7.721185465976047e-06,0.3076078875239966,5.749470751527443e-05
Zfp367,7,6.949164875873203e-05,0.2983064266316776,0.0003638778998880983
Fhl3,7,0.0006578668090369122,0.3013764201892563,9.361427096043293e-05
Parp12,7,2.5793321526739686e-06,0.3122340891994417,0.00033004621224570893
Fcnb,7,1.6513511157063704e-05,0.29981740863961903,5.0201726222679096e-05
Calu,7,5.913039779467123e-05,0.3125146859994411,0.00021707343533041335
Slc7a1,7,2.0263905774411406e-05,0.2917371785619783,3.7972127551918885e-05
Krt80,7,4.2452816558935864e-05,0.29152318293691976,5.968077874002999e-05
Zfp57,7,0.00011954379991083782,0.3096622589900963,6.907763320273667e-05
Trpv6,7,0.0007681862787785062,0.3172908000418596,8.11662851156392e-05
Mapkapk5,7,4.651397303799228e-05,0.332656431276698,0.0002024990404489955
Rasd1,7,0.0,0.2765688174537255,9.46116212608819e-05
Dennd5a,7,0.00015136429964357563,0.29824246727776854,3.9029588707602356e-05
Nmt1,7,0.00019332351712805407,0.3397247203281262,0.000984933200642854
Tor1b,7,0.0007286569393511139,0.30441030033559746,0.00019916490983826014
Sertad1,7,6.495687614822264e-05,0.3090087453923165,6.108244937495658e-05
Irf6,7,0.0011455906879184864,0.31682106078658756,7.332167964099077e-05
Spns2,7,2.5943342972734657e-05,0.297318129183181,4.6553669554552873e-05
Olfm1,7,0.00028873617286300803,0.31364213469752256,0.00031091248610419086
Zkscan5,7,1.3721023306331784e-05,0.3065571057594518,0.0004454141542441593
Dok1,7,1.9604661701278135e-06,0.30457693614703585,6.043450862068835e-05
Dusp10,7,0.0002465386111979702,0.3011806576558434,0.0001283965611482402
Crtap,7,4.881643062467997e-06,0.3061185887727801,0.0002286668919483931
Clstn3,7,0.00010712401800095217,0.29479768303136855,0.0001716079257977324
Phf23,7,4.217283454267696e-05,0.31069976935079574,0.0005055746394425555
Ror2,7,1.0747412779477385e-05,0.28704145014104676,3.78074582443119e-05
Nmt2,7,0.0003341161245685166,0.31635271034421486,0.0013537919071740573
Thyn1,7,4.2707567771339936e-05,0.2996882187619331,0.0012856272291792569
Rnf10,7,0.0004044515186861653,0.29722283491100693,0.0003973534110842002
Rhd,7,5.921928587751802e-05,0.2808404739316601,3.101200703753754e-05
Trpv5,6,1.186005930348817e-05,0.297064146798401,4.406332879834921e-05
Nfe2,6,8.939135123631476e-05,0.3078461585445419,7.361619522783147e-05
Anxa3,6,3.547074200507286e-06,0.3177619342966334,8.226895803482413e-05
Ankrd52,6,0.00014047602178033803,0.3242430926301894,0.0007496099932849774
Rnf217,6,6.739011461857737e-05,0.3264115610427109,0.0004985680645876509
Cyp11b2,6,7.657921540756859e-05,0.2792617681958467,3.2036164960423464e-05
Ankle1,6,2.2328520918002246e-05,0.2963047965456412,0.0005876049767051253
Slc6a9,6,1.4716039313183362e-05,0.28539246355837355,2.349152881684499e-05
Armcx2,6,0.000686237628745116,0.31388984934751496,0.0003270162977074873
Map7d1,6,8.349072460585084e-05,0.306861431145712,0.0011692324464072817
Krt81,6,0.0,0.27604740372762704,1.7016675419586577e-05
Zc3hc1,6,3.508617880399888e-05,0.29039725832641183,0.00011110745835916641
Sema3e,6,8.283562303150172e-06,0.28891948642299564,2.199177575224247e-05
Kcnk7,6,0.00012625932921815253,0.2617372974660857,5.035935102596345e-06
Far1,6,2.396603383796791e-05,0.28089718646678363,2.0081089308125453e-05
Cdcp1,6,0.000131324911382879,0.3328952656176888,0.00019678804822019944
Mnt,6,6.719329000138446e-06,0.3293483763190512,0.0005656491444193178
Dap,6,6.783085248577936e-05,0.31459976645561744,0.0006851831637331898
Trim58,6,9.556045243020491e-05,0.3078461585445419,0.0004608773580305699
Elp5,6,6.417224210530277e-05,0.3053123062738175,0.0005534650857477902
Plscr1,6,0.00017767704158999127,0.3020308039047905,0.00036174812000974304
Cmtr2,6,1.0007503116221066e-06,0.29009444575255733,0.0010149303337370593
Luzp1,6,2.9118750101271455e-05,0.30665848046373734,0.0005155902076361407
Pdap1,6,4.081533450571228e-05,0.29054890180334464,0.00012661657330682996
Tmem165,6,0.00011456554166508138,0.269208993106931,1.4273661831800947e-05
Gnpda2,6,0.00020769016927259473,0.2997851007292053,0.00010989038762814499
Sulf1,6,6.821887613370006e-05,0.2938014293766,4.380853846814272e-05
Niban2,6,8.485825946583871e-05,0.2937393870517396,4.7032533904451e-05
Atl3,6,4.930670856697215e-05,0.28278163597957157,2.2585195241231793e-05
Adamts9,6,6.70239897684482e-06,0.29567496383962427,3.9227603756608154e-05
Nptx2,6,6.850756869973216e-05,0.3041440619620668,3.7324590790804574e-05
Spryd7,6,0.0003233976564928971,0.27379251400128185,3.2157007261933057e-05
Ormdl3,6,6.975060103836192e-05,0.27968289280858805,1.764062584965755e-05
Lrrc32,6,0.0007168822008533507,0.30601757064866625,7.23538620679137e-05
Glipr1,6,0.0005127432180034531,0.33590989311362296,0.0005110186753700495
Syne3,6,2.049583282113339e-05,0.2938014293766,4.4811972319115625e-05
Scap,6,1.7795930809132728e-05,0.3025563604966857,6.169992510170804e-05
Prkch,6,0.00014743736407001948,0.32273848431171986,0.00012031962825050809
Dlgap4,6,0.0003686705048567717,0.2947664478456267,3.712051877349232e-05
Acap2,6,0.00022684251001749175,0.30344739689867206,0.00022374951710364777
Zmat3,6,6.626329497510938e-06,0.3383611937201441,0.0003686006822520495
Coq8b,6,2.4918919570406578e-05,0.3039778993408026,0.0002729638509762532
Ece1,6,4.058817438463057e-06,0.294641573264883,5.257082953558912e-05
Cers5,6,3.080283956574264e-05,0.27452197895865654,1.750472827676585e-05
Zbtb38,6,5.384903125831834e-05,0.29805075367120476,5.142027696143897e-05
Snx18,6,0.0002777297267405304,0.2759926324173636,1.338636522508238e-05
Nacc1,6,3.3151831210858466e-05,0.3254949964627384,0.0006065066584462807
Cygb,6,0.00012190838561151051,0.31790718029562626,8.634788809776421e-05
Map4,6,2.2790641144588338e-05,0.2934295680589627,3.210322895405798e-05
Foxn2,6,0.0001492863411526714,0.3121289952616431,0.000477677425081926
Ckap4,6,5.42291579317503e-05,0.2880221280429677,1.9629509318986272e-05
Stard3,6,0.00014257515483918437,0.2955493184709471,2.933696082951819e-05
Siva1,6,3.890474750416994e-05,0.3189276320952683,0.00013030659722617944
Sh3bp2,6,0.0007185439824683591,0.29652587239043116,3.174887086362121e-05
Xylt1,6,0.00047951730510833307,0.2918596028920505,4.7563537863975315e-05
Fam110a,6,0.000593342999667982,0.28539246355837355,0.00012151614408324264
Slc38a2,6,7.871310857565718e-06,0.2888894843994834,4.6783430274341434e-05
Zfp131,6,1.3911130029213255e-05,0.3124444895290909,0.0005291795072874621
Sema4a,6,0.00013350681855374674,0.3188910745950281,0.00011247559790442186
Dtx4,6,3.469638817461963e-05,0.3321004816482064,0.0005294208532871949
Rcn1,6,4.1606284545168136e-05,0.3045102599350947,0.00012417180250398767
Srgap1,6,3.930982039379486e-05,0.31682106078658756,8.720536985256534e-05
Armc6,6,0.0007085606836835848,0.31237432458646136,0.00046133448542976294
Pi4k2b,6,0.0,0.3180162019623943,8.237183272750541e-05
Znrd2,6,0.00032447571603635826,0.30444361290950156,0.00036472818330655666
Arhgap31,6,0.0,0.3156706836227193,9.899627618078684e-05
Kcnh2,6,3.276737448371304e-05,0.321470503208577,0.00014731273560427132
Hivep2,6,3.029783040777235e-05,0.3006273757042387,5.499871083418601e-05
Adra1d,6,5.807350976828265e-05,0.29636792742804147,6.884048849329814e-05
Tox4,6,2.8722061048953616e-05,0.3121990500243547,0.000549626191923961
Gpr151,6,0.0004826357272942791,0.2415564586929778,2.2637978446019245e-06
Nol3,6,1.5228575742070747e-06,0.30581573428240355,0.00018770343780981743
Rtkn2,6,0.0008229870372118357,0.3119190194827924,6.845718693796692e-05
Pea15,6,2.2540512596277156e-05,0.30969673102159917,0.00018796493380465214
Cnnm4,6,0.0019624827063956223,0.2850999933149237,0.00032086509059121615
Vmp1,6,4.273420724738021e-05,0.3206923037195418,8.44160260520338e-05
Chmp4bl1,6,7.814838826919871e-06,0.29009444575255733,2.5287053741418e-05
Lctl,6,4.379300630944767e-05,0.2789817222991401,3.4913488521419656e-05
Ddias,6,5.13041311201378e-06,0.3063545572918209,0.00021126782027756084
Sync,6,2.975907366147154e-06,0.31230419115031716,8.398441830670082e-05
Nabp1,6,4.2601030040081e-05,0.30180144660089225,0.00014191930972566193
Get4,6,6.475914516613526e-05,0.3129013310951552,0.000788100589361863
Tigd3,6,0.00021319734618666032,0.30578212077017203,0.00029807446957701796
Cep170b,6,6.10959410873938e-05,0.27476599849550865,1.5435990360975774e-05
Acer3,6,0.0004024789201792342,0.27476599849550865,1.7722428904387027e-05
Acat2,6,9.06312485180702e-06,0.29684226790087764,6.539720554186201e-05
Samd9,6,7.213247713399975e-06,0.3023262046041105,0.00036650634519960876
Elf4,6,0.0008241030585305923,0.3316254302976547,0.00014795218765354453
Otud6b,6,2.4034435223433536e-05,0.31139531394302944,0.00039065311175269426
Tbc1d10c,6,4.6664940968699795e-05,0.29060960354821114,0.00030969639613161816
Rdh10,6,6.926419113178583e-05,0.290822259540772,0.0001323297829272907
Slc35f6,6,0.00025326817340841004,0.3104224207506165,9.416786914788349e-05
Ncdn,6,4.372918413098142e-05,0.2805855506572895,1.652038072550626e-05
Cyp2s1,6,0.0007327513537031855,0.29489142831959136,5.024354647643908e-05
Chchd4,6,6.612679033508641e-05,0.30043258474805884,0.00012129244950395342
Spats2l,6,0.00011402160423968968,0.2875160949531857,8.42949613633566e-05
Tomm6,6,2.0651080792037393e-05,0.29536105051141576,0.00017701769266987961
Septin6,6,3.781990131682634e-05,0.28763500152678095,2.2805354599819657e-05
Ebpl,6,8.19477435149356e-05,0.2919208535957004,0.0004301710803594122
Stk35,6,0.00024875687025291974,0.2999143741663459,0.0004834192601102267
Wdr26,6,0.0007587802888962354,0.31132561937858383,0.0007019253705780974
Zfand2a,6,0.0006251847134877459,0.3175805633295691,0.0006684999022247742
Gja4,6,1.7593233346716033e-05,0.2944232971496481,4.4735299409352615e-05
Ammecr1,6,2.9297781584071945e-05,0.30924919239295523,0.0009367776221006568
Trim47,6,0.0003777552612149822,0.28524615346734594,3.7875105837183756e-05
Amigo2,6,0.00015222744397865387,0.30176870970463443,3.709074821112379e-05
Maz,6,9.32936796716354e-06,0.3080165782514421,7.238267284768512e-05
Nrm,6,1.6799303892510687e-05,0.31035316095125226,0.0004697041518815459
Fzd8,5,3.98059970511027e-06,0.27811713833520196,1.4254743758723119e-05
Myo1b,5,3.485457965016374e-06,0.2984984693956036,4.036992535852557e-05
Scgb3a1,5,5.450399165052504e-05,0.283994052140366,0.000333030174138763
Cthrc1,5,6.302517206298749e-05,0.28864969233938836,2.5487810642480082e-05
Cdr2l,5,5.484932377905218e-05,0.3109081062546966,0.0005710605242721901
Tpd52l2,5,0.00039959206740735985,0.2868934448558343,0.0006641175612475233
Tspyl2,5,0.00010231296259046793,0.2963995029583449,6.532992555592908e-05
Pxdc1,5,1.1536293320231564e-05,0.2892198497522637,0.0005338602498224107
Esm1,5,5.212626563787604e-07,0.29015495773540106,4.1997699459764974e-05
Hsd17b6,5,2.0860602411781154e-05,0.2753915793671575,1.070635881921289e-05
Zfp281,5,4.679146828777536e-06,0.30514486506164584,6.289120971076289e-05
Dop1b,5,0.0001019674523108826,0.2688187974458426,2.3115759383807435e-05
Gse1,5,8.747445650889237e-05,0.28405204561640035,0.00011624300434224785
S100a7a,5,0.0006962818877850522,0.2789537485979169,1.5804367435901573e-05
Adamts3,5,4.5252846843842806e-07,0.28656836987711426,4.402157697719726e-05
Atp1a3,5,1.9113758070392397e-05,0.2747117344491977,1.4737984563019266e-05
Btg3,5,1.927090618301466e-05,0.2836176709926624,1.8929978869380068e-05
Tmem68,5,4.6929441780060875e-05,0.2982744435260025,0.0008274303971423743
Ehd4,5,6.313614701114668e-06,0.29674727837514936,4.1756961653869306e-05
Cxadr,5,0.0001624748855565808,0.2964942699314745,3.148221761977947e-05
Vgf,5,0.0007355727182217454,0.3162448260505883,6.406141781914885e-05
Crlf1,5,5.1405226112312706e-08,0.29687394459150834,5.685171334680243e-05
Hectd2,5,0.00018230567611490038,0.30665848046373734,0.00047687451419259986
Tram1,5,0.0007277622248464513,0.2815795278104276,8.25637207606213e-05
Cdc42se1,5,2.4127769924550805e-05,0.3066922869327555,3.5712870341777435e-05
Pcyox1l,5,0.00012016815934260478,0.2903366452480719,0.00019670645257357394
Plekha3,5,5.713622985869063e-05,0.29792308147001767,0.00031115663384673447
Mmd,5,0.0007422795677340985,0.24399278501727986,3.889186714937113e-05
Fscn3,5,0.0004644297935602253,0.25946705230059924,1.6861711547415074e-05
Sh3pxd2b,5,5.197107530010493e-06,0.3235642864348715,0.0007425439614705413
Trafd1,5,0.0004342713989550616,0.28050067904487047,0.00018401782446176456
Fxyd5,5,1.7473348542720683e-05,0.2762392746268518,1.37331141719141e-05
Bach1,5,1.0372359396405226e-05,0.3110123795155981,0.00010845949541357174
Prr13,5,0.0,0.28437143358550804,3.2708569351544066e-05
Mpzl3,5,2.9278809846723455e-05,0.2897017322469046,0.00019184281832449948
Selenoh,5,1.615390717207168e-05,0.2985945835319336,0.00012195028061121285
Angel1,5,9.162722940256399e-07,0.30818718674720563,0.0009459646821317714
Serpinb1a,5,0.0,0.32043374047074696,0.00012190578983906121
Cchcr1,5,5.54991810808455e-05,0.29795498926497005,0.00023704423023709914
Klhl32,5,0.0002195333141582229,0.2599276590457839,5.967374406420748e-06
Ier5,5,0.00020672406512188565,0.2856855344800806,1.7462057075935795e-05
Lrrfip1,5,1.904986232511838e-05,0.31118632379944355,8.120796446004924e-05
Tax1bp3,5,0.0007367258133008773,0.31350075893250223,4.816968441650297e-05
Arhgef39,5,6.859678704221739e-05,0.31129078379400527,5.4285053169189245e-05
Arap2,5,4.355671761644589e-05,0.31534864370517174,7.974180665873564e-05
Rcan1,5,8.78359308020414e-06,0.29885119075808625,4.277433611459063e-05
Abcc3,5,1.2715866522251479e-05,0.31293652809527844,0.00046944195737774226
Galr2,5,7.229860515130601e-05,0.2709657869647439,1.0788625813235501e-05
Itpkc,5,6.718911700737995e-05,0.3145641943427211,5.5165864129635724e-05
Csgalnact2,5,1.735393120555509e-05,0.2385530556308545,1.9678451954754266e-06
Etfbkmt,5,7.78651561685258e-06,0.30863165462247893,0.0011459220347069458
Micall2,5,2.16107078605795e-05,0.28934017002257156,2.2629287930365354e-05
Sh3bp5l,5,4.046812244996977e-05,0.30726813947062354,4.361795233053489e-05
Itpk1,5,0.00020841489655514035,0.27138871668783776,8.033076444890993e-06
Prrg1,5,0.0007480372315902588,0.2562643455017525,4.187231701171015e-06
Hs3st2,5,0.00011132177832419478,0.2817506314327552,1.7850430297327358e-05
Atp8a1,5,0.0014529595291633826,0.3054799313458905,0.0002875428996660036
Tmem154,5,7.960495155225323e-05,0.3063208252331012,6.429621246205368e-05
Klf7,5,0.0007612333199851542,0.26832617040577017,8.42437244346672e-06
Tgm1,5,7.269243975017116e-06,0.26835205312694366,9.299474914857764e-06
Spef1,5,0.00073989164320023,0.2869230337012196,3.333966449229662e-05
Stim2,5,0.00022276502653324892,0.29195148858925646,3.520570419462514e-05
Klf3,5,0.0001953300069713949,0.3063208252331012,0.00021300725693784424
Trappc2l,5,1.377491382676567e-05,0.300043759142259,0.0001285111693836873
Gabra5,5,0.0002958364654608173,0.27067578660897307,8.608426731003418e-06
A3galt2,5,5.44312928660619e-05,0.2638723071959618,1.0676516600908868e-05
Gpr153,5,7.672462154866855e-05,0.30092003621060304,0.0009169890221771152
Rexo2,5,1.901512137318342e-05,0.31710996634754646,0.0005982079331074448
Vsnl1,5,0.00014358719249629625,0.2817220997232431,0.00020483286672719962
B3galnt1,5,0.0006994143019099262,0.28577357316559066,0.0005222319097542799
Myadm,5,1.9902090343696256e-05,0.3005624173257374,0.00010112253077645115
Phox2b,5,0.00039423068493431106,0.2727189231219513,8.352115437001145e-06
Prss16,5,0.00015683590906563472,0.28160803064753775,1.3474654809942168e-05
Elf3,5,1.0175630574259202e-05,0.27750680646055115,1.5190489400671256e-05
Fut9,5,0.0003137524087631026,0.2878433248594956,1.8190187785149684e-05
Pgbd5,5,0.00039079650899998897,0.2913400078298277,0.00010833905073150821
Ccdc116,5,0.00041009322483727954,0.30601757064866625,0.0004613212530229921
Sp140,5,6.05012475529771e-05,0.2933986221015635,7.778469989603574e-05
Mmp19,5,0.0,0.3005624173257374,5.730292937430355e-05
Phf11,5,1.1702333791121163e-05,0.2971910837268481,0.0003449780567814081
Rit1,5,2.72606947687848e-05,0.3141379555969992,0.000248846103353503
Pdp1,5,2.2596139678850837e-05,0.32814410648348963,0.00011576300480592379
Alg9,5,2.9136750738436512e-05,0.2937083757144241,5.051926260625551e-05
Lxn,5,0.0003712092254142741,0.312830960841901,0.0005456223498603621
Gdap1,5,8.844594769018914e-05,0.31642467410907926,0.0006558302582499509
Trim66,5,4.849067916197294e-05,0.30007612283108887,0.0004381318648330816
Nrarp,5,0.0014311214949667853,0.2960525417438571,3.409335989161749e-05
Pde12,5,1.5252410579725716e-05,0.27245183965987907,5.2284568369084385e-05
Gypc,5,8.078604219679212e-05,0.3041440619620668,4.1869840836548664e-05
Rnft2,5,0.00042060207381420384,0.2642984737570801,1.1721917711974193e-05
Samd4a,5,0.0002176166491304129,0.30949001387996716,0.0002494704951492396
Mfsd2b,5,3.448029051557296e-05,0.29346052054504485,4.494688957046407e-05
Prg4,5,8.24119387767134e-07,0.31202397204654836,0.00010202875962478519
Fv1,5,7.610943531540909e-06,0.29060960354821114,5.042770021648602e-05
Ankrd22,5,0.00010034274001533723,0.2544362296293237,6.244566282998505e-06
Agpat4,5,6.0828993426973175e-06,0.26312359167379407,1.3950017418254675e-05
Ooep,5,5.3038499181248674e-05,0.27640394781589916,1.548880747047612e-05
Mex3d,5,8.426989338137986e-06,0.25380948223401384,1.7535323374567264e-05
Dkk4,5,0.00019582774493777385,0.27797819092396336,1.395946274135234e-05
Vsir,5,3.0026048155169837e-05,0.2950165148215297,3.468719641913831e-05
Epb41l2,5,3.6130447235194396e-05,0.2697310194654863,6.418633723964414e-06
Marchf7,5,4.182747285070695e-05,0.290124698588698,5.18618774159933e-05
Il18bp,5,2.309606305442435e-07,0.3178708563490659,0.00010241567608426615
Bex4,4,2.6461595416498217e-05,0.26442407896274356,3.9859589010503714e-05
Pdpn,4,7.72774703922711e-06,0.28283913529554955,1.601991437763184e-05
Slc43a3,4,0.0001594329496519303,0.27948621004289986,1.5627075304300686e-05
Nppc,4,0.00042345724625462885,0.2882608781232023,3.041209205235897e-05
Olr1096,4,9.133126634443034e-05,0.282609278216886,3.6087736689341496e-05
Micall1,4,8.512618084801183e-06,0.25156033409594225,3.97556767302708e-06
Septin14,4,0.0,0.257927474018823,4.5318225277807455e-06
Rcan3,4,3.1467721740957034e-05,0.26359728394608917,7.877110118161884e-06
Sh2d1b,4,0.00010419411825417,0.28958111114468876,4.210346519240686e-05
Lto1,4,0.000722660349246479,0.3104570622438372,0.00046859456972936077
Fbxl2,4,4.1836065193239835e-05,0.2868934448558343,1.7383316209302526e-05
Lsp1,4,2.713980972261229e-05,0.2877242460199633,2.079797376498292e-05
Sh3d19,4,7.41325812084844e-05,0.296937318258835,9.140014666423608e-05
Mast4,4,7.737012773442865e-05,0.2897319032250599,0.0004202297635858435
Dkkl1,4,0.0012995858285863421,0.2544827785187546,4.545816324028749e-06
Tmcc2,4,3.617928702100581e-05,0.27976727018976516,4.174427317269697e-05
Elk4,4,7.94516633627287e-06,0.2945791756424211,2.8572247008492287e-05
Morc1,4,0.0004177304932658889,0.2710449858502557,2.0482918573708174e-05
Tgif1,4,2.5929295425279748e-05,0.29840241711541615,5.265136114483966e-05
Sytl5,4,0.00022228758376806727,0.2832999729905321,1.4236467009701358e-05
Eipr1,4,6.268951087754596e-06,0.28754581237902066,0.0008293023561712343
Cldn17,4,0.0,0.2717333204499927,2.0700068986794316e-05
Tpcn2,4,1.980799479294351e-05,0.2922274931477968,0.0001266136572515749
Tcp11l1,4,5.960539933957961e-05,0.277811637184644,2.7836982935046676e-05
Abhd17b,4,7.500223184939839e-06,0.3020308039047905,7.14985386597289e-05
Tlcd3a,4,1.078109133258957e-05,0.27845117953828696,3.2630198726816433e-05
Suco,4,4.829239129790494e-05,0.3245456993428634,0.00032282554460102747
Rhbdd1,4,5.201794969944163e-05,0.3076078875239966,0.00010749591701390299
Foxj3,4,1.5161490352754995e-06,0.3110123795155981,0.00017373894296566196
Mcu,4,1.4905170962381042e-05,0.28092555132455066,1.6842670385723092e-05
Sacs,4,1.5046359579266497e-05,0.2903669486240502,3.1035500945638944e-05
Xkr8,4,1.3138374841231639e-05,0.2518108014814469,6.631928137587769e-06
Zdhhc13,4,2.9293678889811388e-05,0.2997851007292053,7.407826185378706e-05
Nav3,4,8.733528431181918e-05,0.26926110479742793,9.764448115700607e-06
Tmcc3,4,0.0009351142803365913,0.27648635805675065,0.00014706906008682906
Mapk1ip1l,4,1.1310656206423093e-05,0.29015495773540106,8.064575458628842e-05
Elfn2,4,0.0007320250029811501,0.22279216263049773,1.0864886609870357e-06
Tmem40,4,0.00011223716700856712,0.26926110479742793,1.8290773942239634e-05
Slc35b1,4,0.0008916256848879401,0.3039446886012264,0.0002891089051256976
B3gnt9,4,0.00013849561072876789,0.24318231947264207,1.4181138242025103e-06
Fam111a,4,1.589296934860668e-05,0.3039778993408026,7.516659138592319e-05
Ier5l,4,3.8490181644678966e-05,0.25924943945270945,8.159619930655644e-06
Thumpd3,4,5.410424346874267e-06,0.2775898757500524,0.00021104573404536503
Tbc1d20,4,2.2751007016303482e-05,0.28754581237902066,0.0004227530778066303
Ppm1l,4,9.725157666425618e-05,0.2951103993600324,5.110077569801372e-05
Syce2,4,9.632490696358116e-06,0.27817275620108245,2.894927140954977e-05
Prrc1,4,1.7128306053421233e-05,0.29140104061663613,0.00041323480718137985
Clic4,4,1.8838725749945012e-05,0.28539246355837355,1.8114676208496403e-05
Mical2,4,6.98732025788656e-06,0.2638723071959618,3.635494938769956e-06
Arap1,4,3.7007021697129773e-07,0.31378363802921555,7.960707820633268e-05
Galnt12,4,0.00018881196063879032,0.26114763303924016,4.659498328095283e-05
Snx22,4,0.00014742464791349822,0.2639724579909883,5.3968497277027276e-06
Muc19,4,6.804594610122492e-06,0.3156348689320428,0.0015355877277443862
Krt23,4,0.0,0.2848081219048961,2.61361199285705e-05
Lrfn4,4,3.149882720652749e-05,0.27571910156263874,6.946453006509608e-06
Ttll4,4,0.0004366258880862752,0.28885948860627403,0.000219866632072769
Lratd1,4,7.962234812629097e-05,0.2747388637929118,5.7095050076661427e-05
Kcnk18,4,1.0204646614909848e-05,0.24201876770483036,1.8887980014291195e-06
Etv4,4,4.6009102441353615e-06,0.2985945835319336,4.045975766289547e-05
Hbb-b1,4,6.751227068139314e-06,0.2599276590457839,9.993321081419666e-05
Rgma,4,0.0007227636582699219,0.3184530374046503,0.0004281036374655173
Zfp36l2,4,2.4254631763401703e-06,0.3076078875239966,0.00030380858757444784
Crim1,4,0.00018911531621463123,0.30507793998980426,0.000498733797807495
Draxin,4,3.314032551482138e-05,0.2628252937899882,1.0518662833635055e-05
Zfp575,4,0.0005458663528047041,0.29627324118924653,0.0005358730378917902
Tenm4,4,0.0003625778941188185,0.2874566785252144,1.955431029890347e-05
Ccnl1,4,2.4354998122426606e-05,0.29085266437710666,2.8023436772450167e-05
Mmrn1,4,0.0003946073149911872,0.2982744435260025,6.465580516794314e-05
Rwdd4,4,7.960842858009016e-07,0.2907614689346807,0.000957597274279527
Timd2,4,8.838309763371961e-06,0.26858522251081535,7.732648868341766e-06
Rbm43,4,2.4276724140340217e-05,0.29936573063241423,7.37333443897676e-05
Frmd4a,4,0.00011560719789597865,0.2627756432197058,7.276424723673182e-06
Fstl3,4,0.0007158177736139544,0.2937393870517396,2.682914765078812e-05
Hbq1b,4,9.122695932075373e-05,0.2676292193138072,1.3750739005097692e-05
Tent5b,4,1.5408362370647017e-05,0.28988285242961603,0.00015521149450461558
Stx11,4,1.0968181243958182e-05,0.2951103993600324,3.9495581451786134e-05
Usp31,4,3.2762571420750383e-06,0.3031498021975619,0.0008981092360965574
Cavin3,4,2.6642262594555444e-06,0.3173993992888791,8.11107888706759e-05
Samd3,4,6.639390770842787e-07,0.3175080729019659,0.00012602953807287531
Crlf3,4,4.542742193780612e-05,0.2951417074864232,0.000488887410511377
Gpr4,4,2.4624594598724434e-05,0.22318537783931208,1.2412646453487732e-07
Orai3,4,9.347447757435826e-06,0.25483243883548823,2.253515068637464e-06
Lypd3,4,0.0003030276473322085,0.2721054122424712,1.0407123695140175e-05
Tmem181,4,4.241806772020263e-05,0.2699665924082508,4.182784917737819e-05
Zfp597,4,8.682681938682436e-06,0.29042757435713806,0.00027785945857042993
Nln,4,2.616679749272865e-05,0.305882983481806,5.823616690086121e-05
Oxsr1,4,0.0007158177736139545,0.2804441264886114,0.0006835211595093421
Nipsnap3b,4,0.0,0.3154559173111492,0.0010274228944425945
Sertad2,4,2.004249516911401e-05,0.2947664478456267,4.470065639068835e-05
Gpn2,4,5.23042769200366e-06,0.2820362667038752,8.245338017628823e-05
Medag,4,4.965229051317304e-05,0.2944232971496481,2.3944584252035223e-05
Tma7,4,7.172803258308579e-06,0.27571910156263874,0.00011594172267485542
Ccn4,4,1.498520717633228e-07,0.3260672450500498,0.00010989947570691894
Milr1,4,1.5136627975454772e-05,0.27138871668783776,7.1045127498808735e-06
Plagl1,4,4.854021400506959e-06,0.26545856247776956,4.01006219976618e-06
Mex3c,4,5.102351597820996e-06,0.30615227630318315,0.0001355057062198672
Trpv2,4,0.0003008662083711407,0.2852169094491516,2.150272951337854e-05
Tex30,4,3.899248767565049e-06,0.2852169094491516,0.0007064248187718896
Lrrc8a,4,0.00035682958396340055,0.29262708896255657,2.122521293023697e-05
Hpf1,4,1.6246965196248565e-06,0.3062196736122207,9.784307299214648e-05
Ttyh1,4,0.0008625207191868132,0.27495609159587125,0.00021557304163689943
Purb,4,8.241837864213377e-06,0.26604243423228696,8.247242371504773e-05
Apol9a,4,0.00013669871290440243,0.2835887599150892,0.00022982207824262158
Bean1,4,0.001217322918741243,0.291157062769966,0.000524472124210476
Rdm1,4,1.2184566552723473e-05,0.3391035756663853,0.0003452598429469323
Micu2,4,2.642071847719288e-06,0.26533197279609205,6.294616479397275e-06
Ramp2,4,4.341337257058747e-06,0.2580949749296804,3.485342692697803e-06
Bzw2,4,1.0291937314241251e-05,0.2828103827149563,0.000433336381240781
Ucma,4,3.3311566922846945e-05,0.25874309289127834,5.022398155393618e-06
Cdh24,4,0.0,0.3076419036566433,0.0001461679176690729
Arf2,4,1.3165765736676715e-05,0.30842635640432653,0.0005727690664832157
Tsen15,3,2.772821833274364e-05,0.29216611371214296,0.0005601267652129386
Ppp1r14b,3,6.120748216216432e-05,0.2726387431171134,0.0003003564328649991
Ppp1r3e,3,4.3569875439881005e-06,0.29003395900406853,4.4531737440217904e-05
Dusp11,3,1.0739092858671409e-05,0.2778671329172019,0.00039191975844134777
Arl5b,3,1.3711181951256914e-05,0.3050110442678462,0.0004340652096783533
Adprm,3,8.518570349183892e-07,0.2667822914045862,4.440683936897469e-05
Lypd1,3,2.1493885297590626e-05,0.26902676092902283,6.788017189130589e-06
Slfn14,3,2.252348261224761e-06,0.2824658071648924,0.0003576540028164053
Nek6,3,6.5497015222165045e-06,0.2785069311009135,1.61933840907986e-05
Jade3,3,2.5701268288408607e-06,0.2598062882673725,5.6855788600065105e-06
Adamts8,3,1.4466018993916937e-05,0.2535781364294071,4.9631470625274235e-06
Tmem198,3,0.000716723122423027,0.2892198497522637,2.6052698996230035e-05
Dram1,3,0.00048401158561039276,0.3302475943455633,0.00015842952084391547
Osbpl10,3,5.927446439062729e-05,0.29091349312632286,2.383998385073941e-05
Snx10,3,1.0654752065843107e-05,0.23335059006601452,1.3849278398719359e-06
Acot7,3,6.49017672193576e-05,0.2892499204374116,0.00044735008384568994
Acot9,3,7.503496181053284e-06,0.2584786523057721,1.335224893450727e-05
Mdfic,3,3.0571619605447436e-06,0.27544611235317085,2.291894404291386e-05
Clec4a2,3,3.4537288129458265e-07,0.2786743198203972,1.7282588148877513e-05
Vkorc1l1,3,1.6146400094961713e-05,0.2787022375042101,3.703665992069731e-05
Tmem107,3,0.00024318039134270665,0.27115065641004144,8.360513553106388e-06
Sema3c,3,7.631021040702731e-07,0.2627756432197058,5.229832696813607e-06
Dhrs9,3,0.0,0.2498657925962839,6.111331334049255e-06
Tmbim1,3,1.2596894198700944e-05,0.2565715885610094,1.5406718079831313e-06
Klf16,3,8.801963520750159e-05,0.26939147233146366,0.00010851678764999212
Nab2,3,1.2066906818358347e-06,0.2832999729905321,2.5552071719900874e-05
Dnaaf5,3,0.00023254426638483238,0.2932439901725546,0.00010821914654718595
Pcdh18,3,0.0005487682931332592,0.27814494448780497,1.217763818735879e-05
Poglut3,3,6.960981147356558e-06,0.24467948414837512,4.013857899692218e-06
Exo5,3,1.0970770559410828e-05,0.2727189231219513,2.1155687645515565e-05
Wwc3,3,7.771759149139089e-06,0.26117214933975075,1.7265373305566812e-05
Cox7a2l,3,1.8763875913286064e-06,0.2722385492481676,0.0001028360999681082
Hemgn,3,1.4719346545481018e-05,0.2531167077396984,4.025826385270702e-06
Phldb1,3,8.863902584396505e-05,0.24409982756576512,1.731180594079863e-05
Stard3nl,3,8.238583736963861e-06,0.2550426966233063,3.160533133123838e-06
Prss36,3,9.82416266996476e-06,0.2749017524473345,1.0951018816314203e-05
Bend4,3,9.335354643475407e-06,0.27067578660897307,1.1059665858317977e-05
Ift43,3,2.2841917870611426e-05,0.2828103827149563,0.0003466973396523397
Ccdc88b,3,8.43355291852447e-07,0.26134389241587835,5.777174977874539e-06
Ubald1,3,8.280816011409894e-06,0.3148846332503707,9.504661943902873e-05
Akip1,3,4.195775528965735e-05,0.30487734079638634,5.7696919949944535e-05
Ankrd50,3,0.0007234163529474159,0.2402630395342452,2.972004119398274e-06
Cmas,3,2.0908299980812706e-05,0.24700397183406064,3.319989085611664e-06
Nnat,3,3.58295210882558e-05,0.2877242460199633,5.815943571061671e-05
Fads3,3,6.0368247651129e-06,0.2558636746773683,7.409785537449471e-06
Rai14,3,4.149986626117772e-05,0.27845117953828696,0.0004968490799699097
Adam8,3,8.141428191413579e-07,0.27522810988989166,1.2566017206534262e-05
Tasor2,3,2.5721151812063616e-06,0.27971101294661427,5.847144008855785e-05
Tgif2,3,0.0,0.2974134845806099,5.247241695915302e-05
B4galnt4,3,8.730582240495114e-07,0.21545893237043257,1.327939486265953e-07
Iqcf1,3,1.5137069875405257e-05,0.2228814080088948,2.6492924364908906e-07
Steap1,3,7.520705728090754e-06,0.26566135740708796,6.906800284467964e-06
Dnph1,3,4.816571859358545e-05,0.251174226685358,1.3105111405321492e-05
Zmym5,3,0.00011162836484827016,0.2922274931477968,0.0004454053498260292
Phldb3,3,5.373222741380276e-06,0.23630389321048376,3.7941041286897075e-06
Tpbg,3,9.202295346489363e-05,0.286538854131942,0.00028375426113864944
Lysmd2,3,3.7932810805746655e-05,0.2458688232228922,7.921698166739906e-07
Arl6ip4,3,4.008217869006593e-05,0.2698356677756571,7.0942207039096465e-06
Gstcd,3,3.3979006340515937e-06,0.2842552094377261,0.00018131767681699366
Rbms1,3,4.742021110439551e-05,0.30952444757087505,5.182048206425528e-05
Syt7,3,3.0788146724223187e-06,0.27720264395845207,1.2250657747612745e-05
Kcmf1,3,0.00031435584748855735,0.25645333100728473,8.599158802464097e-06
Chsy1,3,1.3178697986847173e-06,0.2281454596331823,6.878385974238965e-07
Mob3c,3,6.091780981586937e-06,0.2672179170845284,4.668120701865619e-05
Npm3,3,8.713891401809682e-05,0.2944856287463772,0.00016563086732654972
Rtn4rl2,3,0.0,0.3036129798938148,4.3410511984619826e-05
Sash1,3,1.1568134336043288e-05,0.25249643626493234,2.6011576404208244e-06
St6galnac2,3,2.2267115818276057e-05,0.25555812371550846,1.3660723716348277e-05
Sema4b,3,3.249917229155247e-05,0.29687394459150834,2.764357289300122e-05
Phlda1,3,6.82997860343593e-06,0.2759378828374356,1.9357160810954692e-05
Elmod1,3,1.4982214463213613e-05,0.26796433584733437,4.563868322725028e-06
Tnfrsf26,3,1.5211042552675034e-05,0.2574739226994007,3.428203956687222e-06
Orai1,3,0.0,0.2446149419473336,8.111712026135947e-07
Rundc3a,3,4.012417816978721e-06,0.27427839246446073,3.095723513940739e-05
Pphln1,3,7.0883913321066856e-06,0.2712035225937829,2.785066826935259e-05
Adora2b,3,0.0,0.3336938628723792,0.0001816310695472264
Lyl1,3,6.562426494035351e-06,0.28624403074051086,1.8971077244227015e-05
Hpse,3,8.793902741960669e-07,0.28748638366921825,2.1243100254347975e-05
Shroom3,3,9.915550359419107e-06,0.290822259540772,2.307482651723875e-05
Camkk2,3,2.4416621465362476e-05,0.27162719534925067,7.6195609719057855e-06
Ccdc25,3,0.0007345485273549501,0.2696264522937609,7.903578659612128e-05
Sipa1l2,3,3.4135294915064837e-06,0.29652587239043116,0.0003048970509582738
Arhgap23,3,6.155872217931848e-07,0.30818718674720563,5.695123125201046e-05
Adam19,3,9.73196274629074e-05,0.2787580896560145,2.232685586995064e-05
Rbm18,3,0.0,0.2811242658414536,6.979439125736711e-05
Kcnmb1,3,0.0007187425722645432,0.22887747715072193,3.6397178323446212e-06
Atp10a,3,1.0425009386447451e-05,0.23798167106646922,2.0359811341353584e-06
Gpr3,3,2.2569088299549086e-05,0.22846396770690852,3.5605504040369895e-07
Sesn3,3,5.398130317934403e-07,0.33009085604734517,0.00015930481070863497
Camta1,3,8.38534541268103e-06,0.2782283963163341,0.00014769078657380378
Slc39a14,3,0.0006313893338120894,0.25661892212591325,2.9796762943053734e-06
Stk17b,3,6.568566221866875e-06,0.28454594811977346,0.00012376777029158293
Lrrc8c,3,6.668831255052089e-06,0.2453484200341322,1.9342503210431584e-06
Tspan31,3,7.699671134177028e-05,0.2598062882673725,7.95881186247183e-06
Sipa1l3,3,9.782520826447461e-06,0.20593720740003146,4.5524705231756083e-08
Emc6,3,7.87428145352868e-05,0.2557460686492945,9.411011658746305e-06
Kcnk13,3,0.0,0.23995219378704719,1.7531193583880782e-06
Rab32,3,3.2099330378734494e-05,0.2579513894081618,6.150204015179499e-06
Hunk,3,9.146136919048724e-06,0.28004889619156687,0.00020240608209882408
Pik3ap1,3,2.9422712733603003e-06,0.28609684643840244,1.5912503273118796e-05
Selenow,3,0.0,0.2716537188523606,1.3255791451792107e-05
Pbdc1,3,0.00029099590102265113,0.2783397433483767,0.0006671112765581589
Rhbdf1,3,0.0,0.2871006950223968,4.282871260582587e-05
Pkia,3,7.157999542501243e-06,0.29268866225849816,8.696160285414557e-05
Mmp17,3,5.845149269917537e-07,0.2921968002065986,2.9897831646841784e-05
Trpv3,3,4.713071431813274e-07,0.2848956205598592,2.1500290210000275e-05
Golga3,3,3.6733130067203084e-05,0.2519476303900584,1.7609112166264416e-06
Scel,3,6.9468273829348895e-06,0.2768164910215945,0.0003440499586475475
Gpr132,3,0.0004336437309858736,0.2694697534644542,7.170626543450203e-06
Zbtb42,3,1.199347296118968e-05,0.282179301629681,0.0003318912289856656
Rab31,3,7.877540664720344e-06,0.279317844856127,1.1440794262170947e-05
Lsamp,3,0.0001149519584001364,0.2975089011621244,4.0969539496527984e-05
Adam3a,3,0.0004963571456844524,0.2756371480002997,3.413704476688714e-05
Pgs1,3,7.090316172080974e-06,0.26230489673458657,1.0848461721494915e-05
B3gnt6,3,1.5125820601445928e-06,0.2310252229502595,4.96590048265464e-07
Sh3bgrl3,3,1.0257625751326337e-05,0.27046526684493727,5.091748703291216e-05
Tes,3,1.5860734925818908e-06,0.27909367323104184,1.2479949965903198e-05
Lrrc2,3,2.8402631231273306e-05,0.26840383355205255,6.879973470868291e-06
Zmym1,3,1.652048627508914e-05,0.2628004661597416,9.423010832815066e-06
Bloc1s4,3,0.0,0.27030759179625197,1.3288182330040696e-05
Tcp11,3,4.403219911879383e-06,0.29271945862447657,4.864818281141158e-05
Styx,3,7.605964690172279e-06,0.2902457730586359,0.0004732832113599113
Phf13,3,2.5603248699407827e-06,0.28606742773953986,0.0004772295517976713
Pim1,3,4.229068915941252e-06,0.32698703981746885,0.00028700687895785786
Npffr1,3,6.613620576509543e-07,0.26822268942990984,1.0248087748498776e-05
Atp13a1,3,5.331696907335877e-06,0.2670383696263222,9.60429011245506e-06
Galr3,3,0.0,0.265509232178567,6.9754259774555104e-06
Abhd15,2,0.0007158177736139542,0.22840769579368023,2.3341169566604763e-07
Adnp2,2,0.0007158177736139545,0.26558527300878526,1.5278800023513066e-05
Gimap9,2,1.1211192216255867e-05,0.2709393976204738,0.0003263694329289871
Aig1,2,3.6577001573360343e-06,0.2545992252921227,7.3617172247416e-05
Ptp4a2,2,1.734986803042284e-05,0.2407829093618682,3.10126491555328e-06
P2ry10,2,8.559372737515754e-06,0.2025486519670204,3.8018571336395836e-08
Pla2g15,2,2.8820108937004344e-05,0.24476559341606766,1.2008790837234962e-06
Sbno2,2,1.3416910679376906e-06,0.24700397183406064,1.2889856478303214e-06
Cd300c2,2,0.0,0.24977605806850647,2.205460895265389e-06
Leng9,2,2.7264813163910684e-06,0.2174291312830813,1.5900805955571165e-06
Ecscr,2,1.266168176114508e-06,0.24088715341302494,6.959942221236114e-07
Pla1a,2,0.00032870302718228075,0.2388192750250687,3.303215055225316e-06
Hilpda,2,5.158325672091623e-05,0.24806114442862462,1.537047062646365e-05
Zcchc13,2,0.0,0.3081530499298876,0.0007327635343656855
Nectin2,2,4.7515301543587955e-07,0.26750055141990625,1.7435672142716293e-05
Pask,2,7.59543763255768e-07,0.26510441535801654,3.084784539063752e-05
Vash1,2,0.0,0.2873379193107855,3.8563251911494706e-05
Ccdc120,2,0.0,0.2571882901698276,4.869998380189163e-06
Abracl,2,0.0,0.2461080798626172,8.697129020295276e-06
Slc39a6,2,0.00029691710112875907,0.2527258116612487,2.266616301890601e-06
Slc30a7,2,3.3742745825694805e-06,0.20961465753217487,3.5927039081166857e-08
Cdv3,2,0.0,0.27287942469514714,3.401978154509764e-05
Tor4a,2,2.4759907648577518e-06,0.2672692607135196,4.830652604375215e-06
Rap2b,2,2.084961439981599e-06,0.27101858107813204,7.723770696506316e-06
Pitpnb,2,0.0,0.24872648500375727,4.69617715805669e-06
Ttc9,2,2.811586152655826e-06,0.27725789662816674,0.0005073069676689984
Gpr75,2,6.230334762850376e-05,0.24556498673907892,5.647955074437192e-06
Ddit4l,2,6.8816685226268675e-06,0.27067578660897307,4.9404915089583986e-05
Frk,2,1.8643555911763813e-06,0.31035316095125226,6.372761868877539e-05
Clec1a,2,0.0,0.2522446037507503,2.1086524111546857e-06
Nsmf,2,0.0007158177736139545,0.2387782795268239,4.867203287810859e-06
Mllt11,2,2.6541210006782143e-06,0.26342256744314224,5.319986033439032e-06
Chrnb1,2,6.992793502544559e-06,0.24861534716416667,4.554804362381188e-06
Lrrc10b,2,0.00014205009740906878,0.23364455654379987,3.2449752966918177e-07
Pigm,2,0.0,0.24301238074484846,6.1037851408516965e-06
Zmynd19,2,0.0,0.23498654740831362,4.793075272600602e-06
Tmed1,2,0.0,0.257927474018823,9.984267155709326e-06
Zswim4,2,1.5322479784572295e-06,0.2550660800189809,3.7991619944132847e-06
Cmtm7,2,5.956280391457511e-06,0.2656106296321391,9.263127565121693e-06
Calcb,2,0.0,0.25420374038441385,2.491715234590123e-06
Gabrp,2,8.220678326617518e-06,0.2417453714604645,3.183548486151664e-06
Ippk,2,0.0,0.23200781709340546,5.805571056065833e-07
Slc41a2,2,1.535918866490648e-05,0.22931138598475315,2.211159062136924e-06
Cbarp,2,1.587246941933897e-06,0.26465046944130755,5.070309764154119e-06
Figla,2,2.264177351026607e-05,0.2788978180217569,1.1542667624883551e-05
Aven,2,0.0,0.297318129183181,4.6535798309274515e-05
Tmem39a,2,1.6136829067898599e-06,0.2560285049481893,1.8011305135815305e-06
Mid1ip1,2,1.4865685424613222e-05,0.2746032706314308,1.290419384072731e-05
Fli1,2,0.0,0.28419713298263616,1.7786226440488145e-05
Ostf1,2,7.983601295804898e-06,0.257307226671016,1.0584546251524407e-05
Tmsb10,2,7.40835164903564e-07,0.27962666949110715,0.00010304539822518441
Rap2a,2,3.172918872926812e-07,0.27213202922498536,1.3257266842585485e-05
Ankrd65,2,4.802661810471274e-06,0.28645034336563274,1.740934162629297e-05
Smap2,2,4.898910840021585e-06,0.2770922046580703,3.490760372647747e-05
Syt12,2,0.0,0.27038640633365973,8.565992302329366e-06
Aloxe3,2,8.038145278393919e-06,0.2810106802794975,1.588563566204071e-05
Tedc2,2,0.0007158177736139545,0.24914971652937715,3.0926574299477105e-06
Vat1,2,1.166469217216306e-06,0.30311677214720256,0.0001107230280223378
Cldnd1,2,7.104934116628976e-06,0.2699665924082508,0.00013346086850696395
Zfand5,2,3.17747367105322e-06,0.24416409818913684,4.6976610343853465e-06
Scara3,2,0.0,0.29225819253776925,0.0005827525831492105
Ankrd39,2,3.1528278090708725e-05,0.2595638864309596,1.7560562711162976e-05
Adgre4,2,7.37140661900249e-06,0.26604243423228696,7.195181264708887e-06
Paqr4,2,7.143929205471206e-05,0.26467564787051895,0.0002534053401531554
Cemip2,2,6.644020761721948e-07,0.2889795091686948,0.0002948914720387653
Gabpa,2,4.921291687801654e-07,0.29140104061663613,2.5046778257183037e-05
Disp1,2,0.0,0.29091349312632286,0.00019847861114643758
Cnih4,2,0.0,0.25778407475602527,1.0841543142406544e-05
Tm7sf3,2,2.771539147679731e-06,0.2497087994584889,4.375267084564171e-06
Gsg1,2,7.043831570673553e-06,0.2473773550388605,3.354912558126793e-06
Slc20a1,2,2.1174351844251936e-06,0.25078930269242095,1.7220570008982482e-06
Tmem120a,2,0.0,0.25819078744937585,7.151257870274477e-06
Slc2a6,2,0.0,0.2756371480002997,0.0003705587915555717
Ppdpf,2,4.3583314193868606e-07,0.29327490351750213,0.0004886008397928186
Cln8,2,1.546402706546532e-05,0.27558253935285043,9.311866624788073e-06
Chid1,2,4.114324633629072e-06,0.25814287229906513,7.3256216744031515e-06
Hyal3,2,0.0,0.3018669417064914,3.491341886725766e-05
Prag1,2,2.6295110712951625e-05,0.3006273757042387,2.828734076628979e-05
Bex1,2,7.00560631750074e-05,0.2809822982291713,1.4056997383925753e-05
Lrrfip2,2,0.0,0.29423646057821523,2.8312777370416027e-05
Nxph3,2,4.799590027452672e-06,0.23945651013660055,5.684175261172127e-07
Plekho1,2,3.930084080090707e-06,0.27667883985748637,5.0708637747285086e-05
Thap12,2,3.697598263791988e-06,0.2432248412980438,1.1207717074551389e-06
Arrdc4,2,3.488046623258209e-06,0.25807103290974254,8.287040797238418e-06
Acp4,2,0.0,0.2418294275701517,1.6368015266305614e-06
Zfp511,2,7.444688935384131e-06,0.2511062130848475,3.2451273179828966e-06
Ppm1n,2,3.930182903398211e-06,0.2415564586929778,8.494090410739607e-07
Rem2,2,8.041458232171526e-07,0.2931512892272945,2.261765717491732e-05
Mei1,2,0.0,0.26606787822944006,1.3254949786744625e-05
Lypd8,2,5.306152981884725e-07,0.269208993106931,7.310240914386131e-06
Zdhhc18,2,4.147522848143077e-06,0.22848273117337592,8.868378850308999e-07
Lhx6,2,0.0,0.2644492143314663,5.665418284096269e-06
Alkbh6,2,1.9041472362521201e-06,0.25859878553327986,2.205006208357034e-05
Gpr19,2,0.0,0.22156783488109472,1.2419584196537776e-07
Jpt2,2,4.841590459920584e-07,0.2898224538771773,0.0002834674274040324
Kbtbd2,2,0.00014542473148807121,0.23227901267153922,2.080568326934418e-06
Ebf2,2,1.9804103054268072e-07,0.2721586514152832,2.8939348653628163e-05
Kctd11,2,0.0,0.2369479375493591,3.1083105115446795e-06
Atp6ap1l,2,4.729790862627426e-06,0.25518306134351726,8.753596574331543e-06
Tmem167a,2,4.7287266164486404e-06,0.25968503078194954,3.364775278771738e-05
Chrnb2,2,0.0002729114399108114,0.29567496383962427,2.987196943750853e-05
Wfdc2,2,2.616266454022188e-05,0.23393926461209427,5.818993372269457e-07
Adgrl4,2,6.653263297887058e-07,0.2776175765659141,1.4138324441375484e-05
Ptgir,2,5.399374064876845e-07,0.27825622472164685,1.4298302129250865e-05
Ttll12,2,1.5692239165289677e-06,0.23031755400008488,6.05583091790889e-06
Fez2,2,1.993060607123704e-06,0.26004914327603523,5.3615187203402756e-06
Slc41a3,2,6.495385094998163e-06,0.22835145159378026,2.4103811402729873e-06
Wfdc12,2,2.721186629767456e-06,0.21845353237275422,1.1215371875887345e-07
Spaca4,2,4.182185461786481e-06,0.22193902949876548,3.484309801168505e-07
Arl4a,2,3.450905927014613e-06,0.234946857086988,6.89063602799365e-07
Fam3c,2,7.901377883660851e-07,0.24968638797047432,3.4177027199015117e-06
C7,2,0.0,0.2723984857306399,8.239925271056327e-06
Ildr2,2,1.0170377246393857e-05,0.2680934503967452,3.3053352406003484e-05
M6pr,2,6.816320308137521e-07,0.27990801235205004,1.2788366782140664e-05
Dagla,2,0.0,0.20297721689530315,3.141284740794121e-08
Atp8b2,2,0.0,0.23421499703376203,1.9775137227205588e-06
Psapl1,2,3.2627149504291407e-06,0.2403668338316075,2.3045665142986573e-06
Slc35g1,2,0.0,0.2778671329172019,0.0004205348274460514
Plcxd2,2,7.046437966637788e-06,0.2386758523307331,3.158192875332762e-06
Arfrp1,2,2.3802766095168003e-06,0.25673733248126845,0.00010225922486742332
Vtcn1,2,1.1537817964841474e-05,0.2856855344800806,1.7063126818627196e-05
Psd3,2,1.1507510547341605e-06,0.29914040158785216,0.0003149565913930567
Ccnyl1,2,8.429233778239702e-08,0.2569270165096994,1.1757728052882245e-05
Mgat2,2,0.0,0.2425674195454726,5.662909795929604e-06
Map9,2,0.0007158177736139545,0.23896287019129234,6.421297618315026e-07
Sema4c,2,1.0881781788498375e-06,0.2556285706851994,2.064243792615103e-06
Dse,2,5.143348258860966e-06,0.2653825941779095,0.00019990911941173456
Npdc1,2,4.238742780969965e-06,0.2529556041795804,4.410756320641311e-06
Ppp1r18,2,6.079483006753098e-05,0.28559755002227954,3.675385092424513e-05
Plekho2,1,0.0,0.2623543695555474,4.49753633332292e-06
Tor1aip2,1,0.0,0.23331145041655696,1.360095031555615e-06
Entr1,1,0.0,0.19367904029288674,2.029867868624555e-08
Pramef25,1,0.0,0.22970900295326768,7.902614713475607e-07
Abhd2,1,0.0,0.2245182579910439,2.3822680616814432e-07
Gpr39,1,0.0,0.18590081755877214,1.6005219121006982e-09
Armcx4,1,0.0,0.2582147516954729,7.249036873667515e-06
Prss32,1,0.0,0.32195414127612837,7.50295404044911e-05
Ccdc102a,1,0.0,0.23686724008233503,5.059987914884431e-07
Gprc5a,1,0.0,0.23769700399581553,4.683805809274464e-07
Hoxc8,1,0.0,0.2619837776407407,9.289763327341746e-06
Tmem202,1,0.0,0.24356555198450577,8.539203379631943e-06
Marchf3,1,0.0,0.2322596205348994,4.459503565806894e-07
Uhmk1,1,0.0,0.2277905293348911,4.877959778842717e-07
Plac8,1,0.0,0.22289926566517307,2.2776252046860505e-07
Ppm1j,1,0.0,0.23773762901786233,3.1413039411826916e-06
Fsd1,1,0.0,0.22699132953386303,1.83627610074008e-07
Tram1l1,1,0.0,0.219660934446666,5.637796946049455e-07
Ccdc9b,1,0.0,0.26662888008117935,7.506869206945393e-06
Wfdc17,1,0.0,0.19271306004204938,3.323293354974448e-08
Adamts15,1,0.0,0.2305274887940856,2.0413694060901843e-06
Rap2c,1,0.0,0.2997851007292053,2.7981748247140156e-05
Tmem88,1,0.0,0.23861443818226477,3.2953481712718434e-07
Vwa1,1,0.0,0.2332918855150545,4.2859715213661864e-07
Map6,1,0.0,0.20980435405482845,1.0453018058480854e-07
Tbrg1,1,0.0,0.27676141412326155,2.4714307918646582e-05
Mob3a,1,0.0,0.24897133835394888,1.0114203721212839e-06
Pprc1,1,0.0,0.24973121497010997,5.972103954688331e-06
Slc44a1,1,0.0,0.2039444127825691,2.8604163963714255e-08
Tpgs2,1,0.0,0.25323190740642865,8.752572166755798e-06
Tbcc,1,0.0,0.22970900295326768,7.902614713475607e-07
Klf11,1,0.0,0.21151111797818178,5.7638722564910084e-08
Tsc22d1,1,0.0,0.2553001500199161,6.881268111920661e-06
Clec2d,1,0.0,0.2584786523057721,0.00016579212460628634
Hmgb3,1,0.0,0.19609542079136005,2.655188640526673e-07
Klhl33,1,0.0,0.2659915608344034,7.71205477398209e-06
Tmem222,1,0.0,0.2579992334941134,4.182910084159662e-05
Syt13,1,0.0,0.24910509802713332,3.0925130404807254e-06
Slc35a4,1,0.0,0.23303784007095202,1.9741283031284904e-06
Rlim,1,0.0,0.31635271034421486,0.0004750395250365623
Cstb,1,0.0,0.2654079121128625,5.85969075936234e-06
Tram2,1,0.0,0.24097061366539846,1.111591728054122e-05
Pom121l2,1,0.0,0.26297435814037484,1.231698219369153e-05
Sapcd2,1,0.0,0.19283328029160776,4.3960834310729845e-09
Kcnmb3,1,0.0,0.18621189657075135,2.484991691084475e-08
Gdf7,1,0.0,0.24147259220267558,2.923304355480547e-06
Nr2c2ap,1,0.0,0.23824661597730798,7.950996705688185e-06
Jpt1,1,0.0,0.2671409386179206,1.5346513288771145e-05
Ptp4a1,1,0.0,0.2217974754657598,2.1907550905264058e-06
Crtc3,1,0.0,0.25274877212383257,1.515795326729952e-06
Cmklr1,1,0.0,0.27881396419793797,1.4030650114942521e-05
Qsox2,1,0.0,0.2493954042821179,6.075663892449101e-06
Drc3,1,0.0,0.18216381186269154,7.418748064329747e-09
Rftn1,1,0.0,0.24405699927774585,1.223514943081086e-06
Zdhhc14,1,0.0,0.22865174116602494,2.172980957872346e-07
Map4k4,1,0.0,0.2924732690041027,9.456536912134663e-05
Csmd1,1,0.0,0.22061901148033505,1.9107814292656598e-07
Cables2,1,0.0,0.2574262732272624,4.97584348110873e-06
Cmtm2a,1,0.0,0.2378595874458811,4.1213249127206747e-07
Dmbt1,1,0.0,0.23243426641883408,7.174909922632579e-07
Sfmbt2,1,0.0,0.26586446242039613,1.2267587448186998e-05
Htr6,1,0.0,0.00035842293906810036,1.611436310354744e-37
Nav1,1,0.0,0.00035842293906810036,1.611436310354744e-37
Btnl5,1,0.0,0.25362437184492886,4.276390429574688e-06
Spryd3,1,0.0,0.23735225106791444,4.792557839459123e-06
Grhl1,1,0.0,0.24053309136840959,5.019148767367102e-07
Dok5,1,0.0,0.28004889619156687,1.7323338888787434e-05
Fndc3b,1,0.0,0.25520647048592104,2.6088378110578036e-05
Rell2,1,0.0,0.2189693612567513,4.666972529688521e-06
Mid1,1,0.0,0.27141519363580735,7.291703557052119e-06
Clca5,1,0.0,0.00035842293906810036,1.611436310354744e-37
Zfp35,1,0.0,0.00035842293906810036,1.611436310354744e-37
Sh2d4a,1,0.0,0.21231822748737122,5.396406436355088e-07
Fcer2,1,0.0,0.26566135740708796,7.881979089319381e-06
Ptprn,1,0.0,0.2402008059719414,4.38168801390096e-07
Vom2r27,1,0.0,0.2531167077396984,5.6221232417413705e-06
Slc25a24,1,0.0,0.28350206203679046,9.718824613570931e-05
Fam43b,1,0.0,0.22428295185158215,1.7823078092088662e-07
Prss22,1,0.0,0.22767867540445413,3.432333088761991e-07
Nfam1,1,0.0,0.23684707430333946,3.199607095251473e-06
Elk3,1,0.0,0.27695427922021154,1.0897788611661197e-05
Meltf,1,0.0,0.2676807211360555,0.000344639938368998
Crybg3,1,0.0,0.2359231457570408,7.270457108546417e-07
Zc3h7a,1,0.0,0.2496415770609319,3.2866890355064867e-06
Fam110d,1,0.0,0.2358231529004853,5.07687072824405e-07
Marchf4,1,0.0,0.2428002910426798,1.149419866102378e-06
Zfp296,1,0.0,0.27845117953828696,1.3809889453513606e-05
Syt5,1,0.0,0.25593429022695724,1.9849634178409913e-06
Tedc1,1,0.0,0.19941263957902838,2.112790108853671e-08
Trim36,1,0.0,0.22222268030729492,2.772104376079739e-07
Glipr2,1,0.0,0.29805075367120476,0.0002621493897303774
Dbndd2,1,0.0,0.23753464265428834,1.6399277670288672e-05
Dcbld2,1,0.0,0.2342544404485538,4.953227568014091e-07
Aida,1,0.0,0.26863709296707466,4.4809054302472116e-05
Zfp185,1,0.0,0.32507662243129526,0.00013603379918674703
Mid2,1,0.0,0.24500270671660282,7.798682552454764e-06
