GeneSymbol_input,STRING_id,GeneSymbol_STRING
Tnfrsf12a,10116.ENSRNOP00000004843,Tnfrsf12a
Nfkbiz,10116.ENSRNOP00000073948,Nfkbiz
Tubb2a,10116.ENSRNOP00000071729,Tubb2a
Pvr,10116.ENSRNOP00000061458,Pvr
Il6st,10116.ENSRNOP00000018877,Il6st
Dmbt1,10116.ENSRNOP00000051793,Dmbt1
Osmr,10116.ENSRNOP00000039644,Osmr
Myc,10116.ENSRNOP00000006188,Myc
Mdn1,10116.ENSRNOP00000075047,Mdn1
Sbno2,10116.ENSRNOP00000071247,Sbno2
Plin2,10116.ENSRNOP00000009749,Plin2
Tars1,10116.ENSRNOP00000075146,Tars1
Socs3,10116.ENSRNOP00000003940,Socs3
Ptpn23,10116.ENSRNOP00000052992,Ptpn23
Rai14,10116.ENSRNOP00000048063,Rai14
Tnfrsf1a,10116.ENSRNOP00000042371,Tnfrsf1a
Midn,10116.ENSRNOP00000057429,Midn
Slfn2,10116.ENSRNOP00000052810,Slfn2
Slc7a11,10116.ENSRNOP00000014317,Slc7a11
Mcam,10116.ENSRNOP00000010464,Mcam
Relb,10116.ENSRNOP00000054614,Relb
Map3k6,10116.ENSRNOP00000012463,Map3k6
Eif1a,10116.ENSRNOP00000046345,Eif1a
Taf1d,10116.ENSRNOP00000068730,Taf1d
Stat3,10116.ENSRNOP00000026760,Stat3
Tes,10116.ENSRNOP00000070338,Tes
Fosl1,10116.ENSRNOP00000027891,Fosl1
Il1r1,10116.ENSRNOP00000019673,Il1r1
Ddx3x,10116.ENSRNOP00000074025,Ddx3x
Srxn1,10116.ENSRNOP00000041813,Srxn1
Txnrd1,10116.ENSRNOP00000013612,Txnrd1
Ptpn12,10116.ENSRNOP00000017907,Ptpn12
Il13ra1,10116.ENSRNOP00000017746,Il13ra1
Pdgfra,10116.ENSRNOP00000003077,Pdgfra
Nfkb2,10116.ENSRNOP00000026235,Nfkb2
Adamts1,10116.ENSRNOP00000002187,Adamts1
Dll1,10116.ENSRNOP00000073159,Dll1
Ptpn1,10116.ENSRNOP00000014309,Ptpn1
B3galnt1,10116.ENSRNOP00000016012,B3galnt1
Sh3pxd2b,10116.ENSRNOP00000005478,Sh3pxd2b
Ier5,10116.ENSRNOP00000076350,Ier5
Vmp1,10116.ENSRNOP00000005658,Vmp1
Wee1,10116.ENSRNOP00000013362,Wee1
Ldlr,10116.ENSRNOP00000013496,Ldlr
Tspan4,10116.ENSRNOP00000043060,Tspan4
Stk40,10116.ENSRNOP00000032827,Stk40
Brd2,10116.ENSRNOP00000000535,Brd2
Cyp1b1,10116.ENSRNOP00000071724,Cyp1b1
Col5a2,10116.ENSRNOP00000005073,Col5a2
Nabp1,10116.ENSRNOP00000021403,Nabp1
Gnl3,10116.ENSRNOP00000035860,Gnl3
Ugcg,10116.ENSRNOP00000021110,Ugcg
Lmna,10116.ENSRNOP00000026705,Lmna
Nfkb1,10116.ENSRNOP00000028944,Nfkb1
Yars1,10116.ENSRNOP00000010674,Yars1
Tgfb2,10116.ENSRNOP00000003313,Tgfb2
Ptp4a1,10116.ENSRNOP00000016237,Ptp4a1
Slc1a5,10116.ENSRNOP00000060053,Slc1a5
Zkscan5,10116.ENSRNOP00000073992,Zkscan5
Hsp90ab1,10116.ENSRNOP00000026920,Hsp90ab1
Ccl4,10116.ENSRNOP00000015199,Ccl4
Mthfd2,10116.ENSRNOP00000014603,Mthfd2
Rpf2,10116.ENSRNOP00000000717,Rpf2
Lif,10116.ENSRNOP00000009313,Lif
RT1-M6-2,10116.ENSRNOP00000048119,RT1-M6-2
Ywhag,10116.ENSRNOP00000069671,Ywhag
Rpp38,10116.ENSRNOP00000054664,Rpp38
Medag,10116.ENSRNOP00000001205,Medag
Smap2,10116.ENSRNOP00000015250,Smap2
Ppp1r13l,10116.ENSRNOP00000050977,Ppp1r13l
Upp1,10116.ENSRNOP00000006765,Upp1
Irf6,10116.ENSRNOP00000007333,Irf6
Eif1,10116.ENSRNOP00000041459,Eif1
Itgb6,10116.ENSRNOP00000074271,Itgb6
Birc3,10116.ENSRNOP00000007702,Birc3
Ppp1r12a,10116.ENSRNOP00000069900,Ppp1r12a
Mical2,10116.ENSRNOP00000074877,Mical2
Sertad2,10116.ENSRNOP00000007162,Sertad2
Lrrc32,10116.ENSRNOP00000020520,Lrrc32
B4galt5,10116.ENSRNOP00000072676,B4galt5
Baz1a,10116.ENSRNOP00000009080,Baz1a
Pgs1,10116.ENSRNOP00000004007,Pgs1
Spred3,10116.ENSRNOP00000072614,Spred3
Angptl4,10116.ENSRNOP00000010031,Angptl4
Eif2s2,10116.ENSRNOP00000023786,Eif2s2
Micall2,10116.ENSRNOP00000031199,Micall2
Litaf,10116.ENSRNOP00000003412,Litaf
Vgll3,10116.ENSRNOP00000051348,Vgll3
Map7d1,10116.ENSRNOP00000061878,Map7d1
Cttnbp2nl,10116.ENSRNOP00000019680,Cttnbp2nl
Tpm1,10116.ENSRNOP00000074187,Tpm1
Atf4,10116.ENSRNOP00000060302,Atf4
Prkar1b,10116.ENSRNOP00000033202,Prkar1b
Trmt61a,10116.ENSRNOP00000071623,Trmt61a
Prrg4,10116.ENSRNOP00000032611,Prrg4
Rps20,10116.ENSRNOP00000011314,Rps20
Derl3,10116.ENSRNOP00000029737,Derl3
Rock2,10116.ENSRNOP00000073496,Rock2
Rhoq,10116.ENSRNOP00000020822,Rhoq
Slc43a3,10116.ENSRNOP00000071799,Slc43a3
Cnnm4,10116.ENSRNOP00000021434,Cnnm4
Ipo7,10116.ENSRNOP00000014004,Ipo7
Phlda1,10116.ENSRNOP00000005361,Phlda1
Qtrt1,10116.ENSRNOP00000010030,Qtrt1
Plac8,10116.ENSRNOP00000003012,Plac8
Il7,10116.ENSRNOP00000016091,Il7
Lypd1,10116.ENSRNOP00000004741,Lypd1
Zfp131,10116.ENSRNOP00000021608,Zfp131
Ppp2r2a,10116.ENSRNOP00000015318,Ppp2r2a
Vcl,10116.ENSRNOP00000074748,Vcl
F2rl1,10116.ENSRNOP00000058298,F2rl1
Thoc6,10116.ENSRNOP00000004672,Thoc6
Smad3,10116.ENSRNOP00000037346,Smad3
Pak1,10116.ENSRNOP00000073036,Pak1
Bcl2a1,10116.ENSRNOP00000038537,Bcl2a1
Ugdh,10116.ENSRNOP00000003691,Ugdh
Mgat2,10116.ENSRNOP00000005608,Mgat2
Nip7,10116.ENSRNOP00000027653,Nip7
Fstl3,10116.ENSRNOP00000012578,Fstl3
Psma3,10116.ENSRNOP00000010753,Psma3
Rtn4rl2,10116.ENSRNOP00000032922,Rtn4rl2
Ier3,10116.ENSRNOP00000001099,Ier3
Swap70,10116.ENSRNOP00000013276,Swap70
Iars1,10116.ENSRNOP00000019862,Iars1
Zfand5,10116.ENSRNOP00000024583,Zfand5
Nars1,10116.ENSRNOP00000024264,Nars1
Sqstm1,10116.ENSRNOP00000056021,Sqstm1
Procr,10116.ENSRNOP00000052129,Procr
Ryk,10116.ENSRNOP00000063141,Ryk
Zfp593,10116.ENSRNOP00000021937,Zfp593
Cnbp,10116.ENSRNOP00000013884,Cnbp
Ebi3,10116.ENSRNOP00000067573,Ebi3
Ets2,10116.ENSRNOP00000002247,Ets2
Serpine1,10116.ENSRNOP00000001916,Serpine1
Ltbr,10116.ENSRNOP00000026184,Ltbr
Psmd7,10116.ENSRNOP00000019104,Psmd7
Flt1,10116.ENSRNOP00000001248,Flt1
Efna1,10116.ENSRNOP00000027920,Efna1
Usp27x,10116.ENSRNOP00000062485,Usp27x
Nfyb,10116.ENSRNOP00000061405,Nfyb
Pdia4,10116.ENSRNOP00000008728,Pdia4
Plaur,10116.ENSRNOP00000063960,Plaur
Ccl3,10116.ENSRNOP00000015139,Ccl3
Gapdh,10116.ENSRNOP00000040878,Gapdh
Plekho2,10116.ENSRNOP00000039705,Plekho2
Agpat4,10116.ENSRNOP00000069883,Agpat4
Rcl1,10116.ENSRNOP00000044460,Rcl1
Hnrnpa3,10116.ENSRNOP00000069876,Hnrnpa3
Peak1,10116.ENSRNOP00000061695,Peak1
Dusp10,10116.ENSRNOP00000005400,Dusp10
Ptrh1,10116.ENSRNOP00000057009,Ptrh1
Eif6,10116.ENSRNOP00000071658,Eif6
Plscr1,10116.ENSRNOP00000053569,Plscr1
Rrp9,10116.ENSRNOP00000017469,Rrp9
Lrrfip2,10116.ENSRNOP00000052912,Lrrfip2
Wdr90,10116.ENSRNOP00000027121,Wdr90
Abl2,10116.ENSRNOP00000056281,Abl2
Btg3,10116.ENSRNOP00000002121,Btg3
Tgif1,10116.ENSRNOP00000021534,Tgif1
Klf10,10116.ENSRNOP00000008350,Klf10
Snrpd1,10116.ENSRNOP00000018646,Snrpd1
Magoh,10116.ENSRNOP00000017421,Magoh
Cebpz,10116.ENSRNOP00000006824,Cebpz
Casp12,10116.ENSRNOP00000071294,Casp12
Stk17b,10116.ENSRNOP00000016857,Stk17b
Marchf3,10116.ENSRNOP00000030051,Marchf3
Pdp1,10116.ENSRNOP00000070525,Pdp1
Adamts4,10116.ENSRNOP00000004713,Adamts4
Gtpbp4,10116.ENSRNOP00000064860,Gtpbp4
Sema3e,10116.ENSRNOP00000008936,Sema3e
Casp4,10116.ENSRNOP00000058685,Casp4
Mast4,10116.ENSRNOP00000057748,Mast4
Ripk1,10116.ENSRNOP00000023962,Ripk1
Cebpg,10116.ENSRNOP00000028703,Cebpg
Tead4,10116.ENSRNOP00000047651,Tead4
Hmga1,10116.ENSRNOP00000000580,Hmga1
Etf1,10116.ENSRNOP00000026398,Etf1
Lox,10116.ENSRNOP00000065314,Lox
Rasl2-9,10116.ENSRNOP00000039019,Rasl2-9
Cldn4,10116.ENSRNOP00000002003,Cldn4
Golga3,10116.ENSRNOP00000053494,Golga3
LOC681325,10116.ENSRNOP00000030641,LOC681325
Sowahc,10116.ENSRNOP00000065532,Sowahc
Plk2,10116.ENSRNOP00000016768,Plk2
Slc7a1,10116.ENSRNOP00000072647,Slc7a1
Srf,10116.ENSRNOP00000058149,Srf
Uba5,10116.ENSRNOP00000015240,Uba5
Morf4l2,10116.ENSRNOP00000003247,Morf4l2
Pbdc1,10116.ENSRNOP00000003667,Pbdc1
Ipo5,10116.ENSRNOP00000014859,Ipo5
Cct2,10116.ENSRNOP00000029234,Cct2
Tlr11,10116.ENSRNOP00000051449,Tlr11
Wdr26,10116.ENSRNOP00000005059,Wdr26
Emp1,10116.ENSRNOP00000011580,Emp1
Tlk2,10116.ENSRNOP00000062555,Tlk2
Polr2h,10116.ENSRNOP00000066627,Polr2h
Rlim,10116.ENSRNOP00000003782,Rlim
Epha2,10116.ENSRNOP00000012328,Epha2
Cldn7,10116.ENSRNOP00000069209,Cldn7
Maml2,10116.ENSRNOP00000037050,Maml2
Oga,10116.ENSRNOP00000059568,Oga
Tubb2b,10116.ENSRNOP00000023582,Tubb2b
Fndc3b,10116.ENSRNOP00000038770,Fndc3b
Cdca4,10116.ENSRNOP00000064942,Cdca4
Dagla,10116.ENSRNOP00000033416,Dagla
Tpcn2,10116.ENSRNOP00000051739,Tpcn2
Rpl24,10116.ENSRNOP00000002194,Rpl24
Akap12,10116.ENSRNOP00000057494,Akap12
Map6,10116.ENSRNOP00000032018,Map6
RT1-M5,10116.ENSRNOP00000045665,RT1-M5
Llph,10116.ENSRNOP00000005794,Llph
Ubqln1,10116.ENSRNOP00000057944,Ubqln1
Tmem88,10116.ENSRNOP00000013439,Tmem88
Gprc5a,10116.ENSRNOP00000011134,Gprc5a
Sh3bp2,10116.ENSRNOP00000054918,Sh3bp2
Nop56,10116.ENSRNOP00000009563,Nop56
Runx1,10116.ENSRNOP00000070750,Runx1
Clu,10116.ENSRNOP00000072116,Clu
Sh2b2,10116.ENSRNOP00000001935,Sh2b2
Hspa4,10116.ENSRNOP00000023628,Hspa4
S100a10,10116.ENSRNOP00000037097,S100a10
Sars1,10116.ENSRNOP00000071040,Sars1
Irf1,10116.ENSRNOP00000010968,Irf1
Wdr43,10116.ENSRNOP00000033485,Wdr43
Pla1a,10116.ENSRNOP00000071860,Pla1a
Cldn3,10116.ENSRNOP00000064411,Cldn3
Rdh10,10116.ENSRNOP00000009096,Rdh10
Plekho1,10116.ENSRNOP00000075725,Plekho1
Tmem120a,10116.ENSRNOP00000001960,Tmem120a
Ddx31,10116.ENSRNOP00000061319,Ddx31
Zgrf1,10116.ENSRNOP00000014695,Zgrf1
Tcp11l1,10116.ENSRNOP00000073788,Tcp11l1
Ago2,10116.ENSRNOP00000011898,Ago2
Wwtr1,10116.ENSRNOP00000022507,Wwtr1
Rangap1,10116.ENSRNOP00000050029,Rangap1
Bin1,10116.ENSRNOP00000017573,Bin1
Ceacam16,10116.ENSRNOP00000041331,Ceacam16
Stbd1,10116.ENSRNOP00000003020,Stbd1
Clec4a2,10116.ENSRNOP00000048802,Clec4a2
Map4k4,10116.ENSRNOP00000074373,Map4k4
Bax,10116.ENSRNOP00000028328,Bax
Gar1,10116.ENSRNOP00000074835,Gar1
Asns,10116.ENSRNOP00000010079,Asns
Rrp15,10116.ENSRNOP00000003359,Rrp15
Mdfic,10116.ENSRNOP00000073480,Mdfic
Bag2,10116.ENSRNOP00000016948,Bag2
Sugt1,10116.ENSRNOP00000017086,Sugt1
Naa15,10116.ENSRNOP00000017379,Naa15
Stim2,10116.ENSRNOP00000004006,Stim2
Utp15,10116.ENSRNOP00000022259,Utp15
Nup54,10116.ENSRNOP00000003070,Nup54
Zfp280b,10116.ENSRNOP00000034023,Zfp280b
Rnd1,10116.ENSRNOP00000070395,Rnd1
Rab32,10116.ENSRNOP00000019121,Rab32
Gpr4,10116.ENSRNOP00000021894,Gpr4
Rela,10116.ENSRNOP00000044552,Rela
Dse,10116.ENSRNOP00000001093,Dse
Pprc1,10116.ENSRNOP00000025222,Pprc1
Desi2,10116.ENSRNOP00000005967,Desi2
Ctps1,10116.ENSRNOP00000013899,Ctps1
Dusp5,10116.ENSRNOP00000018889,Dusp5
Cdv3,10116.ENSRNOP00000071373,Cdv3
Ddx39a,10116.ENSRNOP00000068949,Ddx39a
Galr3,10116.ENSRNOP00000014349,Galr3
Diaph1,10116.ENSRNOP00000057176,Diaph1
Spsb1,10116.ENSRNOP00000074486,Spsb1
Kif26b,10116.ENSRNOP00000017784,Kif26b
Hemgn,10116.ENSRNOP00000042341,Hemgn
Samd4a,10116.ENSRNOP00000069137,Samd4a
Itga5,10116.ENSRNOP00000071805,Itga5
Utp3,10116.ENSRNOP00000004787,Utp3
Lims1,10116.ENSRNOP00000073371,Lims1
Raph1,10116.ENSRNOP00000033491,Raph1
Eloc,10116.ENSRNOP00000071456,Eloc
Ube2n,10116.ENSRNOP00000071283,Ube2n
Myadm,10116.ENSRNOP00000074552,Myadm
Vcam1,10116.ENSRNOP00000071423,Vcam1
Kcmf1,10116.ENSRNOP00000070131,Kcmf1
Ino80,10116.ENSRNOP00000035575,Ino80
Pak1ip1,10116.ENSRNOP00000033583,Pak1ip1
Cct3,10116.ENSRNOP00000025824,Cct3
Col6a1,10116.ENSRNOP00000001679,Col6a1
Pdap1,10116.ENSRNOP00000001310,Pdap1
Aig1,10116.ENSRNOP00000039627,Aig1
Slc7a5,10116.ENSRNOP00000025784,Slc7a5
Il1rl1,10116.ENSRNOP00000020108,Il1rl1
Ifrd1,10116.ENSRNOP00000067730,Ifrd1
Ifi47,10116.ENSRNOP00000003343,Ifi47
Fga,10116.ENSRNOP00000060007,Fga
Rap2b,10116.ENSRNOP00000019340,Rap2b
Rhoj,10116.ENSRNOP00000030536,Rhoj
Luzp1,10116.ENSRNOP00000016514,Luzp1
Fads3,10116.ENSRNOP00000027693,Fads3
Smad1,10116.ENSRNOP00000025079,Smad1
Itgb3,10116.ENSRNOP00000067271,Itgb3
Snrpb2,10116.ENSRNOP00000006900,Snrpb2
Abracl,10116.ENSRNOP00000074648,Abracl
Enc1,10116.ENSRNOP00000022144,Enc1
Cbarp,10116.ENSRNOP00000057421,Cbarp
Ywhah,10116.ENSRNOP00000072179,Ywhah
Nop58,10116.ENSRNOP00000022676,Nop58
S1pr4,10116.ENSRNOP00000007117,S1pr4
Ppp4r1,10116.ENSRNOP00000061977,Ppp4r1
Alyref,10116.ENSRNOP00000051838,Alyref
Krtap16-5,10116.ENSRNOP00000058323,Krtap16-5
Chd1,10116.ENSRNOP00000019358,Chd1
Batf3,10116.ENSRNOP00000004962,Batf3
Metrnl,10116.ENSRNOP00000066593,Metrnl
Adgrl4,10116.ENSRNOP00000071560,Adgrl4
Csf1,10116.ENSRNOP00000073134,Csf1
Numbl,10116.ENSRNOP00000074945,Numbl
Plec,10116.ENSRNOP00000073548,Plec
Anxa1,10116.ENSRNOP00000023664,Anxa1
Rbbp5,10116.ENSRNOP00000031945,Rbbp5
Sdcbp,10116.ENSRNOP00000013563,Sdcbp
Actr5,10116.ENSRNOP00000036100,Actr5
Itgax,10116.ENSRNOP00000051866,Itgax
Jak2,10116.ENSRNOP00000071877,Jak2
Nln,10116.ENSRNOP00000059652,Nln
Psmd5,10116.ENSRNOP00000025433,Psmd5
Ankrd39,10116.ENSRNOP00000021685,Ankrd39
Ppp3r1,10116.ENSRNOP00000058834,Ppp3r1
Ripk3,10116.ENSRNOP00000027759,Ripk3
Psma6,10116.ENSRNOP00000009666,Psma6
Tll1,10116.ENSRNOP00000058943,Tll1
Ephb6,10116.ENSRNOP00000019720,Ephb6
Fosl2,10116.ENSRNOP00000070970,Fosl2
Fdps,10116.ENSRNOP00000031191,Fdps
Themis2,10116.ENSRNOP00000017340,Themis2
Cxcl1,10116.ENSRNOP00000003778,Cxcl1
Hivep3,10116.ENSRNOP00000074689,Hivep3
Lrp8,10116.ENSRNOP00000017575,Lrp8
Pstpip1,10116.ENSRNOP00000061918,Pstpip1
Ercc1,10116.ENSRNOP00000024113,Ercc1
Inava,10116.ENSRNOP00000034553,Inava
Actn1,10116.ENSRNOP00000068851,Actn1
Tgfb3,10116.ENSRNOP00000013516,Tgfb3
Csnk1d,10116.ENSRNOP00000015178,Csnk1d
Usp14,10116.ENSRNOP00000020537,Usp14
Eif4a1,10116.ENSRNOP00000049419,Eif4a1
Golt1b,10116.ENSRNOP00000070214,Golt1b
Polr1e,10116.ENSRNOP00000029128,Polr1e
M6pr,10116.ENSRNOP00000069840,M6pr
Gda,10116.ENSRNOP00000024775,Gda
Pgam5,10116.ENSRNOP00000053513,Pgam5
H3f3b,10116.ENSRNOP00000040434,H3f3b
Clcf1,10116.ENSRNOP00000025343,Clcf1
Ildr2,10116.ENSRNOP00000036628,Ildr2
RT1-CE15,10116.ENSRNOP00000051211,RT1-CE15
Polr2g,10116.ENSRNOP00000026313,Polr2g
Dcbld2,10116.ENSRNOP00000069998,Dcbld2
Riok3,10116.ENSRNOP00000034041,Riok3
Fyn,10116.ENSRNOP00000000733,Fyn
Eif5,10116.ENSRNOP00000013695,Eif5
Fhl3,10116.ENSRNOP00000010007,Fhl3
Ube2j1,10116.ENSRNOP00000040441,Ube2j1
Zfp598,10116.ENSRNOP00000060223,Zfp598
Zyx,10116.ENSRNOP00000023537,Zyx
Riok2,10116.ENSRNOP00000017165,Riok2
Flnc,10116.ENSRNOP00000070379,Flnc
Carnmt1,10116.ENSRNOP00000017405,Carnmt1
Cacul1,10116.ENSRNOP00000072029,Cacul1
Nfkbie,10116.ENSRNOP00000026988,Nfkbie
Mdm2,10116.ENSRNOP00000069425,Mdm2
Tpbg,10116.ENSRNOP00000014326,Tpbg
Kpna4,10116.ENSRNOP00000014384,Kpna4
Rpl30,10116.ENSRNOP00000054398,Rpl30
Bean1,10116.ENSRNOP00000062938,Bean1
Lima1,10116.ENSRNOP00000072604,Lima1
Map1s,10116.ENSRNOP00000025385,Map1s
Txnl1,10116.ENSRNOP00000074049,Txnl1
Kdm1a,10116.ENSRNOP00000052846,Kdm1a
Cyp2s1,10116.ENSRNOP00000028177,Cyp2s1
Tnip2,10116.ENSRNOP00000018477,Tnip2
Rpl18,10116.ENSRNOP00000028555,Rpl18
Gnl2,10116.ENSRNOP00000012702,Gnl2
Ostf1,10116.ENSRNOP00000016871,Ostf1
Cxcl10,10116.ENSRNOP00000003649,Cxcl10
Tsc22d1,10116.ENSRNOP00000055007,Tsc22d1
Fblim1,10116.ENSRNOP00000074912,Fblim1
Trim15,10116.ENSRNOP00000001017,Trim15
Eml4,10116.ENSRNOP00000072435,Eml4
Ccl20,10116.ENSRNOP00000021730,Ccl20
Gdf15,10116.ENSRNOP00000026652,Gdf15
Itgb1,10116.ENSRNOP00000014785,Itgb1
Eif3a,10116.ENSRNOP00000063484,Eif3a
Ccdc25,10116.ENSRNOP00000021621,Ccdc25
Tma16,10116.ENSRNOP00000019363,Tma16
Rcn1,10116.ENSRNOP00000018074,Rcn1
Eef1a1,10116.ENSRNOP00000013608,Eef1a1
Prss22,10116.ENSRNOP00000057610,Prss22
Ybx3,10116.ENSRNOP00000007427,Ybx3
Tcp1,10116.ENSRNOP00000019531,Tcp1
Eed,10116.ENSRNOP00000024082,Eed
Lsr,10116.ENSRNOP00000041379,Lsr
Eif3h,10116.ENSRNOP00000058501,Eif3h
Trib3,10116.ENSRNOP00000009840,Trib3
Csmd1,10116.ENSRNOP00000054705,Csmd1
Cct6a,10116.ENSRNOP00000001227,Cct6a
Ksr1,10116.ENSRNOP00000049882,Ksr1
Whamm,10116.ENSRNOP00000060843,Whamm
Arf6,10116.ENSRNOP00000006355,Arf6
Tagln,10116.ENSRNOP00000069919,Tagln
Trafd1,10116.ENSRNOP00000072077,Trafd1
Myl12a,10116.ENSRNOP00000021048,Myl12a
RT1-M2,10116.ENSRNOP00000043659,RT1-M2
Bnip2,10116.ENSRNOP00000071923,Bnip2
Nifk,10116.ENSRNOP00000058336,Nifk
Ets1,10116.ENSRNOP00000011925,Ets1
Sec61b,10116.ENSRNOP00000008329,Sec61b
Hspa14,10116.ENSRNOP00000020854,Hspa14
Eif2s1,10116.ENSRNOP00000013375,Eif2s1
Tubb6,10116.ENSRNOP00000024947,Tubb6
Ralb,10116.ENSRNOP00000003413,Ralb
Ahnak,10116.ENSRNOP00000069026,Ahnak
Klf6,10116.ENSRNOP00000023033,Klf6
Bhlhe40,10116.ENSRNOP00000009564,Bhlhe40
Rrbp1,10116.ENSRNOP00000052465,Rrbp1
Mars1,10116.ENSRNOP00000034945,Mars1
Heatr1,10116.ENSRNOP00000064012,Heatr1
Cdr2l,10116.ENSRNOP00000038423,Cdr2l
Dot1l,10116.ENSRNOP00000043691,Dot1l
Urb2,10116.ENSRNOP00000029895,Urb2
Usp22,10116.ENSRNOP00000044118,Usp22
Sec11a,10116.ENSRNOP00000015218,Sec11a
Rpl7a,10116.ENSRNOP00000063128,Rpl7a
Crybg3,10116.ENSRNOP00000002292,Crybg3
Samhd1,10116.ENSRNOP00000008961,Samhd1
Vasp,10116.ENSRNOP00000074940,Vasp
Icam1,10116.ENSRNOP00000028066,Icam1
Npm1,10116.ENSRNOP00000006591,Npm1
Fcgr2a,10116.ENSRNOP00000004204,Fcgr2a
Met,10116.ENSRNOP00000070486,Met
Cgn,10116.ENSRNOP00000028440,Cgn
Ch25h,10116.ENSRNOP00000025856,Ch25h
Psmb4,10116.ENSRNOP00000028484,Psmb4
Eif3j,10116.ENSRNOP00000022437,Eif3j
Flnb,10116.ENSRNOP00000070399,Flnb
Ddx21,10116.ENSRNOP00000063494,Ddx21
Nop14,10116.ENSRNOP00000071645,Nop14
Baiap2l1,10116.ENSRNOP00000057568,Baiap2l1
Mgp,10116.ENSRNOP00000007577,Mgp
Ppan,10116.ENSRNOP00000027974,Ppan
Mad2l2,10116.ENSRNOP00000052521,Mad2l2
Rps13,10116.ENSRNOP00000036690,Rps13
Elmo2,10116.ENSRNOP00000039023,Elmo2
Rhoc,10116.ENSRNOP00000073774,Rhoc
Mpzl3,10116.ENSRNOP00000031974,Mpzl3
Eif2b3,10116.ENSRNOP00000024841,Eif2b3
Plxna2,10116.ENSRNOP00000009900,Plxna2
Shisa4,10116.ENSRNOP00000009712,Shisa4
Glipr2,10116.ENSRNOP00000019916,Glipr2
Ccdc86,10116.ENSRNOP00000028405,Ccdc86
Bysl,10116.ENSRNOP00000067656,Bysl
Rin1,10116.ENSRNOP00000027335,Rin1
Sdad1,10116.ENSRNOP00000035588,Sdad1
Mmd,10116.ENSRNOP00000075635,Mmd
Arrdc4,10116.ENSRNOP00000073183,Arrdc4
Rpl9,10116.ENSRNOP00000068363,Rpl9
Myo1e,10116.ENSRNOP00000074970,Myo1e
Acot7,10116.ENSRNOP00000014213,Acot7
Zdhhc18,10116.ENSRNOP00000073628,Zdhhc18
Tbrg1,10116.ENSRNOP00000037323,Tbrg1
Dusp4,10116.ENSRNOP00000016328,Dusp4
Kctd5,10116.ENSRNOP00000073503,Kctd5
Fam184a,10116.ENSRNOP00000000475,Fam184a
Rpl10,10116.ENSRNOP00000070105,Rpl10
Nup50,10116.ENSRNOP00000018155,Nup50
Yrdc,10116.ENSRNOP00000037600,Yrdc
Lrg1,10116.ENSRNOP00000065771,Lrg1
Nab2,10116.ENSRNOP00000054557,Nab2
Il24,10116.ENSRNOP00000006106,Il24
Cct4,10116.ENSRNOP00000012847,Cct4
Mex3c,10116.ENSRNOP00000047441,Mex3c
Msr1,10116.ENSRNOP00000017339,Msr1
Fam72a,10116.ENSRNOP00000061509,Fam72a
Cd55,10116.ENSRNOP00000005284,Cd55
Brix1,10116.ENSRNOP00000024285,Brix1
Fcnb,10116.ENSRNOP00000012494,Fcnb
Desi1,10116.ENSRNOP00000007424,Desi1
Timp1,10116.ENSRNOP00000013745,Timp1
Treml2,10116.ENSRNOP00000043394,Treml2
Srsf7,10116.ENSRNOP00000035155,Srsf7
Nek6,10116.ENSRNOP00000069207,Nek6
Hilpda,10116.ENSRNOP00000070117,Hilpda
Ptk6,10116.ENSRNOP00000017337,Ptk6
Snrpe,10116.ENSRNOP00000047775,Snrpe
Krt8,10116.ENSRNOP00000029068,Krt8
Arf4,10116.ENSRNOP00000017692,Arf4
Pik3r1,10116.ENSRNOP00000025687,Pik3r1
Sdc4,10116.ENSRNOP00000019386,Sdc4
Lrrc59,10116.ENSRNOP00000004941,Lrrc59
Lamc1,10116.ENSRNOP00000003605,Lamc1
Cdh5,10116.ENSRNOP00000017983,Cdh5
Chsy1,10116.ENSRNOP00000016939,Chsy1
Hikeshi,10116.ENSRNOP00000072747,Hikeshi
Vgf,10116.ENSRNOP00000050024,Vgf
Rpa3,10116.ENSRNOP00000011123,Rpa3
Casp8,10116.ENSRNOP00000016613,Casp8
Psmc6,10116.ENSRNOP00000009649,Psmc6
Cxcl11,10116.ENSRNOP00000035380,Cxcl11
RGD1559575,10116.ENSRNOP00000050987,RGD1559575
Ppid,10116.ENSRNOP00000035797,Ppid
Olr1,10116.ENSRNOP00000071872,Olr1
Eif2a,10116.ENSRNOP00000018022,Eif2a
Abcc2,10116.ENSRNOP00000064799,Abcc2
Nes,10116.ENSRNOP00000025314,Nes
Clic1,10116.ENSRNOP00000060240,Clic1
Ecscr,10116.ENSRNOP00000067313,Ecscr
Tnf,10116.ENSRNOP00000074520,Tnf
Ppp2r2d,10116.ENSRNOP00000023139,Ppp2r2d
Thg1l,10116.ENSRNOP00000007917,Thg1l
Ostc,10116.ENSRNOP00000037521,Ostc
Enah,10116.ENSRNOP00000073827,Enah
Utp18,10116.ENSRNOP00000003582,Utp18
Utp25,10116.ENSRNOP00000006395,Utp25
Abce1,10116.ENSRNOP00000024753,Abce1
Naa50,10116.ENSRNOP00000056418,Naa50
Uhrf2,10116.ENSRNOP00000015406,Uhrf2
Pus1,10116.ENSRNOP00000053623,Pus1
Pus7,10116.ENSRNOP00000014063,Pus7
Arhgap23,10116.ENSRNOP00000032436,Arhgap23
Tagln2,10116.ENSRNOP00000011208,Tagln2
Pdpn,10116.ENSRNOP00000020316,Pdpn
Acsl4,10116.ENSRNOP00000026057,Acsl4
Hars1,10116.ENSRNOP00000034118,Hars1
Aatk,10116.ENSRNOP00000005839,Aatk
Pwp2,10116.ENSRNOP00000001605,Pwp2
Dusp7,10116.ENSRNOP00000014770,Dusp7
Ptges,10116.ENSRNOP00000044191,Ptges
Tubb3,10116.ENSRNOP00000023452,Tubb3
Cnih1,10116.ENSRNOP00000071661,Cnih1
Tfg,10116.ENSRNOP00000075029,Tfg
Khdrbs1,10116.ENSRNOP00000066894,Khdrbs1
Jak1,10116.ENSRNOP00000061649,Jak1
Psmd8,10116.ENSRNOP00000027937,Psmd8
Emp3,10116.ENSRNOP00000028656,Emp3
Tmem107,10116.ENSRNOP00000008787,Tmem107
Ccdc71l,10116.ENSRNOP00000056755,Ccdc71l
Srm,10116.ENSRNOP00000014934,Srm
Mmrn1,10116.ENSRNOP00000035433,Mmrn1
Psmb1,10116.ENSRNOP00000002037,Psmb1
Xpo1,10116.ENSRNOP00000014062,Xpo1
Sash1,10116.ENSRNOP00000017688,Sash1
Hyou1,10116.ENSRNOP00000039172,Hyou1
Hnrnpc,10116.ENSRNOP00000070427,Hnrnpc
Ran,10116.ENSRNOP00000001247,Ran
Taf1c,10116.ENSRNOP00000020990,Taf1c
Sema3f,10116.ENSRNOP00000071565,Sema3f
Klf7,10116.ENSRNOP00000067389,Klf7
Ipo4,10116.ENSRNOP00000026552,Ipo4
Ext1,10116.ENSRNOP00000031943,Ext1
Ints2,10116.ENSRNOP00000067968,Ints2
Pdlim5,10116.ENSRNOP00000022387,Pdlim5
Nme1,10116.ENSRNOP00000003658,Nme1
Krt81,10116.ENSRNOP00000012845,Krt81
Msantd3,10116.ENSRNOP00000073524,Msantd3
Coro1c,10116.ENSRNOP00000000886,Coro1c
Cfl2,10116.ENSRNOP00000067174,Cfl2
Cdk14,10116.ENSRNOP00000009417,Cdk14
Ube2f,10116.ENSRNOP00000027050,Ube2f
Sertad4,10116.ENSRNOP00000073970,Sertad4
Trpv5,10116.ENSRNOP00000020975,Trpv5
Selenow,10116.ENSRNOP00000069820,Selenow
Fermt3,10116.ENSRNOP00000028737,Fermt3
Panx1,10116.ENSRNOP00000013577,Panx1
Hypk,10116.ENSRNOP00000021091,Hypk
Slc20a1,10116.ENSRNOP00000025294,Slc20a1
Rps18,10116.ENSRNOP00000075857,Rps18
Kras,10116.ENSRNOP00000012588,Kras
Zfp418,10116.ENSRNOP00000020751,Zfp418
Tpm3,10116.ENSRNOP00000035561,Tpm3
Mthfd1l,10116.ENSRNOP00000026564,Mthfd1l
Edn1,10116.ENSRNOP00000019361,Edn1
Qtrt2,10116.ENSRNOP00000072467,Qtrt2
Septin14,10116.ENSRNOP00000060466,Septin14
Adamts3,10116.ENSRNOP00000057209,Adamts3
Sdf2l1,10116.ENSRNOP00000002540,Sdf2l1
Ifnlr1,10116.ENSRNOP00000048303,Ifnlr1
Fas,10116.ENSRNOP00000025928,Fas
Wdr74,10116.ENSRNOP00000070315,Wdr74
Psmb2,10116.ENSRNOP00000015618,Psmb2
Prdm4,10116.ENSRNOP00000006886,Prdm4
Pusl1,10116.ENSRNOP00000074040,Pusl1
Cemip2,10116.ENSRNOP00000070973,Cemip2
Nnat,10116.ENSRNOP00000064325,Nnat
Pdcd11,10116.ENSRNOP00000027512,Pdcd11
Homer3,10116.ENSRNOP00000027428,Homer3
Pik3ap1,10116.ENSRNOP00000017938,Pik3ap1
Dlgap4,10116.ENSRNOP00000034166,Dlgap4
Plpp5,10116.ENSRNOP00000020900,Plpp5
Ier5l,10116.ENSRNOP00000060846,Ier5l
F2r,10116.ENSRNOP00000065624,F2r
Mapk6,10116.ENSRNOP00000013053,Mapk6
Rps11,10116.ENSRNOP00000061250,Rps11
Inf2,10116.ENSRNOP00000018225,Inf2
Ubiad1,10116.ENSRNOP00000012691,Ubiad1
Tm4sf1,10116.ENSRNOP00000021536,Tm4sf1
Csnk2a2,10116.ENSRNOP00000016386,Csnk2a2
Ttpal,10116.ENSRNOP00000012607,Ttpal
Mapkapk2,10116.ENSRNOP00000057786,Mapkapk2
Frmd6,10116.ENSRNOP00000009610,Frmd6
B4galt6,10116.ENSRNOP00000075106,B4galt6
Dph5,10116.ENSRNOP00000018367,Dph5
Ankrd11,10116.ENSRNOP00000035742,Ankrd11
Rnf217,10116.ENSRNOP00000017831,Rnf217
Stx11,10116.ENSRNOP00000073255,Stx11
Mob3a,10116.ENSRNOP00000025634,Mob3a
Rps24,10116.ENSRNOP00000059382,Rps24
Arhgap31,10116.ENSRNOP00000004138,Arhgap31
Tsr1,10116.ENSRNOP00000003992,Tsr1
Layn,10116.ENSRNOP00000050686,Layn
Noc3l,10116.ENSRNOP00000019056,Noc3l
Ranbp1,10116.ENSRNOP00000002579,Ranbp1
Pum3,10116.ENSRNOP00000034834,Pum3
Hmga2,10116.ENSRNOP00000061041,Hmga2
Tbc1d15,10116.ENSRNOP00000058848,Tbc1d15
Hbq1b,10116.ENSRNOP00000037248,Hbq1b
Cygb,10116.ENSRNOP00000016067,Cygb
Csrp1,10116.ENSRNOP00000011991,Csrp1
Ptges3,10116.ENSRNOP00000003787,Ptges3
Nlrp4,10116.ENSRNOP00000046459,Nlrp4
Eif4ebp1,10116.ENSRNOP00000016885,Eif4ebp1
Pelp1,10116.ENSRNOP00000026102,Pelp1
Tlnrd1,10116.ENSRNOP00000016455,Tlnrd1
Surf4,10116.ENSRNOP00000065447,Surf4
Strap,10116.ENSRNOP00000009923,Strap
Slk,10116.ENSRNOP00000015496,Slk
Nod1,10116.ENSRNOP00000014324,Nod1
Prex2,10116.ENSRNOP00000075213,Prex2
Rpl41,10116.ENSRNOP00000062398,Rpl41
Ppib,10116.ENSRNOP00000022828,Ppib
Ebf1,10116.ENSRNOP00000068319,Ebf1
Rps9,10116.ENSRNOP00000074779,Rps9
Plk3,10116.ENSRNOP00000025197,Plk3
Parp14,10116.ENSRNOP00000046194,Parp14
Eno2,10116.ENSRNOP00000005601,Eno2
Rasd1,10116.ENSRNOP00000004475,Rasd1
Syncrip,10116.ENSRNOP00000065252,Syncrip
Rab7b,10116.ENSRNOP00000009280,Rab7b
Tuba1c,10116.ENSRNOP00000068603,Tuba1c
Phf23,10116.ENSRNOP00000024079,Phf23
Exosc6,10116.ENSRNOP00000025179,Exosc6
Cct8,10116.ENSRNOP00000002169,Cct8
Mphosph10,10116.ENSRNOP00000037243,Mphosph10
Snapc1,10116.ENSRNOP00000012361,Snapc1
Trpv2,10116.ENSRNOP00000004248,Trpv2
RT1-CE3,10116.ENSRNOP00000049460,RT1-CE3
Hgh1,10116.ENSRNOP00000047549,Hgh1
Nup35,10116.ENSRNOP00000012628,Nup35
Klf4,10116.ENSRNOP00000022255,Klf4
Calu,10116.ENSRNOP00000008356,Calu
Tomm70,10116.ENSRNOP00000002238,Tomm70
Mmp12,10116.ENSRNOP00000011727,Mmp12
Olfm1,10116.ENSRNOP00000013443,Olfm1
Loxl2,10116.ENSRNOP00000073118,Loxl2
Hnrnpll,10116.ENSRNOP00000009175,Hnrnpll
Tap1,10116.ENSRNOP00000000529,Tap1
Ftsj3,10116.ENSRNOP00000013295,Ftsj3
Gypc,10116.ENSRNOP00000049537,Gypc
Tle3,10116.ENSRNOP00000018467,Tle3
Gmps,10116.ENSRNOP00000072183,Gmps
Ntmt1,10116.ENSRNOP00000035921,Ntmt1
Elavl1,10116.ENSRNOP00000001415,Elavl1
Mllt11,10116.ENSRNOP00000028664,Mllt11
Mcfd2,10116.ENSRNOP00000069872,Mcfd2
Eaf1,10116.ENSRNOP00000026525,Eaf1
Urb1,10116.ENSRNOP00000002851,Urb1
Fnta,10116.ENSRNOP00000019594,Fnta
Hnrnpf,10116.ENSRNOP00000069655,Hnrnpf
Tgm1,10116.ENSRNOP00000027315,Tgm1
Alg12,10116.ENSRNOP00000061731,Alg12
Sytl5,10116.ENSRNOP00000004785,Sytl5
Ruvbl1,10116.ENSRNOP00000075190,Ruvbl1
Chi3l1,10116.ENSRNOP00000074871,Chi3l1
Grb10,10116.ENSRNOP00000070674,Grb10
Pycr1,10116.ENSRNOP00000051832,Pycr1
Rhbdf1,10116.ENSRNOP00000027965,Rhbdf1
Pomp,10116.ENSRNOP00000066877,Pomp
Entr1,10116.ENSRNOP00000058381,Entr1
Pcgf5,10116.ENSRNOP00000074710,Pcgf5
Upf1,10116.ENSRNOP00000075905,Upf1
Sec22b,10116.ENSRNOP00000025327,Sec22b
Nploc4,10116.ENSRNOP00000051856,Nploc4
Nras,10116.ENSRNOP00000036381,Nras
Gbp2,10116.ENSRNOP00000061437,Gbp2
Tbkbp1,10116.ENSRNOP00000012461,Tbkbp1
Frmd4a,10116.ENSRNOP00000044582,Frmd4a
Wars1,10116.ENSRNOP00000006128,Wars1
Adamts9,10116.ENSRNOP00000053878,Adamts9
Crlf2,10116.ENSRNOP00000066370,Crlf2
Bccip,10116.ENSRNOP00000024355,Bccip
Rpl12,10116.ENSRNOP00000021725,Rpl12
Tor1b,10116.ENSRNOP00000062610,Tor1b
Nfe2l2,10116.ENSRNOP00000002114,Nfe2l2
Eme1,10116.ENSRNOP00000029101,Eme1
Lsm2,10116.ENSRNOP00000074699,Lsm2
Ints6,10116.ENSRNOP00000074321,Ints6
Psd3,10116.ENSRNOP00000059423,Psd3
Myo9b,10116.ENSRNOP00000070646,Myo9b
Hbegf,10116.ENSRNOP00000025157,Hbegf
Zfp365,10116.ENSRNOP00000054802,Zfp365
Col12a1,10116.ENSRNOP00000075422,Col12a1
Rpl5,10116.ENSRNOP00000036514,Rpl5
Pphln1,10116.ENSRNOP00000052548,Pphln1
Mrto4,10116.ENSRNOP00000024326,Mrto4
Rpl23,10116.ENSRNOP00000005471,Rpl23
Ncl,10116.ENSRNOP00000024712,Ncl
Armc6,10116.ENSRNOP00000027550,Armc6
Exo5,10116.ENSRNOP00000053484,Exo5
Anxa2,10116.ENSRNOP00000038428,Anxa2
Aebp1,10116.ENSRNOP00000018846,Aebp1
Rgs20,10116.ENSRNOP00000072419,Rgs20
Gak,10116.ENSRNOP00000000064,Gak
Pelo,10116.ENSRNOP00000075562,Pelo
Mob4,10116.ENSRNOP00000020536,Mob4
Mak16,10116.ENSRNOP00000015297,Mak16
Rbm42,10116.ENSRNOP00000029729,Rbm42
Nsmce2,10116.ENSRNOP00000005376,Nsmce2
Exosc3,10116.ENSRNOP00000016582,Exosc3
Sap18,10116.ENSRNOP00000014397,Sap18
Psmd1,10116.ENSRNOP00000024306,Psmd1
Rps17,10116.ENSRNOP00000025888,Rps17
Nfkbid,10116.ENSRNOP00000037384,Nfkbid
Cxcl16,10116.ENSRNOP00000037160,Cxcl16
Mybbp1a,10116.ENSRNOP00000021134,Mybbp1a
Prpf38a,10116.ENSRNOP00000012635,Prpf38a
Psmg2,10116.ENSRNOP00000024126,Psmg2
Mnt,10116.ENSRNOP00000075865,Mnt
Ccnk,10116.ENSRNOP00000053998,Ccnk
Pabpc6,10116.ENSRNOP00000023319,Pabpc6
Siglech,10116.ENSRNOP00000036397,Siglech
Notch1,10116.ENSRNOP00000026212,Notch1
H2bc12,10116.ENSRNOP00000069660,H2bc12
Psmd3,10116.ENSRNOP00000037928,Psmd3
Niban1,10116.ENSRNOP00000003320,Niban1
Adra1d,10116.ENSRNOP00000028877,Adra1d
Sdcbp2,10116.ENSRNOP00000012690,Sdcbp2
Rars1,10116.ENSRNOP00000010252,Rars1
Far1,10116.ENSRNOP00000018532,Far1
Hyal3,10116.ENSRNOP00000021590,Hyal3
Clec4e,10116.ENSRNOP00000073160,Clec4e
Get4,10116.ENSRNOP00000001745,Get4
Trmt6,10116.ENSRNOP00000028893,Trmt6
Polr1b,10116.ENSRNOP00000024882,Polr1b
Rpl21,10116.ENSRNOP00000001265,Rpl21
Eif4e,10116.ENSRNOP00000073799,Eif4e
Lxn,10116.ENSRNOP00000018402,Lxn
Lyn,10116.ENSRNOP00000011130,Lyn
Pom121,10116.ENSRNOP00000001968,Pom121
Hbb-b1,10116.ENSRNOP00000068875,Hbb-b1
Lilrb4,10116.ENSRNOP00000069484,Lilrb4
Acta2,10116.ENSRNOP00000073101,Acta2
Spef1,10116.ENSRNOP00000028861,Spef1
Isg20l2,10116.ENSRNOP00000015471,Isg20l2
Rpf1,10116.ENSRNOP00000021705,Rpf1
Rpl31,10116.ENSRNOP00000031078,Rpl31
Lypd8,10116.ENSRNOP00000034245,Lypd8
Rsl24d1,10116.ENSRNOP00000068858,Rsl24d1
Nrg1,10116.ENSRNOP00000072731,Nrg1
Rnf227,10116.ENSRNOP00000012061,Rnf227
Slc25a24,10116.ENSRNOP00000027765,Slc25a24
Trim36,10116.ENSRNOP00000022294,Trim36
Col4a1,10116.ENSRNOP00000054197,Col4a1
Map1b,10116.ENSRNOP00000023460,Map1b
Rasa2,10116.ENSRNOP00000016327,Rasa2
Rps15a,10116.ENSRNOP00000075906,Rps15a
Lrrfip1,10116.ENSRNOP00000045021,Lrrfip1
C7,10116.ENSRNOP00000074387,C7
Cebpd,10116.ENSRNOP00000064025,Cebpd
Exosc7,10116.ENSRNOP00000069523,Exosc7
Eif3b,10116.ENSRNOP00000057188,Eif3b
Rpl14,10116.ENSRNOP00000073315,Rpl14
Slc35f6,10116.ENSRNOP00000012558,Slc35f6
Jpt2,10116.ENSRNOP00000035954,Jpt2
Gmip,10116.ENSRNOP00000034819,Gmip
Hsf1,10116.ENSRNOP00000047030,Hsf1
Cltb,10116.ENSRNOP00000023651,Cltb
Ctsl,10116.ENSRNOP00000025462,Ctsl
Dnttip2,10116.ENSRNOP00000037874,Dnttip2
Naca,10116.ENSRNOP00000066181,Naca
Rab31,10116.ENSRNOP00000063486,Rab31
Ssh1,10116.ENSRNOP00000039607,Ssh1
Phldb1,10116.ENSRNOP00000069330,Phldb1
Ifrd2,10116.ENSRNOP00000022092,Ifrd2
Dynlrb2,10116.ENSRNOP00000016713,Dynlrb2
Grwd1,10116.ENSRNOP00000053027,Grwd1
Cd14,10116.ENSRNOP00000023977,Cd14
Samd3,10116.ENSRNOP00000058105,Samd3
Zfand2a,10116.ENSRNOP00000043105,Zfand2a
Rpsa,10116.ENSRNOP00000025224,Rpsa
Shroom3,10116.ENSRNOP00000003001,Shroom3
Il6r,10116.ENSRNOP00000028234,Il6r
Trim25,10116.ENSRNOP00000052533,Trim25
Pabpc1,10116.ENSRNOP00000012775,Pabpc1
Umps,10116.ENSRNOP00000002450,Umps
Ifngr2,10116.ENSRNOP00000002779,Ifngr2
Col8a1,10116.ENSRNOP00000057564,Col8a1
Lars1,10116.ENSRNOP00000025284,Lars1
Arpc3,10116.ENSRNOP00000011499,Arpc3
Rras2,10116.ENSRNOP00000017199,Rras2
Cd68,10116.ENSRNOP00000053756,Cd68
Aatf,10116.ENSRNOP00000000258,Aatf
Htr6,10116.ENSRNOP00000070830,Htr6
Pcna,10116.ENSRNOP00000028887,Pcna
Tap2,10116.ENSRNOP00000000527,Tap2
Trim24,10116.ENSRNOP00000050587,Trim24
Rps7,10116.ENSRNOP00000075995,Rps7
Suco,10116.ENSRNOP00000075385,Suco
Kcnab2,10116.ENSRNOP00000073699,Kcnab2
Klhl33,10116.ENSRNOP00000035056,Klhl33
Ankrd22,10116.ENSRNOP00000026093,Ankrd22
Snrpb,10116.ENSRNOP00000039298,Snrpb
Hmx1,10116.ENSRNOP00000012304,Hmx1
Il1rap,10116.ENSRNOP00000051260,Il1rap
Axl,10116.ENSRNOP00000028131,Axl
Ddx52,10116.ENSRNOP00000003600,Ddx52
Nsun2,10116.ENSRNOP00000023641,Nsun2
Rbm8a,10116.ENSRNOP00000028807,Rbm8a
Atic,10116.ENSRNOP00000021105,Atic
Rbms1,10116.ENSRNOP00000011682,Rbms1
Trim47,10116.ENSRNOP00000010887,Trim47
Emc6,10116.ENSRNOP00000026168,Emc6
Cldnd1,10116.ENSRNOP00000002260,Cldnd1
Nol8,10116.ENSRNOP00000067842,Nol8
Dkkl1,10116.ENSRNOP00000028082,Dkkl1
Eri1,10116.ENSRNOP00000015239,Eri1
Hnrnpdl,10116.ENSRNOP00000075589,Hnrnpdl
Tas1r3,10116.ENSRNOP00000026671,Tas1r3
Lamc2,10116.ENSRNOP00000037099,Lamc2
Jmjd6,10116.ENSRNOP00000062806,Jmjd6
Metap1,10116.ENSRNOP00000017579,Metap1
Plcxd2,10116.ENSRNOP00000030345,Plcxd2
Med13l,10116.ENSRNOP00000070275,Med13l
C6,10116.ENSRNOP00000029891,C6
Klhl21,10116.ENSRNOP00000004508,Klhl21
Serpinb1a,10116.ENSRNOP00000056600,Serpinb1a
Nsfl1c,10116.ENSRNOP00000011654,Nsfl1c
Fv1,10116.ENSRNOP00000025846,Fv1
Ccm2,10116.ENSRNOP00000071971,Ccm2
Lama5,10116.ENSRNOP00000074084,Lama5
Cd44,10116.ENSRNOP00000009000,Cd44
Tubb4b,10116.ENSRNOP00000013863,Tubb4b
Nptx2,10116.ENSRNOP00000001331,Nptx2
Pcdhb5,10116.ENSRNOP00000067188,Pcdhb5
Polr3e,10116.ENSRNOP00000046447,Polr3e
Ctsd,10116.ENSRNOP00000027407,Ctsd
Havcr1,10116.ENSRNOP00000009573,Havcr1
Pkn3,10116.ENSRNOP00000043911,Pkn3
Nup153,10116.ENSRNOP00000001979,Nup153
Card10,10116.ENSRNOP00000011215,Card10
Eif4h,10116.ENSRNOP00000043254,Eif4h
Tmcc3,10116.ENSRNOP00000010316,Tmcc3
Bzw2,10116.ENSRNOP00000007414,Bzw2
Mcmbp,10116.ENSRNOP00000027644,Mcmbp
Flna,10116.ENSRNOP00000070703,Flna
Ddx18,10116.ENSRNOP00000038728,Ddx18
Cacna2d4,10116.ENSRNOP00000010746,Cacna2d4
Abhd2,10116.ENSRNOP00000072489,Abhd2
H2ax,10116.ENSRNOP00000056469,H2ax
Marchf7,10116.ENSRNOP00000069062,Marchf7
Mapkapk5,10116.ENSRNOP00000001817,Mapkapk5
Rpl23a,10116.ENSRNOP00000036391,Rpl23a
Mettl6,10116.ENSRNOP00000074466,Mettl6
U2af1,10116.ENSRNOP00000067005,U2af1
Sele,10116.ENSRNOP00000034797,Sele
Hsp90aa1,10116.ENSRNOP00000075715,Hsp90aa1
Adcy4,10116.ENSRNOP00000027719,Adcy4
Eef1b2,10116.ENSRNOP00000036882,Eef1b2
Akirin2,10116.ENSRNOP00000010962,Akirin2
Aimp1,10116.ENSRNOP00000015213,Aimp1
Klf16,10116.ENSRNOP00000051080,Klf16
Nbn,10116.ENSRNOP00000012377,Nbn
Pla2g15,10116.ENSRNOP00000026996,Pla2g15
Ckap4,10116.ENSRNOP00000010601,Ckap4
Apob,10116.ENSRNOP00000039779,Apob
Nle1,10116.ENSRNOP00000011320,Nle1
Atf5,10116.ENSRNOP00000027260,Atf5
Synpo,10116.ENSRNOP00000025934,Synpo
Ddx27,10116.ENSRNOP00000010806,Ddx27
Snrpg,10116.ENSRNOP00000022367,Snrpg
Aldh18a1,10116.ENSRNOP00000020940,Aldh18a1
Hspbp1,10116.ENSRNOP00000024251,Hspbp1
Elf4,10116.ENSRNOP00000051409,Elf4
Il17ra,10116.ENSRNOP00000014885,Il17ra
Tcerg1,10116.ENSRNOP00000025467,Tcerg1
Dtx4,10116.ENSRNOP00000071301,Dtx4
Nr2c2ap,10116.ENSRNOP00000056763,Nr2c2ap
Ptges3l1,10116.ENSRNOP00000068840,Ptges3l1
Npm3,10116.ENSRNOP00000023963,Npm3
Rnps1,10116.ENSRNOP00000047771,Rnps1
Rassf1,10116.ENSRNOP00000030024,Rassf1
Lrfn4,10116.ENSRNOP00000026169,Lrfn4
Wdr5,10116.ENSRNOP00000011556,Wdr5
Prag1,10116.ENSRNOP00000015166,Prag1
Cnot11,10116.ENSRNOP00000035943,Cnot11
Tbl3,10116.ENSRNOP00000018405,Tbl3
Vim,10116.ENSRNOP00000024430,Vim
Oser1,10116.ENSRNOP00000011610,Oser1
Actg1,10116.ENSRNOP00000051859,Actg1
Fgb,10116.ENSRNOP00000009813,Fgb
Frk,10116.ENSRNOP00000000653,Frk
Usp37,10116.ENSRNOP00000033308,Usp37
S100a9,10116.ENSRNOP00000015351,S100a9
Ptbp2,10116.ENSRNOP00000015036,Ptbp2
Efhd2,10116.ENSRNOP00000018864,Efhd2
Nhp2,10116.ENSRNOP00000063697,Nhp2
Morf4l1,10116.ENSRNOP00000075745,Morf4l1
Prmt3,10116.ENSRNOP00000069745,Prmt3
Myh9,10116.ENSRNOP00000007398,Myh9
Utp14a,10116.ENSRNOP00000051553,Utp14a
Snu13,10116.ENSRNOP00000009152,Snu13
Nol6,10116.ENSRNOP00000060015,Nol6
Tram2,10116.ENSRNOP00000017592,Tram2
Psmc4,10116.ENSRNOP00000025819,Psmc4
Fbll1,10116.ENSRNOP00000020554,Fbll1
Mvp,10116.ENSRNOP00000027360,Mvp
Psmd11,10116.ENSRNOP00000070048,Psmd11
Sos2,10116.ENSRNOP00000006425,Sos2
S100a7a,10116.ENSRNOP00000043898,S100a7a
Ccnl1,10116.ENSRNOP00000016016,Ccnl1
Rftn1,10116.ENSRNOP00000015210,Rftn1
Cdk17,10116.ENSRNOP00000005762,Cdk17
Spry2,10116.ENSRNOP00000013342,Spry2
Gp1bb,10116.ENSRNOP00000043041,Gp1bb
Knl1,10116.ENSRNOP00000075477,Knl1
Tinf2,10116.ENSRNOP00000027362,Tinf2
Zfp36l2,10116.ENSRNOP00000006725,Zfp36l2
Cldn1,10116.ENSRNOP00000002640,Cldn1
Psmd6,10116.ENSRNOP00000009249,Psmd6
Apobec3,10116.ENSRNOP00000034183,Apobec3
Pfdn1,10116.ENSRNOP00000025353,Pfdn1
Cotl1,10116.ENSRNOP00000021954,Cotl1
Npdc1,10116.ENSRNOP00000018927,Npdc1
Rplp1,10116.ENSRNOP00000018820,Rplp1
Ppp1ca,10116.ENSRNOP00000025282,Ppp1ca
Pxn,10116.ENSRNOP00000043928,Pxn
Polq,10116.ENSRNOP00000061230,Polq
Ak6,10116.ENSRNOP00000057879,Ak6
Vash1,10116.ENSRNOP00000014017,Vash1
Bzw1,10116.ENSRNOP00000019486,Bzw1
Aven,10116.ENSRNOP00000062695,Aven
Clip2,10116.ENSRNOP00000035734,Clip2
Marcksl1,10116.ENSRNOP00000012663,Marcksl1
Mbd2,10116.ENSRNOP00000016112,Mbd2
Naa25,10116.ENSRNOP00000075085,Naa25
Ddx56,10116.ENSRNOP00000071407,Ddx56
Gpr3,10116.ENSRNOP00000068107,Gpr3
Dusp11,10116.ENSRNOP00000054285,Dusp11
Tmem68,10116.ENSRNOP00000012215,Tmem68
Mapk1ip1l,10116.ENSRNOP00000059047,Mapk1ip1l
Fam110d,10116.ENSRNOP00000022130,Fam110d
Hck,10116.ENSRNOP00000012432,Hck
Hivep2,10116.ENSRNOP00000015131,Hivep2
Drc3,10116.ENSRNOP00000038778,Drc3
Fbl,10116.ENSRNOP00000026021,Fbl
Slamf7,10116.ENSRNOP00000038176,Slamf7
Nop9,10116.ENSRNOP00000027604,Nop9
Pinx1,10116.ENSRNOP00000016027,Pinx1
Rgs16,10116.ENSRNOP00000029844,Rgs16
Clspn,10116.ENSRNOP00000015227,Clspn
Hnrnpa1,10116.ENSRNOP00000052160,Hnrnpa1
Pdlim7,10116.ENSRNOP00000018899,Pdlim7
Mid1,10116.ENSRNOP00000072598,Mid1
Zfyve27,10116.ENSRNOP00000051399,Zfyve27
Xylt1,10116.ENSRNOP00000073845,Xylt1
Sf1,10116.ENSRNOP00000028628,Sf1
Slc8a2,10116.ENSRNOP00000042012,Slc8a2
Rps27a,10116.ENSRNOP00000005872,Rps27a
Rybp,10116.ENSRNOP00000007185,Rybp
Mid2,10116.ENSRNOP00000069903,Mid2
Btf3,10116.ENSRNOP00000022864,Btf3
Clec2d2,10116.ENSRNOP00000035114,Clec2d2
Srsf3,10116.ENSRNOP00000000627,Srsf3
Krt18,10116.ENSRNOP00000067234,Krt18
Zfp57,10116.ENSRNOP00000011704,Zfp57
Lcp2,10116.ENSRNOP00000050879,Lcp2
Emg1,10116.ENSRNOP00000017334,Emg1
Btaf1,10116.ENSRNOP00000024465,Btaf1
Pik3r5,10116.ENSRNOP00000030578,Pik3r5
Leng9,10116.ENSRNOP00000025138,Leng9
Mafg,10116.ENSRNOP00000051853,Mafg
Hmgcr,10116.ENSRNOP00000022055,Hmgcr
Lcn2,10116.ENSRNOP00000018776,Lcn2
Pno1,10116.ENSRNOP00000007824,Pno1
Ikbkb,10116.ENSRNOP00000025851,Ikbkb
Aldh1a2,10116.ENSRNOP00000073203,Aldh1a2
Gpatch4,10116.ENSRNOP00000053762,Gpatch4
Zc3hav1,10116.ENSRNOP00000018782,Zc3hav1
Mef2d,10116.ENSRNOP00000041061,Mef2d
Apex1,10116.ENSRNOP00000068673,Apex1
Wdr45b,10116.ENSRNOP00000073289,Wdr45b
Nup188,10116.ENSRNOP00000032298,Nup188
Rap2a,10116.ENSRNOP00000068867,Rap2a
Wdr62,10116.ENSRNOP00000061740,Wdr62
Rps12,10116.ENSRNOP00000022184,Rps12
Casp3,10116.ENSRNOP00000014096,Casp3
Krt7,10116.ENSRNOP00000075566,Krt7
Srfbp1,10116.ENSRNOP00000020030,Srfbp1
Cep170,10116.ENSRNOP00000072465,Cep170
Gpnmb,10116.ENSRNOP00000011945,Gpnmb
Lysmd2,10116.ENSRNOP00000071697,Lysmd2
Rnf4,10116.ENSRNOP00000074121,Rnf4
Ptpn2,10116.ENSRNOP00000023763,Ptpn2
Kpnb1,10116.ENSRNOP00000012376,Kpnb1
Prdx1,10116.ENSRNOP00000023132,Prdx1
Cd83,10116.ENSRNOP00000024458,Cd83
Tnfrsf26,10116.ENSRNOP00000071406,Tnfrsf26
Dbndd2,10116.ENSRNOP00000019688,Dbndd2
Mettl2,10116.ENSRNOP00000008140,Mettl2
Ascc2,10116.ENSRNOP00000060720,Ascc2
Krt17,10116.ENSRNOP00000005382,Krt17
Zfp367,10116.ENSRNOP00000030325,Zfp367
Bop1,10116.ENSRNOP00000025133,Bop1
Man1b1,10116.ENSRNOP00000016846,Man1b1
Pds5a,10116.ENSRNOP00000003437,Pds5a
Mapre1,10116.ENSRNOP00000016220,Mapre1
Eef1e1,10116.ENSRNOP00000022065,Eef1e1
Cdc42se2,10116.ENSRNOP00000061001,Cdc42se2
Pi4k2b,10116.ENSRNOP00000005349,Pi4k2b
Tbpl1,10116.ENSRNOP00000014805,Tbpl1
Pdcd6ip,10116.ENSRNOP00000012114,Pdcd6ip
Cdca7,10116.ENSRNOP00000002066,Cdca7
Nudc,10116.ENSRNOP00000073414,Nudc
Mrpl24,10116.ENSRNOP00000034042,mrpl24
Dnajb11,10116.ENSRNOP00000002462,Dnajb11
Ccnyl1,10116.ENSRNOP00000047323,Ccnyl1
Eif3c,10116.ENSRNOP00000025782,Eif3c
Scimp,10116.ENSRNOP00000053447,Scimp
Trim27,10116.ENSRNOP00000074750,Trim27
Tex10,10116.ENSRNOP00000011401,Tex10
Rap2c,10116.ENSRNOP00000003414,Rap2c
Trpv6,10116.ENSRNOP00000020616,Trpv6
Vcp,10116.ENSRNOP00000040121,Vcp
Ilf3,10116.ENSRNOP00000073179,Ilf3
Rps2,10116.ENSRNOP00000019508,Rps2
Rps23,10116.ENSRNOP00000022348,Rps23
Ttc9,10116.ENSRNOP00000069448,Ttc9
Ngfr,10116.ENSRNOP00000007268,Ngfr
Klf11,10116.ENSRNOP00000075389,Klf11
Pa2g4,10116.ENSRNOP00000006578,Pa2g4
Aen,10116.ENSRNOP00000062841,Aen
Il1rn,10116.ENSRNOP00000007949,Il1rn
Syn1,10116.ENSRNOP00000014250,Syn1
Eif3d,10116.ENSRNOP00000032361,Eif3d
Git1,10116.ENSRNOP00000073267,Git1
Rps21,10116.ENSRNOP00000070217,Rps21
Zwint,10116.ENSRNOP00000067414,Zwint
Dynlt1,10116.ENSRNOP00000024656,Dynlt1
Ascc3,10116.ENSRNOP00000053848,Ascc3
Naa10,10116.ENSRNOP00000074325,Naa10
Myd88,10116.ENSRNOP00000018341,Myd88
Alkbh6,10116.ENSRNOP00000064657,Alkbh6
Dtx3l,10116.ENSRNOP00000034974,Dtx3l
Dnajc25,10116.ENSRNOP00000020702,Dnajc25
Dsg2,10116.ENSRNOP00000022270,Dsg2
Ythdf2,10116.ENSRNOP00000014479,Ythdf2
Fam43b,10116.ENSRNOP00000061195,Fam43b
Eif2b1,10116.ENSRNOP00000075870,Eif2b1
Rpl17,10116.ENSRNOP00000034364,Rpl17
Ifitm1,10116.ENSRNOP00000042637,Ifitm1
A3galt2,10116.ENSRNOP00000007851,A3galt2
Ecm1,10116.ENSRNOP00000028740,Ecm1
Cp,10116.ENSRNOP00000075010,Cp
Cdc73,10116.ENSRNOP00000004495,Cdc73
Dsn1,10116.ENSRNOP00000008255,Dsn1
Cdk6,10116.ENSRNOP00000012597,Cdk6
Lratd1,10116.ENSRNOP00000060795,Lratd1
Tmed10,10116.ENSRNOP00000010512,Tmed10
Thap12,10116.ENSRNOP00000074752,Thap12
Synj1,10116.ENSRNOP00000060346,Synj1
Cdh1,10116.ENSRNOP00000027346,Cdh1
Cct5,10116.ENSRNOP00000015886,Cct5
Dusp6,10116.ENSRNOP00000032969,Dusp6
Pdia6,10116.ENSRNOP00000064632,Pdia6
Wsb1,10116.ENSRNOP00000017949,Wsb1
Sulf1,10116.ENSRNOP00000064072,Sulf1
Capza1,10116.ENSRNOP00000052868,Capza1
Gpx2,10116.ENSRNOP00000072136,Gpx2
Eif3i,10116.ENSRNOP00000067288,Eif3i
Anxa3,10116.ENSRNOP00000063496,Anxa3
Pum2,10116.ENSRNOP00000008359,Pum2
Itga3,10116.ENSRNOP00000034608,Itga3
Npy,10116.ENSRNOP00000013146,Npy
Elp5,10116.ENSRNOP00000035345,Elp5
Thoc7,10116.ENSRNOP00000070034,Thoc7
Zfp281,10116.ENSRNOP00000072700,Zfp281
Dbf4,10116.ENSRNOP00000065840,Dbf4
Mrps22,10116.ENSRNOP00000067192,Mrps22
Rpl4,10116.ENSRNOP00000013462,Rpl4
Igf2bp2,10116.ENSRNOP00000037578,Igf2bp2
Gapdhs,10116.ENSRNOP00000059802,Gapdhs
Vars1,10116.ENSRNOP00000072696,Vars1
Dnajb3,10116.ENSRNOP00000024845,Dnajb3
Nme2,10116.ENSRNOP00000003611,Nme2
Anxa7,10116.ENSRNOP00000058397,Anxa7
Rps27,10116.ENSRNOP00000022897,Rps27
Ly6g6c,10116.ENSRNOP00000001119,Ly6g6c
Fgf2,10116.ENSRNOP00000023388,Fgf2
A2m,10116.ENSRNOP00000019346,A2m
Rpn1,10116.ENSRNOP00000066002,Rpn1
Tln1,10116.ENSRNOP00000022401,Tln1
Larp7,10116.ENSRNOP00000065357,Larp7
Sacs,10116.ENSRNOP00000019551,Sacs
Arf2,10116.ENSRNOP00000006483,Arf2
Dph1,10116.ENSRNOP00000072126,Dph1
Mapkapk3,10116.ENSRNOP00000020065,Mapkapk3
Ssr2,10116.ENSRNOP00000027123,Ssr2
Cerk,10116.ENSRNOP00000022882,Cerk
Wdr1,10116.ENSRNOP00000024012,Wdr1
Fkbp1a,10116.ENSRNOP00000012608,Fkbp1a
Cd38,10116.ENSRNOP00000004121,Cd38
Etv3,10116.ENSRNOP00000021577,Etv3
Psmd14,10116.ENSRNOP00000071068,Psmd14
Vsir,10116.ENSRNOP00000054563,Vsir
Uchl3,10116.ENSRNOP00000012842,Uchl3
Oasl,10116.ENSRNOP00000001570,Oasl
Sfn,10116.ENSRNOP00000040819,Sfn
Csf3r,10116.ENSRNOP00000011694,Csf3r
Rpl22,10116.ENSRNOP00000014905,Rpl22
Scarb1,10116.ENSRNOP00000060874,Scarb1
Ranbp17,10116.ENSRNOP00000075380,Ranbp17
Pom121l2,10116.ENSRNOP00000070497,Pom121l2
Hras,10116.ENSRNOP00000022363,Hras
Wsb2,10116.ENSRNOP00000001499,Wsb2
Sync,10116.ENSRNOP00000010730,Sync
Prr16,10116.ENSRNOP00000026724,Prr16
Rbfox3,10116.ENSRNOP00000004524,Rbfox3
Taf9,10116.ENSRNOP00000068315,Taf9
Pabpc4,10116.ENSRNOP00000053432,Pabpc4
Tirap,10116.ENSRNOP00000032025,Tirap
Rpl6,10116.ENSRNOP00000038065,Rpl6
Nfe2,10116.ENSRNOP00000052156,Nfe2
Rnf138,10116.ENSRNOP00000021061,Rnf138
Gnl1,10116.ENSRNOP00000045697,Gnl1
Anp32b,10116.ENSRNOP00000012478,Anp32b
Tp53,10116.ENSRNOP00000074031,Tp53
Ccl21,10116.ENSRNOP00000023951,Ccl21
Osbpl10,10116.ENSRNOP00000015643,Osbpl10
Notch4,10116.ENSRNOP00000000513,Notch4
Gtf2h1,10116.ENSRNOP00000069965,Gtf2h1
Wdr4,10116.ENSRNOP00000059024,Wdr4
Impdh2,10116.ENSRNOP00000040635,Impdh2
Tmed5,10116.ENSRNOP00000000083,Tmed5
Agfg1,10116.ENSRNOP00000021309,Agfg1
Snrpf,10116.ENSRNOP00000007351,Snrpf
Zswim4,10116.ENSRNOP00000010050,Zswim4
Drap1,10116.ENSRNOP00000032674,Drap1
Plp2,10116.ENSRNOP00000039462,Plp2
Vkorc1l1,10116.ENSRNOP00000070920,Vkorc1l1
Rps16,10116.ENSRNOP00000026576,Rps16
Nmt1,10116.ENSRNOP00000004046,Nmt1
Ppil3,10116.ENSRNOP00000018284,Ppil3
Smn1,10116.ENSRNOP00000024456,Smn1
Flt4,10116.ENSRNOP00000003519,Flt4
Slc38a2,10116.ENSRNOP00000031532,Slc38a2
Mtdh,10116.ENSRNOP00000009989,Mtdh
Eif5a,10116.ENSRNOP00000022343,Eif5a
Eef1d,10116.ENSRNOP00000034828,Eef1d
Kctd11,10116.ENSRNOP00000020970,Kctd11
Tlcd3a,10116.ENSRNOP00000010168,Tlcd3a
Zpr1,10116.ENSRNOP00000025149,Zpr1
Pcf11,10116.ENSRNOP00000013552,Pcf11
Ppp1r14b,10116.ENSRNOP00000040750,Ppp1r14b
Samd4b,10116.ENSRNOP00000026839,Samd4b
Camk2a,10116.ENSRNOP00000041940,Camk2a
Rpl8,10116.ENSRNOP00000064566,Rpl8
Rpl13,10116.ENSRNOP00000020635,Rpl13
Ca13,10116.ENSRNOP00000031323,Ca13
Lama4,10116.ENSRNOP00000000737,Lama4
Utp20,10116.ENSRNOP00000008317,Utp20
Ebna1bp2,10116.ENSRNOP00000065496,Ebna1bp2
Fcgr2b,10116.ENSRNOP00000055293,Fcgr2b
Ppil1,10116.ENSRNOP00000076232,Ppil1
Cxadr,10116.ENSRNOP00000041873,Cxadr
Purb,10116.ENSRNOP00000069267,Purb
Prkci,10116.ENSRNOP00000012924,Prkci
Glrx3,10116.ENSRNOP00000022406,Glrx3
Zc3h15,10116.ENSRNOP00000007276,Zc3h15
Map3k8,10116.ENSRNOP00000022190,Map3k8
Ppp1r15a,10116.ENSRNOP00000048451,Ppp1r15a
Rps19bp1,10116.ENSRNOP00000075834,Rps19bp1
Ctsc,10116.ENSRNOP00000022342,Ctsc
Cables2,10116.ENSRNOP00000074022,Cables2
Hspa8,10116.ENSRNOP00000042159,Hspa8
Rpl27a,10116.ENSRNOP00000019247,Rpl27a
Gadd45b,10116.ENSRNOP00000026871,Gadd45b
Metap2,10116.ENSRNOP00000032680,Metap2
Gins1,10116.ENSRNOP00000010955,Gins1
Cdkn1a,10116.ENSRNOP00000000628,Cdkn1a
Tomm40,10116.ENSRNOP00000025281,Tomm40
Riok1,10116.ENSRNOP00000018936,Riok1
Gmnn,10116.ENSRNOP00000025389,Gmnn
LOC297756,10116.ENSRNOP00000041853,LOC297756
Slc35a4,10116.ENSRNOP00000003878,Slc35a4
Ddx24,10116.ENSRNOP00000012256,Ddx24
Nop2,10116.ENSRNOP00000024938,Nop2
Pnma2,10116.ENSRNOP00000013001,Pnma2
Ror2,10116.ENSRNOP00000069636,Ror2
Senp5,10116.ENSRNOP00000066105,Senp5
Ubr5,10116.ENSRNOP00000009115,Ubr5
Hist1h2af,10116.ENSRNOP00000022965,Hist1h2af
Zfp35,10116.ENSRNOP00000071577,Zfp35
Ppm1l,10116.ENSRNOP00000064781,Ppm1l
Cacybp,10116.ENSRNOP00000003586,Cacybp
Rbm34,10116.ENSRNOP00000027145,Rbm34
Rps19,10116.ENSRNOP00000027246,Rps19
Slc39a14,10116.ENSRNOP00000013066,Slc39a14
Mid1ip1,10116.ENSRNOP00000004305,Mid1ip1
Med7,10116.ENSRNOP00000009239,Med7
Taf10,10116.ENSRNOP00000025955,Taf10
Reln,10116.ENSRNOP00000058574,Reln
Rbm38,10116.ENSRNOP00000008764,Rbm38
Sod2,10116.ENSRNOP00000025794,Sod2
Tsn,10116.ENSRNOP00000063499,Tsn
Cks1b,10116.ENSRNOP00000052395,Cks1b
Ptpn9,10116.ENSRNOP00000023831,Ptpn9
Eipr1,10116.ENSRNOP00000056930,Eipr1
Sfmbt2,10116.ENSRNOP00000061879,Sfmbt2
Vwa1,10116.ENSRNOP00000024897,Vwa1
Fxr1,10116.ENSRNOP00000069834,Fxr1
Serpinb6b,10116.ENSRNOP00000056665,Serpinb6b
Vat1,10116.ENSRNOP00000028084,Vat1
Zmynd19,10116.ENSRNOP00000010270,Zmynd19
Aicda,10116.ENSRNOP00000020762,Aicda
Oxsr1,10116.ENSRNOP00000018056,Oxsr1
Uba2,10116.ENSRNOP00000028672,Uba2
Aida,10116.ENSRNOP00000072748,Aida
Nap1l1,10116.ENSRNOP00000005286,Nap1l1
Csrp3,10116.ENSRNOP00000019310,Csrp3
Isg20,10116.ENSRNOP00000075245,Isg20
Prmt1,10116.ENSRNOP00000063624,Prmt1
Snapc3,10116.ENSRNOP00000015254,Snapc3
Rps6,10116.ENSRNOP00000067572,Rps6
Tlr4,10116.ENSRNOP00000014020,Tlr4
Crk,10116.ENSRNOP00000006407,Crk
Med10,10116.ENSRNOP00000023161,Med10
Uck2,10116.ENSRNOP00000070085,Uck2
Siva1,10116.ENSRNOP00000034257,Siva1
Rpl11,10116.ENSRNOP00000072829,Rpl11
Crtap,10116.ENSRNOP00000064550,Crtap
Pdlim1,10116.ENSRNOP00000022000,Pdlim1
Erh,10116.ENSRNOP00000075464,Erh
Nob1,10116.ENSRNOP00000031905,Nob1
Nxt1,10116.ENSRNOP00000006205,Nxt1
Prg4,10116.ENSRNOP00000059900,Prg4
Sec24b,10116.ENSRNOP00000037163,Sec24b
Htr1b,10116.ENSRNOP00000017411,Htr1b
Smpdl3b,10116.ENSRNOP00000062762,Smpdl3b
Col18a1,10116.ENSRNOP00000047962,Col18a1
Rem2,10116.ENSRNOP00000016020,Rem2
S1pr1,10116.ENSRNOP00000052627,S1pr1
Psme2,10116.ENSRNOP00000026279,Psme2
Smad2,10116.ENSRNOP00000075341,Smad2
Eif4e2,10116.ENSRNOP00000074842,Eif4e2
Rala,10116.ENSRNOP00000018190,Rala
Ppig,10116.ENSRNOP00000010216,Ppig
Dap,10116.ENSRNOP00000014439,Dap
Ptbp1,10116.ENSRNOP00000043256,Ptbp1
Trim28,10116.ENSRNOP00000031061,Trim28
Psma1,10116.ENSRNOP00000015946,Psma1
Scel,10116.ENSRNOP00000072151,Scel
Otud4,10116.ENSRNOP00000024924,Otud4
Rpl29,10116.ENSRNOP00000014849,Rpl29
Ippk,10116.ENSRNOP00000021022,Ippk
Fcf1,10116.ENSRNOP00000006297,Fcf1
E2f8,10116.ENSRNOP00000036763,E2f8
Rrp1b,10116.ENSRNOP00000001583,Rrp1b
Chek1,10116.ENSRNOP00000069884,Chek1
Pxdc1,10116.ENSRNOP00000056888,Pxdc1
Gpr39,10116.ENSRNOP00000036196,Gpr39
Ccdc120,10116.ENSRNOP00000012881,Ccdc120
Arpc5,10116.ENSRNOP00000061516,Arpc5
Rpl34,10116.ENSRNOP00000009046,Rpl34
Actr3b,10116.ENSRNOP00000041576,Actr3b
Msmo1,10116.ENSRNOP00000043782,Msmo1
Egr2,10116.ENSRNOP00000000792,Egr2
Phc2,10116.ENSRNOP00000059238,Phc2
Smarcd1,10116.ENSRNOP00000075525,Smarcd1
Suv39h2,10116.ENSRNOP00000020924,Suv39h2
Eif1ad,10116.ENSRNOP00000027752,Eif1ad
Nfya,10116.ENSRNOP00000075707,Nfya
Rbm7,10116.ENSRNOP00000007736,Rbm7
Rps8,10116.ENSRNOP00000074753,Rps8
Col6a2,10116.ENSRNOP00000001695,Col6a2
Ube2s,10116.ENSRNOP00000022977,Ube2s
Slfnl1,10116.ENSRNOP00000013193,Slfnl1
Nop53,10116.ENSRNOP00000017556,Nop53
Psmc1,10116.ENSRNOP00000005329,Psmc1
Cda,10116.ENSRNOP00000021036,Cda
Orc1,10116.ENSRNOP00000012492,Orc1
Rad51,10116.ENSRNOP00000053270,Rad51
Nolc1,10116.ENSRNOP00000025788,Nolc1
Noc2l,10116.ENSRNOP00000059995,Noc2l
Ywhaz,10116.ENSRNOP00000069366,Ywhaz
Tcf25,10116.ENSRNOP00000048508,Tcf25
Ticrr,10116.ENSRNOP00000029053,Ticrr
Ptrh2,10116.ENSRNOP00000005661,Ptrh2
Pcmt1,10116.ENSRNOP00000019623,Pcmt1
Wdr77,10116.ENSRNOP00000022571,Wdr77
Acta1,10116.ENSRNOP00000024084,Acta1
Mob3c,10116.ENSRNOP00000060505,Mob3c
Syde1,10116.ENSRNOP00000009606,Syde1
Rab11a,10116.ENSRNOP00000015598,Rab11a
Rnase6,10116.ENSRNOP00000031392,Rnase6
Clec1b,10116.ENSRNOP00000071442,Clec1b
Mnda,10116.ENSRNOP00000029762,Mnda
Pmepa1,10116.ENSRNOP00000067298,Pmepa1
Ccne1,10116.ENSRNOP00000020014,Ccne1
Ralgds,10116.ENSRNOP00000013809,Ralgds
Arfrp1,10116.ENSRNOP00000019038,Arfrp1
Gmfb,10116.ENSRNOP00000067695,Gmfb
Krt76,10116.ENSRNOP00000046335,Krt76
Lrrc8a,10116.ENSRNOP00000031726,Lrrc8a
Cherp,10116.ENSRNOP00000017424,Cherp
Rad18,10116.ENSRNOP00000063400,Rad18
Map2k1,10116.ENSRNOP00000013933,Map2k1
Tgfb1i1,10116.ENSRNOP00000051863,Tgfb1i1
Slfn14,10116.ENSRNOP00000012874,Slfn14
Actn3,10116.ENSRNOP00000026812,Actn3
Inhba,10116.ENSRNOP00000019272,Inhba
Map3k3,10116.ENSRNOP00000074780,Map3k3
H2ac1,10116.ENSRNOP00000039289,H2ac1
Nectin2,10116.ENSRNOP00000025388,Nectin2
Prss2,10116.ENSRNOP00000018853,Prss2
B3gnt9,10116.ENSRNOP00000071937,B3gnt9
Farsb,10116.ENSRNOP00000019685,Farsb
Rhd,10116.ENSRNOP00000023187,Rhd
Shc1,10116.ENSRNOP00000028038,Shc1
Ahsp,10116.ENSRNOP00000027297,Ahsp
Etv4,10116.ENSRNOP00000070185,Etv4
Sh3bp4,10116.ENSRNOP00000026312,Sh3bp4
Fscn3,10116.ENSRNOP00000061158,Fscn3
Prpf3,10116.ENSRNOP00000068727,Prpf3
Sema3c,10116.ENSRNOP00000009132,Sema3c
Rnf2,10116.ENSRNOP00000068794,Rnf2
Egfr,10116.ENSRNOP00000006087,Egfr
Creb3l1,10116.ENSRNOP00000007771,Creb3l1
Ppie,10116.ENSRNOP00000074074,Ppie
Rbfox2,10116.ENSRNOP00000063462,Rbfox2
Cdc25b,10116.ENSRNOP00000051129,Cdc25b
Sell,10116.ENSRNOP00000003733,Sell
Mtap,10116.ENSRNOP00000031214,Mtap
Src,10116.ENSRNOP00000071837,Src
Nasp,10116.ENSRNOP00000022170,Nasp
Myo1b,10116.ENSRNOP00000061523,Myo1b
Pitpnb,10116.ENSRNOP00000050368,Pitpnb
Sms,10116.ENSRNOP00000010135,Sms
Rrs1,10116.ENSRNOP00000009482,Rrs1
Pin4,10116.ENSRNOP00000067375,Pin4
Rad23b,10116.ENSRNOP00000021629,Rad23b
Uggt1,10116.ENSRNOP00000020558,Uggt1
Oaz1,10116.ENSRNOP00000026341,Oaz1
Gins4,10116.ENSRNOP00000024301,Gins4
Fez2,10116.ENSRNOP00000049923,Fez2
Trmt112,10116.ENSRNOP00000028695,Trmt112
Tcof1,10116.ENSRNOP00000045755,Tcof1
Rpl18a,10116.ENSRNOP00000025421,Rpl18a
Syt5,10116.ENSRNOP00000024547,Syt5
Dpagt1,10116.ENSRNOP00000013134,Dpagt1
Rpp21,10116.ENSRNOP00000001024,Rpp21
Noc4l,10116.ENSRNOP00000053566,Noc4l
Lypd3,10116.ENSRNOP00000027100,Lypd3
Rbm3,10116.ENSRNOP00000007367,Rbm3
Bcl10,10116.ENSRNOP00000019911,Bcl10
Mcm4,10116.ENSRNOP00000002510,Mcm4
Sec23b,10116.ENSRNOP00000062590,Sec23b
Tmod3,10116.ENSRNOP00000013852,Tmod3
Iqgap1,10116.ENSRNOP00000018021,Iqgap1
Cfl1,10116.ENSRNOP00000059624,Cfl1
Rpl27,10116.ENSRNOP00000028060,Rpl27
Prps1,10116.ENSRNOP00000071101,Prps1
Rnh1,10116.ENSRNOP00000074961,Rnh1
Cenpu,10116.ENSRNOP00000046417,Cenpu
Cdc45,10116.ENSRNOP00000066206,Cdc45
Robo4,10116.ENSRNOP00000044365,Robo4
Srsf2,10116.ENSRNOP00000059012,Srsf2
Nol12,10116.ENSRNOP00000013764,Nol12
Cdh6,10116.ENSRNOP00000018246,Cdh6
F3,10116.ENSRNOP00000015836,F3
Nt5dc3,10116.ENSRNOP00000036388,Nt5dc3
Mybl2,10116.ENSRNOP00000010343,Mybl2
Hpx,10116.ENSRNOP00000024710,Hpx
Snx10,10116.ENSRNOP00000016265,Snx10
Rpia,10116.ENSRNOP00000007927,Rpia
Sgpl1,10116.ENSRNOP00000070983,Sgpl1
Denr,10116.ENSRNOP00000001467,Denr
Pold2,10116.ENSRNOP00000072093,Pold2
Cstb,10116.ENSRNOP00000001593,Cstb
Nup107,10116.ENSRNOP00000009203,Nup107
Arpc4,10116.ENSRNOP00000011937,Arpc4
Med15,10116.ENSRNOP00000002568,Med15
Hgs,10116.ENSRNOP00000051849,Hgs
Rundc3a,10116.ENSRNOP00000028487,Rundc3a
Cox7a2l,10116.ENSRNOP00000063344,Cox7a2l
Kpna3,10116.ENSRNOP00000032371,Kpna3
Cdc6,10116.ENSRNOP00000071363,Cdc6
Wfdc12,10116.ENSRNOP00000047287,Wfdc12
Tjp2,10116.ENSRNOP00000062549,Tjp2
Il23a,10116.ENSRNOP00000004363,Il23a
Net1,10116.ENSRNOP00000023945,Net1
Arid5a,10116.ENSRNOP00000071542,Arid5a
Epcam,10116.ENSRNOP00000021135,Epcam
Irak3,10116.ENSRNOP00000005686,Irak3
Timd2,10116.ENSRNOP00000056223,Timd2
Epb41l2,10116.ENSRNOP00000058049,Epb41l2
Hapln4,10116.ENSRNOP00000064949,Hapln4
Hmgb2,10116.ENSRNOP00000017635,Hmgb2
Mcm2,10116.ENSRNOP00000022231,Mcm2
Mex3d,10116.ENSRNOP00000047111,Mex3d
Fem1b,10116.ENSRNOP00000009368,Fem1b
Relt,10116.ENSRNOP00000036110,Relt
Hgfac,10116.ENSRNOP00000013257,Hgfac
Adam3a,10116.ENSRNOP00000070106,Adam3a
Zfp275,10116.ENSRNOP00000075303,Zfp275
Gimap9,10116.ENSRNOP00000038150,Gimap9
Abcb4,10116.ENSRNOP00000042556,Abcb4
Tstd3,10116.ENSRNOP00000029537,Tstd3
Mcm7,10116.ENSRNOP00000001825,Mcm7
Mettl16,10116.ENSRNOP00000003750,Mettl16
Tmed9,10116.ENSRNOP00000030668,Tmed9
Psmc5,10116.ENSRNOP00000013997,Psmc5
Amotl2,10116.ENSRNOP00000075540,Amotl2
Bend4,10116.ENSRNOP00000073618,Bend4
Rhbdf2,10116.ENSRNOP00000060138,Rhbdf2
Adgre4,10116.ENSRNOP00000073279,Adgre4
Art4,10116.ENSRNOP00000007485,Art4
Usp28,10116.ENSRNOP00000009724,Usp28
Eps15,10116.ENSRNOP00000059209,Eps15
Rexo2,10116.ENSRNOP00000071290,Rexo2
Angel1,10116.ENSRNOP00000072809,Angel1
Fli1,10116.ENSRNOP00000059605,Fli1
Pkib,10116.ENSRNOP00000001075,Pkib
Fau,10116.ENSRNOP00000028481,Fau
Mfge8,10116.ENSRNOP00000060643,Mfge8
Styx,10116.ENSRNOP00000010612,Styx
Vtcn1,10116.ENSRNOP00000020566,Vtcn1
Chrnb1,10116.ENSRNOP00000019947,Chrnb1
Ifit3,10116.ENSRNOP00000033267,Ifit3
Cldn34a,10116.ENSRNOP00000029885,Cldn34a
Bicd2,10116.ENSRNOP00000069365,Bicd2
Syt7,10116.ENSRNOP00000031195,Syt7
Gja1,10116.ENSRNOP00000001054,Gja1
Cc2d1b,10116.ENSRNOP00000011670,Cc2d1b
Samd9,10116.ENSRNOP00000069645,Samd9
Ezr,10116.ENSRNOP00000046593,Ezr
Sipa1l2,10116.ENSRNOP00000026843,Sipa1l2
Rpl26,10116.ENSRNOP00000071514,Rpl26
Tbxt,10116.ENSRNOP00000016471,Tbxt
Agps,10116.ENSRNOP00000002111,Agps
F2rl2,10116.ENSRNOP00000024292,F2rl2
Casp1,10116.ENSRNOP00000009993,Casp1
S100a11,10116.ENSRNOP00000013393,S100a11
Ppa1,10116.ENSRNOP00000069053,Ppa1
Tmed1,10116.ENSRNOP00000057728,Tmed1
Tkt,10116.ENSRNOP00000021862,Tkt
Fam98a,10116.ENSRNOP00000042004,Fam98a
Pcnx2,10116.ENSRNOP00000038464,Pcnx2
Tpd52l2,10116.ENSRNOP00000020374,Tpd52l2
Simc1,10116.ENSRNOP00000060156,Simc1
Tubb5,10116.ENSRNOP00000075269,Tubb5
Zwilch,10116.ENSRNOP00000012404,Zwilch
Map4,10116.ENSRNOP00000069786,Map4
Cthrc1,10116.ENSRNOP00000006142,Cthrc1
Blnk,10116.ENSRNOP00000019014,Blnk
Pdgfb,10116.ENSRNOP00000023196,Pdgfb
Itpr3,10116.ENSRNOP00000075066,Itpr3
Usp1,10116.ENSRNOP00000010935,Usp1
Ccdc74a,10116.ENSRNOP00000002567,Ccdc74a
Bcl2l1,10116.ENSRNOP00000069758,Bcl2l1
Mcm6,10116.ENSRNOP00000004969,Mcm6
C2cd2,10116.ENSRNOP00000002209,C2cd2
Chmp4bl1,10116.ENSRNOP00000045686,Chmp4bl1
Sf3b3,10116.ENSRNOP00000023854,Sf3b3
Ube2r2,10116.ENSRNOP00000015575,Ube2r2
Cenpt,10116.ENSRNOP00000029297,Cenpt
Gnat1,10116.ENSRNOP00000023791,Gnat1
Fcgr3a,10116.ENSRNOP00000043183,Fcgr3a
Pwp1,10116.ENSRNOP00000007549,Pwp1
Nacc1,10116.ENSRNOP00000071927,Nacc1
Slc2a6,10116.ENSRNOP00000008034,Slc2a6
Tyrobp,10116.ENSRNOP00000028284,Tyrobp
Gabrp,10116.ENSRNOP00000048081,Gabrp
Dtl,10116.ENSRNOP00000005576,Dtl
Pes1,10116.ENSRNOP00000005996,Pes1
Tpm2,10116.ENSRNOP00000022801,Tpm2
Wdr3,10116.ENSRNOP00000026726,Wdr3
Thbs1,10116.ENSRNOP00000069322,Thbs1
Rbbp4,10116.ENSRNOP00000036568,Rbbp4
Aire,10116.ENSRNOP00000001611,Aire
Tuba1b,10116.ENSRNOP00000070868,Tuba1b
Adamts8,10116.ENSRNOP00000007358,Adamts8
Ammecr1,10116.ENSRNOP00000043945,Ammecr1
Fam110a,10116.ENSRNOP00000066725,Fam110a
Ppp1r18,10116.ENSRNOP00000001084,Ppp1r18
Pf4,10116.ENSRNOP00000032276,Pf4
Spsb2,10116.ENSRNOP00000020493,Spsb2
Tmem40,10116.ENSRNOP00000013889,Tmem40
Adrm1,10116.ENSRNOP00000074216,Adrm1
Ctu2,10116.ENSRNOP00000069225,Ctu2
Elmod1,10116.ENSRNOP00000012041,Elmod1
Snrpa1,10116.ENSRNOP00000016758,Snrpa1
Gas2l3,10116.ENSRNOP00000033340,Gas2l3
Ska1,10116.ENSRNOP00000020637,Ska1
Rad17,10116.ENSRNOP00000024801,Rad17
Dapk3,10116.ENSRNOP00000027634,Dapk3
Nat10,10116.ENSRNOP00000012094,Nat10
Bcl7c,10116.ENSRNOP00000025618,Bcl7c
Lyar,10116.ENSRNOP00000073585,Lyar
Rps5,10116.ENSRNOP00000026528,Rps5
Kcnmb1,10116.ENSRNOP00000007393,Kcnmb1
Mmp19,10116.ENSRNOP00000008909,Mmp19
Orai3,10116.ENSRNOP00000025732,Orai3
Snrpa,10116.ENSRNOP00000002053,Snrpa
Exo1,10116.ENSRNOP00000073202,Exo1
Tox4,10116.ENSRNOP00000017476,Tox4
Rps3,10116.ENSRNOP00000023935,Rps3
Rasal2,10116.ENSRNOP00000068634,Rasal2
Micall1,10116.ENSRNOP00000034618,Micall1
Apaf1,10116.ENSRNOP00000010869,Apaf1
Rplp0,10116.ENSRNOP00000001518,Rplp0
Armcx2,10116.ENSRNOP00000030098,Armcx2
Cyp7b1,10116.ENSRNOP00000013116,Cyp7b1
Srp72,10116.ENSRNOP00000002862,Srp72
Syt12,10116.ENSRNOP00000026153,Syt12
Adm,10116.ENSRNOP00000035811,Adm
Zc3h7a,10116.ENSRNOP00000069541,Zc3h7a
Srpk1,10116.ENSRNOP00000075811,Srpk1
Rps25,10116.ENSRNOP00000033144,Rps25
Rap1b,10116.ENSRNOP00000009511,Rap1b
Spp1,10116.ENSRNOP00000062358,Spp1
Cinp,10116.ENSRNOP00000010598,Cinp
Senp2,10116.ENSRNOP00000002425,Senp2
Gng5,10116.ENSRNOP00000021358,Gng5
Mapk8,10116.ENSRNOP00000062048,Mapk8
Med27,10116.ENSRNOP00000019157,Med27
Hat1,10116.ENSRNOP00000002085,Hat1
E2f3,10116.ENSRNOP00000071597,E2f3
Arpc1b,10116.ENSRNOP00000001315,Arpc1b
Znhit6,10116.ENSRNOP00000041785,Znhit6
Pole2,10116.ENSRNOP00000005835,Pole2
Ubxn4,10116.ENSRNOP00000004878,Ubxn4
Hamp,10116.ENSRNOP00000028545,Hamp
Kif13b,10116.ENSRNOP00000074800,Kif13b
Stk35,10116.ENSRNOP00000008071,Stk35
Psmb8,10116.ENSRNOP00000000528,Psmb8
Akip1,10116.ENSRNOP00000018497,Akip1
Svil,10116.ENSRNOP00000025037,Svil
Tmem39a,10116.ENSRNOP00000049087,Tmem39a
Rab13,10116.ENSRNOP00000071741,Rab13
Mcm5,10116.ENSRNOP00000070472,Mcm5
Cep76,10116.ENSRNOP00000034590,Cep76
Inhbb,10116.ENSRNOP00000071390,Inhbb
Ctnna1,10116.ENSRNOP00000008041,Ctnna1
Bak1,10116.ENSRNOP00000000576,Bak1
Grap2,10116.ENSRNOP00000024673,Grap2
Exosc8,10116.ENSRNOP00000073348,Exosc8
Uhrf1,10116.ENSRNOP00000066794,Uhrf1
Krt75,10116.ENSRNOP00000070762,Krt75
Tra2b,10116.ENSRNOP00000002429,Tra2b
Tgfa,10116.ENSRNOP00000054248,Tgfa
Eef1g,10116.ENSRNOP00000027305,Eef1g
Flrt2,10116.ENSRNOP00000004955,Flrt2
Ltbp4,10116.ENSRNOP00000028322,Ltbp4
Ppl,10116.ENSRNOP00000004026,Ppl
C1qbp,10116.ENSRNOP00000031020,C1qbp
Trmt1,10116.ENSRNOP00000003941,Trmt1
Gnao1,10116.ENSRNOP00000026373,Gnao1
Tmsb10,10116.ENSRNOP00000051221,Tmsb10
Cdcp1,10116.ENSRNOP00000006272,Cdcp1
Rnf111,10116.ENSRNOP00000069810,Rnf111
Rbbp8,10116.ENSRNOP00000017291,Rbbp8
Tpm4,10116.ENSRNOP00000021073,Tpm4
Hpf1,10116.ENSRNOP00000015130,Hpf1
Hdac4,10116.ENSRNOP00000027622,Hdac4
Nanos1,10116.ENSRNOP00000033820,Nanos1
G3bp1,10116.ENSRNOP00000018149,G3bp1
Ercc6l,10116.ENSRNOP00000004310,Ercc6l
Psmg4,10116.ENSRNOP00000056879,Psmg4
Ska3,10116.ENSRNOP00000033626,Ska3
Pkp3,10116.ENSRNOP00000020864,Pkp3
Pten,10116.ENSRNOP00000028143,Pten
H2bc1,10116.ENSRNOP00000022630,H2bc1
Col15a1,10116.ENSRNOP00000017217,Col15a1
Eif1ax,10116.ENSRNOP00000008509,Eif1ax
Clec4d,10116.ENSRNOP00000013536,Clec4d
Wdr12,10116.ENSRNOP00000023463,Wdr12
St3gal1,10116.ENSRNOP00000076083,St3gal1
Flot1,10116.ENSRNOP00000071275,Flot1
Dnah8,10116.ENSRNOP00000000651,Dnah8
Atad2,10116.ENSRNOP00000008508,Atad2
Plcd3,10116.ENSRNOP00000004140,Plcd3
Mapk7,10116.ENSRNOP00000054673,Mapk7
Minpp1,10116.ENSRNOP00000015017,Minpp1
Cand1,10116.ENSRNOP00000010720,Cand1
Vsnl1,10116.ENSRNOP00000007609,Vsnl1
Lonp1,10116.ENSRNOP00000066618,Lonp1
Hnrnpab,10116.ENSRNOP00000004885,Hnrnpab
Ooep,10116.ENSRNOP00000066293,Ooep
Sema4b,10116.ENSRNOP00000030864,Sema4b
Zfp511,10116.ENSRNOP00000045081,Zfp511
Cdt1,10116.ENSRNOP00000018923,Cdt1
Txndc9,10116.ENSRNOP00000025098,Txndc9
Ddias,10116.ENSRNOP00000030379,Ddias
Tmem253,10116.ENSRNOP00000057264,Tmem253
Ddx10,10116.ENSRNOP00000017683,Ddx10
Pafah1b1,10116.ENSRNOP00000003696,Pafah1b1
Lacc1,10116.ENSRNOP00000036081,Lacc1
Psmd2,10116.ENSRNOP00000002358,Psmd2
Nelfb,10116.ENSRNOP00000012978,Nelfb
Fam89b,10116.ENSRNOP00000016987,Fam89b
Pim1,10116.ENSRNOP00000000637,Pim1
Plekha3,10116.ENSRNOP00000016132,Plekha3
Apln,10116.ENSRNOP00000005331,Apln
Ptp4a2,10116.ENSRNOP00000064832,Ptp4a2
Aloxe3,10116.ENSRNOP00000010141,Aloxe3
Nfx1,10116.ENSRNOP00000057423,Nfx1
Tent5b,10116.ENSRNOP00000070098,Tent5b
Rad9a,10116.ENSRNOP00000025317,Rad9a
Nr5a2,10116.ENSRNOP00000000812,Nr5a2
Cdk2,10116.ENSRNOP00000032191,Cdk2
Dync1i2,10116.ENSRNOP00000060919,Dync1i2
Ppm1n,10116.ENSRNOP00000069023,Ppm1n
Rmi2,10116.ENSRNOP00000033277,Rmi2
Sh3bgrl3,10116.ENSRNOP00000021734,Sh3bgrl3
Wipi2,10116.ENSRNOP00000001476,Wipi2
Sumo3,10116.ENSRNOP00000001637,Sumo3
Gpn1,10116.ENSRNOP00000006599,Gpn1
Haus6,10116.ENSRNOP00000073222,Haus6
Parp9,10116.ENSRNOP00000033812,Parp9
Tnpo1,10116.ENSRNOP00000020543,Tnpo1
Cd276,10116.ENSRNOP00000049249,Cd276
Crlf1,10116.ENSRNOP00000056846,Crlf1
Sde2,10116.ENSRNOP00000075283,Sde2
Zmym5,10116.ENSRNOP00000041172,Zmym5
Parp3,10116.ENSRNOP00000017224,Parp3
Prim1,10116.ENSRNOP00000062827,Prim1
Cass4,10116.ENSRNOP00000037343,Cass4
Cenpn,10116.ENSRNOP00000050945,Cenpn
Pcgf6,10116.ENSRNOP00000027450,Pcgf6
Sh3d19,10116.ENSRNOP00000076208,Sh3d19
Cdk9,10116.ENSRNOP00000037778,Cdk9
Wnt7a,10116.ENSRNOP00000066101,Wnt7a
Stx1a,10116.ENSRNOP00000040699,Stx1a
H1f1,10116.ENSRNOP00000023054,H1f1
Mcu,10116.ENSRNOP00000067686,Mcu
Rpl7l1,10116.ENSRNOP00000021803,Rpl7l1
Shfl,10116.ENSRNOP00000027949,Shfl
Acot9,10116.ENSRNOP00000005033,Acot9
Abcf1,10116.ENSRNOP00000001049,Abcf1
Gpr153,10116.ENSRNOP00000014444,Gpr153
Zmat3,10116.ENSRNOP00000013858,Zmat3
Dhx15,10116.ENSRNOP00000005126,Dhx15
Adpgk,10116.ENSRNOP00000013022,Adpgk
Itpkc,10116.ENSRNOP00000018696,Itpkc
Spats2l,10116.ENSRNOP00000069610,Spats2l
Map2k4,10116.ENSRNOP00000005293,Map2k4
Mbd1,10116.ENSRNOP00000037640,Mbd1
Irf8,10116.ENSRNOP00000024069,Irf8
Brd7,10116.ENSRNOP00000068771,Brd7
Nipsnap3b,10116.ENSRNOP00000013759,Nipsnap3b
Secisbp2l,10116.ENSRNOP00000011551,Secisbp2l
Phf13,10116.ENSRNOP00000012407,Phf13
Gorab,10116.ENSRNOP00000005148,Gorab
Hprt1,10116.ENSRNOP00000062740,Hprt1
Serpinb6a,10116.ENSRNOP00000024161,Serpinb6a
Hmox1,10116.ENSRNOP00000019192,Hmox1
Tax1bp3,10116.ENSRNOP00000053298,Tax1bp3
Mcm3,10116.ENSRNOP00000017081,Mcm3
Palb2,10116.ENSRNOP00000041446,Palb2
Creb5,10116.ENSRNOP00000036595,Creb5
Sf3b5,10116.ENSRNOP00000019994,Sf3b5
Stard3nl,10116.ENSRNOP00000068597,Stard3nl
Slc44a1,10116.ENSRNOP00000071535,Slc44a1
Slc34a2,10116.ENSRNOP00000050889,Slc34a2
Rpl22l1,10116.ENSRNOP00000015756,Rpl22l1
Hsd17b6,10116.ENSRNOP00000003498,Hsd17b6
Rpl10a,10116.ENSRNOP00000000603,Rpl10a
Acp4,10116.ENSRNOP00000075674,Acp4
Tgfb1,10116.ENSRNOP00000028051,Tgfb1
RT1-CE4,10116.ENSRNOP00000059471,RT1-CE4
Rnd3,10116.ENSRNOP00000006111,Rnd3
Ift43,10116.ENSRNOP00000013560,Ift43
Camk2g,10116.ENSRNOP00000061233,Camk2g
Fkbp4,10116.ENSRNOP00000008737,Fkbp4
Foxj3,10116.ENSRNOP00000069938,Foxj3
Fcrl2,10116.ENSRNOP00000021938,Fcrl2
Ftl1,10116.ENSRNOP00000028315,Ftl1
Xrcc3,10116.ENSRNOP00000016208,Xrcc3
Mrpl21,10116.ENSRNOP00000018848,Mrpl21
Fus,10116.ENSRNOP00000033029,Fus
Trappc2l,10116.ENSRNOP00000019740,Trappc2l
Calcb,10116.ENSRNOP00000014764,Calcb
Zbtb38,10116.ENSRNOP00000067350,Zbtb38
Ddx49,10116.ENSRNOP00000004891,Ddx49
Kcnd1,10116.ENSRNOP00000011994,Kcnd1
Cmklr1,10116.ENSRNOP00000000893,Cmklr1
Lcat,10116.ENSRNOP00000026583,Lcat
Haus8,10116.ENSRNOP00000071943,Haus8
Ppdpf,10116.ENSRNOP00000017319,Ppdpf
Nol9,10116.ENSRNOP00000013535,Nol9
Nufip2,10116.ENSRNOP00000031472,Nufip2
Gfod2,10116.ENSRNOP00000024197,Gfod2
Tapbpl,10116.ENSRNOP00000038874,Tapbpl
Chtf18,10116.ENSRNOP00000026139,Chtf18
RT1-CE7,10116.ENSRNOP00000057830,RT1-CE7
Sertad1,10116.ENSRNOP00000028451,Sertad1
Tuba1a,10116.ENSRNOP00000075232,Tuba1a
Mms22l,10116.ENSRNOP00000009545,Mms22l
Reep5,10116.ENSRNOP00000027345,Reep5
St3gal4,10116.ENSRNOP00000013243,St3gal4
Cenpk,10116.ENSRNOP00000057684,Cenpk
Dusp9,10116.ENSRNOP00000070655,Dusp9
Diaph3,10116.ENSRNOP00000012167,Diaph3
Rbbp7,10116.ENSRNOP00000062148,Rbbp7
Utp4,10116.ENSRNOP00000027553,Utp4
Sema6b,10116.ENSRNOP00000067668,Sema6b
Dbnl,10116.ENSRNOP00000017375,Dbnl
Tmem43,10116.ENSRNOP00000010895,Tmem43
Fam111a,10116.ENSRNOP00000016152,Fam111a
Cul2,10116.ENSRNOP00000074075,Cul2
Txndc5,10116.ENSRNOP00000018310,Txndc5
Il4r,10116.ENSRNOP00000020994,Il4r
Elf3,10116.ENSRNOP00000008753,Elf3
Emc8,10116.ENSRNOP00000023855,Emc8
Polr3d,10116.ENSRNOP00000013390,Polr3d
Gpr132,10116.ENSRNOP00000018613,Gpr132
Gpat4,10116.ENSRNOP00000024392,Gpat4
Tmcc2,10116.ENSRNOP00000000036,Tmcc2
Srsf12,10116.ENSRNOP00000072223,Srsf12
Smarca5,10116.ENSRNOP00000024568,Smarca5
Usp31,10116.ENSRNOP00000072390,Usp31
Creb3,10116.ENSRNOP00000072482,Creb3
Setd5,10116.ENSRNOP00000059211,Setd5
Des,10116.ENSRNOP00000026860,Des
B4galnt4,10116.ENSRNOP00000069694,B4galnt4
Dennd5a,10116.ENSRNOP00000017485,Dennd5a
Gtf2f1,10116.ENSRNOP00000064830,Gtf2f1
Ube2i,10116.ENSRNOP00000024406,Ube2i
Serpinh1,10116.ENSRNOP00000022983,Serpinh1
Bach1,10116.ENSRNOP00000071976,Bach1
Sec61a1,10116.ENSRNOP00000018455,Sec61a1
Tigd3,10116.ENSRNOP00000035812,Tigd3
Rcan1,10116.ENSRNOP00000002715,Rcan1
Rpl19,10116.ENSRNOP00000006359,Rpl19
Tipin,10116.ENSRNOP00000059833,Tipin
Ccne2,10116.ENSRNOP00000010696,Ccne2
Plk5,10116.ENSRNOP00000051194,Plk5
Armcx4,10116.ENSRNOP00000051224,Armcx4
Steap1,10116.ENSRNOP00000000018,Steap1
Chaf1b,10116.ENSRNOP00000002299,Chaf1b
Xpo6,10116.ENSRNOP00000022502,Xpo6
Plrg1,10116.ENSRNOP00000009112,Plrg1
Ifitm3,10116.ENSRNOP00000020265,Ifitm3
Rps4x,10116.ENSRNOP00000043988,Rps4x
Tnfrsf9,10116.ENSRNOP00000052371,Tnfrsf9
Ddx47,10116.ENSRNOP00000011096,Ddx47
Slc7a6os,10116.ENSRNOP00000027200,Slc7a6os
Gnai3,10116.ENSRNOP00000026710,Gnai3
Ptprc,10116.ENSRNOP00000063859,Ptprc
Mapk10,10116.ENSRNOP00000075846,Mapk10
Pkmyt1,10116.ENSRNOP00000004936,Pkmyt1
E2f4,10116.ENSRNOP00000021145,E2f4
Nsd2,10116.ENSRNOP00000021952,Nsd2
Pclaf,10116.ENSRNOP00000022256,Pclaf
Hspa12b,10116.ENSRNOP00000028856,Hspa12b
Zdhhc13,10116.ENSRNOP00000019175,Zdhhc13
Sema4a,10116.ENSRNOP00000053704,Sema4a
Tasor2,10116.ENSRNOP00000051465,Tasor2
Cbr3,10116.ENSRNOP00000002310,Cbr3
Lgals3,10116.ENSRNOP00000070344,Lgals3
Rpl32,10116.ENSRNOP00000014493,Rpl32
Fsd1,10116.ENSRNOP00000065407,Fsd1
Vps72,10116.ENSRNOP00000028625,Vps72
Gins2,10116.ENSRNOP00000023709,Gins2
Ist1,10116.ENSRNOP00000020365,Ist1
Akt1,10116.ENSRNOP00000038369,Akt1
Alkbh1,10116.ENSRNOP00000062185,Alkbh1
Junb,10116.ENSRNOP00000061729,Junb
Cfap157,10116.ENSRNOP00000020660,Cfap157
Nup62,10116.ENSRNOP00000067556,Nup62
Enoph1,10116.ENSRNOP00000003083,Enoph1
Poglut3,10116.ENSRNOP00000009497,Poglut3
Asf1b,10116.ENSRNOP00000006964,Asf1b
U2af2,10116.ENSRNOP00000021392,U2af2
Psmb9,10116.ENSRNOP00000000532,Psmb9
Hnrnpul2,10116.ENSRNOP00000026416,Hnrnpul2
Paf1,10116.ENSRNOP00000026778,Paf1
Ankrd65,10116.ENSRNOP00000060539,Ankrd65
Efemp2,10116.ENSRNOP00000072344,Efemp2
Manbal,10116.ENSRNOP00000050480,Manbal
Skp2,10116.ENSRNOP00000074788,Skp2
Brsk1,10116.ENSRNOP00000033679,Brsk1
Dok5,10116.ENSRNOP00000017654,Dok5
Serpinb9,10116.ENSRNOP00000022194,Serpinb9
Kntc1,10116.ENSRNOP00000063431,Kntc1
Chid1,10116.ENSRNOP00000072589,Chid1
Tspan31,10116.ENSRNOP00000036976,Tspan31
Hmgn2,10116.ENSRNOP00000074978,Hmgn2
Sirt6,10116.ENSRNOP00000008758,Sirt6
Nrarp,10116.ENSRNOP00000058835,Nrarp
Cavin1,10116.ENSRNOP00000026783,Cavin1
Cap1,10116.ENSRNOP00000018711,Cap1
Katna1,10116.ENSRNOP00000020417,Katna1
Cnih2,10116.ENSRNOP00000027421,Cnih2
Lsm14a,10116.ENSRNOP00000030800,Lsm14a
Sema4c,10116.ENSRNOP00000021956,Sema4c
Clstn3,10116.ENSRNOP00000015570,Clstn3
Actr3,10116.ENSRNOP00000071780,Actr3
Tex30,10116.ENSRNOP00000015600,Tex30
Bpifb1,10116.ENSRNOP00000052209,Bpifb1
Prl5a1,10116.ENSRNOP00000021982,Prl5a1
Cchcr1,10116.ENSRNOP00000067117,Cchcr1
Ogfrl1,10116.ENSRNOP00000019062,Ogfrl1
Pgm2,10116.ENSRNOP00000002977,Pgm2
Mrps18b,10116.ENSRNOP00000001058,Mrps18b
Impact,10116.ENSRNOP00000064200,Impact
Trex1,10116.ENSRNOP00000034541,Trex1
Cdca2,10116.ENSRNOP00000038312,Cdca2
Psmc3,10116.ENSRNOP00000015757,Psmc3
Alox15,10116.ENSRNOP00000026038,Alox15
Sf3a1,10116.ENSRNOP00000008355,Sf3a1
Kpna1,10116.ENSRNOP00000071569,Kpna1
Krt4,10116.ENSRNOP00000012943,Krt4
Atp10a,10116.ENSRNOP00000069976,Atp10a
Mybpc2,10116.ENSRNOP00000062025,Mybpc2
Elk3,10116.ENSRNOP00000005911,Elk3
Sh3gl1,10116.ENSRNOP00000066789,Sh3gl1
Gnb2,10116.ENSRNOP00000001911,Gnb2
Cd72,10116.ENSRNOP00000057186,Cd72
Lmnb1,10116.ENSRNOP00000019351,Lmnb1
Hpse,10116.ENSRNOP00000002983,Hpse
Dcp1a,10116.ENSRNOP00000021473,Dcp1a
Sstr3,10116.ENSRNOP00000009612,Sstr3
Sec61g,10116.ENSRNOP00000006906,Sec61g
Yap1,10116.ENSRNOP00000008074,Yap1
Rpl15,10116.ENSRNOP00000010759,Rpl15
Zdhhc5,10116.ENSRNOP00000009708,Zdhhc5
Ttll4,10116.ENSRNOP00000023067,Ttll4
Cnot9,10116.ENSRNOP00000021548,Cnot9
Arhgdia,10116.ENSRNOP00000051840,Arhgdia
Ctsz,10116.ENSRNOP00000066523,Ctsz
Fxyd5,10116.ENSRNOP00000028597,Fxyd5
Pask,10116.ENSRNOP00000022748,Pask
Lsm11,10116.ENSRNOP00000007267,Lsm11
Rrn3,10116.ENSRNOP00000074735,Rrn3
Ncdn,10116.ENSRNOP00000016229,Ncdn
Cenpb,10116.ENSRNOP00000075557,Cenpb
Sae1,10116.ENSRNOP00000020402,Sae1
Wdr75,10116.ENSRNOP00000074925,Wdr75
Tifa,10116.ENSRNOP00000072333,Tifa
Rgs19,10116.ENSRNOP00000022451,Rgs19
Bag1,10116.ENSRNOP00000011455,Bag1
Orc2,10116.ENSRNOP00000042867,Orc2
Cd2bp2,10116.ENSRNOP00000023285,Cd2bp2
Phox2b,10116.ENSRNOP00000070623,Phox2b
Smarcb1,10116.ENSRNOP00000034916,Smarcb1
Sec23ip,10116.ENSRNOP00000027665,Sec23ip
Hectd2,10116.ENSRNOP00000068974,Hectd2
Shmt2,10116.ENSRNOP00000011082,Shmt2
Slain1,10116.ENSRNOP00000061269,Slain1
Septin7,10116.ENSRNOP00000059464,Septin7
Rdm1,10116.ENSRNOP00000028174,Rdm1
Mab21l4,10116.ENSRNOP00000070129,Mab21l4
Hrob,10116.ENSRNOP00000075073,Hrob
Kcnk13,10116.ENSRNOP00000067310,Kcnk13
Map3k7,10116.ENSRNOP00000007654,Map3k7
Limk1,10116.ENSRNOP00000073078,Limk1
Atad3a,10116.ENSRNOP00000046842,Atad3a
Ppp4c,10116.ENSRNOP00000026909,Ppp4c
Dysf,10116.ENSRNOP00000074138,Dysf
Abhd17b,10116.ENSRNOP00000047508,Abhd17b
Serbp1,10116.ENSRNOP00000009503,Serbp1
Rplp0l1,10116.ENSRNOP00000046157,Rplp0l1
Mmp9,10116.ENSRNOP00000023965,Mmp9
Tbc1d20,10116.ENSRNOP00000008713,Tbc1d20
Bola2,10116.ENSRNOP00000066485,Bola2
Eef2,10116.ENSRNOP00000041821,Eef2
Mcm10,10116.ENSRNOP00000024178,Mcm10
Sf3a2,10116.ENSRNOP00000026202,Sf3a2
Atxn2l,10116.ENSRNOP00000070616,Atxn2l
Cd52,10116.ENSRNOP00000020688,Cd52
Hk3,10116.ENSRNOP00000068888,Hk3
Mtbp,10116.ENSRNOP00000005887,Mtbp
Coq8b,10116.ENSRNOP00000028290,Coq8b
Ubap2,10116.ENSRNOP00000070670,Ubap2
Ccnc,10116.ENSRNOP00000011442,Ccnc
Ccna2,10116.ENSRNOP00000021156,Ccna2
Map3k20,10116.ENSRNOP00000002068,Map3k20
Plk4,10116.ENSRNOP00000016946,Plk4
Slc39a6,10116.ENSRNOP00000075595,Slc39a6
Prpf31,10116.ENSRNOP00000072903,Prpf31
Hist1h2ah,10116.ENSRNOP00000013790,Hist1h2ah
Rpl7,10116.ENSRNOP00000009431,Rpl7
Cacna1h,10116.ENSRNOP00000042239,Cacna1h
Il27,10116.ENSRNOP00000025950,Il27
Rbm18,10116.ENSRNOP00000009706,Rbm18
Spryd3,10116.ENSRNOP00000052188,Spryd3
Reg3g,10116.ENSRNOP00000008665,Reg3g
Mad2l1,10116.ENSRNOP00000007285,Mad2l1
Lhx6,10116.ENSRNOP00000008817,Lhx6
Tuba4a,10116.ENSRNOP00000004797,Tuba4a
Psmc2,10116.ENSRNOP00000016450,Psmc2
Gmfg,10116.ENSRNOP00000026891,Gmfg
Faslg,10116.ENSRNOP00000003998,Faslg
Donson,10116.ENSRNOP00000058017,Donson
Tlr2,10116.ENSRNOP00000013025,Tlr2
Rac1,10116.ENSRNOP00000001417,Rac1
Btbd19,10116.ENSRNOP00000062687,Btbd19
Mboat1,10116.ENSRNOP00000034823,Mboat1
Prkx,10116.ENSRNOP00000072103,Prkx
Hk2,10116.ENSRNOP00000008813,Hk2
Kcnk7,10116.ENSRNOP00000028197,Kcnk7
Wfdc2,10116.ENSRNOP00000019804,Wfdc2
Amigo2,10116.ENSRNOP00000009199,Amigo2
Pdgfrb,10116.ENSRNOP00000060534,Pdgfrb
Nup155,10116.ENSRNOP00000074340,Nup155
Atp1a3,10116.ENSRNOP00000027497,Atp1a3
Fermt2,10116.ENSRNOP00000069828,Fermt2
Map3k14,10116.ENSRNOP00000004532,Map3k14
Acp1,10116.ENSRNOP00000072548,Acp1
Itgal,10116.ENSRNOP00000024404,Itgal
Synj2,10116.ENSRNOP00000059744,Synj2
Pole,10116.ENSRNOP00000058920,Pole
Gemin5,10116.ENSRNOP00000050493,Gemin5
Dnph1,10116.ENSRNOP00000024815,Dnph1
Scara3,10116.ENSRNOP00000022015,Scara3
Wdhd1,10116.ENSRNOP00000015100,Wdhd1
Emd,10116.ENSRNOP00000075584,Emd
Mei1,10116.ENSRNOP00000009428,Mei1
Kcnk18,10116.ENSRNOP00000039866,Kcnk18
Utp6,10116.ENSRNOP00000019044,Utp6
Tgif2,10116.ENSRNOP00000059063,Tgif2
Acap2,10116.ENSRNOP00000073162,Acap2
Tmem181,10116.ENSRNOP00000059824,Tmem181
Ttll12,10116.ENSRNOP00000038639,Ttll12
Ptma,10116.ENSRNOP00000025093,Ptma
Pold1,10116.ENSRNOP00000026797,Pold1
Pigm,10116.ENSRNOP00000010551,Pigm
Ccnf,10116.ENSRNOP00000060445,Ccnf
Arpc1a,10116.ENSRNOP00000001319,Arpc1a
Ncaph2,10116.ENSRNOP00000073049,Ncaph2
Cd300c2,10116.ENSRNOP00000065726,Cd300c2
B4galt1,10116.ENSRNOP00000069825,B4galt1
Tigar,10116.ENSRNOP00000074722,Tigar
Hells,10116.ENSRNOP00000064061,Hells
Clec1a,10116.ENSRNOP00000069193,Clec1a
Add2,10116.ENSRNOP00000021491,Add2
Alas2,10116.ENSRNOP00000000180,Alas2
Ncf4,10116.ENSRNOP00000009544,Ncf4
Jph2,10116.ENSRNOP00000010938,Jph2
Zfp296,10116.ENSRNOP00000064037,Zfp296
Parvg,10116.ENSRNOP00000070638,Parvg
Bmp1,10116.ENSRNOP00000040287,Bmp1
Atad5,10116.ENSRNOP00000028975,Atad5
Wfdc17,10116.ENSRNOP00000003376,Wfdc17
Pcdh18,10116.ENSRNOP00000013343,Pcdh18
S100a16,10116.ENSRNOP00000016499,S100a16
Slc6a9,10116.ENSRNOP00000070161,Slc6a9
Ucma,10116.ENSRNOP00000063022,Ucma
Dhx38,10116.ENSRNOP00000019810,Dhx38
Anln,10116.ENSRNOP00000019601,Anln
Fgr,10116.ENSRNOP00000013779,Fgr
Adnp2,10116.ENSRNOP00000068569,Adnp2
Nup58,10116.ENSRNOP00000017204,Nup58
Rgma,10116.ENSRNOP00000061067,Rgma
Wdr64,10116.ENSRNOP00000061354,Wdr64
Slc41a2,10116.ENSRNOP00000011572,Slc41a2
Gsdmd,10116.ENSRNOP00000067951,Gsdmd
Crim1,10116.ENSRNOP00000005983,Crim1
Dnajc2,10116.ENSRNOP00000016909,Dnajc2
Kcns3,10116.ENSRNOP00000006499,Kcns3
Ggt7,10116.ENSRNOP00000025315,Ggt7
Gabra5,10116.ENSRNOP00000014573,Gabra5
E2f1,10116.ENSRNOP00000022428,E2f1
Nelfe,10116.ENSRNOP00000000478,Nelfe
Csnk1e,10116.ENSRNOP00000018126,Csnk1e
Abl1,10116.ENSRNOP00000044534,Abl1
Timeless,10116.ENSRNOP00000070516,Timeless
Srsf4,10116.ENSRNOP00000013301,Srsf4
Gse1,10116.ENSRNOP00000023607,Gse1
Ltv1,10116.ENSRNOP00000020453,Ltv1
Fam124b,10116.ENSRNOP00000065080,Fam124b
Prmt7,10116.ENSRNOP00000075738,Prmt7
Prrg1,10116.ENSRNOP00000063292,Prrg1
Psmd13,10116.ENSRNOP00000019642,Psmd13
Sirpa,10116.ENSRNOP00000069024,Sirpa
Sapcd2,10116.ENSRNOP00000017466,Sapcd2
Rac2,10116.ENSRNOP00000009994,Rac2
Smyd2,10116.ENSRNOP00000004783,Smyd2
Sfpq,10116.ENSRNOP00000074636,Sfpq
Pola1,10116.ENSRNOP00000018147,Pola1
Lmo1,10116.ENSRNOP00000072872,Lmo1
Blm,10116.ENSRNOP00000015065,Blm
Sh2d4a,10116.ENSRNOP00000018543,Sh2d4a
Kcnh2,10116.ENSRNOP00000013800,Kcnh2
Nppc,10116.ENSRNOP00000025582,Nppc
Elk4,10116.ENSRNOP00000059567,Elk4
Malsu1,10116.ENSRNOP00000011971,Malsu1
Rbm14,10116.ENSRNOP00000066778,Rbm14
Trpv3,10116.ENSRNOP00000026596,Trpv3
Plat,10116.ENSRNOP00000025764,Plat
Ddit4l,10116.ENSRNOP00000013661,Ddit4l
Spns2,10116.ENSRNOP00000068809,Spns2
Timm50,10116.ENSRNOP00000053926,Timm50
Cenpi,10116.ENSRNOP00000041317,Cenpi
Nrm,10116.ENSRNOP00000001085,Nrm
Pknox1,10116.ENSRNOP00000001566,Pknox1
Cck,10116.ENSRNOP00000026159,Cck
Brd4,10116.ENSRNOP00000008963,Brd4
Prrc1,10116.ENSRNOP00000022021,Prrc1
Meltf,10116.ENSRNOP00000002373,Meltf
Gorasp2,10116.ENSRNOP00000072730,Gorasp2
Rpl13a,10116.ENSRNOP00000027976,Rpl13a
Necab2,10116.ENSRNOP00000020341,Necab2
Tbce,10116.ENSRNOP00000071747,Tbce
Pola2,10116.ENSRNOP00000028406,Pola2
Hspa1a,10116.ENSRNOP00000067749,Hspa1a
Parn,10116.ENSRNOP00000072539,Parn
Disp1,10116.ENSRNOP00000004834,Disp1
Prrx1,10116.ENSRNOP00000004950,Prrx1
Cers5,10116.ENSRNOP00000074498,Cers5
Psmb10,10116.ENSRNOP00000026462,Psmb10
Nqo1,10116.ENSRNOP00000017175,Nqo1
Gp1ba,10116.ENSRNOP00000053510,Gp1ba
Nol3,10116.ENSRNOP00000020908,Nol3
Cebpb,10116.ENSRNOP00000071427,Cebpb
P2ry10,10116.ENSRNOP00000046594,P2ry10
Slc30a7,10116.ENSRNOP00000019172,Slc30a7
Psma5,10116.ENSRNOP00000026928,Psma5
Ice1,10116.ENSRNOP00000058589,Ice1
Fignl1,10116.ENSRNOP00000005857,Fignl1
Tfam,10116.ENSRNOP00000000753,Tfam
Kif3a,10116.ENSRNOP00000009999,Kif3a
Cald1,10116.ENSRNOP00000068857,Cald1
Tfdp1,10116.ENSRNOP00000070337,Tfdp1
Selenoi,10116.ENSRNOP00000073379,Selenoi
Snrpd3,10116.ENSRNOP00000065967,Snrpd3
Resf1,10116.ENSRNOP00000052305,Resf1
Bspry,10116.ENSRNOP00000020366,Bspry
Tmem222,10116.ENSRNOP00000011357,Tmem222
Arpc2,10116.ENSRNOP00000019265,Arpc2
Dis3,10116.ENSRNOP00000029411,Dis3
Ccl7,10116.ENSRNOP00000000256,Ccl7
Ttk,10116.ENSRNOP00000072355,Ttk
Cpne8,10116.ENSRNOP00000037093,Cpne8
Selp,10116.ENSRNOP00000068338,Selp
Bag5,10116.ENSRNOP00000071757,Bag5
Cep170b,10116.ENSRNOP00000033816,Cep170b
Map3k2,10116.ENSRNOP00000057715,Map3k2
Cd80,10116.ENSRNOP00000002089,Cd80
Cmtm2a,10116.ENSRNOP00000058363,Cmtm2a
Tcp11,10116.ENSRNOP00000039755,Tcp11
Micu2,10116.ENSRNOP00000015233,Micu2
Grk2,10116.ENSRNOP00000025847,Grk2
Tor1aip2,10116.ENSRNOP00000039176,Tor1aip2
Hspb1,10116.ENSRNOP00000032902,Hspb1
Lsm3,10116.ENSRNOP00000011557,Lsm3
Psip1,10116.ENSRNOP00000016130,Psip1
Cxcr2,10116.ENSRNOP00000019109,Cxcr2
Lrr1,10116.ENSRNOP00000005595,Lrr1
Brip1,10116.ENSRNOP00000072934,Brip1
Galnt12,10116.ENSRNOP00000011112,Galnt12
Hif1a,10116.ENSRNOP00000042230,Hif1a
Syne3,10116.ENSRNOP00000036723,Syne3
Sesn3,10116.ENSRNOP00000011008,Sesn3
Bex1,10116.ENSRNOP00000039471,Bex1
Cdyl2,10116.ENSRNOP00000058951,Cdyl2
Rfc3,10116.ENSRNOP00000001444,Rfc3
Mrps18c,10116.ENSRNOP00000002962,Mrps18c
Nos3,10116.ENSRNOP00000013058,Nos3
Ccdc102a,10116.ENSRNOP00000035778,Ccdc102a
Prickle1,10116.ENSRNOP00000031476,Prickle1
Kirrel1,10116.ENSRNOP00000033900,Kirrel1
Sp140,10116.ENSRNOP00000071192,Sp140
Slc2a2,10116.ENSRNOP00000015866,Slc2a2
Rrp1,10116.ENSRNOP00000001597,Rrp1
Arih1,10116.ENSRNOP00000013581,Arih1
Dr1,10116.ENSRNOP00000064336,Dr1
Dkk4,10116.ENSRNOP00000026067,Dkk4
Rbm17,10116.ENSRNOP00000025550,Rbm17
Prss16,10116.ENSRNOP00000071941,Prss16
Nsmce1,10116.ENSRNOP00000051912,Nsmce1
Dsg3,10116.ENSRNOP00000072153,Dsg3
Msn,10116.ENSRNOP00000068359,Msn
Hjurp,10116.ENSRNOP00000040906,Hjurp
Nop16,10116.ENSRNOP00000023320,Nop16
Prr13,10116.ENSRNOP00000048789,Prr13
Rab8b,10116.ENSRNOP00000024287,Rab8b
Snrnp40,10116.ENSRNOP00000016325,Snrnp40
Gpn2,10116.ENSRNOP00000009275,Gpn2
Lcp1,10116.ENSRNOP00000071263,Lcp1
Snai1,10116.ENSRNOP00000012939,Snai1
Farsa,10116.ENSRNOP00000004370,Farsa
Nxph3,10116.ENSRNOP00000007133,Nxph3
Gnb4,10116.ENSRNOP00000074669,Gnb4
Nudcd2,10116.ENSRNOP00000069725,Nudcd2
Naf1,10116.ENSRNOP00000031163,Naf1
Chaf1a,10116.ENSRNOP00000063994,Chaf1a
Trh,10116.ENSRNOP00000015944,Trh
Fpgs,10116.ENSRNOP00000064076,Fpgs
Rpl3,10116.ENSRNOP00000060662,Rpl3
Bco1,10116.ENSRNOP00000016880,Bco1
Ehbp1l1,10116.ENSRNOP00000073917,Ehbp1l1
Ccnd2,10116.ENSRNOP00000073319,Ccnd2
Cavin3,10116.ENSRNOP00000024119,Cavin3
Rps29,10116.ENSRNOP00000005577,Rps29
Tnpo3,10116.ENSRNOP00000040222,Tnpo3
Syt13,10116.ENSRNOP00000011459,Syt13
Hmgb1,10116.ENSRNOP00000069851,Hmgb1
Uba1,10116.ENSRNOP00000033950,Uba1
Esco2,10116.ENSRNOP00000068247,Esco2
Rapgef6,10116.ENSRNOP00000013481,Rapgef6
Shq1,10116.ENSRNOP00000054569,Shq1
Ern1,10116.ENSRNOP00000072244,Ern1
Slc41a3,10116.ENSRNOP00000071826,Slc41a3
Gngt2,10116.ENSRNOP00000008011,Gngt2
Tnfrsf1b,10116.ENSRNOP00000022478,Tnfrsf1b
Kif22,10116.ENSRNOP00000027525,Kif22
Cdca5,10116.ENSRNOP00000064620,Cdca5
Celf1,10116.ENSRNOP00000014484,Celf1
Mki67,10116.ENSRNOP00000038727,Mki67
Pkia,10116.ENSRNOP00000016567,Pkia
Il33,10116.ENSRNOP00000022056,Il33
Rab5if,10116.ENSRNOP00000027539,Rab5if
Itgb3bp,10116.ENSRNOP00000012947,Itgb3bp
Arrdc1,10116.ENSRNOP00000010169,Arrdc1
Thbd,10116.ENSRNOP00000006200,Thbd
Tedc2,10116.ENSRNOP00000046320,Tedc2
Pfn1,10116.ENSRNOP00000005370,Pfn1
Ereg,10116.ENSRNOP00000003716,Ereg
Hnrnpa2b1,10116.ENSRNOP00000015152,Hnrnpa2b1
Tubgcp2,10116.ENSRNOP00000024573,Tubgcp2
Dcx,10116.ENSRNOP00000065381,Dcx
Camkk2,10116.ENSRNOP00000001774,Camkk2
Spdl1,10116.ENSRNOP00000009648,Spdl1
Ankrd50,10116.ENSRNOP00000043031,Ankrd50
Tent2,10116.ENSRNOP00000016135,Tent2
Glipr1,10116.ENSRNOP00000005399,Glipr1
Prkch,10116.ENSRNOP00000006729,Prkch
RT1-T24-4,10116.ENSRNOP00000043387,RT1-T24-4
Krt80,10116.ENSRNOP00000038848,Krt80
Nav3,10116.ENSRNOP00000070987,Nav3
Egfl7,10116.ENSRNOP00000026318,Egfl7
Rwdd4,10116.ENSRNOP00000073640,Rwdd4
Vav1,10116.ENSRNOP00000064264,Vav1
Psmd12,10116.ENSRNOP00000004283,Psmd12
Tspan8,10116.ENSRNOP00000005909,Tspan8
Nedd1,10116.ENSRNOP00000005463,Nedd1
Cmas,10116.ENSRNOP00000018734,Cmas
Lbr,10116.ENSRNOP00000069002,Lbr
Kctd10,10116.ENSRNOP00000065635,Kctd10
Psmd4,10116.ENSRNOP00000028589,Psmd4
S100a6,10116.ENSRNOP00000015612,S100a6
Pak6,10116.ENSRNOP00000075254,Pak6
Brca1,10116.ENSRNOP00000072366,Brca1
Ankrd52,10116.ENSRNOP00000045243,Ankrd52
Mfsd12,10116.ENSRNOP00000057905,Mfsd12
B4galt2,10116.ENSRNOP00000026591,B4galt2
Bud23,10116.ENSRNOP00000047461,Bud23
Xpo4,10116.ENSRNOP00000013902,Xpo4
Ptpn13,10116.ENSRNOP00000057876,Ptpn13
Capn2,10116.ENSRNOP00000046509,Capn2
Isy1,10116.ENSRNOP00000013571,Isy1
Cpsf2,10116.ENSRNOP00000075209,Cpsf2
Acat2,10116.ENSRNOP00000069035,Acat2
H2ac20,10116.ENSRNOP00000040177,H2ac20
Ppm1j,10116.ENSRNOP00000016833,Ppm1j
Espl1,10116.ENSRNOP00000017314,Espl1
Dnaaf5,10116.ENSRNOP00000035454,Dnaaf5
Nol10,10116.ENSRNOP00000007169,Nol10
Slirp,10116.ENSRNOP00000016479,Slirp
Cxcr6,10116.ENSRNOP00000008294,Cxcr6
Gadd45a,10116.ENSRNOP00000007698,Gadd45a
Rcan3,10116.ENSRNOP00000025052,Rcan3
Gart,10116.ENSRNOP00000033253,Gart
Polr1a,10116.ENSRNOP00000013587,Polr1a
Gdap1,10116.ENSRNOP00000007994,Gdap1
Ndc80,10116.ENSRNOP00000072111,Ndc80
Lto1,10116.ENSRNOP00000028374,Lto1
Hdx,10116.ENSRNOP00000054189,Hdx
Wdr18,10116.ENSRNOP00000016733,Wdr18
Smc4,10116.ENSRNOP00000013931,Smc4
Ece1,10116.ENSRNOP00000062928,Ece1
Rtn4,10116.ENSRNOP00000006443,Rtn4
Tmsb4x,10116.ENSRNOP00000066062,Tmsb4x
Katnb1,10116.ENSRNOP00000019770,Katnb1
Mta1,10116.ENSRNOP00000006521,Mta1
Gnb1,10116.ENSRNOP00000044340,Gnb1
Dscc1,10116.ENSRNOP00000038101,Dscc1
Trim66,10116.ENSRNOP00000019368,Trim66
Nrp2,10116.ENSRNOP00000047206,Nrp2
Rhoa,10116.ENSRNOP00000066672,Rhoa
Rrm2,10116.ENSRNOP00000073334,Rrm2
Clec2d,10116.ENSRNOP00000010098,Clec2d
Fdx2,10116.ENSRNOP00000028127,Fdx2
Cdc37,10116.ENSRNOP00000051248,Cdc37
Gpr75,10116.ENSRNOP00000029471,Gpr75
Nus1,10116.ENSRNOP00000000467,Nus1
Irf2bpl,10116.ENSRNOP00000064525,Irf2bpl
Lrrc10b,10116.ENSRNOP00000048468,Lrrc10b
Galr2,10116.ENSRNOP00000073780,Galr2
Rhog,10116.ENSRNOP00000027641,Rhog
Cmtm7,10116.ENSRNOP00000014861,Cmtm7
Fkbp10,10116.ENSRNOP00000022029,Fkbp10
Hmgb3,10116.ENSRNOP00000015044,Hmgb3
Pdlim2,10116.ENSRNOP00000011663,Pdlim2
Muc19,10116.ENSRNOP00000063958,Muc19
Krtcap2,10116.ENSRNOP00000067934,Krtcap2
Cmtr2,10116.ENSRNOP00000022952,Cmtr2
Ppih,10116.ENSRNOP00000059353,Ppih
Sh3bp5l,10116.ENSRNOP00000074044,Sh3bp5l
Cdc25a,10116.ENSRNOP00000028141,Cdc25a
Col7a1,10116.ENSRNOP00000027994,Col7a1
Pea15,10116.ENSRNOP00000064962,Pea15
Hdac1l,10116.ENSRNOP00000018423,Hdac1l
Dhx37,10116.ENSRNOP00000038631,Dhx37
Nfam1,10116.ENSRNOP00000030943,Nfam1
Apol9a,10116.ENSRNOP00000036679,Apol9a
Bex4,10116.ENSRNOP00000069517,Bex4
Klf5,10116.ENSRNOP00000054653,Klf5
Rpp30,10116.ENSRNOP00000025413,Rpp30
Rap1gds1,10116.ENSRNOP00000071795,Rap1gds1
Gpr19,10116.ENSRNOP00000009341,Gpr19
Acsl5,10116.ENSRNOP00000022126,Acsl5
Adam17,10116.ENSRNOP00000073012,Adam17
Srp68,10116.ENSRNOP00000028875,Srp68
Thumpd3,10116.ENSRNOP00000009464,Thumpd3
Orai1,10116.ENSRNOP00000001806,Orai1
Rtraf,10116.ENSRNOP00000070052,Rtraf
Krr1,10116.ENSRNOP00000059249,Krr1
Dazap1,10116.ENSRNOP00000046032,Dazap1
Tfpi2,10116.ENSRNOP00000013989,Tfpi2
Atf6b,10116.ENSRNOP00000000492,Atf6b
Ttyh1,10116.ENSRNOP00000062088,Ttyh1
Lama3,10116.ENSRNOP00000075948,Lama3
Rlf,10116.ENSRNOP00000039640,Rlf
Akt3,10116.ENSRNOP00000070231,Akt3
Ccn4,10116.ENSRNOP00000009673,Ccn4
Unc119,10116.ENSRNOP00000015091,Unc119
Phldb3,10116.ENSRNOP00000075680,Phldb3
Dffa,10116.ENSRNOP00000070485,Dffa
Itgb2,10116.ENSRNOP00000001639,Itgb2
Tram1l1,10116.ENSRNOP00000013030,Tram1l1
Nup133,10116.ENSRNOP00000024182,Nup133
Copb2,10116.ENSRNOP00000071536,Copb2
Smarca4,10116.ENSRNOP00000013166,Smarca4
Aurkb,10116.ENSRNOP00000072371,Aurkb
Arhgef2,10116.ENSRNOP00000027182,Arhgef2
Tmpo,10116.ENSRNOP00000012715,Tmpo
Il10rb,10116.ENSRNOP00000058062,Il10rb
Cad,10116.ENSRNOP00000030030,Cad
Mlf1,10116.ENSRNOP00000017151,Mlf1
Dtymk,10116.ENSRNOP00000025644,Dtymk
Slc11a1,10116.ENSRNOP00000054282,Slc11a1
Col5a1,10116.ENSRNOP00000012334,Col5a1
Ptx3,10116.ENSRNOP00000016541,Ptx3
Grhl1,10116.ENSRNOP00000068887,Grhl1
Casp8ap2,10116.ENSRNOP00000009227,Casp8ap2
Mlkl,10116.ENSRNOP00000034575,Mlkl
Oas1b,10116.ENSRNOP00000001853,Oas1b
Tph1,10116.ENSRNOP00000052959,Tph1
Dhrs9,10116.ENSRNOP00000069708,Dhrs9
Eif5a2,10116.ENSRNOP00000015779,Eif5a2
Mad2l1bp,10116.ENSRNOP00000026331,Mad2l1bp
Tprn,10116.ENSRNOP00000014489,Tprn
Exosc10,10116.ENSRNOP00000014629,Exosc10
Ncs1,10116.ENSRNOP00000011648,Ncs1
Bard1,10116.ENSRNOP00000075183,Bard1
Top1mt,10116.ENSRNOP00000009965,Top1mt
Nav1,10116.ENSRNOP00000059597,Nav1
Abhd15,10116.ENSRNOP00000036157,Abhd15
Hdgfl3,10116.ENSRNOP00000026754,Hdgfl3
Ppp1r3e,10116.ENSRNOP00000019992,Ppp1r3e
Memo1,10116.ENSRNOP00000008687,Memo1
Otud6b,10116.ENSRNOP00000008726,Otud6b
Raly,10116.ENSRNOP00000023429,Raly
Snx18,10116.ENSRNOP00000063122,Snx18
Birc5,10116.ENSRNOP00000065784,Birc5
Atp8b2,10116.ENSRNOP00000028246,Atp8b2
Dicer1,10116.ENSRNOP00000014405,Dicer1
Fam169a,10116.ENSRNOP00000022120,Fam169a
Adam19,10116.ENSRNOP00000008184,Adam19
Exosc2,10116.ENSRNOP00000012311,Exosc2
Pak2,10116.ENSRNOP00000065949,Pak2
Cnih4,10116.ENSRNOP00000004939,Cnih4
Eif3g,10116.ENSRNOP00000027986,Eif3g
Tsr2,10116.ENSRNOP00000003540,Tsr2
Prss21,10116.ENSRNOP00000065300,Prss21
Twf1,10116.ENSRNOP00000030138,Twf1
Cenpq,10116.ENSRNOP00000072803,Cenpq
Cdk11b,10116.ENSRNOP00000023274,Cdk11b
Lrrc8c,10116.ENSRNOP00000002896,Lrrc8c
Gpx8,10116.ENSRNOP00000013979,Gpx8
Heatr3,10116.ENSRNOP00000020793,Heatr3
Rbis,10116.ENSRNOP00000056222,Rbis
Ogfod3,10116.ENSRNOP00000051808,Ogfod3
Xkr8,10116.ENSRNOP00000017619,Xkr8
Pgbd5,10116.ENSRNOP00000054889,Pgbd5
Lsm4,10116.ENSRNOP00000026567,Lsm4
Gan,10116.ENSRNOP00000016963,Gan
Ezh2,10116.ENSRNOP00000008149,Ezh2
Hs2st1,10116.ENSRNOP00000016872,Hs2st1
Traip,10116.ENSRNOP00000048198,Traip
Orc6,10116.ENSRNOP00000035958,Orc6
Muc13,10116.ENSRNOP00000002444,Muc13
Helz2,10116.ENSRNOP00000017787,Helz2
Npffr1,10116.ENSRNOP00000000675,Npffr1
Ccdc116,10116.ENSRNOP00000040746,Ccdc116
Rps28,10116.ENSRNOP00000060568,Rps28
Hs3st2,10116.ENSRNOP00000023773,Hs3st2
Ncapg2,10116.ENSRNOP00000033392,Ncapg2
Clic4,10116.ENSRNOP00000024464,Clic4
Marchf4,10116.ENSRNOP00000022076,Marchf4
Pcdh1,10116.ENSRNOP00000073940,Pcdh1
Ell,10116.ENSRNOP00000026846,Ell
F11r,10116.ENSRNOP00000006141,F11r
Ngdn,10116.ENSRNOP00000024337,Ngdn
Jpt1,10116.ENSRNOP00000004862,Jpt1
Adgrg6,10116.ENSRNOP00000029263,Adgrg6
Nmt2,10116.ENSRNOP00000035716,Nmt2
Csnk1a1,10116.ENSRNOP00000051516,Csnk1a1
Septin2,10116.ENSRNOP00000024261,Septin2
Epn2,10116.ENSRNOP00000074461,Epn2
Rrm1,10116.ENSRNOP00000064166,Rrm1
Rpl35,10116.ENSRNOP00000019162,Rpl35
Arhgap11a,10116.ENSRNOP00000010994,Arhgap11a
Ube3c,10116.ENSRNOP00000076040,Ube3c
Prnp,10116.ENSRNOP00000028881,Prnp
Ccdc80,10116.ENSRNOP00000056490,Ccdc80
Spag5,10116.ENSRNOP00000015651,Spag5
Esm1,10116.ENSRNOP00000014559,Esm1
Itgb4,10116.ENSRNOP00000073188,Itgb4
Cpeb1,10116.ENSRNOP00000026009,Cpeb1
Ssrp1,10116.ENSRNOP00000012022,Ssrp1
Rps14,10116.ENSRNOP00000056260,Rps14
Tbcc,10116.ENSRNOP00000065504,Tbcc
Lmln,10116.ENSRNOP00000002427,Lmln
Chac1,10116.ENSRNOP00000019392,Chac1
Krt14,10116.ENSRNOP00000005285,Krt14
Lamb3,10116.ENSRNOP00000008440,Lamb3
Rad54l,10116.ENSRNOP00000018004,Rad54l
Kif2c,10116.ENSRNOP00000025903,Kif2c
Paqr4,10116.ENSRNOP00000005220,Paqr4
Smg9,10116.ENSRNOP00000026669,Smg9
Ptgir,10116.ENSRNOP00000022461,Ptgir
Crtc3,10116.ENSRNOP00000015949,Crtc3
Recql,10116.ENSRNOP00000060671,Recql
Zmym1,10116.ENSRNOP00000062035,Zmym1
Vom2r27,10116.ENSRNOP00000033278,Vom2r27
Tec,10116.ENSRNOP00000075313,Tec
Lgals1,10116.ENSRNOP00000013538,Lgals1
Hcls1,10116.ENSRNOP00000003326,Hcls1
Rpa2,10116.ENSRNOP00000017549,Rpa2
Pdia3,10116.ENSRNOP00000020478,Pdia3
Acer3,10116.ENSRNOP00000019987,Acer3
Cdc34,10116.ENSRNOP00000074000,Cdc34
Ehd4,10116.ENSRNOP00000010701,Ehd4
Arap2,10116.ENSRNOP00000074225,Arap2
Sgo2,10116.ENSRNOP00000037361,Sgo2
Cd226,10116.ENSRNOP00000054956,Cd226
Fam114a1l1,10116.ENSRNOP00000002917,Fam114a1l1
Tedc1,10116.ENSRNOP00000030430,Tedc1
Pdcd2l,10116.ENSRNOP00000028674,Pdcd2l
Foxm1,10116.ENSRNOP00000008003,Foxm1
Stoml2,10116.ENSRNOP00000013151,Stoml2
Tomm20,10116.ENSRNOP00000027088,Tomm20
Syce2,10116.ENSRNOP00000004404,Syce2
Fhdc1,10116.ENSRNOP00000060810,Fhdc1
Ap2m1,10116.ENSRNOP00000070202,Ap2m1
Ccsap,10116.ENSRNOP00000023911,Ccsap
Zfp428,10116.ENSRNOP00000071770,Zfp428
Kif23,10116.ENSRNOP00000033647,Kif23
Foxn2,10116.ENSRNOP00000058404,Foxn2
Gspt2,10116.ENSRNOP00000068098,Gspt2
Ebf2,10116.ENSRNOP00000016568,Ebf2
Nufip1,10116.ENSRNOP00000001366,Nufip1
Haus3,10116.ENSRNOP00000020576,Haus3
Pkp1,10116.ENSRNOP00000013532,Pkp1
Scgb3a1,10116.ENSRNOP00000045446,Scgb3a1
Dync1li2,10116.ENSRNOP00000029646,Dync1li2
Dkc1,10116.ENSRNOP00000074005,Dkc1
Il18bp,10116.ENSRNOP00000027301,Il18bp
Eif4g2,10116.ENSRNOP00000062967,Eif4g2
Gstcd,10116.ENSRNOP00000073658,Gstcd
Chrnb2,10116.ENSRNOP00000028200,Chrnb2
Hunk,10116.ENSRNOP00000002866,Hunk
Rhbdd1,10116.ENSRNOP00000070041,Rhbdd1
Rad1,10116.ENSRNOP00000024557,Rad1
Adprm,10116.ENSRNOP00000004560,Adprm
Ajuba,10116.ENSRNOP00000017753,Ajuba
Lsamp,10116.ENSRNOP00000040165,Lsamp
Rab35,10116.ENSRNOP00000029070,Rab35
Hm13,10116.ENSRNOP00000072050,Hm13
Iqcf1,10116.ENSRNOP00000053229,Iqcf1
Slc25a22,10116.ENSRNOP00000068705,Slc25a22
Morc1,10116.ENSRNOP00000046114,Morc1
Gabpa,10116.ENSRNOP00000071293,Gabpa
Septin11,10116.ENSRNOP00000062626,Septin11
Exoc6b,10116.ENSRNOP00000070757,Exoc6b
Nup98,10116.ENSRNOP00000027575,Nup98
Ggt6,10116.ENSRNOP00000039691,Ggt6
Lgals5,10116.ENSRNOP00000016897,Lgals5
Cav1,10116.ENSRNOP00000073712,Cav1
Cln8,10116.ENSRNOP00000016756,Cln8
Aldoa,10116.ENSRNOP00000068764,Aldoa
Ppial4g,10116.ENSRNOP00000067488,Ppial4g
Dnmt1,10116.ENSRNOP00000063831,Dnmt1
Atp6ap1l,10116.ENSRNOP00000050073,Atp6ap1l
Ncapg,10116.ENSRNOP00000055628,Ncapg
Irgm,10116.ENSRNOP00000047579,Irgm
Dclk1,10116.ENSRNOP00000019748,Dclk1
Zeb1,10116.ENSRNOP00000024336,Zeb1
Tbk1,10116.ENSRNOP00000009260,Tbk1
Rell2,10116.ENSRNOP00000026526,Rell2
Lig1,10116.ENSRNOP00000019799,Lig1
Snx22,10116.ENSRNOP00000032451,Snx22
Cct7,10116.ENSRNOP00000021030,Cct7
Casp2,10116.ENSRNOP00000022672,Casp2
Rhno1,10116.ENSRNOP00000036772,Rhno1
Nup205,10116.ENSRNOP00000014833,Nup205
Pir,10116.ENSRNOP00000004884,Pir
Inpp5d,10116.ENSRNOP00000040111,Inpp5d
Sdc1,10116.ENSRNOP00000072283,Sdc1
Pcbp3,10116.ENSRNOP00000001675,Pcbp3
Fut9,10116.ENSRNOP00000011393,Fut9
Cttn,10116.ENSRNOP00000050255,Cttn
St6galnac2,10116.ENSRNOP00000016622,St6galnac2
Macroh2a1,10116.ENSRNOP00000049143,Macroh2a1
Col1a1,10116.ENSRNOP00000005311,Col1a1
Uxs1,10116.ENSRNOP00000070855,Uxs1
Smarce1,10116.ENSRNOP00000014230,Smarce1
Gcg,10116.ENSRNOP00000007356,Gcg
Pfdn6,10116.ENSRNOP00000075862,Pfdn6
Gpr151,10116.ENSRNOP00000043810,Gpr151
Lrrc2,10116.ENSRNOP00000070434,Lrrc2
Chchd4,10116.ENSRNOP00000038359,Chchd4
Ptprn,10116.ENSRNOP00000026654,Ptprn
Entpd7,10116.ENSRNOP00000060313,Entpd7
Las1l,10116.ENSRNOP00000016042,Las1l
Spaca4,10116.ENSRNOP00000028558,Spaca4
Efnb1,10116.ENSRNOP00000009635,Efnb1
Fam110b,10116.ENSRNOP00000012067,Fam110b
Itga4,10116.ENSRNOP00000006880,Itga4
Eepd1,10116.ENSRNOP00000009342,Eepd1
Cdc42,10116.ENSRNOP00000030928,Cdc42
Ckap2l,10116.ENSRNOP00000034964,Ckap2l
Cd151,10116.ENSRNOP00000066223,Cd151
Cox7a2,10116.ENSRNOP00000060398,Cox7a2
Sp7,10116.ENSRNOP00000018828,Sp7
Rad51ap1,10116.ENSRNOP00000073657,Rad51ap1
Tnfrsf13c,10116.ENSRNOP00000052889,Tnfrsf13c
Ung,10116.ENSRNOP00000053707,Ung
Camta1,10116.ENSRNOP00000059056,Camta1
Ube4b,10116.ENSRNOP00000052435,Ube4b
Lst1,10116.ENSRNOP00000060414,Lst1
Prdx4,10116.ENSRNOP00000005014,Prdx4
Mns1,10116.ENSRNOP00000069371,Mns1
Erap1,10116.ENSRNOP00000013625,Erap1
Phf11,10116.ENSRNOP00000066769,Phf11
Trmt10a,10116.ENSRNOP00000071908,Trmt10a
Klhl32,10116.ENSRNOP00000045360,Klhl32
LOC100912321,10116.ENSRNOP00000042906,LOC100912321
Selenoh,10116.ENSRNOP00000074642,Selenoh
Tsc22d2,10116.ENSRNOP00000062527,Tsc22d2
Recql4,10116.ENSRNOP00000047177,Recql4
Traf2,10116.ENSRNOP00000008253,Traf2
Tns4,10116.ENSRNOP00000073971,Tns4
Rad54b,10116.ENSRNOP00000058084,Rad54b
Fcer2,10116.ENSRNOP00000001332,Fcer2
Rwdd1,10116.ENSRNOP00000062656,Rwdd1
Rpl39,10116.ENSRNOP00000075910,Rpl39
Cxcl13,10116.ENSRNOP00000034304,Cxcl13
Mob1a,10116.ENSRNOP00000072053,Mob1a
Mdc1,10116.ENSRNOP00000049009,Mdc1
Cbl,10116.ENSRNOP00000063226,Cbl
Plaa,10116.ENSRNOP00000010621,Plaa
Pcyt1a,10116.ENSRNOP00000002403,Pcyt1a
Uap1,10116.ENSRNOP00000055358,Uap1
Adamts15,10116.ENSRNOP00000013341,Adamts15
Srd5a3,10116.ENSRNOP00000069749,Srd5a3
Lsm12,10116.ENSRNOP00000028368,Lsm12
Rfc5,10116.ENSRNOP00000001498,Rfc5
Camk2d,10116.ENSRNOP00000016026,Camk2d
Niban2,10116.ENSRNOP00000021689,Niban2
Hba-a1,10116.ENSRNOP00000041451,Hba-a1
Zdhhc14,10116.ENSRNOP00000051330,Zdhhc14
Prpf19,10116.ENSRNOP00000028373,Prpf19
Tor4a,10116.ENSRNOP00000012406,Tor4a
Phlpp2,10116.ENSRNOP00000021745,Phlpp2
Actr1a,10116.ENSRNOP00000026792,Actr1a
Sf3b4,10116.ENSRNOP00000028758,Sf3b4
Rtkn2,10116.ENSRNOP00000072047,Rtkn2
Cfap20,10116.ENSRNOP00000058109,Cfap20
Map2k3,10116.ENSRNOP00000008679,Map2k3
Spi1,10116.ENSRNOP00000016306,Spi1
Zbtb42,10116.ENSRNOP00000035859,Zbtb42
Rpp25,10116.ENSRNOP00000025408,Rpp25
Nav2,10116.ENSRNOP00000051474,Nav2
Btg2,10116.ENSRNOP00000004408,Btg2
Bcor,10116.ENSRNOP00000047677,Bcor
Habp4,10116.ENSRNOP00000025801,Habp4
Tmem202,10116.ENSRNOP00000037213,Tmem202
Hsp90b1,10116.ENSRNOP00000034846,Hsp90b1
Ccrl2,10116.ENSRNOP00000044084,Ccrl2
Qsox2,10116.ENSRNOP00000058448,Qsox2
Fubp1,10116.ENSRNOP00000061544,Fubp1
Rplp2,10116.ENSRNOP00000053863,Rplp2
Tbc1d10c,10116.ENSRNOP00000029272,Tbc1d10c
Abcc3,10116.ENSRNOP00000003977,Abcc3
Gnpda2,10116.ENSRNOP00000002992,Gnpda2
Snrpd2,10116.ENSRNOP00000021221,Snrpd2
Cdc7,10116.ENSRNOP00000059094,Cdc7
Efcab6,10116.ENSRNOP00000015447,Efcab6
Prss32,10116.ENSRNOP00000066564,Prss32
Fabp2,10116.ENSRNOP00000030244,Fabp2
Cep55,10116.ENSRNOP00000022133,Cep55
Fgg,10116.ENSRNOP00000032735,Fgg
G6pd,10116.ENSRNOP00000075297,G6pd
Cenpe,10116.ENSRNOP00000032795,Cenpe
Arap1,10116.ENSRNOP00000036834,Arap1
B3gnt6,10116.ENSRNOP00000043462,B3gnt6
Ppm1g,10116.ENSRNOP00000029414,Ppm1g
Cdca3,10116.ENSRNOP00000020803,Cdca3
Lilrc2,10116.ENSRNOP00000068636,Lilrc2
Psme3,10116.ENSRNOP00000027957,Psme3
Ctnnbip1,10116.ENSRNOP00000052425,Ctnnbip1
Cdk4,10116.ENSRNOP00000034754,Cdk4
Clca5,10116.ENSRNOP00000018435,Clca5
Ifit2,10116.ENSRNOP00000051639,Ifit2
Tmem154,10116.ENSRNOP00000014433,Tmem154
Fzd8,10116.ENSRNOP00000067651,Fzd8
Cyp11b2,10116.ENSRNOP00000049722,Cyp11b2
Rnf8,10116.ENSRNOP00000059852,Rnf8
Pbk,10116.ENSRNOP00000061382,Pbk
Bcat1,10116.ENSRNOP00000021193,Bcat1
Alg9,10116.ENSRNOP00000036062,Alg9
Msh2,10116.ENSRNOP00000021538,Msh2
Ralbp1,10116.ENSRNOP00000033120,Ralbp1
Tm7sf3,10116.ENSRNOP00000002486,Tm7sf3
Gab2,10116.ENSRNOP00000016361,Gab2
Cwc22,10116.ENSRNOP00000039180,Cwc22
Dap3,10116.ENSRNOP00000072121,Dap3
Ckap2,10116.ENSRNOP00000037955,Ckap2
Lyl1,10116.ENSRNOP00000003980,Lyl1
Areg,10116.ENSRNOP00000003703,Areg
Mrpl1,10116.ENSRNOP00000002834,Mrpl1
Pcbp2,10116.ENSRNOP00000075740,Pcbp2
Nup160,10116.ENSRNOP00000036307,Nup160
Slc35b1,10116.ENSRNOP00000006179,Slc35b1
Ube2l6,10116.ENSRNOP00000039001,Ube2l6
Figla,10116.ENSRNOP00000021272,Figla
Srgap1,10116.ENSRNOP00000006180,Srgap1
Ddit3,10116.ENSRNOP00000071840,Ddit3
Sh2d1b,10116.ENSRNOP00000047078,Sh2d1b
Trip13,10116.ENSRNOP00000070709,Trip13
Gnb3,10116.ENSRNOP00000069551,Gnb3
Vezt,10116.ENSRNOP00000038458,Vezt
Dop1b,10116.ENSRNOP00000070233,Dop1b
Nup85,10116.ENSRNOP00000005035,Nup85
Gstp1,10116.ENSRNOP00000024601,Gstp1
Olr1096,10116.ENSRNOP00000019271,Olr1096
Gsg1,10116.ENSRNOP00000011295,Gsg1
Tbl1x,10116.ENSRNOP00000070551,Tbl1x
Rnft2,10116.ENSRNOP00000001486,Rnft2
Plekhg2,10116.ENSRNOP00000076211,Plekhg2
Aldh1l2,10116.ENSRNOP00000056394,Aldh1l2
Ankle1,10116.ENSRNOP00000023065,Ankle1
Pramef25,10116.ENSRNOP00000035971,Pramef25
Sipa1l3,10116.ENSRNOP00000041787,Sipa1l3
Nup93,10116.ENSRNOP00000025086,Nup93
Csgalnact2,10116.ENSRNOP00000019778,Csgalnact2
Kif2a,10116.ENSRNOP00000019189,Kif2a
Septin6,10116.ENSRNOP00000061494,Septin6
Tmem165,10116.ENSRNOP00000003010,Tmem165
Rae1,10116.ENSRNOP00000029085,Rae1
Rnf145,10116.ENSRNOP00000006436,Rnf145
Itpk1,10116.ENSRNOP00000074255,Itpk1
Shisa5,10116.ENSRNOP00000072905,Shisa5
Prdx6,10116.ENSRNOP00000030323,Prdx6
Kcnk3,10116.ENSRNOP00000013107,Kcnk3
Anapc10,10116.ENSRNOP00000024689,Anapc10
Tram1,10116.ENSRNOP00000045166,Tram1
Smyd5,10116.ENSRNOP00000020909,Smyd5
Cd24,10116.ENSRNOP00000000352,Cd24
Zfp185,10116.ENSRNOP00000069186,Zfp185
Parp1,10116.ENSRNOP00000004232,Parp1
Prkcg,10116.ENSRNOP00000071203,Prkcg
Zcchc13,10116.ENSRNOP00000065246,Zcchc13
Gata4,10116.ENSRNOP00000014320,Gata4
Gpt2,10116.ENSRNOP00000071498,Gpt2
Adar,10116.ENSRNOP00000028181,Adar
Ncapd2,10116.ENSRNOP00000069882,Ncapd2
Jund,10116.ENSRNOP00000026470,Jund
Cwc27,10116.ENSRNOP00000017832,Cwc27
Dctd,10116.ENSRNOP00000017670,Dctd
Nkapd1,10116.ENSRNOP00000075453,Nkapd1
Trem1,10116.ENSRNOP00000040482,Trem1
Sox11,10116.ENSRNOP00000040127,Sox11
Mrgbp,10116.ENSRNOP00000066113,Mrgbp
Hdgf,10116.ENSRNOP00000017234,Hdgf
Zfp575,10116.ENSRNOP00000038479,Zfp575
Tpx2,10116.ENSRNOP00000010851,Tpx2
Fntb,10116.ENSRNOP00000010588,Fntb
Zc3hc1,10116.ENSRNOP00000013606,Zc3hc1
Ppp3ca,10116.ENSRNOP00000049674,Ppp3ca
Tpgs2,10116.ENSRNOP00000070604,Tpgs2
Ebpl,10116.ENSRNOP00000020036,Ebpl
Atf3,10116.ENSRNOP00000071188,Atf3
Maz,10116.ENSRNOP00000075418,Maz
Nrxn2,10116.ENSRNOP00000029449,Nrxn2
Rpl35a,10116.ENSRNOP00000039099,Rpl35a
Hcfc1,10116.ENSRNOP00000073793,Hcfc1
Dctpp1,10116.ENSRNOP00000024074,Dctpp1
Kpna2,10116.ENSRNOP00000020795,Kpna2
Racgap1,10116.ENSRNOP00000067834,Racgap1
Wwc3,10116.ENSRNOP00000065846,Wwc3
Cask,10116.ENSRNOP00000072295,Cask
Prpf38b,10116.ENSRNOP00000027738,Prpf38b
Dck,10116.ENSRNOP00000004440,Dck
Senp1,10116.ENSRNOP00000031127,Senp1
Bud31,10116.ENSRNOP00000001307,Bud31
Pck2,10116.ENSRNOP00000025260,Pck2
Calr,10116.ENSRNOP00000004091,Calr
Ipo9,10116.ENSRNOP00000011105,Ipo9
Bloc1s4,10116.ENSRNOP00000072054,Bloc1s4
Etfbkmt,10116.ENSRNOP00000052309,Etfbkmt
Siglec8,10116.ENSRNOP00000040647,Siglec8
Tert,10116.ENSRNOP00000022683,Tert
Piezo1,10116.ENSRNOP00000069995,Piezo1
Maco1,10116.ENSRNOP00000069310,Maco1
Cd2ap,10116.ENSRNOP00000016291,Cd2ap
Nme6,10116.ENSRNOP00000028125,Nme6
Hnrnpl,10116.ENSRNOP00000027425,Hnrnpl
Plk1,10116.ENSRNOP00000025629,Plk1
Irf9,10116.ENSRNOP00000026364,Irf9
Rabggtb,10116.ENSRNOP00000061541,Rabggtb
Suv39h1,10116.ENSRNOP00000008399,Suv39h1
Usp43,10116.ENSRNOP00000062751,Usp43
Limd1,10116.ENSRNOP00000006554,Limd1
Ccdc9b,10116.ENSRNOP00000046560,Ccdc9b
Rbm22,10116.ENSRNOP00000026087,Rbm22
Ptgr1,10116.ENSRNOP00000020335,Ptgr1
Rfc2,10116.ENSRNOP00000001989,Rfc2
Zc3h12a,10116.ENSRNOP00000012314,Zc3h12a
Hoxa1,10116.ENSRNOP00000007807,Hoxa1
Cdc42se1,10116.ENSRNOP00000072987,Cdc42se1
Prl3d4,10116.ENSRNOP00000068935,Prl3d4
Adora2b,10116.ENSRNOP00000003966,Adora2b
Cdk1,10116.ENSRNOP00000070138,Cdk1
Hoxc8,10116.ENSRNOP00000035473,Hoxc8
Spryd7,10116.ENSRNOP00000020419,Spryd7
Creld2,10116.ENSRNOP00000006357,Creld2
Dcun1d5,10116.ENSRNOP00000058633,Dcun1d5
Prss36,10116.ENSRNOP00000026587,Prss36
Jade3,10116.ENSRNOP00000057855,Jade3
Il6,10116.ENSRNOP00000013732,Il6
Tmbim1,10116.ENSRNOP00000019848,Tmbim1
Wdr83os,10116.ENSRNOP00000063158,Wdr83os
Fancd2,10116.ENSRNOP00000073556,Fancd2
Adsl,10116.ENSRNOP00000025193,Adsl
Milr1,10116.ENSRNOP00000072914,Milr1
Zfp597,10116.ENSRNOP00000048154,Zfp597
Pdcl3,10116.ENSRNOP00000017882,Pdcl3
Rps3a,10116.ENSRNOP00000016329,Rps3a
Prkaa1,10116.ENSRNOP00000017626,Prkaa1
Draxin,10116.ENSRNOP00000012079,Draxin
Atp13a1,10116.ENSRNOP00000015247,Atp13a1
Tspyl2,10116.ENSRNOP00000075439,Tspyl2
Tsen15,10116.ENSRNOP00000071997,Tsen15
Elfn2,10116.ENSRNOP00000010609,Elfn2
Prr11,10116.ENSRNOP00000029761,Prr11
Fsip1,10116.ENSRNOP00000007808,Fsip1
Rsl1d1,10116.ENSRNOP00000042092,Rsl1d1
Rack1,10116.ENSRNOP00000074147,Rack1
Mall,10116.ENSRNOP00000021082,Mall
Pcyox1l,10116.ENSRNOP00000026584,Pcyox1l
Rasgrp4,10116.ENSRNOP00000046440,Rasgrp4
Myof,10116.ENSRNOP00000073727,Myof
Gpd2,10116.ENSRNOP00000043749,Gpd2
Tomm6,10116.ENSRNOP00000065096,Tomm6
Usp5,10116.ENSRNOP00000020785,Usp5
Rpp40,10116.ENSRNOP00000062962,Rpp40
Hip1r,10116.ENSRNOP00000029635,Hip1r
Taok1,10116.ENSRNOP00000021368,Taok1
Cldn17,10116.ENSRNOP00000038862,Cldn17
Rbl1,10116.ENSRNOP00000063017,Rbl1
Scap,10116.ENSRNOP00000028295,Scap
Stat6,10116.ENSRNOP00000072301,Stat6
Rrp7a,10116.ENSRNOP00000033462,Rrp7a
Actl6a,10116.ENSRNOP00000015460,Actl6a
Ormdl3,10116.ENSRNOP00000046432,Ormdl3
B2m,10116.ENSRNOP00000023017,B2m
Actc1,10116.ENSRNOP00000011773,Actc1
Sf3a3,10116.ENSRNOP00000010373,Sf3a3
Mastl,10116.ENSRNOP00000074792,Mastl
Ruvbl2,10116.ENSRNOP00000028217,Ruvbl2
Sec11c,10116.ENSRNOP00000022958,Sec11c
Parp12,10116.ENSRNOP00000011481,Parp12
Adam8,10116.ENSRNOP00000024369,Adam8
Prg3,10116.ENSRNOP00000054424,Prg3
Map9,10116.ENSRNOP00000017448,Map9
Kcnmb3,10116.ENSRNOP00000055650,Kcnmb3
Cip2a,10116.ENSRNOP00000031394,Cip2a
Psmb6,10116.ENSRNOP00000026507,Psmb6
Sh2d3c,10116.ENSRNOP00000070659,Sh2d3c
Psmd9,10116.ENSRNOP00000054528,Psmd9
Wnt8a,10116.ENSRNOP00000059050,Wnt8a
Eif2b2,10116.ENSRNOP00000008730,Eif2b2
Eif4g1,10116.ENSRNOP00000049629,Eif4g1
Bcap29,10116.ENSRNOP00000010631,Bcap29
Ccdc88b,10116.ENSRNOP00000061991,Ccdc88b
Arg1,10116.ENSRNOP00000017911,Arg1
Dok1,10116.ENSRNOP00000010020,Dok1
Flot2,10116.ENSRNOP00000014104,Flot2
Atf1,10116.ENSRNOP00000073249,Atf1
Ehd2,10116.ENSRNOP00000017353,Ehd2
Thyn1,10116.ENSRNOP00000073866,Thyn1
Tapbp,10116.ENSRNOP00000045630,Tapbp
Msh3,10116.ENSRNOP00000018449,Msh3
Mis18bp1,10116.ENSRNOP00000034593,Mis18bp1
Actb,10116.ENSRNOP00000072672,Actb
Mrpl17,10116.ENSRNOP00000045007,Mrpl17
C1qb,10116.ENSRNOP00000017060,C1qb
Tnfaip1,10116.ENSRNOP00000012245,Tnfaip1
Cxcl14,10116.ENSRNOP00000016009,Cxcl14
Fam3c,10116.ENSRNOP00000075071,Fam3c
Krt16,10116.ENSRNOP00000019477,Krt16
Srsf10,10116.ENSRNOP00000062605,Srsf10
Prmt5,10116.ENSRNOP00000016302,Prmt5
Gast,10116.ENSRNOP00000019863,Gast
Atl3,10116.ENSRNOP00000028787,Atl3
Psrc1,10116.ENSRNOP00000052733,Psrc1
Erp27,10116.ENSRNOP00000052551,Erp27
Btnl5,10116.ENSRNOP00000057138,Btnl5
Arl5b,10116.ENSRNOP00000041196,Arl5b
Psapl1,10116.ENSRNOP00000064044,Psapl1
Plagl1,10116.ENSRNOP00000030918,Plagl1
Arpc5l,10116.ENSRNOP00000019405,Arpc5l
Lsp1,10116.ENSRNOP00000051747,Lsp1
Plek2,10116.ENSRNOP00000014125,Plek2
Bub1b,10116.ENSRNOP00000010406,Bub1b
Lctl,10116.ENSRNOP00000068624,Lctl
Gipc1,10116.ENSRNOP00000005374,Gipc1
Rnf10,10116.ENSRNOP00000063855,Rnf10
Endod1,10116.ENSRNOP00000037703,Endod1
Fbxl2,10116.ENSRNOP00000033447,Fbxl2
Nup210,10116.ENSRNOP00000008888,Nup210
Atp8a1,10116.ENSRNOP00000039929,Atp8a1
Smc2,10116.ENSRNOP00000061673,Smc2
Mfsd2b,10116.ENSRNOP00000038937,Mfsd2b
Cops4,10116.ENSRNOP00000003046,Cops4
Has2,10116.ENSRNOP00000006517,Has2
Vrk2,10116.ENSRNOP00000069563,Vrk2
Mmp17,10116.ENSRNOP00000037549,Mmp17
Pygo2,10116.ENSRNOP00000028052,Pygo2
Dab2ip,10116.ENSRNOP00000068688,Dab2ip
Kat5,10116.ENSRNOP00000075290,Kat5
Kif18a,10116.ENSRNOP00000006689,Kif18a
Irak4,10116.ENSRNOP00000007932,Irak4
Krt23,10116.ENSRNOP00000016657,Krt23
Prc1,10116.ENSRNOP00000017532,Prc1
Gcn1,10116.ENSRNOP00000001517,Gcn1
Dynll1,10116.ENSRNOP00000061342,Dynll1
Dusp8,10116.ENSRNOP00000046497,Dusp8
Hnrnpd,10116.ENSRNOP00000046491,Hnrnpd
Nradd,10116.ENSRNOP00000028416,Nradd
Mllt1,10116.ENSRNOP00000064141,Mllt1
Bst2,10116.ENSRNOP00000068951,Bst2
Tmem167a,10116.ENSRNOP00000022376,Tmem167a
Rit1,10116.ENSRNOP00000027455,Rit1
Vac14,10116.ENSRNOP00000023383,Vac14
Mrm3,10116.ENSRNOP00000053117,Mrm3
Primpol,10116.ENSRNOP00000030019,Primpol
Kif21b,10116.ENSRNOP00000011324,Kif21b
Pin1,10116.ENSRNOP00000027819,Pin1
Pus3,10116.ENSRNOP00000017648,Pus3
Txn1,10116.ENSRNOP00000016447,Txn1
Piezo2,10116.ENSRNOP00000063723,Piezo2
Klf3,10116.ENSRNOP00000002960,Klf3
Sphk1,10116.ENSRNOP00000072525,Sphk1
Zfp622,10116.ENSRNOP00000068737,Zfp622
Arhgef39,10116.ENSRNOP00000038636,Arhgef39
Atxn7,10116.ENSRNOP00000010103,Atxn7
Tiam1,10116.ENSRNOP00000044001,Tiam1
Pacs1,10116.ENSRNOP00000027632,Pacs1
Dimt1,10116.ENSRNOP00000018527,Dimt1
Coro1a,10116.ENSRNOP00000026496,Coro1a
Kng1,10116.ENSRNOP00000069578,Kng1
Ephb3,10116.ENSRNOP00000039489,Ephb3
Edem3,10116.ENSRNOP00000017858,Edem3
Tma7,10116.ENSRNOP00000065251,Tma7
Flii,10116.ENSRNOP00000006753,Flii
Trim58,10116.ENSRNOP00000049077,Trim58
Cenpm,10116.ENSRNOP00000033005,Cenpm
Tead2,10116.ENSRNOP00000028086,Tead2
Bdp1,10116.ENSRNOP00000024023,Bdp1
Ppp4r3a,10116.ENSRNOP00000038439,Ppp4r3a
Iqgap3,10116.ENSRNOP00000029108,Iqgap3
Nsmf,10116.ENSRNOP00000045393,Nsmf
H2az1,10116.ENSRNOP00000013919,H2az1
Pawr,10116.ENSRNOP00000008222,Pawr
Arl6ip4,10116.ENSRNOP00000001432,Arl6ip4
Dram1,10116.ENSRNOP00000056244,Dram1
Rrp36,10116.ENSRNOP00000024010,Rrp36
Cd274,10116.ENSRNOP00000029992,Cd274
Dbh,10116.ENSRNOP00000057915,Dbh
Pold3,10116.ENSRNOP00000024875,Pold3
Fanca,10116.ENSRNOP00000022659,Fanca
Dnajc9,10116.ENSRNOP00000009009,Dnajc9
Sp1,10116.ENSRNOP00000019403,Sp1
Ccnj,10116.ENSRNOP00000019521,Ccnj
Ramp2,10116.ENSRNOP00000043210,Ramp2
Gdf7,10116.ENSRNOP00000007928,Gdf7
Cmss1,10116.ENSRNOP00000031451,Cmss1
Rpl28,10116.ENSRNOP00000055726,Rpl28
Plcb3,10116.ENSRNOP00000028720,Plcb3
Wnt3a,10116.ENSRNOP00000063833,Wnt3a
Znrd2,10116.ENSRNOP00000017034,Znrd2
Arl4a,10116.ENSRNOP00000005800,Arl4a
Crlf3,10116.ENSRNOP00000067667,Crlf3
Siah1,10116.ENSRNOP00000020329,Siah1
Prtfdc1,10116.ENSRNOP00000037534,Prtfdc1
Gpsm1,10116.ENSRNOP00000062075,Gpsm1
Stard3,10116.ENSRNOP00000059898,Stard3
Ndc1,10116.ENSRNOP00000014275,Ndc1
Ppm1a,10116.ENSRNOP00000008238,Ppm1a
Elob,10116.ENSRNOP00000072621,Elob
Clec2dl1,10116.ENSRNOP00000069949,Clec2dl1
RT1-T24-1,10116.ENSRNOP00000050015,RT1-T24-1
Carhsp1,10116.ENSRNOP00000003514,Carhsp1
Matn4,10116.ENSRNOP00000018844,Matn4
Srsf11,10116.ENSRNOP00000043202,Srsf11
Wasf2,10116.ENSRNOP00000073555,Wasf2
Isg15,10116.ENSRNOP00000035405,Isg15
Chchd5,10116.ENSRNOP00000024942,Chchd5
Eftud2,10116.ENSRNOP00000052049,Eftud2
Galk1,10116.ENSRNOP00000008525,Galk1
Jcad,10116.ENSRNOP00000035031,Jcad
Rgs2,10116.ENSRNOP00000005156,Rgs2
Surf6,10116.ENSRNOP00000006699,Surf6
Tmem198,10116.ENSRNOP00000027208,Tmem198
Rbm43,10116.ENSRNOP00000006172,Rbm43
Cdh24,10116.ENSRNOP00000037678,Cdh24
Xk,10116.ENSRNOP00000071189,Xk
Pfkfb3,10116.ENSRNOP00000062965,Pfkfb3
Tenm4,10116.ENSRNOP00000015181,Tenm4
Uhmk1,10116.ENSRNOP00000003950,Uhmk1
Polr3b,10116.ENSRNOP00000009746,Polr3b
Pfdn5,10116.ENSRNOP00000017794,Pfdn5
Npc1l1,10116.ENSRNOP00000065524,Npc1l1
Srsf6,10116.ENSRNOP00000008427,Srsf6
Ubald1,10116.ENSRNOP00000067419,Ubald1
Dpysl3,10116.ENSRNOP00000025880,Dpysl3
Rras,10116.ENSRNOP00000027809,Rras
Fen1,10116.ENSRNOP00000027842,Fen1
Fbxo28,10116.ENSRNOP00000000074,Fbxo28
Mmp8,10116.ENSRNOP00000013936,Mmp8
Gja4,10116.ENSRNOP00000019246,Gja4
Got2,10116.ENSRNOP00000015956,Got2
Pgm2l1,10116.ENSRNOP00000022963,Pgm2l1
Pdk4,10116.ENSRNOP00000012759,Pdk4
Fbn1,10116.ENSRNOP00000052876,Fbn1
Pkm,10116.ENSRNOP00000015331,Pkm
Cstf3,10116.ENSRNOP00000016318,Cstf3
Kbtbd2,10116.ENSRNOP00000018442,Kbtbd2
Nsun6,10116.ENSRNOP00000025046,Nsun6
Taf6l,10116.ENSRNOP00000026284,Taf6l
Slc35g1,10116.ENSRNOP00000039567,Slc35g1
Acaca,10116.ENSRNOP00000073421,Acaca
Pde12,10116.ENSRNOP00000074876,Pde12
Ube2z,10116.ENSRNOP00000052365,Ube2z
