"logFC","AveExpr","t","P.Value","adj.P.Val","B","ProbeID","GeneSymbol"
912.8845,554.933444444444,22.8275481280695,1.84445742517124e-08,0.000538839792189526,-3.43396168890453,"10740869","Tnfrsf12a"
282.55341,248.099633333333,19.2410587211025,6.90840436078701e-08,0.000672740416653439,-3.44313429105716,"10750848","Nfkbiz"
298.40425,401.920111111111,18.4515261021799,9.53790551759196e-08,0.000695501814008593,-3.44587809849013,"10794829","Tubb2a"
494.22414,285.288533333333,17.9031695003906,1.20272758855498e-07,0.000695501814008593,-3.4479931207535,"10719616","Pvr"
551.559,1123.25333333333,17.1831796026378,1.64809837047449e-07,0.000695501814008593,-3.45107107977716,"10813007","Il6st"
142.81542,102.2151,16.0212388698492,2.81672250120962e-07,0.000695501814008593,-3.45690061331146,"10711575","Dmbt1"
1084.2403,744.466777777778,15.8084452048169,3.11960479695587e-07,0.000695501814008593,-3.45810313268225,"10821698","Osmr"
480.94553,283.060288888889,15.6891016447234,3.30539786691673e-07,0.000695501814008593,-3.45879804271028,"10896814","Myc"
161.31065,256.678222222222,15.5903976899441,3.46848353527163e-07,0.000695501814008593,-3.45938428324845,"10868017","Mdn1"
245.6683,248.333111111111,15.5296770604895,3.57329484944552e-07,0.000695501814008593,-3.4597502200203,"10893918","Sbno2"
723.84395,685.892222222222,15.4882726874755,3.64680420699469e-07,0.000695501814008593,-3.46000209603198,"10877907","Plin2"
320.9111,499.940555555556,14.8947635595896,4.91121517796092e-07,0.000695501814008593,-3.46383433694811,"10821959","Tars1"
370.28048,209.361122222222,14.8424987045741,5.04433677254094e-07,0.000695501814008593,-3.46419282062137,"10749372","Socs3"
148.16475,276.021,14.7059551408474,5.41166541927197e-07,0.000695501814008593,-3.4651464894793,"10920422","Ptpn23"
346.5371,461.319888888889,14.6396209419581,5.60089204909892e-07,0.000695501814008593,-3.4656189214442,"10821924","Rai14"
579.28595,640.992222222222,14.5952569163803,5.73159133786755e-07,0.000695501814008593,-3.46593828395237,"10858967","Tnfrsf1a"
120.5495,280.293555555556,14.5327457380724,5.92160736849879e-07,0.000695501814008593,-3.46639297869732,"10870845","Kti12"
400.49595,690.413,13.8801070377295,8.39108897518469e-07,0.000875490261860877,-3.47149069901394,"10900592","Midn"
156.27057,176.455766666667,13.383160705894,1.10558470349271e-06,0.000984430071220811,-3.47584992913871,"10736795","Slfn2"
112.510008,60.15949,13.3327070440738,1.13757947068233e-06,0.000984430071220811,-3.47631817491268,"10823057","Slc7a11"
188.75415,394.244333333333,13.1012029644447,1.29835189788826e-06,0.00103223223487229,-3.47853179308202,"10829780","Arid5b"
245.87235,382.777,12.4309179203353,1.92770326255853e-06,0.00124684883218733,-3.48560067637941,"10909446","Mcam"
58.43517,74.0702666666667,12.3688199950704,2.0015603412589e-06,0.00124684883218733,-3.48630993210421,"10719486","Relb"
114.45164,81.0797555555556,12.3652084495226,2.00595245816405e-06,0.00124684883218733,-3.48635148579457,"10880293","Map3k6"
491.5604,860.070888888889,12.2645633069823,2.13280769517721e-06,0.0012604183260902,-3.48752315739943,"10801541","Eif1a"
363.96625,446.708777777778,12.2288762882035,2.17992958752963e-06,0.0012604183260902,-3.48794503750535,"10908089","Taf1d"
787.7056,1423.63577777778,12.2136711290019,2.20036060212912e-06,0.0012604183260902,-3.48812582514739,"10747506","Stat3"
609.2735,645.876222222222,11.9485454775664,2.59348400023885e-06,0.00140307484412922,-3.49138094587883,"10853797","Tes"
345.26428,162.434261111111,11.8133621292826,2.82383330135142e-06,0.00142703620752209,-3.49311870512357,"10713045","Fosl1"
219.00645,255.42,11.8081485499892,2.83316560677351e-06,0.00142703620752209,-3.49318682368444,"10922826","Il1r1"
161.7665,527.085222222222,11.7162862692768,3.00340413765898e-06,0.00148714319453507,-3.4944007650394,"10936753","Ddx3x"
1085.1174,696.957,11.6323022373001,3.16912785963063e-06,0.00154304835485415,-3.49553371604281,"10840791","Srxn1"
656.4108,775.162333333333,11.5614982021625,3.31683143897971e-06,0.00154949956901774,-3.49650646161927,"10901413","Txnrd1"
368.99715,755.775333333333,11.5334860728606,3.37738468991242e-06,0.00154949956901774,-3.49689583549773,"10853171","Ptpn12"
461.3825,912.993888888889,11.5256540535341,3.39453592172026e-06,0.00154949956901774,-3.49700516627204,"10936365","Il13ra1"
266.6755,555.577444444444,11.3576272883611,3.78706685322757e-06,0.00170208263154139,-3.49940063631546,"10776459","Pdgfra"
148.7331,242.187,11.1801806010587,4.25774426321667e-06,0.00180346638180183,-3.50203782967257,"10715787","Nfkb2"
497.1125,947.773888888889,11.1795345673857,4.25957350394765e-06,0.00180346638180183,-3.50204763997399,"10754983","Il13ra1"
981.3089,672.145888888889,10.9750193147439,4.88551275321785e-06,0.00197940615234032,-3.50523266248856,"10752839","Adamts1"
55.534505,56.5581222222222,10.9567856566822,4.94614394197451e-06,0.00197940615234032,-3.50552449222374,"10718283","Dll1"
165.3822,297.387,10.9364545727656,5.01474538661015e-06,0.00197974015843823,-3.50585144975816,"10842475","Ptpn1"
142.43556,132.515633333333,10.5969177596458,6.33345417076835e-06,0.0022806367896787,-3.51156482969565,"10823605","B3galnt1"
132.99439,176.545477777778,10.5825560858831,6.39723586742112e-06,0.0022806367896787,-3.51181745590214,"10732657","Sh3pxd2b"
203.2431,403.379666666667,10.5727262873481,6.44130550355775e-06,0.0022806367896787,-3.51199089854044,"10800491","Rpl10-ps14"
186.56391,194.707133333333,10.5344269726669,6.61628295422408e-06,0.0022806367896787,-3.51267083772068,"10768814","Ier5"
104.80563,93.1979,10.4907261773118,6.82246891223445e-06,0.00231757682327927,-3.51345484828292,"10745931","Vmp1"
247.0432,360.908777777778,10.4258643870081,7.14188721966156e-06,0.00238784277152886,-3.51463482734396,"10709844","Wee1"
634.82815,680.118444444444,10.4130425037866,7.20699206603127e-06,0.00238784277152886,-3.51487042704813,"10908521","Ldlr"
133.5544,293.758111111111,10.376292489336,7.39730561347958e-06,0.00238784277152886,-3.51555003873128,"10712349","Tspan4"
356.78305,604.434444444444,10.3706959211919,7.42677851799296e-06,0.00238784277152886,-3.51565410278529,"10872003","Stk40"
393.6702,697.881333333333,10.3400562636073,7.5904821100234e-06,0.00238784277152886,-3.51622650577727,"10828364","Brd2"
124.82226,96.3733,10.3295524620871,7.64752892706818e-06,0.00238784277152886,-3.51642378445182,"10887947","Cyp1b1"
138.4772,301.186222222222,10.3082066715453,7.7649436330267e-06,0.00238784277152886,-3.51682635544192,"10927728","Col5a2"
530.5044,732.358333333333,10.2582915019427,8.04746303299039e-06,0.00241246208082392,-3.5177765059382,"10923270","Nabp1"
143.9831,226.795888888889,10.2386604460144,8.16171127300499e-06,0.00241246208082392,-3.51815359173704,"10790002","Gnl3"
183.5802,235.73,10.0995846651894,9.02506757978278e-06,0.00252248095214212,-3.52088136920892,"10869253","Ugcg"
260.75405,364.825888888889,10.0677924300304,9.23648600096222e-06,0.00252248095214212,-3.52151909288491,"10824322","Lmna"
227.4794,461.295555555556,10.063579717871,9.26491395914589e-06,0.00252248095214212,-3.52160399947255,"10826918","Nfkb1"
277.661,317.607888888889,9.95370225381413,1.00420924030335e-05,0.00259619192444442,-3.52385246118571,"10872291","Yars1"
96.7549,108.358777777778,9.91948531588629,1.02988034456554e-05,0.00261625429444676,-3.5245662150225,"10770577","Tgfb2"
696.7864,1262.01144444444,9.82224466838993,1.1069325360397e-05,0.00273734789386073,-3.52663076752235,"10927195","Ptp4a1"
208.3354,213.261111111111,9.81246941218954,1.11502840887734e-05,0.00273734789386073,-3.5268413161537,"10704505","Slc1a5"
50.66744,39.2970222222222,9.72359081648771,1.19175365594805e-05,0.00278132935056013,-3.52878144458255,"10733849","Lypd8l1"
102.6455,324.772222222222,9.70632303466795,1.20733527577321e-05,0.00278132935056013,-3.52916384425872,"10760144","Zkscan5"
962.463499999999,2321.12555555556,9.52726137623252,1.38306522014558e-05,0.00308434101842237,-3.53323752735708,"10921850","Hsp90ab1"
60.364875,57.0855333333333,9.41373659991405,1.50922139091047e-05,0.00314931383671846,-3.53592638494928,"10736863","Ccl4"
695.7288,1234.969,9.37513120583434,1.55501254487235e-05,0.00322185365148233,-3.53686027758896,"10923470","Ptp4a1"
363.1694,245.526722222222,9.25655693300551,1.70565487159087e-05,0.00339608030459517,-3.53979264020792,"10870316","Mthfd2"
111.0021,170.711666666667,9.17972788720764,1.81194438114697e-05,0.00343728202278101,-3.54174562902659,"10833643","Rpf2"
172.63753,110.466011111111,9.10568124846924,1.9214304109845e-05,0.00356632720826034,-3.54366862580843,"10773853","Lif"
33.013965,84.4218333333333,9.10086723124882,1.92880022901737e-05,0.00356632720826034,-3.54379505680316,"10827691","RT1-M6-2"
381.24943,252.800011111111,9.08976788917189,1.94591290509582e-05,0.00357533959807983,-3.54408722337929,"10863512","Mthfd2"
450.01955,615.988888888889,9.0412774950144,2.02268925541396e-05,0.00367023875202878,-3.54537456988784,"10757599","Ywhag"
99.64745,157.519555555556,8.99535855991408,2.098524095255e-05,0.00371553229810786,-3.54661027440424,"10796432","Rpp38"
328.70829,358.569533333333,8.96429271414983,2.15162845448824e-05,0.00371938897452186,-3.54745558803083,"10759989","Medag"
174.4129,399.139444444444,8.95541806354728,2.16707320379361e-05,0.0037218047418257,-3.54769846573556,"10879453","Smap2"
127.57761,130.1608,8.88899488576722,2.28668049234941e-05,0.00386144993661825,-3.54953625131764,"10704819","Ppp1r13l"
277.6907,282.729888888889,8.80688945439986,2.44483103963649e-05,0.00399012815597433,-3.55185751528756,"10774171","Upp1"
282.7221,443.824666666667,8.73627497817956,2.59065225892698e-05,0.0040379895025069,-3.55389896473653,"10766797","Irf6"
356.62055,687.150222222222,8.70279778162924,2.66315541756936e-05,0.0040379895025069,-3.55488168248421,"10813117","Eif1"
431.7994,714.158444444444,8.68304144915629,2.70700345522556e-05,0.0040379895025069,-3.55546619304255,"10845587","Itgb6"
80.727225,61.8489666666667,8.68209132511227,2.70913241080082e-05,0.0040379895025069,-3.55549438940388,"10914799","Birc3"
135.1552,355.382777777778,8.62132747593756,2.84924733770334e-05,0.00422527470678504,-3.55731420997549,"10895310","Ppp1r12a"
164.82047,172.016322222222,8.58460205111159,2.93784277173523e-05,0.00432608159988222,-3.55843011174112,"10709951","Mical2"
211.6353,248.439333333333,8.57914152389182,2.95127614921343e-05,0.00432608159988222,-3.55859707327603,"10727084","Cars1"
120.2097,263.764333333333,8.50870901404579,3.13083050789127e-05,0.00441833585989745,-3.56077518334751,"10774369","Sertad2"
164.703,220.932333333333,8.46939016155426,3.23634510697585e-05,0.00452376009354988,-3.56201122888299,"10708896","Lrrc32"
471.162,398.848333333333,8.41086725248648,3.40081727354389e-05,0.00464726248257182,-3.56387825323727,"10851952","B4galt5"
129.6559,179.301444444444,8.37993504593675,3.49149910400454e-05,0.00467486761396211,-3.56487846292299,"10889965","Baz1a"
159.7758,299.948666666667,8.33607321649616,3.62474291769542e-05,0.00479154930305674,-3.56631291428168,"10739915","Pgs1"
42.701665,44.3579777777778,8.32759260017425,3.65115409307461e-05,0.00480472142680548,-3.56659247258103,"10720424","Spred3"
362.05595,217.433555555556,8.32059964352664,3.67309368372529e-05,0.00481191743840138,-3.5668235337654,"10901166","Angptl4"
248.648,627.386222222222,8.24111941144504,3.93305691173207e-05,0.00503456687565095,-3.56948461134074,"10850970","Eif2s2"
58.330485,54.1261,8.21569231347998,4.02050442518992e-05,0.00503456687565095,-3.5703496750281,"10757056","Micall2"
588.5273,780.948888888889,8.13645707674368,4.3072094009304e-05,0.00517822285756299,-3.57308910421087,"10731493","Litaf"
260.16057,201.6581,8.11936223851706,4.3720103034364e-05,0.00521322077569759,-3.57368895419462,"10749839","Vgll3"
112.3103,181.791888888889,8.11107025573641,4.40383313139254e-05,0.00522982036993909,-3.57398105939975,"10879761","Map7d1"
142.3798,320.803111111111,8.06801268374814,4.57328364469402e-05,0.00532286487633829,-3.57550998318725,"10825702","Cttnbp2nl"
1549.2428,1899.51955555556,8.05190828466751,4.6385178764742e-05,0.00534341774633551,-3.57608709883119,"10930564","Tpm1"
912.7704,1266.79033333333,8.03228605441239,4.71940676181991e-05,0.00534341774633551,-3.57679419480972,"10897760","Atf4"
65.03806,79.1812444444444,8.02800394417864,4.73726705107448e-05,0.00534341774633551,-3.57694907733737,"10757119","Prkar1b"
59.996245,53.3123777777778,8.02218384727316,4.76166296354446e-05,0.00534861705662096,-3.57715991975464,"10887359","Trmt61a"
253.85925,520.072333333333,7.97909266993113,4.94670209729681e-05,0.00543340457452825,-3.57873293059668,"10847957","Prrg4"
1283.131,2070.67444444444,7.96506951790545,5.00863576167903e-05,0.00547546673985989,-3.57924941897913,"10788666","Rps20"
40.472283,32.6039733333333,7.86030656630089,5.49961473856554e-05,0.00590682885928139,-3.58318071178735,"10832487","Derl3"
217.7547,717.596666666667,7.80628664049985,5.77355447561905e-05,0.00601647688322534,-3.58525914756037,"10883726","Rock2"
146.49145,389.281111111111,7.79319275527723,5.84221979383348e-05,0.00601647688322534,-3.58576831631797,"10707386","Rhoq"
284.3747,515.896555555556,7.78353670991339,5.89343917956228e-05,0.00601647688322534,-3.58614515908367,"10837366","Slc43a3"
55.907925,44.7954666666667,7.77153502878868,5.95779867196643e-05,0.00602376474975199,-3.5866151581586,"10929725","Arl4c"
116.8579,262.519444444444,7.75594641201277,6.04256410383051e-05,0.00602376474975199,-3.58722830961514,"10922553","Cnnm4"
437.0549,918.364222222222,7.73666938666894,6.14924746096755e-05,0.00604185011951252,-3.58799075883549,"10709799","Ipo7"
485.11775,423.164888888889,7.73144521718693,6.17851900989979e-05,0.00604185011951252,-3.58819819443463,"10895406","Phlda1"
42.22911,65.2855333333333,7.73051911929144,6.18372419296996e-05,0.00604185011951252,-3.58823500299575,"10908414","Qtrt1"
341.2355,553.490222222222,7.72447413628097,6.21782046954908e-05,0.00604306914811987,-3.58847553344422,"10771406","Plac8"
40.692775,51.5399777777778,7.67288018800516,6.51749652688464e-05,0.00626322840580289,-3.59054747848315,"10814365","Il7"
98.59198,75.7986777777778,7.65812497153025,6.6061302401028e-05,0.00632046790140542,-3.59114634988247,"10767243","Lypd1"
57.4997500000001,309.685444444444,7.64573142653434,6.68161444774768e-05,0.00633755469079548,-3.59165156343543,"10821587","Zfp131"
227.95895,617.644888888889,7.62229146331564,6.82701590764871e-05,0.00645451270958089,-3.59261259399904,"10784702","Ppp2r2a"
565.05515,838.575222222222,7.61039582983979,6.90215009589273e-05,0.00650449719036807,-3.59310309015419,"10782247","Vcl"
476.0611,964.829111111111,7.59171896281771,7.0219781532219e-05,0.00654896654379524,-3.59387700171517,"10812148","Rn5-8s"
247.30111,253.375744444444,7.59057299671314,7.02940549989291e-05,0.00654896654379524,-3.59392463893829,"10820577","F2rl1"
108.70985,218.553888888889,7.58141911533524,7.08904919045229e-05,0.0065537811091732,-3.59430579415465,"10740853","Thoc6"
79.89975,272.908,7.55424120581635,7.26947387464229e-05,0.00665737961673354,-3.59544410903156,"10918169","Smad3"
151.3182,377.715333333333,7.53982797875106,7.36722653994145e-05,0.00666334848723993,-3.59605186332628,"10708834","Pak1"
63.4563,95.0925,7.52972459709678,7.43662059066466e-05,0.00668472104417469,-3.59647958165354,"10912112","Bcl2a1"
672.4938,1198.56733333333,7.51633484079972,7.52970935567245e-05,0.00674763586247285,-3.5970485893078,"10772705","Ugdh"
178.544,497.056888888889,7.49508877134525,7.68008799902522e-05,0.00681963801834415,-3.59795654833168,"10884931","Mgat2"
140.97905,203.513555555556,7.48047776434085,7.7854413501779e-05,0.00685071938566557,-3.59858460449931,"10807625","Nip7"
89.01466,97.5849111111111,7.47633545475617,7.81560130883234e-05,0.00685660590499183,-3.59876320625575,"10900782","Fstl3"
324.8509,934.679777777778,7.46446553924,7.90274749198966e-05,0.0068726671462588,-3.59927633161631,"10885045","Psma3"
49.856695,76.2680111111111,7.4546781166842,7.97541752135792e-05,0.00689330909671451,-3.59970092854676,"10846872","Rtn4rl2"
508.6533,751.008333333333,7.44802807627806,8.02521679815005e-05,0.00691589036994559,-3.59999019422198,"10831077","Ier3"
67.9797,280.08,7.41652818282416,8.2658510297814e-05,0.00696653604289284,-3.6013689553626,"10709860","Swap70"
269.96735,519.654888888889,7.40926695366449,8.32245183463272e-05,0.00696653604289284,-3.60168880102845,"10797597","Iars1"
286.84735,554.716111111111,7.40236104414505,8.37668291168218e-05,0.00699189755948238,-3.60199370168243,"10714338","Zfand5"
484.737,917.186666666667,7.39495111079498,8.43530926532858e-05,0.00702077278852732,-3.60232162334125,"10804889","Nars1"
918.137,1576.05888888889,7.38114086572228,8.5457950213564e-05,0.00707243217433162,-3.60293491636128,"10742388","Sqstm1"
121.71367,162.778544444444,7.37419086059405,8.60200465784925e-05,0.00709884079306237,-3.60324460867786,"10887665","Rpf2"
106.032357,78.54251,7.36218359889052,8.70008673557283e-05,0.00712414371199012,-3.60378132049475,"10841416","Procr"
245.40705,800.248,7.35924822552247,8.72425316600746e-05,0.00712414371199012,-3.60391285095133,"10912598","Ryk"
76.892785,60.2128111111111,7.33584618339317,8.91960842876136e-05,0.00715125040682392,-3.60496602154841,"10719437","Polr1g"
102.24342,112.1681,7.33328473867664,8.9412843409255e-05,0.00715125040682392,-3.60508178848989,"10880493","Zfp593"
96.1954000000001,201.329111111111,7.32903244201373,8.97739825065433e-05,0.00715125040682392,-3.60527419091257,"10833929","RT1-CE14"
262.9281,771.343333333333,7.32424050664931,9.01828958309269e-05,0.00715125040682392,-3.60549133353297,"10863866","Cnbp"
32.051293,28.6365011111111,7.31676390637907,9.08250416615043e-05,0.00715125040682392,-3.60583081539489,"10931537","Ebi3"
247.2701,389.146222222222,7.31569705023529,9.09170846964226e-05,0.00715125040682392,-3.60587932524772,"10750460","Ets2"
842.4774,574.518,7.30231466062857,9.20804979992683e-05,0.00718040586044102,-3.60648927409931,"10761047","Serpine1"
64.84305,109.414333333333,7.30173908900402,9.21309056961706e-05,0.00718040586044102,-3.6065155682577,"10901403","Nopchap1"
141.1007,399.792222222222,7.28685884774364,9.34447974912145e-05,0.00724110428092398,-3.607197088926,"10865685","Ltbr"
34.85745,129.219,7.28203078941902,9.38755670661957e-05,0.00725524025468741,-3.60741893702647,"10900579","Fam174c"
234.5504,628.797222222222,7.26307813463902,9.55880209123857e-05,0.00734386985249187,-3.60829324113213,"10810885","Psmd7"
234.1542,570.021333333333,7.23359053133246,9.83217787985666e-05,0.00737523714028416,-3.60966449616174,"10756418","Flt1"
89.7953,211.840222222222,7.22570041556687,9.90679119282689e-05,0.00737523714028416,-3.61003368952874,"10824439","Efna1"
35.743335,46.3442666666667,7.21776574785986,9.98246064491169e-05,0.0073811542519577,-3.61040594486972,"10932570","Usp27x"
51.9103,111.749944444444,7.19989622430872,0.000101552365574803,0.0073811542519577,-3.61124790008448,"10894618","Nfyb"
276.5142,875.432,7.19746713850407,0.000101789781489801,0.0073811542519577,-3.61136273794726,"10862361","Pdia4"
491.79095,301.827555555556,7.18171944019742,0.000103343977601779,0.00745454558434165,-3.61210948686246,"10704956","Plaur"
42.13735,45.2183111111111,7.16610334557829,0.000104911253485844,0.00752859801059506,-3.61285387700848,"10745677","Ccl3"
258.69525,352.611666666667,7.16551779421779,0.000104970532362444,0.00752859801059506,-3.61288186467237,"10850530","Cd93"
906.940500000001,3002.79666666667,7.10882442371814,0.00011089003752188,0.00775872148475608,-3.61561775618899,"10878709","Gapdh"
105.96618,168.4084,7.10685868877419,0.000111101830470854,0.00775872148475608,-3.6157135528493,"10918288","Plekho2"
91.83568,157.014677777778,7.10134764961145,0.00011169800129532,0.00775872148475608,-3.61598246074206,"10718001","Agpat4"
130.5206,208.345555555556,7.10125184456542,0.0001117083966121,0.00775872148475608,-3.61598713989072,"10714645","Rcl1"
622.074,1052.91333333333,7.09787274781145,0.000112075733092595,0.00775872148475608,-3.61615227230195,"10717409","Hnrnpa3"
331.00255,640.067444444444,7.08576406743773,0.00011340310431307,0.00781358087123121,-3.61674554973915,"10917703","Peak1"
141.31067,114.491822222222,7.07264669642858,0.000114860777049975,0.00783364727733806,-3.61739097835837,"10766463","Dusp10"
114.71698,142.413344444444,7.06001368258092,0.000116284311209177,0.00787759501618202,-3.61801527190006,"10835624","Ptrh1"
272.7146,710.593888888889,7.05820788420512,0.000116489390257775,0.00787759501618202,-3.61810472718442,"10778386","Eif6"
145.2371,205.893222222222,7.05246655346599,0.000117144087818327,0.00788536263024102,-3.61838950175749,"10912218","Plscr1"
125.41972,131.290877777778,7.04377275517902,0.000118143251035948,0.00790651833079825,-3.61882177089335,"10912861","Rrp9"
385.96855,669.253777777778,7.04267315337355,0.000118270298848457,0.00790651833079825,-3.61887653508045,"10913835","Lrrfip2"
33.81153,45.0906666666667,7.03828195071064,0.000118779171825269,0.00791022909129638,-3.61909543554811,"10741598","Wdr90"
83.3122,165.087444444444,7.02435214993163,0.00012040957243995,0.00799464829377431,-3.61979198250721,"10764852","Abl2"
84.91086,147.7603,7.00894799203793,0.000122241519060704,0.00804043123555473,-3.6205660770915,"10752758","Btg3"
444.3718,382.848777777778,7.00777568214093,0.000122382198081873,0.00804043123555473,-3.6206251535175,"10930411","Tgif1"
128.22177,156.502433333333,7.00471382904518,0.000122750473439358,0.00804043123555473,-3.62077956051072,"10903459","Klf10"
331.06055,308.965222222222,6.96475119962124,0.000127671615458122,0.00825176675662292,-3.62280958808256,"10800140","Snrpd1"
103.12532,175.272655555556,6.95000037570696,0.000129543080934821,0.00830013004768376,-3.6235658781884,"10870733","Magoh"
749.2959,1301.622,6.93980799815462,0.000130853984787096,0.0083284712670375,-3.62409066927048,"10869264","Hnrnpa3"
90.5922,248.896,6.9260819562944,0.000132642689457345,0.00836938127388097,-3.62480028250926,"10887901","Cebpz"
63.300505,77.2757777777778,6.92277792114156,0.000133077293359729,0.00836955754051888,-3.62497159082961,"10907834","Casp12"
150.74225,339.869555555556,6.92170724694744,0.000133218465678828,0.00836955754051888,-3.62502714470562,"10927992","Stk17b"
111.09346,154.581411111111,6.91447896463873,0.000134175899393046,0.00837567248903515,-3.62540272746597,"10804541","Marchf3"
153.96261,199.626466666667,6.90920260034199,0.000134879608359409,0.0083941682944448,-3.62567747250366,"10875532","Pdp1"
92.05427,71.5114888888889,6.90534413560753,0.000135396803644274,0.00839438335057249,-3.62587869906645,"10765534","Adamts4"
197.09685,478.841,6.87164442933596,0.000140008656588861,0.00852127686163953,-3.62764750664156,"10795957","Gtpbp4"
52.61991,84.1819666666667,6.86728690146029,0.000140617607428735,0.00853340563690524,-3.62787771106887,"10860457","Sema3e"
76.86394,110.034311111111,6.85981636941159,0.000141668437526496,0.00853340563690524,-3.62827317148839,"10907825","Casp4"
113.5438,272.968111111111,6.81575389142247,0.000148046385363001,0.00873742848887818,-3.63062635017181,"10821072","Mast4"
165.79455,384.770666666667,6.8108863447291,0.000148770264370374,0.0087624485953954,-3.63088849082704,"10798108","Ripk1"
787.8526,1338.00411111111,6.79794380986786,0.000150714181767623,0.00876800186962868,-3.6315876431573,"10823933","Hnrnpa3"
154.18375,361.931111111111,6.78302356874868,0.00015299016649189,0.00883536634930376,-3.63239749879736,"10721050","Cebpg"
85.31682,147.967766666667,6.78123321458797,0.000153265824276238,0.00883536634930376,-3.63249495695323,"10865819","Tead4"
391.91072,266.323822222222,6.77213459929794,0.00015467525944149,0.00883536634930376,-3.63299117029573,"10828575","Hmga1"
367.0585,991.171111111111,6.75773086233973,0.000156935963782279,0.00883536634930376,-3.63377989609374,"10803843","Etf1"
186.39911,169.258688888889,6.75274337481394,0.00015772728090402,0.00883536634930376,-3.63405391681128,"10804463","Lox"
198.654,266.045666666667,6.75142109785223,0.000157937815024481,0.00883536634930376,-3.63412664393116,"10703905","Rasl2-9"
1475.9429,1192.05922222222,6.75015883806627,0.000158139083809037,0.00883536634930376,-3.63419610096832,"10757715","Cldn4"
32.5461,162.177333333333,6.74788435079303,0.000158502471547761,0.00883536634930376,-3.63432133314168,"10763091","Golga3"
36.70261,52.0544111111111,6.74585122065583,0.000158828082004515,0.00883536634930376,-3.63443335950968,"10934676","LOC681325"
226.2888,310.891,6.73463770112456,0.000160637327755028,0.00887857857075816,-3.63505264364759,"10931325","Sowahc"
298.62415,305.684444444444,6.73181206529283,0.000161096825481247,0.00887857857075816,-3.63520907235027,"10812954","Plk2"
189.17172,177.6871,6.73008147027199,0.00016137896970879,0.00887857857075816,-3.63530495442131,"10756393","Slc7a1"
219.0787,530.426111111111,6.70835245854112,0.000164968519533991,0.00898511339115379,-3.6365137241643,"10921550","Srf"
196.51975,553.363111111111,6.70425245935062,0.000165655698943575,0.00899528919876875,-3.63674282476181,"10919699","Uba5"
373.52235,666.608333333333,6.67873505457267,0.000170004511136786,0.00906618638645081,-3.63817602743301,"10939444","Morf4l2"
1944.9565,4684.87111111111,6.67135549663113,0.000171285647659734,0.00909827406405405,-3.63859287416984,"10827989","Mt2"
106.12252,145.513544444444,6.66712495453885,0.000172024917610276,0.00909827406405405,-3.63883232522501,"10934548","Pbdc1"
567.67595,623.876222222222,6.66066252368518,0.000173161035484071,0.00911311598738843,-3.63919878197259,"10782065","Ipo5"
395.9981,1150.45855555556,6.6538011884066,0.000174376389297944,0.00911311598738843,-3.63958876010063,"10902506","Cct2"
42.912585,74.505,6.64244691431899,0.000176408395304354,0.00918864101900591,-3.64023614969922,"10779770","Tlr11"
240.26735,919.384888888889,6.63947151546642,0.000176945212926115,0.00919800258082475,-3.64040622183992,"10770375","Wdr26"
596.1337,688.888111111111,6.63694202488504,0.000177403003808257,0.00920352657648464,-3.64055094460507,"10859296","Emp1"
74.1779500000002,325.928777777778,6.63434326168785,0.000177874698688217,0.00920352657648464,-3.64069976344971,"10738947","Tlk2"
125.6496,301.505666666667,6.63194281208001,0.000178311632857202,0.00920352657648464,-3.64083734543441,"10755309","Polr2h"
141.00955,428.183111111111,6.61910597571419,0.000180668490345119,0.00929234027630689,-3.64157504450509,"10938841","Rlim"
272.0424,298.400333333333,6.61066307115496,0.000182237421765667,0.00934014743765297,-3.64206203734505,"10873706","Epha2"
697.48245,724.589,6.59755564166366,0.000184703142637808,0.00940055332582041,-3.64282092940565,"10735091","Cldn7"
68.36965,231.470111111111,6.59224210695238,0.000185713212526429,0.00941914199782481,-3.64312956163372,"10908002","Maml2"
304.3904,773.565222222222,6.58218359235117,0.000187642068892269,0.00942525146717101,-3.64371537220464,"10730452","Oga"
122.93774,133.532755555556,6.58040487752776,0.000187985464914692,0.00942525146717101,-3.64381917936166,"10794824","Tubb2b"
134.75595,647.779333333333,6.57753454237237,0.000188541076282724,0.00942525146717101,-3.64398683043899,"10822583","Fndc3b"
65.83144,91.3772777777778,6.57652296150199,0.000188737321431336,0.00942525146717101,-3.64404595513479,"10892339","Cdca4"
40.27109,59.4449222222222,6.57136602589749,0.000189741281771324,0.00944310358716773,-3.64434769194609,"10728676","Dagla"
50.40061,81.8299111111111,6.56699203711722,0.000190597453549694,0.0094466638487671,-3.64460404463212,"10727277","Tpcn2"
317.3853,440.086333333333,6.5371648667343,0.000196551211086082,0.00965383132752233,-3.64636267066627,"10842667","Rpl24"
874.488,1545.41333333333,6.53007905643014,0.000197995683989579,0.009665109177968,-3.6467831623626,"10837038","Hnrnpa3"
415.19135,517.766888888889,6.52033180264853,0.00020000194526455,0.009665109177968,-3.64736330185461,"10702660","Akap12"
183.08277,147.5936,6.50835666244073,0.000202497643620232,0.009665109177968,-3.64807876396188,"10708921","Map6"
180.45685,450.274444444444,6.49526233207596,0.000205266121522457,0.00973481245804717,-3.64886454572999,"10936537","Gtpbp4"
93.94615,186.622444444444,6.48125055941704,0.000208275063052168,0.00981378660000973,-3.64970939989969,"10830895","RT1-M5"
79.6354000000001,173.283111111111,6.46947928847577,0.000210840631974856,0.00987583957932533,-3.65042238874076,"10886412","Llph"
172.8873,948.541,6.46746905572484,0.00021128225292936,0.00987583957932533,-3.6505444448711,"10793878","Ubqln1"
111.47031,132.8448,6.44790817830997,0.000215633374545908,0.0100244026053351,-3.65173665780455,"10743961","Tmem88"
823.081000000001,3212.46777777778,6.44702064464935,0.000215833136125001,0.0100244026053351,-3.65179094729799,"10791531","Gapdh"
136.618392,88.9711433333333,6.44477973621843,0.000216338420435289,0.0100297658091916,-3.65192809699279,"10859277","Gprc5a"
162.61061,134.720522222222,6.44086486463645,0.00021722429747428,0.0100297658091916,-3.65216795827495,"10777677","Sh3bp2"
575.58735,596.1,6.43015959850174,0.000219667305838838,0.0100640076723079,-3.65282555781384,"10839857","Nop56"
60.9430500000001,188.543,6.4182586854053,0.000222418917422604,0.0101631837432981,-3.65355952918594,"10840888","Mcts2"
203.14172,154.236988888889,6.39398998653123,0.000228149056154212,0.0103335605061847,-3.65506587655965,"10753222","Runx1"
2669.3964,1723.982,6.3716962476449,0.00023355709137728,0.010441420287344,-3.65646109993933,"10781166","Clu"
40.478965,53.6165111111111,6.36748674937389,0.000234594069692694,0.0104479855768879,-3.65672578639698,"10757545","Sh2b2"
387.3991,1213.45577777778,6.36496604872706,0.000235217462893596,0.0104591217062002,-3.65688447343534,"10742575","Hspa4"
2152.6244,1882.78755555556,6.35512081703045,0.000237669897919066,0.0105521100270632,-3.6575056284418,"10817186","S100a10"
325.31265,700.34,6.35043192785565,0.000238847826653268,0.0105722733452251,-3.65780222436999,"10826039","Sars1"
257.54695,249.436111111111,6.3454886593876,0.000240096656797045,0.0105794626420345,-3.65811544684424,"10733553","Irf1"
229.80885,257.014666666667,6.33887504476137,0.00024177878026048,0.0106023963718181,-3.65853537023418,"10888662","Wdr43"
190.25354,180.052088888889,6.33730105927849,0.000242181029257173,0.0106023963718181,-3.65863545414215,"10751295","Pla1a"
125.76985,273.003111111111,6.3350182726787,0.000242765735895815,0.0106023963718181,-3.65878070772159,"10763184","Cldn3"
243.68555,618.863888888889,6.31733665509029,0.000247347901682271,0.010707686728221,-3.65990979514762,"10874929","Rdh10"
108.4284,240.746,6.3077698404298,0.000249866945144896,0.0107505345146731,-3.66052367075861,"10825113","Plekho1"
416.5466,675.010222222222,6.30109872899067,0.000251640305621069,0.0107860806051861,-3.66095297809963,"10757615","Tmem120a"
61.30448,122.189955555556,6.28403412064937,0.000256240200702797,0.0109304181365479,-3.66205580212295,"10834875","Ddx31"
26.820725,46.7710222222222,6.27287702264546,0.000259297915758646,0.0109625605079205,-3.66278048736125,"10818946","Zgrf1"
113.2908,194.471666666667,6.2712879743335,0.00025973668312755,0.0109652419955033,-3.66288393585985,"10847924","Tcp11l1"
286.38465,658.506666666667,6.24681551285347,0.00026659871912307,0.0111104350648522,-3.66448456430037,"10904358","Ago2"
240.63825,731.971333333333,6.23575439670217,0.000269765800154734,0.0111945143263074,-3.66521263468451,"10823284","Wwtr1"
324.20855,416.075888888889,6.23288428691229,0.000270594366346041,0.0111987738917054,-3.66540202456615,"10905625","Rangap1"
211.27275,311.616,6.23222889237965,0.000270783965138607,0.0111987738917054,-3.66544529940965,"10800760","Bin1"
78.224355,59.02,6.21616929889491,0.000275476029940492,0.0112489116524242,-3.66650887815349,"10719593","Ceacam16"
33.0425,62.0085555555556,6.2154613737524,0.000275684919441269,0.0112489116524242,-3.66655590309719,"10775794","Stbd1"
24.347412,22.57726,6.21036468923997,0.000277193990201752,0.0112784752503537,-3.66689481066127,"10858566","Clec4a2"
237.0988,380.725444444444,6.20063354699078,0.000280100693154963,0.0113498806130257,-3.66754361513845,"10922783","Map4k4"
84.5433,184.049,6.19945974615236,0.000280453579509043,0.0113498806130257,-3.66762202938237,"10738460","Bax"
139.27788,159.5424,6.19041412105005,0.000283189557137288,0.0113498806130257,-3.66822742177535,"10826771","Gar1"
442.40275,456.622444444444,6.18755568268357,0.000284060255219078,0.0113498806130257,-3.66841913693531,"10860951","Asns"
263.68935,598.199666666667,6.18749290082309,0.000284079412135325,0.0113498806130257,-3.66842334992045,"10745271","Psma3"
118.76695,178.470111111111,6.18519429152517,0.000284781781265425,0.0113498806130257,-3.66857766393194,"10770588","Rrp15"
142.41015,305.093,6.18360738214853,0.000285267801146144,0.0113498806130257,-3.66868427341553,"10853785","Mdfic"
286.80145,410.765111111111,6.18224522223671,0.000285685718518903,0.0113498806130257,-3.66877583266044,"10927230","Bag2"
39.5065500000001,155.570666666667,6.18141070383969,0.000285942087053705,0.0113498806130257,-3.66883194800715,"10781699","Sugt1"
312.28605,636.106,6.16166844736667,0.00029208177464453,0.0114803081177132,-3.67016440124307,"10815284","Naa15"
107.01255,305.707333333333,6.15349316397128,0.000294666751975473,0.0115241678242061,-3.6707189517599,"10776992","Stim2"
51.32981,111.440188888889,6.15149000176318,0.000295303988853819,0.0115241678242061,-3.67085508088313,"10820748","Utp15"
105.02325,210.824,6.14696077314621,0.000296750426844503,0.0115590226264471,-3.67116323696963,"10771635","Nup54"
45.017305,58.8967111111111,6.136825041466,0.000300015777792456,0.0116485594601332,-3.67185467082881,"10832460","Zfp280b"
77.39689,105.433977777778,6.13533082318226,0.000300500506997316,0.0116485594601332,-3.67195681668921,"10740804","Or1f45"
23.137705,38.5321444444444,6.12151835351338,0.000305022505742147,0.0117713705188257,-3.67290366146836,"10783381","LOC290071"
320.83365,174.513333333333,6.10713042301405,0.000309812975317521,0.0118466966766048,-3.67389499252059,"10906926","Rnd1"
125.1771,363.951666666667,6.10460709180752,0.000310661654250388,0.0118564281427272,-3.67406938274852,"10716785","Rab32"
30.001163,24.1394622222222,6.1039616012944,0.000310879166061785,0.0118564281427272,-3.674114018893,"10711268","Itgam"
57.6957,93.2798333333333,6.09949488023383,0.00031238894021177,0.0118849135818823,-3.67442318179119,"10704786","Gpr4"
214.58095,748.903111111111,6.09851217437986,0.000312722185396782,0.0118849135818823,-3.6744912666079,"10713089","Rela"
116.4329,296.212555555556,6.09364994248464,0.000314376803336837,0.0118993563438208,-3.67482849325092,"10830253","Dse"
866.390500000001,1597.82944444444,6.08850977623165,0.000316136522725856,0.0119015623388056,-3.67518564254905,"10717591","Hnrnpa3"
119.11646,106.478188888889,6.07894595170611,0.000319439688682893,0.0119722795753918,-3.67585192900366,"10715706","Pprc1"
104.04685,444.643444444444,6.06948772019137,0.000322743907414452,0.0119722795753918,-3.67651313442956,"10766051","Desi2"
233.57479,183.315477777778,6.06843490678341,0.000323114034373365,0.0119722795753918,-3.6765868747972,"10740364","Ctps1"
258.44878,249.862844444444,6.06744964983207,0.000323460835780794,0.0119722795753918,-3.67665590893699,"10716080","Dusp5"
319.7181,650.093333333333,6.06710550609393,0.000323582068057417,0.0119722795753918,-3.67668002791989,"10919681","Cdv3"
136.3832,134.442055555556,6.06287737528627,0.000325075622962545,0.0119722795753918,-3.676976598287,"10810264","Ddx39a"
24.468295,77.3714777777778,6.02376360355792,0.000339258927091673,0.0122662256139309,-3.67974182242708,"10897584","Galr3"
106.35015,388.600333333333,6.01666261702464,0.000341906425967714,0.0123010521283507,-3.68024807151493,"10804017","Diaph1"
133.77153,174.830233333333,6.01503769321667,0.000342515456302404,0.0123078063227779,-3.68036410092401,"10881820","Spsb1"
114.19349,96.1074222222222,6.01383239834017,0.000342967980959001,0.012308927021789,-3.68045021063182,"10766085","Kif26b"
50.085875,54.8387888888889,6.00776096155304,0.000345257542873327,0.0123154503754596,-3.68088454651606,"10876586","Hemgn"
74.81366,124.167855555556,6.00397240436294,0.000346694767510732,0.0123202881085656,-3.68115605775845,"10779654","Samd4a"
195.10412,229.127822222222,6.00241258140109,0.000347288418964394,0.0123202881085656,-3.68126795318682,"10907689","Itga5"
87.7834,190.498444444444,6.00185265675015,0.000347501793710482,0.0123202881085656,-3.68130813544371,"10776064","Utp3"
604.9639,1082.27144444444,5.99593991350656,0.000349763860652768,0.0123256953258262,-3.68173295650165,"10833523","Lims1"
436.54885,571.596111111111,5.97791711131029,0.000356759802194426,0.0124637807214814,-3.68303353074479,"10928452","Raph1"
339.231,1481.70333333333,5.97706242530502,0.000357095381114533,0.0124637807214814,-3.68309541983925,"10787731","Eloc"
339.231,1481.70333333333,5.97706242530502,0.000357095381114533,0.0124637807214814,-3.68309541983925,"10791202","Eloc"
339.231,1481.70333333333,5.97706242530502,0.000357095381114533,0.0124637807214814,-3.68309541983925,"10791204","Eloc"
292.09355,619.969555555556,5.97018097058955,0.00035981000311823,0.0124987983722901,-3.68359442050145,"10860546","Ube2n"
123.92277,128.816266666667,5.95808444004814,0.000364637255930191,0.0125901738200956,-3.68447463177292,"10765036","Gas5"
287.8126,488.312111111111,5.95711733875917,0.00036502626225854,0.0125901738200956,-3.68454517156087,"10718591","Myadm"
275.7407,400.152222222222,5.9496461370205,0.000368046953636158,0.0126495572982667,-3.68509095778464,"10826249","Vcam1"
251.3618,941.898555555556,5.93986658233751,0.000372042694426288,0.0127519530601992,-3.68580763089682,"10863262","Kcmf1"
855.9501,1499.94466666667,5.93597688993238,0.000373645232406741,0.0127519530601992,-3.68609339195326,"10914478","Hnrnpa3"
106.0233,295.752666666667,5.9207472776338,0.00037999345468386,0.0128756813856552,-3.68721617814712,"10848539","Ino80"
175.29076,152.110744444444,5.91779630824649,0.000381237228677747,0.0128756813856552,-3.68743446037216,"10797918","Pak1ip1"
348.4453,688.974777777778,5.91464527599612,0.000382570284898043,0.0128909947498479,-3.68766780191896,"10816487","Cct3"
530.0396,1044.51855555556,5.91437493029731,0.000382684894944597,0.0128909947498479,-3.68768783422526,"10724637","Cdv3"
313.02695,413.484888888889,5.91271945655553,0.000383387541154623,0.0128909947498479,-3.68781054623604,"10829437","Col6a1"
207.7283,375.755888888889,5.9125590793814,0.00038345568691784,0.0128909947498479,-3.68782243815285,"10756560","Pdap1"
107.70135,169.382666666667,5.90599665201623,0.000386255615050746,0.0129404490115739,-3.68830964023153,"10716925","Aig1"
329.65691,240.385522222222,5.90242332686771,0.000387789688405047,0.0129550340718383,-3.68857542139162,"10811531","Slc7a5"
67.937715,60.5156,5.90173427422837,0.000388086279546105,0.0129550340718383,-3.68862671266971,"10922857","Il1rl1"
1023.0814,1004.92144444444,5.90085578835723,0.000388464771922037,0.0129550340718383,-3.68869212366676,"10940689","Ifrd1"
179.23615,372.303111111111,5.89905460960685,0.000389242076886531,0.0129650343632799,-3.68882630320136,"10733056","Ifi47"
219.68335,255.855444444444,5.8958415946172,0.000390632927640564,0.012965631506483,-3.68906587833415,"10816079","Fga"
76.07611,103.728244444444,5.89056583271759,0.00039292860528131,0.012965631506483,-3.6894598733306,"10815659","Rap2b"
165.98735,365.254555555556,5.88785003301089,0.000394116147300207,0.012965631506483,-3.68966298750443,"10885299","Rhoj"
53.7933,244.407333333333,5.88767563042954,0.000394192543735562,0.012965631506483,-3.68967603796413,"10873015","Luzp1"
349.62365,656.178888888889,5.88596668947936,0.000394942003974559,0.012965631506483,-3.68980396140498,"10713844","Fads3"
120.7181,327.145888888889,5.88208223449734,0.000396651393444662,0.0129762304681885,-3.69009503260854,"10806981","Smad1"
75.75384,99.7940333333333,5.86738257973946,0.000403194357713631,0.0130731631145905,-3.69120027980136,"10940577","Itgb3"
85.62265,265.888111111111,5.86585550530184,0.000403880869300703,0.0130801578460507,-3.691315441249,"10840321","Snrpb2"
157.94645,412.853222222222,5.86292697426196,0.000405201028639552,0.0130801578460507,-3.69153647191424,"10795927","Gtpbp4"
105.5016,205.59,5.86082267018795,0.000406152570502192,0.0130964030846038,-3.69169544115861,"10716990","Abracl"
125.32925,117.777388888889,5.85726461591958,0.000407767091295798,0.0131202481399024,-3.69196451376501,"10812689","Enc1"
39.640605,61.3096666666667,5.84631051110025,0.000412782275857388,0.0132081285946306,-3.69279511708011,"10893906","Cbarp"
447.66835,698.226111111111,5.84025966509958,0.000415581701824327,0.0132686380733288,-3.69325536522286,"10777829","Ywhah"
247.7138,365.927222222222,5.82944776479397,0.000420636091730116,0.0134007227740497,-3.69408031403883,"10754010","Rmp64"
358.3061,807.550555555556,5.82426282911659,0.000423083976212895,0.0134426464765076,-3.69447709269379,"10895027","Ube2n"
385.9539,407.835666666667,5.81795931221675,0.000426081132715382,0.0135005794047149,-3.6949604938785,"10923670","Nop58"
20.48876,37.7500555555556,5.8050956879407,0.00043227032640493,0.0136296435044341,-3.69595046808626,"10893482","S1pr4"
120.49215,432.797666666667,5.80024704018474,0.000434628859984577,0.013644446922212,-3.69632483756958,"10925810","Ppp4r1"
344.5976,784.060888888889,5.79984494666073,0.000434825086759067,0.013644446922212,-3.69635591376416,"10720520","Ube2n"
515.45485,727.029444444444,5.79643324878192,0.000436493973295964,0.0136532475171973,-3.69661977597366,"10749681","Alyref"
58.48498,83.7626444444444,5.79640544017103,0.000436507605294114,0.0136532475171973,-3.6966219280702,"10752961","Krtap16-5"
167.32726,143.595911111111,5.78548819653725,0.000441895750741401,0.0137922462202557,-3.69746851943346,"10879402","Ctps1"
318.2862,751.137333333333,5.7803239349374,0.000444470045492407,0.0138430148283744,-3.69787018022647,"10766521","Eprs1"
128.60985,397.166333333333,5.77817286333911,0.000445547188995408,0.0138617844295121,-3.69803771051337,"10703377","Chd1"
30.49386,50.7400666666667,5.7760659475109,0.000446605010787679,0.0138766491927183,-3.69820193109026,"10766718","Batf3"
100.42095,167.143333333333,5.7694487659579,0.000449945343191797,0.013939239932137,-3.69871853091423,"10931247","Metrnl"
509.0283,1000.654,5.76489327316643,0.000452260938356084,0.0139536589280906,-3.69907491159335,"10819770","Adgrl4"
390.9263,317.230222222222,5.764774830342,0.000452321318713693,0.0139536589280906,-3.69908418550804,"10825869","Csf1"
73.629345,80.2543333333333,5.76167715003414,0.000453903627328694,0.0139877010219203,-3.69932687415266,"10705345","Numbl"
711.6647,692.806222222222,5.7537590219941,0.000457976030841388,0.0140673593119043,-3.69994848862532,"10904812","Plec"
63.02065,153.630777777778,5.73328722973735,0.000468692771458511,0.014220854035876,-3.7015641087059,"10794798","Hmgb1-ps2"
1368.4996,1067.05744444444,5.72613626308066,0.000472501079975725,0.0142599654446393,-3.7021313541978,"10729269","Anxa1"
47.63638,133.337844444444,5.72324375367559,0.000474051181920357,0.0142828339174832,-3.70236122830991,"10763913","Rbbp5"
412.0783,977.885111111111,5.72234618953415,0.000474533326558652,0.0142828339174832,-3.70243260988946,"10867516","Sdcbp"
302.4564,1114.03366666667,5.70241139435773,0.000485382140383137,0.0144715842388816,-3.70402413271852,"10745933","Vmp1"
27.64965,52.2774333333333,5.701199877057,0.000486050216561703,0.0144715842388816,-3.70412123630329,"10841778","Actr5"
105.93201,151.249133333333,5.6986875078511,0.000487438861198722,0.0144715842388816,-3.70432274305871,"10711299","Itgax"
167.1075,355.377,5.69412067066281,0.000489974260724617,0.0145173509663377,-3.70468951242803,"10714667","Jak2"
1421.7395,2118.99222222222,5.69072572706566,0.000491868463668995,0.0145410148190925,-3.70496256909419,"10930624","Rn45s"
102.69305,213.879555555556,5.68433175868712,0.000495457901335527,0.0146016575466931,-3.70547777545984,"10821117","Nln"
111.8944,240.426444444444,5.68268811468421,0.000496385261757291,0.0146016575466931,-3.7056104133424,"10844587","Psmd5"
21.79895,60.5328222222222,5.68192189400245,0.000496818224187475,0.0146016575466931,-3.70567227312084,"10927372","Ankrd39"
53.47245,319.980333333333,5.66926509315486,0.000504030603100999,0.0147542585561048,-3.70669665884018,"10774310","Ppp3r1"
142.85163,116.741733333333,5.64941920946424,0.000515572823622001,0.0149790554728282,-3.70831264947891,"10783964","Ripk3"
49.038755,62.4519222222222,5.64762531768122,0.000516630392168296,0.0149790554728282,-3.70845931050632,"10829826","Rpl36al-ps5"
78.2883500000001,163.592222222222,5.62096548935213,0.000532632126974517,0.015317722639568,-3.71065051195323,"10895679","Llph"
203.69205,582.528,5.61542523288005,0.000536025502072594,0.0153608457211365,-3.71110861485112,"10884656","Psma6"
95.965333,54.6777511111111,5.60923431378274,0.000539845578697629,0.0154014147813208,-3.71162164147064,"10878457","Cimap2"
60.10523,101.065455555556,5.60643634474749,0.000541581873628092,0.0154211541418022,-3.71185389212677,"10829678","Jpt2l1"
37.40183,92.5334555555555,5.6062018412351,0.000541727674936833,0.0154211541418022,-3.71187336856221,"10787856","Tll1"
265.0067,920.956555555556,5.6045572127733,0.000542751428473566,0.0154211541418022,-3.71201000937785,"10881461","Rex2l1"
45.845445,40.3155333333333,5.60342655109947,0.000543456481233995,0.0154211541418022,-3.71210399698047,"10854961","Ephb6"
460.42915,549.077777777778,5.60218385776788,0.000544232557000001,0.0154211541418022,-3.71220734318272,"10940647","Fosl2"
98.17795,370.187444444444,5.59040412729959,0.000551650002647308,0.0155033919483854,-3.71318937061753,"10824388","Fdps"
20.70125,37.3818555555556,5.58935384486542,0.000552316724947245,0.0155033919483854,-3.71327713858768,"10872665","Themis2"
68.39168,43.9731722222222,5.58810441532732,0.000553111021374672,0.0155033919483854,-3.71338159342414,"10775900","Cxcl1"
160.1663,634.824222222222,5.5875121900027,0.000553487954155231,0.0155033919483854,-3.71343112171968,"10764811","Rps17l3"
46.30306,71.1574777777778,5.58060322534725,0.000557906236034331,0.0155923300900791,-3.7140097358603,"10871616","Hivep3"
140.711915,91.8128888888889,5.57786965879251,0.000559665053277674,0.0155923300900791,-3.71423908088811,"10870713","Lrp8"
646.3799,554.341555555556,5.57765392640651,0.000559804118188735,0.0155923300900791,-3.71425719073417,"10741765","Hba-a3"
22.54124,31.3825888888889,5.5772973525109,0.000560034055382586,0.0155923300900791,-3.71428712685234,"10910204","Pstpip1"
233.5803,306.550666666667,5.57698287014177,0.000560236936029899,0.0155923300900791,-3.71431353249837,"10704808","Ercc1"
68.12548,84.5305111111111,5.56961695123346,0.000565012082211163,0.015657023344514,-3.71493290521228,"10768080","Inava"
85.761705,90.6168333333333,5.56566079371242,0.0005675952321249,0.015685185813684,-3.71526626977797,"10766072","Kif26b"
787.0072,1433.02377777778,5.56497085520419,0.000568047052470653,0.015685185813684,-3.715324457876,"10822786","Hnrnpa3"
1052.7126,835.113666666667,5.55278405176935,0.000576093397557642,0.0158176621393317,-3.71635475339784,"10890860","Actn1"
83.68074,142.6797,5.55142195124161,0.000577000486815695,0.0158196817855937,-3.71647020066329,"10891303","Tgfb3"
72.17889,140.340366666667,5.54725483967871,0.000579785339086929,0.0158196817855937,-3.71682375802051,"10741861","LOC102552476"
357.3947,1065.14988888889,5.54395763280354,0.000581999317474657,0.0158457857042914,-3.71710390040852,"10749742","Csnk1d"
208.3012,308.655111111111,5.54177759760024,0.000583468253499313,0.0158517236469005,-3.71728931430087,"10842433","LOC100911177"
310.5061,523.462111111111,5.54121909853806,0.000583845233246556,0.0158517236469005,-3.71733683953832,"10803141","Usp14"
1335.2695,1947.77111111111,5.53959923655448,0.000584940135532732,0.015866704846289,-3.71747473733936,"10744134","Eif4a1"
116.2832,226.617222222222,5.536590391403,0.000586979881871677,0.0159072637003703,-3.7177311009194,"10859567","Golt1b"
58.19374,86.9441444444444,5.53395020142458,0.000588776155618328,0.0159263950094758,-3.71795629242766,"10868682","Polr1e"
202.14125,623.155555555556,5.52419964205387,0.000595462603432267,0.0160774902926712,-3.7187898903492,"10934772","M6pr"
1329.9389,1365.77755555556,5.52245352808069,0.000596668794772397,0.0160803341056096,-3.71893949216133,"10724319","Hbb-bs"
241.0694,195.422055555556,5.51869695528034,0.000599272901750711,0.0161017244231707,-3.71926167685948,"10731341","Ctps1"
389.82625,491.685111111111,5.51812979196807,0.00059966715179057,0.0161017244231707,-3.71931035947304,"10729314","Gda"
191.31255,357.028,5.51347708561077,0.000602912157391934,0.0161739906024316,-3.71971011761255,"10759409","Pgam5"
139.10127,174.501766666667,5.50709507293187,0.000607394707915388,0.0162346102443185,-3.72025959502579,"10794967","Sox4"
36.517487,28.6453822222222,5.49789108978912,0.00061392399628566,0.0163078618204834,-3.72105436318056,"10716624","Raet1e"
403.1749,1025.00144444444,5.48934349699178,0.000620056804216861,0.016321570109131,-3.72179491973779,"10749070","H3f3b"
64.03526,107.241355555556,5.48661158805817,0.00062203109912331,0.016321570109131,-3.72203211282348,"10752764","C11h21orf91"
457.8617,564.855888888889,5.48370791480785,0.000624137103727496,0.0163236717531737,-3.72228448653727,"10940628","Fosl2"
53.346345,42.7750666666667,5.47385257009854,0.000631343743691532,0.016427509351277,-3.72314312719698,"10712853","Clcf1"
78.22414,129.970644444444,5.47352760824945,0.000631582921997476,0.016427509351277,-3.72317149359458,"10765364","Ildr2"
258.12795,461.880333333333,5.47320659775329,0.000631819289824063,0.016427509351277,-3.72319951848169,"10833979","RT1-CE15"
180.61495,427.921111111111,5.47213928895054,0.000632605874587067,0.016427509351277,-3.72329272113572,"10728538","Polr2g"
169.2316,254.194444444444,5.46790334082272,0.000635738312093105,0.0164771114680947,-3.72366299464927,"10753582","Dcbld2"
238.8954,547.423333333333,5.46672185204258,0.000636615048133697,0.0164771114680947,-3.7237663766062,"10800200","Riok3"
72.75765,161.789333333333,5.4664116563465,0.000636845452279216,0.0164771114680947,-3.72379352680114,"10798471","Taf5l1"
58.608655,49.4416111111111,5.46344573049599,0.000639053087545188,0.0164923117487148,-3.72405328277912,"10766082","Kif26b"
66.95915,203.894222222222,5.45688814377737,0.000643964030596987,0.0165314281105979,-3.72462862832632,"10830382","Fyn"
411.6615,1460.72666666667,5.4545195234552,0.000645748062707614,0.0165626724354172,-3.72483679476509,"10887320","Eif5"
92.2184,127.987055555556,5.4533135161862,0.000646658507301271,0.016571475116052,-3.72494285628041,"10871806","Fhl3"
301.76005,778.831777777778,5.44832231156888,0.000650441520032346,0.0166246706616141,-3.72538231772317,"10868134","Ube2j1"
82.0410000000001,222.111666666667,5.441745116567,0.000655463801924912,0.0166762106752752,-3.72596268595834,"10732167","Zfp598"
272.85135,390.241666666667,5.43509817070368,0.00066058267361967,0.0167584785065515,-3.72655067400321,"10855062","Zyx"
141.8662,405.980444444444,5.43330227843442,0.000661973232410949,0.0167681481595664,-3.72670979168018,"10703403","Riok2"
60.12968,45.2528222222222,5.42509528186578,0.000668368973066781,0.0168907709162396,-3.7274383134981,"10854139","Flnc"
81.5165,201.332555555556,5.42374376123327,0.000669428714198104,0.0169029303859839,-3.72755850245122,"10714264","Carnmt1"
98.6831999999999,326.673,5.41797192553653,0.000673975293120921,0.0169584199632297,-3.72807247525612,"10731156","Cacul1"
140.1719,224.211222222222,5.41217514403105,0.000678575691658627,0.0170020803047876,-3.72858979867878,"10926588","Nfkbie"
112.47805,369.087444444444,5.41215299783333,0.000678593333175268,0.0170020803047876,-3.72859177725029,"10902564","Mdm2"
196.50395,216.987388888889,5.39978682245553,0.000688523295084086,0.0171296752452557,-3.7296991789731,"10912003","Tpbg"
151.5587,393.146222222222,5.39861356909568,0.000689473669160448,0.0171296752452557,-3.7298045139923,"10823597","Kpna4"
582.2257,1339.16877777778,5.39582023784153,0.00069174216457647,0.0171296752452557,-3.73005548824881,"10903216","Rpl30"
62.117315,52.3447555555556,5.39563256189985,0.000691894871958709,0.0171296752452557,-3.73007235999937,"10809044","Bean1"
535.6817,1199.54655555556,5.39480462799552,0.000692568983933125,0.0171318461444727,-3.73014680415837,"10742571","Rpl30"
278.25875,714.619555555556,5.39306955278063,0.000693984040704598,0.0171511019196016,-3.73030289010195,"10907211","Lima1"
32.43274,63.7621111111111,5.38727575156303,0.000698732285559433,0.0171631011114934,-3.73082483860944,"10790886","Map1s"
239.97305,747.608888888889,5.38385008665701,0.000701556529798616,0.0171890498726349,-3.73113398659709,"10804856","Txnl1"
74.1906,197.707,5.38334152615572,0.000701976873585611,0.0171890498726349,-3.73117991564681,"10882752","Rhoq"
177.77445,354.951666666667,5.38267224120649,0.00070253048360122,0.0171890498726349,-3.73124037349652,"10880691","Kdm1a"
319.77985,297.985777777778,5.37823483140022,0.000706213111226989,0.0172076302586501,-3.73164160125788,"10719922","Cyp2s1"
911.160999999999,1685.53444444444,5.37567277889981,0.000708349021667087,0.0172099439755656,-3.73187356752292,"10827515","Hnrnpa3"
32.9302,88.4034444444444,5.374829834188,0.000709053311048613,0.0172099439755656,-3.7319499362994,"10773496","Tnip2"
334.70315,794.402555555556,5.37315655544146,0.000710453633002399,0.0172099439755656,-3.73210160359405,"10737194","Rpl18"
334.70315,794.402555555556,5.37315655544146,0.000710453633002399,0.0172099439755656,-3.73210160359405,"10737201","Rpl18"
334.70315,794.402555555556,5.37315655544146,0.000710453633002399,0.0172099439755656,-3.73210160359405,"10737203","Rpl18"
160.09855,338.328111111111,5.37228795168848,0.000711181741386426,0.0172133085276413,-3.73218037241801,"10871909","Gnl2"
176.21665,304.847111111111,5.36819123125532,0.000714626888308656,0.0172680809884608,-3.73255223063067,"10827696","Polr1h"
100.118,207.435888888889,5.35923795191221,0.000722220141570335,0.0174083656896335,-3.7333669289901,"10765411","Ostf1"
377.55841,351.812577777778,5.35545063607588,0.000725458782131253,0.0174720139003977,-3.73371238631792,"10771655","Cxcl10"
969.315,1929.08666666667,5.35336805430142,0.00072724644941494,0.0175006406698584,-3.73390255896309,"10781581","Tsc22d1"
858.470500000001,1634.97444444444,5.35092362833974,0.000729350893162547,0.0175224152901732,-3.7341259653201,"10883583","Hnrnpa3"
240.32732,209.424822222222,5.34317551916123,0.000736065667515725,0.0175993299636173,-3.73483546746359,"10881124","Fblim1"
35.468844,26.7148366666667,5.34305924763197,0.000736166947885956,0.0175993299636173,-3.73484613044951,"10827713","Trim15"
22.453065,66.7155,5.33769503666326,0.00074085621575266,0.0176969529738334,-3.73533858118891,"10882567","Eml4"
187.235172,102.74296,5.3317717270978,0.000746072365889449,0.0177345468650076,-3.73588352447496,"10924780","Ccl20"
38.64598,109.370511111111,5.3198338063255,0.000756708007717013,0.0178876296702722,-3.73698554052449,"10831802","Smim40"
557.90165,497.463888888889,5.31282253900703,0.000763031934422174,0.0179899973106804,-3.73763509848356,"10787517","Gdf15"
741.6645,1703.66666666667,5.30869018983649,0.000766786329062792,0.0179899973106804,-3.73801875049811,"10812021","Itgb1"
309.5898,625.837666666667,5.30686226715164,0.00076845352950187,0.0179899973106804,-3.73818864917429,"10731168","Eif3a"
37.33365,89.0268333333333,5.30653305141367,0.000768754221145756,0.0179899973106804,-3.73821926110629,"10781156","Ccdc25"
53.152395,61.7918666666667,5.30153507404417,0.000773335057799474,0.0179920639012072,-3.73868446582054,"10787794","Tma16"
239.08005,346.959,5.30120640055821,0.000773637347644086,0.0179920639012072,-3.73871508926444,"10861617","Rcn1"
989.275,3296.50777777778,5.2993122742219,0.000775381955624695,0.0179920639012072,-3.73889164497848,"10935762","Eef1a1"
290.56777,167.021711111111,5.29718665500506,0.000777344925969082,0.0180232973549689,-3.73908993009372,"10740952","Prss22"
1026.3853,1187.53344444444,5.29000690158611,0.000784015723371342,0.0181491563728767,-3.73976086834404,"10866283","Ybx3"
417.7976,1199.12522222222,5.28614590383444,0.000787628978754654,0.018175191931547,-3.74012243152762,"10863886","Tcp1"
50.38872,95.1692666666667,5.28157945985634,0.000791926019077506,0.0182189162957683,-3.74055074221017,"10721834","Bax"
98.9305,203.250111111111,5.26113193922832,0.000811485231533229,0.0185239068817112,-3.74247777718425,"10723609","Eed"
262.5375,469.102333333333,5.25967388527545,0.000812900051421199,0.0185239068817112,-3.74261576237701,"10720847","Lsr"
333.2995,1567.36111111111,5.2585512703919,0.000813991222502522,0.0185239068817112,-3.74272205499891,"10882730","Eif3h"
55.04466,33.3280333333333,5.25782321191766,0.000814699747367378,0.0185239068817112,-3.74279101410974,"10850775","Trib3"
120.26105,148.544555555556,5.25773244440976,0.0008147881270281,0.0185239068817112,-3.74279961262626,"10789301","Csmd1"
304.5635,969.750555555556,5.25373244440763,0.000818693361803732,0.0185693384097315,-3.74317883289088,"10758020","Cct6a"
99.1128,162.933333333333,5.24639782375807,0.000825907667414258,0.0186605310099305,-3.74387569534607,"10745303","Ksr1"
25.30523,107.574788888889,5.24153286565372,0.000830731274833681,0.0187287253655423,-3.7443389907862,"10708306","Whamm"
524.6255,1422.70388888889,5.24141433352304,0.000830849184423319,0.0187287253655423,-3.74435028945936,"10884961","Arf6"
549.2462,674.287222222222,5.23940120105688,0.000832854549556958,0.0187535239528488,-3.74454226247258,"10917034","Tagln"
75.6419500000001,322.559444444444,5.23781754812672,0.000834435823061652,0.0187557621708737,-3.74469338374424,"10758711","Trafd1"
590.6366,682.824555555556,5.23728295827164,0.000834970352850026,0.0187557621708737,-3.74474441798661,"10930421","Myl12a"
491.6689,1324.17811111111,5.23544750403344,0.000836808461031901,0.0187557621708737,-3.74491971752059,"10940452","RT1-M2"
273.54935,700.531888888889,5.23445348255019,0.000837805771995821,0.0187557621708737,-3.74501470519407,"10911296","Bnip2"
125.6676,448.167666666667,5.23437412607452,0.000837885447254761,0.0187557621708737,-3.74502228996958,"10763477","Nifk"
192.6879,367.243666666667,5.23336620509887,0.000838898140552037,0.0187557621708737,-3.74511864555201,"10908896","Ets1"
219.68855,769.124555555556,5.22562046789273,0.000846725497323439,0.0188501472961439,-3.74586036264825,"10868935","Sec61b"
119.18925,268.797,5.22530670785524,0.000847044247005299,0.0188501472961439,-3.74589045392294,"10796386","Hspa14"
511.8498,962.458,5.21782512409651,0.000854683921322128,0.0189587973253642,-3.74660904613887,"10885516","Eif2s1"
358.695,196.6915,5.21478293455066,0.000857811975681264,0.018984938679964,-3.7469018300309,"10802422","Tubb6"
34.9444,174.504444444444,5.20432079804429,0.000868665594789459,0.0191815545624938,-3.74791131760878,"10767098","Ralb"
556.18975,703.514444444444,5.19778165214989,0.000875525844499457,0.0192972345392935,-3.74854432850529,"10713796","Ahnak"
17.79164,51.5020555555556,5.18880995799873,0.0008850349301246,0.0194076490226128,-3.74941539515592,"10865960","Clec2d2l1"
775.13175,598.651,5.18849173729126,0.000885374284503975,0.0194076490226128,-3.74944634624705,"10799291","Klf6"
315.9794,1082.02588888889,5.18680632018367,0.000887174013592017,0.0194076490226128,-3.74961033769789,"10857610","Bhlhe40"
221.84365,539.801777777778,5.18678510382754,0.000887196694473621,0.0194076490226128,-3.74961240272726,"10850362","Rrbp1"
151.31965,361.374777777778,5.18506597665433,0.000889036603916881,0.0194174971807819,-3.74977978439329,"10903013","Mars1"
198.5422,229.019777777778,5.1838886942512,0.000890299012571091,0.0194174971807819,-3.74989447317116,"10799087","Heatr1"
39.915315,69.4095,5.18361457402601,0.000890593235673895,0.0194174971807819,-3.74992118488894,"10739525","Cdr2l"
156.47175,358.208,5.17924048604136,0.00089530255023322,0.0194174971807819,-3.75034779794817,"10900419","Dot1l"
257.7414,1099.32033333333,5.16766069918961,0.000907902107296031,0.0196353092059919,-3.7514806472518,"10874923","Eloc"
249.6932,446.123555555556,5.16611656249281,0.000909596862288009,0.0196464852379169,-3.7516320894596,"10904707","Sack1h"
63.0015,157.782666666667,5.16152107908105,0.000914661146257172,0.0196464852379169,-3.7520833241501,"10808764","Urb2"
278.51865,838.960666666667,5.15922919891621,0.000917198370665191,0.0196464852379169,-3.75230866263573,"10743343","Usp22"
128.8115,535.786555555556,5.15914360251095,0.00091729327940435,0.0196464852379169,-3.752317082334,"10723224","Sec11a"
35.004425,51.3245222222222,5.15294657176793,0.000924193186782616,0.019724440987192,-3.75292738724065,"10877251","Mup4l4"
308.73125,681.188888888889,5.14659030734131,0.000931329521657921,0.0198163588096974,-3.75355487981056,"10822938","Rpl7a"
106.1036,164.031055555556,5.14496987677623,0.000933158463116169,0.0198408233926316,-3.75371509368045,"10750580","Crybg3"
43.69973,107.740122222222,5.13449154474134,0.000945080533931301,0.0199702519642101,-3.75475350220339,"10851263","Samhd1"
407.8613,648.340888888889,5.13421551185949,0.000945396847274788,0.0199702519642101,-3.75478091359592,"10719411","Vasp"
140.382,430.964,5.13360033573271,0.000946102211173605,0.0199706864141804,-3.75484201397307,"10798386","C17h6orf62-ps1"
260.72275,259.714777777778,5.12227229507274,0.000959194600580454,0.0201451553280786,-3.75596971314552,"10908319","Icam1"
442.00325,404.767888888889,5.11943160894828,0.000962508765337701,0.0201857365905065,-3.75625327024014,"10741907","Npm1"
237.50005,457.254777777778,5.11541949606763,0.000967210996136687,0.0202262720408999,-3.75665428547627,"10769788","Fcgr2a"
428.0917,1190.05377777778,5.10640170433134,0.00097787203144679,0.0204053953762047,-3.75755787874382,"10853819","Met"
49.04869,103.145977777778,5.10256266222454,0.000982449637167256,0.0204535009178007,-3.75794350465897,"10824844","Cgn"
97.12825,139.060611111111,5.10027432018352,0.00098518937653184,0.0204535009178007,-3.75817363540958,"10729777","Ch25h"
224.9615,572.253888888889,5.09996872760569,0.000985555883076609,0.0204535009178007,-3.75820438310666,"10820004","Rpl7a"
423.7222,1017.84877777778,5.09978327931967,0.000985778369694781,0.0204535009178007,-3.75822304404698,"10824884","Psmb4"
123.05175,343.026666666667,5.09862575373783,0.000987168323865486,0.0204678037000754,-3.75833955136007,"10839222","Eif3j"
310.07175,691.412666666667,5.09732527546127,0.00098873249625851,0.0204795375251349,-3.75847050889128,"10782704","Flnb"
451.02135,579.935333333333,5.09584245407534,0.000990519297641564,0.0204795375251349,-3.75861990803961,"10833198","Ddx21"
132.6494,223.085888888889,5.07932765983707,0.00101066043945618,0.0207341531448546,-3.76028958755667,"10773463","Nop14"
293.92075,664.197444444444,5.07757314615816,0.00101282642787073,0.0207494468890712,-3.7604675953444,"10732712","Rpl7a"
131.96395,289.799444444444,5.0744209781918,0.00101673063357998,0.0207949101861013,-3.76078770647671,"10756622","Baiap2l1"
1283.5616,1537.10022222222,5.07348519429436,0.00101789284473625,0.0207949101861013,-3.76088281247046,"10866512","Mgp"
149.1226,239.992111111111,5.0700546965064,0.0010221658605873,0.0208530401195513,-3.76123175480283,"10908291","Ppan"
105.59605,169.110777777778,5.0636786789503,0.00103016007350095,0.0209809961156684,-3.76188153148611,"10873918","Mad2l2"
488.0414,962.528888888889,5.06333532674348,0.00103059250448361,0.0209809961156684,-3.76191656751998,"10725105","Rps13"
86.20801,79.8042111111111,5.05747375589279,0.0010380055299756,0.0210675243847157,-3.76251540221907,"10906934","Fkbp11"
180.5907,387.517333333333,5.05712492906877,0.00103844852173583,0.0210675243847157,-3.76255108190115,"10851753","Elmo2"
281.72795,611.468222222222,5.05539249393877,0.00104065169197424,0.0210975701105729,-3.76272835457307,"10818108","Rhoc"
63.34965,109.219,5.05170373288174,0.00104535982453022,0.0211636465099279,-3.76310620319398,"10909597","Mpzl3"
171.2224,246.531444444444,5.04771214467587,0.00105048075059033,0.0212066643085685,-3.76351567516093,"10871369","Eif2b3"
515.0566,937.767444444444,5.04642671107863,0.0010521357115331,0.0212066643085685,-3.76364767354267,"10843863","Rps13"
145.74805,366.645111111111,5.04608634502887,0.00105257440133828,0.0212066643085685,-3.76368263591802,"10766835","Plxna2"
156.896,148.414055555556,5.0454512160712,0.00105339353959802,0.0212066643085685,-3.7637478885539,"10767951","Shisa4"
517.41395,510.382555555556,5.04422937742164,0.00105497133185958,0.0212066643085685,-3.76387346409483,"10868627","Glipr2"
146.35295,190.288555555556,5.04418417372559,0.00105502975417525,0.0212066643085685,-3.76387811107627,"10728830","Ccdc86"
159.71755,209.120777777778,5.04219859980735,0.00105759945372181,0.0212066643085685,-3.76408230961775,"10940598","Bysl"
51.09515,53.4772555555556,5.04216163544209,0.00105764735734868,0.0212066643085685,-3.76408611255107,"10712986","Rin1"
101.59355,178.077888888889,5.02723010119674,0.00107719337998769,0.0214043451100537,-3.76562671542798,"10771669","Sdad1"
39.405277,29.7839544444444,5.02446195852594,0.0010808602538936,0.0214221515992183,-3.76591330002084,"10766080","Kif26b"
28.36836,38.8363,5.02185744704014,0.0010843228459488,0.0214651930842636,-3.76618322284319,"10866970","Pthlh"
97.376,177.237722222222,5.02018431196268,0.00108655361348986,0.0214900274882322,-3.76635676373099,"10737429","Mmd"
197.95809,190.005533333333,5.01949814560923,0.00108746992114284,0.0214900274882322,-3.76642796658587,"10722720","Arrdc4"
625.787,1590.87555555556,5.01372266980278,0.00109521609734486,0.0216040803969161,-3.76702802834327,"10932126","Rpl9"
96.2514500000001,300.679222222222,5.01264011367927,0.00109667474992196,0.0216079247472603,-3.76714065256609,"10911315","Myo1e"
206.99875,257.295444444444,5.00866810889817,0.00110204492480527,0.0216785993911814,-3.76755428423115,"10874298","Acot7"
244.46495,303.300888888889,5.0012720583302,0.0011121212588826,0.0218050405751652,-3.76832617274171,"10872561","Zdhhc18"
243.75845,509.086888888889,4.9982686894671,0.00111624176919236,0.0218418533457371,-3.76864024747665,"10830133","Tbrg1"
243.75845,509.086888888889,4.9982686894671,0.00111624176919236,0.0218418533457371,-3.76864024747665,"10916237","Tbrg1"
50.007601,41.3073744444444,4.99285634770289,0.00112370953352903,0.0218934680269615,-3.76920715676733,"10792035","Dusp4"
122.63995,286.296444444444,4.99232974264425,0.00112443903758544,0.0218934680269615,-3.76926237851697,"10740959","Kctd5"
34.92958,56.7868777777778,4.99211352926539,0.00112473870719339,0.0218934680269615,-3.76928505469448,"10833375","Fam184a"
563.6465,1884.36555555556,4.99070044214413,0.00112669938462377,0.0218934680269615,-3.76943330395955,"10940406","Rpl10"
152.99005,399.062777777778,4.98882139005975,0.00112931238841109,0.0218934680269615,-3.76963056344398,"10898281","Nup50"
242.0731,590.745444444444,4.98821441508252,0.00113015786177017,0.0218934680269615,-3.76969431310442,"10723650","Rpl7a"
981.492499999999,2762.25888888889,4.98640341757901,0.00113268457111697,0.0218934680269615,-3.76988460806413,"10739541","H3f3b"
981.492499999999,2762.25888888889,4.98640341757901,0.00113268457111697,0.0218934680269615,-3.76988460806413,"10888125","H3f3b"
67.82266,136.911744444444,4.98541930334802,0.00113406020108299,0.0218934680269615,-3.76998807196446,"10871868","Yrdc"
53.95578,52.9791666666667,4.98459888510281,0.00113520840777584,0.0218934680269615,-3.77007435584343,"10931034","Lrg1"
60.55055,127.195555555556,4.98144141863222,0.00113963928161847,0.0219468833046816,-3.77040668316276,"10903166","Nab2"
123.264394,62.9893811111111,4.97839701502254,0.0011439294121592,0.0219777357607608,-3.77072749369732,"10767465","Il24"
442.2495,774.901333333333,4.9780939950646,0.00114435738923359,0.0219777357607608,-3.77075944567939,"10774440","Cct4"
271.40355,796.145,4.97763721105856,0.00114500286944198,0.0219777357607608,-3.77080761838768,"10802579","Mex3c"
172.4289,185.116666666667,4.97676500255504,0.0011462364912645,0.0219869683885759,-3.77089962557307,"10788427","Msr1"
20.052092,21.3125988888889,4.96822907329907,0.0011583864379681,0.0221183669273203,-3.77180169528551,"10940528","Fam72a"
237.20345,307.862555555556,4.96191267955293,0.00116746778599959,0.0222346221313287,-3.77247112056329,"10767388","Cd55"
273.43625,551.845222222222,4.96187696718956,0.00116751935200446,0.0222346221313287,-3.77247491007633,"10821914","Brix1"
551.5187,1530.50322222222,4.95930063858479,0.00117124595858533,0.0222794460214945,-3.77274842742456,"10875372","Eif1"
102.436637,72.8233322222222,4.95661571850421,0.00117514348645414,0.0223085602677858,-3.77303376285836,"10844005","Fcnb"
331.0906,587.434777777778,4.9565631740836,0.00117521990320129,0.0223085602677858,-3.77303934987875,"10905675","Desi1"
1579.76303,868.348622222222,4.95416500181612,0.00117871341886934,0.0223170038106217,-3.77329446685347,"10936482","Timp1"
253.53195,829.071666666667,4.95319673732058,0.00118012714594091,0.0223170038106217,-3.77339753750413,"10761517","Myl6l2"
496.337,643.657222222222,4.95216532955666,0.00118163510575421,0.0223170038106217,-3.77350737204782,"10937499","Ddx21"
24.3871,58.1722111111111,4.94626495695901,0.00119030229087549,0.0223539552409467,-3.77413654336773,"10926258","Treml2"
160.7977,537.717444444444,4.9450133454547,0.00119214973182019,0.0223539552409467,-3.77427019008048,"10887981","Srsf7"
169.8793,210.182111111111,4.94344786290694,0.00119446487614728,0.0223686518536965,-3.77443744275336,"10835964","Nek6"
53.25644,51.6557888888889,4.93999928433189,0.00119958223346107,0.0224373363068314,-3.77480623794045,"10854091","Hilpda"
433.01217,264.629433333333,4.93968316993067,0.00120005251456367,0.0224373363068314,-3.77484006816873,"10852474","Ptk6"
151.4668,373.795777777778,4.93800259159656,0.0012025560853393,0.0224373363068314,-3.77501999121253,"10767692","Snrpe"
899.9582,835.287222222222,4.93665546608149,0.00120456703187511,0.0224373363068314,-3.77516429904339,"10751352","Krt8"
362.611,1747.01444444444,4.93635626118043,0.00120501417428005,0.0224373363068314,-3.77519636089142,"10786228","Arf4"
545.753,1216.51888888889,4.93303323090855,0.00120999244536734,0.0224578902788828,-3.77555269537604,"10821050","Pik3r1"
244.515,1402.90333333333,4.93061203676841,0.0012136338226358,0.0225003463842361,-3.77581261242627,"10851599","Sdc4"
526.47365,842.911888888889,4.92746498187244,0.00121838478047961,0.0225308342701671,-3.77615081459739,"10737518","Lrrc59"
170.07515,390.495555555556,4.92484809411713,0.00122235085302335,0.0225725397093705,-3.77643235486543,"10768668","Lamc1"
38.25509,79.4385222222222,4.92412320592328,0.00122345196507039,0.0225786012050324,-3.77651039296661,"10769301","Mettl13"
158.7522,500.232333333333,4.91607292283362,0.00123575356744881,0.0227094918322281,-3.77737851948196,"10809048","Cdh5"
193.57775,281.010555555556,4.91357057970773,0.00123960487980373,0.0227387695441778,-3.77764891768204,"10707832","Chsy1"
76.87735,344.071111111111,4.91075183508785,0.00124395887811288,0.0227387695441778,-3.77795381886223,"10723601","Hikeshi"
17.063716,17.0977077777778,4.91030672602674,0.00124464794639875,0.0227387695441778,-3.77800199629361,"10757489","Vgf"
68.89747,121.520377777778,4.90884124716139,0.00124691958683415,0.0227387695441778,-3.77816067442823,"10762981","Rpa3"
110.2605,235.160666666667,4.90784002321574,0.00124847419031811,0.0227404524714033,-3.77826913596071,"10923595","Casp8"
215.55845,545.753555555556,4.90777920454947,0.00124856869186455,0.0227404524714033,-3.77827572573467,"10779607","Psmc6"
260.078,720.947222222222,4.90535549678662,0.00125234107943884,0.0227524205812975,-3.77853846343235,"10717941","Tcp1"
379.67515,425.083111111111,4.90325507950507,0.00125562035601368,0.0227599283728692,-3.77876635454323,"10771649","Cxcl11"
391.56,868.066666666667,4.89949337388148,0.00126151679498167,0.0228056631488827,-3.77917495480121,"10788079","Eif3j"
79.48825,144.585111111111,4.89607068965936,0.0012669081181284,0.0228748169116212,-3.77954724679322,"10742352","RGD1559575"
75.5977500000001,325.879,4.89430834104938,0.00126969393883749,0.0228789040673314,-3.77973913307099,"10926068","Ppid"
380.61191,205.538188888889,4.89317935185121,0.0012714820979438,0.0228789040673314,-3.77986212726498,"10866030","Olr1"
164.1091,422.140777777778,4.8929577703573,0.00127183337459253,0.0228789040673314,-3.77988627307018,"10815536","Eif2a"
1321.4447,864.891555555556,4.88921676240774,0.0012777800896806,0.0229576061131174,-3.78029424432851,"10940643","Abcc2"
42.64646,64.9921222222222,4.88715297496465,0.0012810736885584,0.0229682965309727,-3.78051956097,"10816409","Nes"
873.0486,1191.208,4.88552894630293,0.00128367199777469,0.0229865010418809,-3.78069699285081,"10831090","Clic1"
654.8095,2694.07444444444,4.88225192710977,0.00128893250086763,0.0230311861974355,-3.7810553602929,"10782755","Gapdh"
193.65503,184.381622222222,4.87928629312032,0.00129371345218362,0.023073592669165,-3.78138006709562,"10803921","Ecscr"
312.735,1054.23333333333,4.87857571142829,0.00129486186848194,0.0230773221106066,-3.78145792390324,"10808041","Aars1"
17.50482,23.3817,4.87671475778864,0.00129787475506918,0.0230914208858654,-3.78166192576713,"10828021","Tnf"
56.7996000000001,166.752666666667,4.87412589331566,0.00130207887514949,0.0231158457346061,-3.78194596719439,"10711894","Ppp2r2d"
39.519555,69.5289666666667,4.87276977639803,0.00130428704195368,0.0231210204148269,-3.78209486931599,"10742236","Thg1l"
188.08325,550.778555555555,4.87030870672112,0.00130830486015629,0.0231641322330945,-3.78236529525926,"10826814","Ostc"
163.72115,482.646555555556,4.86516577461925,0.00131674466722026,0.0232431291288052,-3.78293124016881,"10770412","Enah"
69.95425,219.205777777778,4.86395142350932,0.00131874614481441,0.0232447236998921,-3.78306503574189,"10746256","Utp18"
45.83451,104.226133333333,4.86318099124625,0.00132001768392281,0.0232447236998921,-3.7831499535376,"10770764","Utp25"
219.40755,692.714666666667,4.86195474763202,0.00132204426730027,0.0232663862800664,-3.78328516353377,"10806960","Abce1"
35.606673,27.17754,4.85968838902217,0.0013257987741255,0.0233184138394356,-3.78353522927099,"10716576","H60bl1"
470.5349,1280.60422222222,4.85794947831215,0.001328687393064,0.0233208985093575,-3.78372724616816,"10754088","Naa50"
167.73075,525.825,4.85768150268092,0.00132913315595537,0.0233208985093575,-3.7837568485141,"10714763","Uhrf2"
61.404485,75.3367222222222,4.85524158512123,0.00133319934823944,0.0233596024748904,-3.78402651910808,"10759277","Pus1"
111.54103,103.392111111111,4.85035426462123,0.00134138512979739,0.0234093340393673,-3.7845674542584,"10852967","Pus7"
53.03572,112.292211111111,4.84914065545452,0.0013434263024468,0.0234309588057796,-3.78470193683804,"10737838","Arhgap23"
1230.307,1868.19111111111,4.8477208794575,0.00134581853395484,0.0234586769993775,-3.78485934541768,"10765772","Tagln2"
321.82814,254.812588888889,4.8442427132456,0.00135169870143974,0.0235137805739458,-3.78524533067711,"10881293","Pdpn"
375.18785,775.843555555556,4.84267974509139,0.00135435017744112,0.0235137805739458,-3.78541894851603,"10932795","Acsl4"
89.13975,222.350666666667,4.84003704204902,0.00135884628407924,0.0235198325737032,-3.78571274475411,"10804003","Hars1"
215.30105,549.785555555556,4.83479602911466,0.00136781125876071,0.0236305370274603,-3.78629629213126,"10759433","Ube2n"
28.634315,56.4240222222222,4.83364478098011,0.00136978915618793,0.0236385973228162,-3.78642463370259,"10749533","Aatk"
716.877,1616.49,4.83265991207171,0.00137148368499837,0.0236406585805138,-3.78653447268501,"10875768","Rpl9"
73.19365,158.240111111111,4.83212365161214,0.00137240731709726,0.0236406585805138,-3.78659429755839,"10793891","Hnrnpa0"
804.704,1961.72222222222,4.82836687635384,0.00137889690167935,0.0236959376974474,-3.78701374965068,"10901711","Rpl9"
126.87802,163.700211111111,4.82728160854004,0.00138077786285904,0.0237143118668807,-3.78713503583632,"10829244","Pwp2"
704.3854,1356.78977777778,4.82610709562742,0.00138281665840619,0.0237331441347022,-3.78726635324644,"10912837","Dusp7"
195.487,372.476111111111,4.82380464047795,0.00138682295224278,0.0237762005439088,-3.78752395463848,"10844223","Ptges"
222.09894,180.0282,4.82229988897071,0.00138944808011508,0.0238072353152386,-3.78769243221412,"10808702","Tubb3"
105.14785,298.042777777778,4.81884151146714,0.0013955020084939,0.0238460376658222,-3.78808001753133,"10782901","Cnih1"
212.08345,760.758111111111,4.8183397454048,0.00139638274500319,0.0238460376658222,-3.78813629432897,"10750781","Tfg"
231.49655,562.939555555556,4.81783127201521,0.0013972758737563,0.0238460376658222,-3.78819333456671,"10880056","Khdrbs1"
223.038,868.96,4.81430044959032,0.00140349495640728,0.0238937655340806,-3.78858973023556,"10878286","Jak1"
266.2448,845.363222222222,4.81301542150332,0.00140576585983505,0.0239184879611073,-3.78873413145921,"10720430","Psmd8"
248.9817,244.920333333333,4.81167524052022,0.00140813850304852,0.0239449116577762,-3.78888480695564,"10721962","Emp3"
984.637,1794.54444444444,4.80689325630409,0.00141664017144331,0.0240303881025965,-3.78942307999212,"10734873","Tmem107"
58.95145,104.339944444444,4.80662633625237,0.00141711636435329,0.0240303881025965,-3.78945315464151,"10884158","Ccdc71l"
557.5267,607.089444444444,4.80653577217607,0.0014172779729162,0.0240303881025965,-3.78946335946327,"10874019","Srm"
41.296365,61.6148,4.80550840774693,0.00141911267944497,0.0240475393371841,-3.78957914867229,"10855925","Mmrn1"
252.9889,893.343111111111,4.80245562372108,0.00142457977059541,0.0240750034743831,-3.78992348521088,"10718296","Psmb1"
459.85985,795.709555555556,4.80184394336617,0.00142567796298633,0.0240750034743831,-3.78999252826665,"10774472","Xpo1"
156.234,362.491333333333,4.80042761666838,0.0014282243413204,0.0240901535261745,-3.79015245815692,"10716679","Sash1"
211.3479,533.992,4.79621791674734,0.00143582220292916,0.0241347007113765,-3.79062833110273,"10770030","Rpl7a"
950.3395,4137.64111111111,4.79463143016745,0.00143869700255167,0.0241552265704278,-3.79080787234642,"10850966","Eef1a1"
78.70325,178.177222222222,4.78972638348735,0.00144762501818102,0.0242632916128172,-3.79136367116085,"10703465","Taf5l1"
324.24875,710.651555555556,4.7860852569036,0.0014542915808069,0.0242914089432205,-3.79177693734444,"10707995","Rpl7a"
131.92835,394.850222222222,4.78023524251022,0.00146507266598971,0.0243705840856625,-3.79244213453638,"10909482","Hyou1"
1454.924,3330.44888888889,4.77669626809965,0.00147163701332288,0.02441530402683,-3.79284527987685,"10873786","Rps20"
251.77225,892.782777777778,4.77664202389419,0.00147173787879947,0.02441530402683,-3.79285146346009,"10783241","Hnrnpc"
675.3014,898.005555555556,4.77603111569793,0.0014728743652799,0.0244202904127622,-3.79292111309476,"10761463","Ran"
27.49911,57.2345666666667,4.77449149054053,0.00147574281479106,0.0244401080449581,-3.79309671897446,"10811420","Taf1c"
176.1473,473.224888888889,4.7693300795438,0.00148540350434988,0.0245190603472005,-3.79368618269854,"10825111","Uba52l1"
247.33702,245.294544444444,4.76921477455754,0.0014856201087846,0.0245190603472005,-3.79369936469566,"10920148","Sema3f"
105.976,215.234444444444,4.76836130925462,0.00148722444496609,0.0245190603472005,-3.7937969536394,"10928524","Klf7"
2029.5095,4302.87222222222,4.7666947216331,0.00149036273274105,0.0245418316959521,-3.79398761172644,"10809392","Mt1a"
127.19092,160.534877777778,4.76595004681885,0.0014917673361639,0.0245418316959521,-3.79407284259315,"10783818","Ipo4"
128.51415,397.647,4.76354604500933,0.00149631162223459,0.0245442154587094,-3.79434815789632,"10903709","Ext1"
68.4306,162.817,4.75926174715242,0.00150444771527688,0.0245839163665061,-3.79483944893792,"10745871","Ints2"
205.14315,566.935333333333,4.75835384239466,0.00150617806066132,0.0245839163665061,-3.79494366555771,"10827079","Pdlim5"
134.3307,269.100333333333,4.75221284646021,0.00151793913487695,0.024677280960654,-3.79564954359775,"10746276","Nme1"
17.14986,32.0225,4.72961964133243,0.00156207892278114,0.0251772123384687,-3.7982610568518,"10907364","Krt81"
21.17796,27.8722666666667,4.72801873820347,0.0015652592510193,0.0252080946853792,-3.79844697340202,"10741600","Wdr90"
232.8738,350.008666666667,4.72420984801715,0.00157285434824949,0.0252736741242846,-3.79888977351369,"10921309","Rcn1"
41.242455,62.0257,4.72169675976215,0.0015778875561499,0.0252998941083222,-3.79918228989196,"10868982","Msantd3"
600.998500000001,1513.09444444444,4.72082505842048,0.00157963749757604,0.0253010153873874,-3.79928382018432,"10822520","Rpl9"
484.2199,723.807444444444,4.71902949078518,0.00158324877350119,0.0253242738171857,-3.79949306498589,"10759162","Coro1c"
306.7439,999.924222222222,4.71622429235289,0.00158890866410877,0.0253481509904702,-3.79982025842812,"10889961","Cfl2"
367.26435,548.131,4.7141812835377,0.0015930446093826,0.0253481509904702,-3.80005877590539,"10853453","Cdk14"
112.0515,650.977666666667,4.71303585930291,0.00159536858369497,0.0253713107262192,-3.8001925848978,"10925373","Ube2f"
38.876205,52.5884333333333,4.71249325311746,0.00159647077820136,0.0253750257423148,-3.80025599319273,"10770759","Sertad4"
754.11275,554.727222222222,4.70539303313873,0.00161097019123071,0.0255390062155041,-3.80108694928519,"10862216","Trpv5"
99.65371,127.831077777778,4.70362489077033,0.00161460321102765,0.0255390062155041,-3.80129423607135,"10719212","Selenow"
42.19777,79.0691444444444,4.70138390742309,0.00161922061978693,0.0255579266265701,-3.80155716072295,"10728346","Fermt3"
18.03371,37.3651222222222,4.70112701906136,0.00161975084134198,0.0255579266265701,-3.80158731492684,"10915018","Panx1"
191.18205,437.311,4.69738567996439,0.00162749450966751,0.0256194626928071,-3.80202682409457,"10839174","Hypk"
433.95995,672.504888888889,4.69731808277851,0.0016276347900955,0.0256194626928071,-3.80203477086871,"10839771","Slc20a1"
940.221000000001,2391.34,4.6924502909871,0.00163777135712743,0.0257512661071693,-3.80260758117136,"10749058","Rps18"
940.221000000001,2391.34,4.6924502909871,0.00163777135712743,0.0257512661071693,-3.80260758117136,"10870043","Rps18"
72.3171500000001,293.411555555556,4.69003927457785,0.00164281745757436,0.0257889678697352,-3.80289169557322,"10866850","Kras"
41.80751,102.388355555556,4.68858743601956,0.00164586423302588,0.0258032273690463,-3.80306290884587,"10703818","Zfp418"
1135.265,1788.71222222222,4.68848251417294,0.0016460846566585,0.0258032273690463,-3.80307528587514,"10797726","Tpm3"
115.66803,84.6645333333333,4.68834406400045,0.00164637556705355,0.0258032273690463,-3.80309161882149,"10702626","Mthfd1l"
47.64224,53.3233888888889,4.68541297072857,0.00165254752432925,0.0258403443243367,-3.80343760582434,"10797857","Edn1"
47.204515,78.7712444444444,4.67889458741689,0.0016663637599745,0.0259259741633941,-3.80420845209911,"10751196","Qtrt2"
16.525095,56.2482666666667,4.674502442116,0.00167574421972255,0.0260141078933877,-3.80472895789898,"10761388","Septin14"
35.665615,81.1786444444444,4.67361798005815,0.00167764014757111,0.0260141078933877,-3.80483388157779,"10884205","Polr1f"
2224.845,5070.78,4.67190273020096,0.00168132361209441,0.0260297763665745,-3.80503746442827,"10796411","Mt1a"
22.34751,25.8908666666667,4.67038066366072,0.0016845995989864,0.0260666804474516,-3.80521823210084,"10771826","Adamts3"
67.336,171.457111111111,4.66734302913206,0.00169115839452801,0.0261266532722059,-3.80557931561674,"10752531","Sdf2l1"
18.019175,26.4656222222222,4.66466783024431,0.00169695767024517,0.0261409704058551,-3.80589766982281,"10764722","Ncf2"
48.63125,60.1023888888889,4.66443934143397,0.0016974539898647,0.0261409704058551,-3.80592487581848,"10872867","Ifnlr1"
32.471025,46.8837666666667,4.66124945831999,0.00170439954137894,0.0261873554277408,-3.80630494543032,"10714890","Fas"
93.90165,190.522666666667,4.66109503146175,0.00170473657035815,0.0261873554277408,-3.80632335711802,"10713583","Wdr74"
545.4645,1389.35666666667,4.65916960514534,0.00170894481928555,0.0262257237754636,-3.80655301074993,"10872062","Psmb2"
79.9868,346.342888888889,4.65799902175937,0.0017115087994612,0.0262467286443357,-3.80669271519456,"10894512","Prdm4"
160.5368,335.877888888889,4.65479287682059,0.00171855284071682,0.0262720055932503,-3.80707568159513,"10882238","Pusl1"
150.7234,256.396777777778,4.65277124615217,0.00172301068258002,0.0263124604116675,-3.80731740619059,"10714353","Cemip2"
93.2702,119.213222222222,4.65171139099394,0.0017253527711815,0.0263208646774393,-3.80744420810075,"10901436","Eid3"
277.23531,176.502633333333,4.64695597764116,0.00173590414555359,0.0263879523673029,-3.8080137934207,"10841637","Nnat"
103.44063,152.551233333333,4.64635218713088,0.00173724886450591,0.0263879523673029,-3.80808618856036,"10715916","Pdcd11"
120.76465,205.212777777778,4.64622817662636,0.00173752519223201,0.0263879523673029,-3.8081010596598,"10791033","Homer3"
60.28385,166.834222222222,4.64569564058223,0.00173871236563959,0.0263879523673029,-3.80816492850591,"10730190","Pik3ap1"
41.9816800000001,126.762344444444,4.64566394148932,0.00173878305973362,0.0263879523673029,-3.8081687307024,"10841565","Dlgap4"
48.90935,292.058888888889,4.64514778639347,0.00173993460952375,0.0263886632863424,-3.80823064831749,"10792268","Plpp5"
48.270105,69.0851,4.64483337153039,0.0017406364808921,0.0263886632863424,-3.80826837140466,"10844198","Ier5l"
190.87625,527.723888888889,4.64156435866723,0.00174795222804501,0.0264166216787566,-3.80866085681762,"10820586","F2r"
248.0401,496.890444444444,4.64065107941616,0.00175000204185039,0.0264166216787566,-3.80877059651399,"10918708","Mapk6"
286.2916,770.181111111111,4.64037648575242,0.00175061886664177,0.0264166216787566,-3.80880359933173,"10882543","Eml4"
631.6805,1228.39388888889,4.63869585240461,0.00175439926738956,0.0264282139104508,-3.80900566785522,"10721676","Rps11"
44.011935,49.8395,4.63726851067527,0.00175761689847739,0.0264402781009879,-3.80917738601029,"10887492","Inf2"
21.961135,44.6920444444444,4.63450497813363,0.00176386496278084,0.0264797281719832,-3.80951012746076,"10881622","Ubiad1"
906.79675,903.326777777778,4.63259773280162,0.00176819115434437,0.0265168345023741,-3.80973997691924,"10823278","Tm4sf1"
362.0336,891.755222222222,4.63166451533752,0.00177031217401761,0.0265168345023741,-3.80985250470135,"10805882","Csnk2a2"
34.003225,56.2328444444444,4.63141705653278,0.00177087506380954,0.0265168345023741,-3.80988235024985,"10842032","Ttpal"
183.5701,847.444111111111,4.63034339038189,0.00177331956980779,0.0265398349960886,-3.81001187642484,"10767489","Mapkapk2"
125.61895,247.339444444444,4.62828678718384,0.00177801227763184,0.0265828304394762,-3.81026013443872,"10739217","Rpl17-ps16"
182.96915,224.145222222222,4.62666403712005,0.00178172457402139,0.0266110949414422,-3.81045616116328,"10885015","Frmd6"
369.6504,651.297666666667,4.62125252690753,0.00179416538256751,0.0266831334784314,-3.81111076204181,"10803394","B4galt6"
41.79948,79.2694666666667,4.62099136516021,0.00179476816886143,0.0266831334784314,-3.81114238823602,"10818581","Dph5"
118.7058,317.921333333333,4.61843110116665,0.00180068919314009,0.0267356634663298,-3.81145260163865,"10811706","Ankrd11"
36.954,131,4.61579648611347,0.00180680437595114,0.0267775725439661,-3.81177214660552,"10702342","Rnf217"
39.250865,46.4256888888889,4.61448204160563,0.0018098637728698,0.0267984593312815,-3.81193169439351,"10716880","Stx11"
132.15315,181.740333333333,4.61193769872263,0.00181580182003339,0.0268716778413988,-3.81224075972817,"10893739","Mob3a"
265.9704,279.648666666667,4.61121233013737,0.00181749858502215,0.0268716778413988,-3.81232892747087,"10808896","Setsip"
684.2277,1054.618,4.60736018758491,0.00182653839572554,0.0269243907717427,-3.81279756843274,"10746246","Rps24"
61.29575,171.856555555556,4.60719002163496,0.00182693885081839,0.0269243907717427,-3.81281828655913,"10751255","Arhgap31"
768.4845,1796.53666666667,4.60087413017336,0.00184186998401169,0.027042272629908,-3.81358823350981,"10719210","Rpl9"
768.4845,1796.53666666667,4.60087413017336,0.00184186998401169,0.027042272629908,-3.81358823350981,"10834475","Rpl9"
68.53155,265.098666666667,4.60079149378353,0.00184206621939881,0.027042272629908,-3.81359831995679,"10879694","C5h1orf122"
179.5292,201.681555555556,4.59544934004588,0.00185480056661806,0.0271478942467729,-3.8142510624589,"10735827","Tsr1"
20.41677,26.8651,4.5954191646965,0.00185487276861359,0.0271478942467729,-3.81425475335545,"10917320","Layn"
83.84915,193.471888888889,4.59467120443626,0.00185666342674387,0.0271478942467729,-3.8143462539403,"10729999","Noc3l"
822.379,795.605777777778,4.5934819081619,0.00185951454296842,0.0271755166874835,-3.8144917995711,"10907524","Krt8"
1329.694,1362.74111111111,4.5924956425181,0.00186188254545836,0.0271810178279638,-3.81461254951328,"10751448","Ranbp1"
288.70835,359.229222222222,4.59216289861969,0.0018626821966038,0.0271810178279638,-3.81465329829507,"10940068","Pum3"
34.453405,33.6327444444444,4.58867569629942,0.00187108517316714,0.0272491935438209,-3.81508066889341,"10940546","Hmga2"
78.0745000000001,384.600777777778,4.58298512204992,0.00188488625092874,0.027369888632868,-3.81577931871855,"10902375","Tbc1d15"
32.72802,45.6784666666667,4.58239429065147,0.00188632550158136,0.0273721181554255,-3.81585194570174,"10741770","Hbq1b"
560.59105,773.202777777778,4.58210875196268,0.00188702149534562,0.0273721181554255,-3.81588705106677,"10749325","Cygb"
897.17,2123.11222222222,4.58096261428035,0.00188981799197134,0.0273990783213155,-3.8160280014864,"10764221","Csrp1"
265.6338,538.799666666667,4.5801715001581,0.00189175088619468,0.0274134972169104,-3.81612532830121,"10892962","Ptges3"
16.671964,18.9396477777778,4.57934517357945,0.00189377211065387,0.0274155889200407,-3.81622701914489,"10718749","Nlrp4"
484.0354,399.659444444444,4.57598163618347,0.00190202372667589,0.0274903843207806,-3.81664128646935,"10792163","Eif4ebp1"
65.8547,137.787055555556,4.57551080720087,0.00190318190838743,0.0274903843207806,-3.81669931903699,"10744441","Pelp1"
43.593935,72.2713222222222,4.57477204128567,0.00190500072908644,0.0274957615611217,-3.8167903979263,"10723379","Tlnrd1"
269.7257,1186.46988888889,4.57440769133339,0.00190589844462489,0.0274957615611217,-3.81683532652426,"10843893","Surf4"
181.65095,573.406555555556,4.56789277307313,0.00192202838125728,0.0276247175227408,-3.81763976888876,"10859371","Strap"
250.1809,614.525111111111,4.56442896029516,0.00193066467342856,0.0276981604170783,-3.81806830172349,"10715962","Slk"
35.769265,84.7661111111111,4.56396589282115,0.00193182243081751,0.0276981604170783,-3.81812563490121,"10862649","Nod1"
46.40565,218.465333333333,4.55179604313671,0.00196252175790344,0.0279659654317865,-3.81963611745965,"10875023","Prex2"
1015.741,2420.29444444444,4.5517839821092,0.00196255244467787,0.0279659654317865,-3.81963761798958,"10899824","Rpl41"
372.196,1811.76444444444,4.54956949339952,0.00196819560516654,0.027993605846804,-3.81991324524178,"10911035","Ppib"
43.00784,99.4277555555555,4.54548627238908,0.00197864716592116,0.0280466755483847,-3.82042208877358,"10732939","Ebf1"
261.4719,492.673333333333,4.54393720561138,0.0019826279940833,0.0280758575953221,-3.82061534249084,"10718510","Rps9"
18.885486,18.8050133333333,4.54272884952873,0.00198573930320165,0.0281062926374675,-3.820766171847,"10904574","Ly6m"
158.65607,200.121488888889,4.53865657385443,0.00199626387610684,0.0282006058397414,-3.82127500431627,"10878938","Plk3"
210.8838,317.965333333333,4.53472314104954,0.00200648723330365,0.0282310955037842,-3.82176725525979,"10751469","Parp14"
61.128095,94.5315222222222,4.53268532980643,0.00201180607074558,0.0282445928002397,-3.82202257467957,"10865502","Eno2"
113.76798,142.150566666667,4.5314433977184,0.00201505512264388,0.0282445928002397,-3.82217827703161,"10743227","Rasd1"
459.7286,923.775222222222,4.53115382038655,0.00201581351367494,0.0282445928002397,-3.82221459248215,"10919214","Syncrip"
29.357674,28.0221811111111,4.52876850165298,0.00202207238511565,0.0282796799188831,-3.82251388756788,"10763820","Rab7b"
1257.484,1914.39777777778,4.52761988007253,0.00202509380400847,0.0282796799188831,-3.82265810875831,"10899055","Tuba1c"
36.86445,162.24,4.52656845992822,0.00202786384067055,0.028301212726217,-3.82279018190022,"10735110","Phf23"
19.21419,45.5154,4.52580562418087,0.00202987616115359,0.0283058721584444,-3.82288603865653,"10808063","Exosc6"
236.1398,631.827222222222,4.52380125010356,0.00203517394880282,0.0283151295111515,-3.82313804099743,"10752903","Cct8"
90.52225,87.4956111111111,4.51996013281536,0.0020453685133898,0.0283712731969144,-3.82362152032714,"10839307","C3h15orf48"
81.95735,187.779888888889,4.51668570931457,0.00205410287996687,0.028426604232758,-3.82403424188399,"10722566","Mphosph10"
108.872,543.579555555556,4.51546809973432,0.00205736113017566,0.0284447458859214,-3.82418784865788,"10752576","Pkp2"
219.28975,505.356111111111,4.51253123921878,0.00206524313498003,0.0284723483663179,-3.82455864644348,"10770566","Rpl7a"
963.4265,2558.93555555556,4.5112933331371,0.00206857528095728,0.0284784911677126,-3.82471506731105,"10828433","Rps18"
319.2975,714.797,4.50956565738806,0.00207323554286005,0.0285292054399969,-3.82493350126054,"10938422","Rpl7a"
92.63065,302.482777777778,4.50834660684347,0.00207653069738103,0.0285342275603431,-3.82508771707793,"10885269","Snapc1"
24.896395,33.0909444444444,4.50442093867379,0.00208718071639896,0.028613278953017,-3.82558483121285,"10734320","Trpv2"
40.07553,107.753066666667,4.50396490955456,0.00208842173023732,0.0286168632397529,-3.82564262827795,"10831122","RT1-CE3"
56.18802,130.606933333333,4.50102330735675,0.00209644615029922,0.0286797082147385,-3.82601569339847,"10897232","Hgh1"
130.0782,480.244333333333,4.49498964217512,0.00211301049364344,0.0287688894843004,-3.82678224499838,"10837232","Nup35"
82.17837,113.2826,4.49495103048839,0.00211311695202666,0.0287688894843004,-3.82678715625527,"10876838","Klf4"
29.49087,43.7791333333333,4.49416963614319,0.00211527262998143,0.0287688894843004,-3.82688656246771,"10831129","RT1-CE2"
318.0471,664.638666666667,4.49190100184329,0.00212154479615743,0.0288273533371829,-3.82717534162451,"10854108","Calu"
152.4066,415.381666666667,4.49080231209028,0.00212458964072318,0.0288553053296545,-3.82731528789775,"10884211","Tomm70"
166.41465,177.407166666667,4.49016175341541,0.0021263670387739,0.0288660254046193,-3.82739690709992,"10907869","Mmp12"
46.2512,105.342888888889,4.48925482938516,0.00212888630134556,0.0288839413985921,-3.82751250109654,"10834800","Olfm1"
175.9284,383.324,4.486788569158,0.00213575352065897,0.0289063941247818,-3.82782705038661,"10781304","Loxl2"
140.346,507.997,4.48088782233842,0.00215228184244579,0.0290801357214498,-3.82858086553942,"10887966","Hnrnpll"
80.54236,149.058244444444,4.48060102570748,0.00215308870971096,0.0290801357214498,-3.82861754774257,"10831606","Tap1"
138.1462,257.136111111111,4.47994265360573,0.00215494220263197,0.02908343594883,-3.82870177114197,"10923334","Tmem258"
191.29695,340.323666666667,4.47946719062947,0.0021562818356711,0.02908343594883,-3.82876260901121,"10788735","Rps28-ps3"
73.4209,398.157111111111,4.47854919755027,0.00215887087294954,0.0291044087135893,-3.82888010272003,"10811708","Ankrd11"
160.41865,175.726777777778,4.4762478767437,0.00216537620020512,0.0291476397670208,-3.82917483302975,"10748236","Ftsj3"
22.891145,73.5855222222222,4.47543694461349,0.00216767359881932,0.0291558087089814,-3.82927875215731,"10803666","Gypc"
160.95895,541.078111111111,4.47304580900235,0.00217446319823744,0.0291933675888367,-3.82958536205311,"10910641","Tle3"
162.4439,525.070888888889,4.4719279864838,0.00217764516312887,0.0292092404938691,-3.82972879592937,"10815706","Gmps"
41.76455,144.645222222222,4.46744934296317,0.0021904447822112,0.0293026376083495,-3.83030410207618,"10835252","Ntmt1"
961.85195,1117.85455555556,4.46480252340652,0.00219804759416094,0.0293884496182232,-3.8306445728167,"10799502","Npm1"
198.2863,566.105444444444,4.4632690098956,0.00220246562055348,0.0294071438020336,-3.8308419953906,"10756079","Elavl1"
33.90731,78.8133555555556,4.4602565423426,0.00221117260011816,0.0294794812938833,-3.83123016032488,"10824965","Mllt11"
69.57545,324.746222222222,4.45834960355073,0.00221670357350055,0.0295297666193548,-3.83147611040264,"10888301","Mcfd2"
94.38265,226.593444444444,4.45648645486818,0.00222212205206886,0.0295630632373198,-3.83171658918739,"10786703","Eaf1"
61.60644,111.0707,4.45314981882374,0.00223186176549226,0.0296101769378251,-3.83214768931181,"10753024","Urb1"
151.6539,589.575333333333,4.45273460653368,0.00223307701937885,0.0296128515860797,-3.83220137480966,"10788766","Fnta"
174.0262,498.743777777778,4.45216451622464,0.00223474674507426,0.0296215478269507,-3.83227509964756,"10858185","Hnrnpf"
373.0909,183.733777777778,4.44911147768116,0.00224371183145517,0.0296249612118882,-3.83267020152392,"10783880","Tgm1"
48.4468,135.198111111111,4.44907561288368,0.00224381737836785,0.0296249612118882,-3.83267484567742,"10906054","Alg12"
60.340765,56.8638777777778,4.44896910022104,0.00224413086745768,0.0296249612118882,-3.83268863844675,"10936877","Sytl5"
49.19128,84.3216111111111,4.44815973857942,0.00224651454289144,0.0296430333586407,-3.83279346477135,"10857124","Ruvbl1"
66.677326,46.5360911111111,4.4459703914542,0.00225297624459883,0.0297148749479505,-3.83307718882043,"10764069","Chi3l1"
81.44525,248.077888888889,4.44466681667173,0.00225683323691981,0.0297388931814954,-3.83324623799775,"10778505","Grb10"
36.6089,31.1093722222222,4.43915051349365,0.00227323432226186,0.0298876091316642,-3.83396255039148,"10749716","Pycr1"
92.4179000000001,267.711222222222,4.43838726931223,0.00227551377559315,0.0299000887464918,-3.83406178180576,"10732607","Rhbdf1"
142.85895,396.973666666667,4.43117442673395,0.00229717812397016,0.0300940635487284,-3.83500100167715,"10760041","Pomp"
216.90735,730.122666666667,4.43067713508303,0.00229868000942188,0.0300960887919638,-3.83506585382085,"10932230","Entr1"
569.791,3096.04444444444,4.42987773264647,0.00230109654343578,0.0301048967397819,-3.83517013078373,"10877581","Rpl41"
31.61081,93.1111888888889,4.42862280864011,0.0023048956502423,0.030133108054635,-3.83533389318171,"10714963","Pcgf5"
16.742159,22.9506755555556,4.42258501241104,0.00232326967423574,0.0302721751812329,-3.83612292129251,"10771830","Adamts3"
123.5446,459.477111111111,4.42191130234647,0.00232532972716859,0.0302721751812329,-3.83621107791436,"10787579","Upf1"
142.77,603.712333333333,4.42096375349243,0.00232823047350758,0.0302835819470393,-3.83633510619391,"10817705","Sec22b"
278.6376,1036.20233333333,4.41872957133357,0.00233508557212191,0.0303457250462498,-3.83662772818497,"10749630","Nploc4"
369.51295,474.246777777778,4.41627830825672,0.00234263195042058,0.0304032207017267,-3.83694907560995,"10817938","Nras"
100.3313,381.463888888889,4.41436557801947,0.0023485388058088,0.0304391462444284,-3.83720003758831,"10752650","C11h3orf38"
243.30485,406.605888888889,4.41386076877068,0.00235010044255727,0.0304391462444284,-3.83726630287607,"10819523","Gbp2"
20.033425,35.0135444444444,4.41123575245377,0.00235823916797292,0.0304748165791618,-3.83761109368244,"10746638","Tbkbp1"
68.8396500000001,195.497,4.41010784328599,0.00236174558276946,0.0304748165791618,-3.83775935074037,"10799590","Frmd4a"
238.2444,591.968,4.40471987574565,0.00237857381172797,0.0305997532571471,-3.83846846743441,"10892152","Wars1"
134.28785,254.679888888889,4.40224031102982,0.00238636191500919,0.0306575096680205,-3.83879530646701,"10864185","Adamts9"
55.73206,113.289744444444,4.3990319465594,0.00239648021166001,0.0306895447761668,-3.83921867981679,"10940607","Crlf2"
82.18465,200.829111111111,4.39531478402307,0.00240826136686126,0.0307629853832465,-3.83970985616317,"10811875","Taf5l1"
24.947915,57.2264222222222,4.39100375776408,0.00242200347199811,0.0308784681796258,-3.84028039595893,"10746243","Gapdhl6"
68.03408,118.890288888889,4.39016073085877,0.00242470069158833,0.0308784681796258,-3.84039207786224,"10711769","Bccip"
1010.802,2405.89333333333,4.38752396360765,0.00243315794608782,0.0309187804423704,-3.84074162652808,"10855674","Rpl12"
1010.802,2405.89333333333,4.38752396360765,0.00243315794608782,0.0309187804423704,-3.84074162652808,"10862675","Rpl12"
1010.802,2405.89333333333,4.38752396360765,0.00243315794608782,0.0309187804423704,-3.84074162652808,"10936480","Rpl12"
83.3148,185.726,4.38668303750513,0.00243586188703659,0.0309396822469074,-3.84085318124895,"10835261","Tor1b"
468.83785,898.023777777778,4.37997597253789,0.00245754505145802,0.0310795339847654,-3.84174422999429,"10846286","Nfe2l2"
714.7915,1750.26111111111,4.37948472452822,0.00245914140900649,0.0310795339847654,-3.84180958498267,"10772718","Rpl9"
26.388965,18.7003888888889,4.37933178891494,0.00245963861753877,0.0310795339847654,-3.84182993388914,"10746416","Eme1"
227.64535,271.905111111111,4.37485192160212,0.00247425159235449,0.0311927812064724,-3.84242654270485,"10811244","Lsm2"
47.4891500000001,278.361888888889,4.37462098962593,0.0024750074223524,0.0311927812064724,-3.84245732543552,"10784416","Ints6"
286.3201,354.734777777778,4.37232393636002,0.00248253922448398,0.0312355369455638,-3.84276366850332,"10729507","Pum3"
14.90203,61.2721444444444,4.37228208267496,0.00248267668883409,0.0312355369455638,-3.84276925280131,"10787782","Psd3"
126.7313,377.625222222222,4.37171551127587,0.00248453834994689,0.0312455029510755,-3.84284485614661,"10787212","Myo9b"
273.17729,154.303588888889,4.37027103177625,0.00248929152837677,0.0312783495526877,-3.84303768317841,"10803947","Hbegf"
15.459614,19.8990755555556,4.36816110878412,0.00249625213685522,0.0313388525681515,-3.8433195369789,"10829791","Zfp365"
439.6493,1084.45788888889,4.36688026834743,0.00250048790780187,0.0313624935436008,-3.84349075095557,"10918869","Col12a1"
548.8772,1260.39822222222,4.36573413826317,0.00250428479733154,0.0313722881943583,-3.84364403023376,"10930534","Rpl5"
76.26525,340.391666666667,4.36472309138601,0.0025076393755162,0.0314008472851823,-3.84377930081228,"10898851","Pphln1"
158.58005,201.961222222222,4.36344169003331,0.00251189797375215,0.0314335703945048,-3.84395081940355,"10880913","Mrto4"
399.0779,871.886555555556,4.36239367273997,0.0025153867761187,0.0314391474314536,-3.84409116266442,"10746783","Rpl23"
888.6721,1294.46077777778,4.36171924854314,0.00251763468263908,0.031445138785215,-3.84418150722107,"10929572","Ncl"
24.83022,32.6984333333333,4.35944828934515,0.00252521999301964,0.0315045108633636,-3.8444858951305,"10787603","Armc6"
29.91325,111.427777777778,4.35900549000097,0.00252670188789145,0.0315045108633636,-3.84454527710424,"10879446","Exo5"
2151.569,1805.25888888889,4.35847513930991,0.0025284780278483,0.031513206956297,-3.84461641370929,"10911287","Anxa2"
409.3633,549.969444444444,4.35671620456957,0.00253437838336588,0.0315644798269244,-3.84485244708652,"10779091","Ncl-ps1"
152.53825,665.024777777778,4.35176291952312,0.00255107457440901,0.0316597674667735,-3.84551800364424,"10774015","Aebp1"
12.530596,11.6897577777778,4.34999621314302,0.0025570584902916,0.0317205548770186,-3.84575570108391,"10867389","Rgs20"
103.29395,473.244222222222,4.34475985111889,0.00257488386606542,0.0318740073149301,-3.84646117722239,"10770948","Gak"
78.4480900000001,137.363977777778,4.34305435263003,0.00258071869262259,0.0319191853879239,-3.84669126376386,"10819500","Gbp7"
142.6995,369.297,4.34257539878179,0.00258235985940734,0.0319253925556778,-3.84675590629262,"10821402","Pelo"
91.83095,356.827555555556,4.34130049912585,0.0025867339035933,0.0319394946152048,-3.84692803331241,"10923349","Mob4"
65.68617,136.898933333333,4.33761842176007,0.00259941187535815,0.0320013999265822,-3.8474256389917,"10788655","Mak16"
50.60785,222.150777777778,4.33541599417811,0.00260702736357349,0.0320386210261369,-3.84772362222497,"10720734","Rbm42"
115.43945,496.394222222222,4.33150672694888,0.00262060433943723,0.0321074002802431,-3.84825316686728,"10896785","Nsmce2"
250.2939,463.966333333333,4.33110186841815,0.00262201479613645,0.0321074002802431,-3.84830805461444,"10769797","Fcgr2a"
47.60965,176.995444444444,4.3295035975536,0.00262759093496895,0.0321271946856297,-3.84852482100312,"10876520","Exosc3"
236.73985,738.631111111111,4.32929240329721,0.00262832872248425,0.0321271946856297,-3.84855347443957,"10780803","Sap18"
346.65395,955.112222222222,4.32738472878009,0.00263500318941686,0.0321750681561591,-3.84881240191053,"10924876","Psmd1"
118.7858,222.813888888889,4.32530370173754,0.00264230512922114,0.0322114319413445,-3.84909507792867,"10826137","Eeig2"
602.9335,1848.68444444444,4.32410096123453,0.00264653532157213,0.0322283796933756,-3.84925855653468,"10844946","Rps17"
14.05271,28.3831888888889,4.32364975323403,0.00264812417063699,0.0322289531420608,-3.84931990527849,"10724351","Or51a42"
20.74535,65.3687555555556,4.32270765320866,0.00265144494265475,0.0322478403641614,-3.84944803319087,"10705880","Nfkbid"
764.5717,1467.91044444444,4.32130743285318,0.002656388866695,0.0322759755604887,-3.84963855348468,"10744460","Cxcl16"
464.94795,515.560333333333,4.31924027200522,0.00266370590711668,0.0323206200782959,-3.84992001071302,"10735455","Mybbp1a"
107.39045,352.078888888889,4.31905662704349,0.00266435700290624,0.0323206200782959,-3.84994502611664,"10878642","Prpf38a"
60.7343,174.116222222222,4.31532408031689,0.00267762783763642,0.0324043991916779,-3.85045384709797,"10802434","Psmg2"
15.40905,52.8364666666667,4.31433800726048,0.00268114570729565,0.0324201120417778,-3.85058839220196,"10735818","Mnt"
37.6042,206.521777777778,4.30955064121008,0.00269829622523536,0.0324796151314486,-3.85124234105484,"10886714","Ccnk"
311.7095,791.378555555556,4.30893581159242,0.00270050742342252,0.0324831962877227,-3.85132641447917,"10796923","Rpl7a"
74.227315,72.9471777777778,4.30884962484807,0.0027008175457958,0.0324831962877227,-3.85133820149091,"10703131","Pabpc6"
18.1394,26.7366555555556,4.30607150397452,0.00271083464613373,0.0325737319183506,-3.85171835292177,"10707378","Siglech"
103.2432,321.617666666667,4.30563999275681,0.00271239415924297,0.0325737319183506,-3.85177743679969,"10843793","Notch1"
36.916145,41.4940555555556,4.30516318219829,0.0027141185180124,0.0325737319183506,-3.85184273475454,"10798475","H2bc12"
300.6012,797.061333333333,4.30105889974936,0.00272901063249689,0.0326475498025242,-3.85240530712616,"10738038","Psmd3"
265.63763,182.298788888889,4.29797153258189,0.00274027127403985,0.032742038854724,-3.8528290843005,"10764661","Niban1"
87.451619,47.8677922222222,4.29764849623025,0.00274145239936084,0.032742759768981,-3.85287345425996,"10850087","Adra1d"
26.407725,43.6066666666667,4.2953297380856,0.00274994673276372,0.0328307902946299,-3.85319210614009,"10840750","Sdcbp2"
111.0268,216.541444444444,4.29442527666982,0.00275326778242972,0.0328428105793319,-3.85331647842348,"10871487","Tmem258"
239.3334,554.652,4.29415199825118,0.00275427207516778,0.0328428105793319,-3.85335406549415,"10742033","Rars1"
138.47055,476.643666666667,4.29264437024522,0.00275981971596946,0.0328428105793319,-3.8535614985329,"10710051","Far1"
88.26295,261.220777777778,4.2910450006802,0.00276571817322923,0.0328613030249883,-3.85378168735387,"10913015","Hyal3"
22.413492,27.64626,4.28891140805506,0.00277360810713846,0.0329115301551352,-3.85407563742516,"10865381","Clec4e"
141.85045,412.376444444444,4.28611207457142,0.00278399691992077,0.0329983870545809,-3.8544616787399,"10760677","Get4"
78.20814,150.577033333333,4.28581032795981,0.00278511926785244,0.0329983870545809,-3.8545033161504,"10850160","Trmt6"
65.04791,114.304522222222,4.28406344072678,0.00279162646121513,0.0330115205086616,-3.85474446177669,"10839751","Polr1b"
603.337000000001,2145.08777777778,4.28398901577758,0.0027919040612481,0.0330115205086616,-3.85475473926608,"10826824","Rpl21"
186.98415,330.307666666667,4.28369242993274,0.00279301060340772,0.0330115205086616,-3.85479569835392,"10874918","Ly96"
326.6386,1050.77911111111,4.28131505706122,0.00280189760630112,0.0330859485329348,-3.85512418917222,"10819434","Eif4e"
396.9922,363.240777777778,4.28017627782011,0.00280616539038508,0.0331095782369587,-3.85528164644234,"10823548","Lxn"
148.62035,352.091888888889,4.27872841296269,0.0028116016977333,0.0331603278149296,-3.85548194133476,"10867461","Lyn"
45.57877,131.256211111111,4.27420263578717,0.00282866833357798,0.033307826157657,-3.85610875729806,"10757674","Pom121"
1532.0599,1834.08311111111,4.27373550329512,0.00283043625973147,0.0333152155083783,-3.85617351761471,"10724315","Hbb-b1"
59.28966,77.9967,4.27152619431238,0.00283881391519802,0.0333600602246963,-3.856479961949,"10718954","Lilrb4"
72.6741,108.1575,4.26954019483876,0.00284636770447057,0.0334085118997201,-3.85675565694447,"10885029","Frmd6"
597.14445,593.772333333333,4.26714525917208,0.00285550584990676,0.0334837417589401,-3.85708840375902,"10940457","Acta2"
25.9489,44.3491444444444,4.26468686850351,0.00286491916271836,0.0335588405852663,-3.85743028963902,"10850056","Spef1"
51.117005,85.5954888888889,4.26387745303309,0.00286802580653998,0.0335817658966969,-3.85754292582687,"10816400","Isg20l2"
158.9495,516.908222222222,4.26193831638997,0.00287548331525457,0.0336421183707838,-3.85781291550583,"10827279","Rpf1"
156.86065,317.267444444444,4.25968802602813,0.00288416378143413,0.0337031842843267,-3.8581264832484,"10922768","Rpl31"
32.308393,21.5662677777778,4.25817030073958,0.00289003440403567,0.0337447901996395,-3.85833812649916,"10733836","Lypd8"
41.69531,114.561688888889,4.25561523128181,0.00289994675571346,0.0338199778528595,-3.85869470746897,"10911538","Rsl24d1"
164.5223,443.570222222222,4.25364067792429,0.00290763221385313,0.0338555470288981,-3.8589705156204,"10788627","Nrg1"
12.624005,17.7386388888889,4.24891916078852,0.00292609908288357,0.0340108807408915,-3.85963088308976,"10734967","Rnf227"
490.49935,356.156111111111,4.2487421680248,0.00292679380374482,0.0340108807408915,-3.85965566150148,"10818452","Slc25a24"
16.066145,21.1419888888889,4.24263973762704,0.00295085620645593,0.0342224347818196,-3.86051102646066,"10804350","Trim36"
362.7238,600.842777777778,4.2378859656233,0.00296974908279004,0.0343717241961418,-3.86117876145215,"10789594","Col4a1"
153.50095,200.242444444444,4.23762548082237,0.00297078810143281,0.0343717241961418,-3.86121538595367,"10820835","Map1b"
70.78671,103.8542,4.23722170361696,0.00297239946067512,0.034376752907428,-3.8612721648895,"10705815","Zfp568"
63.9252,123.795,4.23615879181575,0.00297664576101605,0.0343825507282732,-3.86142167363045,"10923177","Akap19"
66.96705,289.920333333333,4.23223258685244,0.00299238782776059,0.0344892876167293,-3.86197446825949,"10919389","Rasa2"
511.23825,668.808,4.23057403114822,0.00299906482941948,0.0345392460474454,-3.86220824033023,"10725159","Rps15a"
262.96985,444.883888888889,4.22910849270138,0.00300497820024074,0.0345892171559626,-3.86241493232596,"10925324","Lrrfip1"
639.0175,2035.52777777778,4.2279219892764,0.00300977492076176,0.034617151391785,-3.86258235699152,"10821666","C7"
424.28545,445.426111111111,4.22654611059445,0.00301534761112897,0.0346415598369059,-3.86277660072261,"10940529","Cebpd"
69.08525,120.116555555556,4.22640009080183,0.00301593968672668,0.0346415598369059,-3.86279722159965,"10740711","Or1f21b"
69.08525,120.116555555556,4.22640009080183,0.00301593968672668,0.0346415598369059,-3.86279722159965,"10749816","Or1f21b"
35.488965,74.9473333333333,4.22622735577067,0.00301664024868517,0.0346415598369059,-3.86282161670793,"10914537","Exosc7"
262.12635,751.043,4.22566396618135,0.00301892641331326,0.0346541910563983,-3.86290119476258,"10738480","Sap18"
547.96145,1119.32322222222,4.22359188453962,0.00302735080061724,0.0346691596586563,-3.86319402367897,"10760620","Eif3b"
721.6255,1565.94444444444,4.22008102381426,0.00304168289062469,0.0347713304862057,-3.86369072146433,"10914366","Rpl14"
544.43795,856.257222222222,4.21840793768843,0.00304853859843224,0.0348026598728407,-3.86392765944233,"10786132","Rps24"
114.9407,296.155555555556,4.21776470303133,0.00305117879082081,0.0348055982799841,-3.86401879364845,"10889027","Slc35f6"
342.1317,550.219333333333,4.21600126083245,0.00305842963142543,0.0348236506987085,-3.86426875706099,"10741302","Jpt2"
33.13191,27.5988333333333,4.21594639171949,0.00305865553851654,0.0348236506987085,-3.8642765373672,"10716609","Raet1e"
53.14746,113.375633333333,4.21445827057366,0.00306478931872295,0.0348655588618272,-3.86448761262851,"10791144","Gmip"
70.3823000000001,256.009222222222,4.21342792354461,0.00306904402745299,0.03487322139946,-3.8646338287383,"10897288","Hsf1"
873.65255,1069.48422222222,4.21124965214014,0.00307806001438838,0.0349086876427543,-3.86494313921188,"10729816","Npm1"
238.31885,664.128888888889,4.20967163867265,0.00308460939341217,0.0349447892172062,-3.86516737787245,"10794159","Cltb"
96.6374499999999,487.178777777778,4.20551734955416,0.00310192351398099,0.0350695021429723,-3.86575836839088,"10863722","Pcbp1"
1361.966,3240.65222222222,4.20462564700427,0.00310565360988865,0.0350709565362532,-3.86588534676543,"10793458","Ctsl"
120.2985,473.443,4.20386633386369,0.00310883372972843,0.0350933031608526,-3.86599350760504,"10818801","Dnttip2"
366.97695,1061.44766666667,4.20011062919431,0.00312461506985725,0.0352170156831827,-3.86652896109134,"10892950","Naca"
86.5346500000001,244.912444444444,4.19925881535342,0.00312820640141193,0.0352303091021003,-3.86665051359555,"10930259","Rab31"
49.3206,158.714666666667,4.19851805997489,0.00313133312833091,0.0352383536252154,-3.86675625095492,"10759147","Ssh1"
39.53625,146.177666666667,4.19814169082201,0.00313292307639695,0.0352426702941319,-3.86680998653763,"10916825","Phldb1"
323.07165,437.217,4.19511197072135,0.00314575378434113,0.0353461734829776,-3.86724283708361,"10913023","Ifrd2"
12.251632,11.3755377777778,4.19460672523274,0.00314789899532433,0.0353566786810477,-3.86731507018229,"10811283","Dynlrb2"
72.4023,167.201,4.19124100612744,0.00316222985873165,0.0354494946634637,-3.86779661687656,"10721925","Grwd1"
164.61652,166.629877777778,4.19003738534549,0.00316737185527241,0.0354663094595356,-3.86796897661308,"10803991","Cd14"
16.410728,19.5051288888889,4.18885160423156,0.00317244648019857,0.0354959216669939,-3.86813886055075,"10717157","Samd3"
1098.8317,648.598444444444,4.18846220276323,0.00317411486509845,0.035500992216304,-3.86819466621743,"10757082","Zfand2a"
357.6617,559.763555555556,4.18204460066553,0.00320174806728497,0.0356774641493508,-3.86911559918496,"10772950","Rpsa"
19.231057,18.9362044444444,4.1819619750924,0.00320210553158068,0.0356774641493508,-3.86912747102655,"10892872","Dio3"
136.46485,267.399444444444,4.18106821138687,0.00320597499398413,0.0357069590065774,-3.86925591351389,"10775782","Shroom3"
371.6276,846.962222222222,4.1770683690047,0.00322335395541961,0.0358314243299449,-3.86983127632861,"10803664","Rpl7a"
41.586265,71.8593444444444,4.1765219917002,0.00322573581117803,0.0358314243299449,-3.8699099401558,"10824530","Il6r"
226.2735,751.976,4.17550081992419,0.00323019256956123,0.0358672921806012,-3.87005700655833,"10737411","Trim25"
1047.3894,1251.93,4.17392030798876,0.00323710361629881,0.0359303742578091,-3.87028474268504,"10903346","Pabpc1"
328.95155,771.918888888889,4.17183165254113,0.003246261130249,0.0359909953165443,-3.87058591183251,"10872096","Rpl7a"
428.12548,314.566511111111,4.17131672976556,0.00324852306076005,0.0359969907290982,-3.87066019756154,"10818440","Slc25a24"
78.83895,161.687333333333,4.17114762665349,0.00324926626112932,0.0359969907290982,-3.870684596593,"10751586","Umps"
158.5492,348.890111111111,4.16897883817771,0.00325881429620445,0.0360617427459534,-3.87099766222788,"10750211","Ifngr2"
86.173375,59.1224777777778,4.1673911448823,0.00326582329861147,0.0361119461944116,-3.8712270137647,"10750685","Col8a1"
855.655,2178.78111111111,4.164257509001,0.00327970484939477,0.0361969389762821,-3.87168010097329,"10911795","Rpl12"
176.58425,504.987888888889,4.16186026951547,0.00329036731875968,0.0362577726393898,-3.87202708632155,"10804187","Lars1"
408.32715,789.859333333333,4.1589833189851,0.00330321293142601,0.0363191804963039,-3.87244393352161,"10762021","Arpc3"
487.5619,865.642777777778,4.15740650787766,0.00331027639026986,0.0363653674210661,-3.87267259853031,"10743357","Rras2"
479.9868,1181.26566666667,4.15704769922808,0.00331188598243845,0.0363653674210661,-3.87272465157681,"10887899","Hnrnpf"
153.2896,186.058111111111,4.15261449090532,0.00333184298941501,0.0363921266425489,-3.87336838415104,"10744127","Cd68"
563.95755,727.162,4.15224419782619,0.0033335158107572,0.0363921266425489,-3.87342220343068,"10710771","Rps15a"
563.95755,727.162,4.15224419782619,0.0033335158107572,0.0363921266425489,-3.87342220343068,"10752146","Rps15a"
563.95755,727.162,4.15224419782619,0.0033335158107572,0.0363921266425489,-3.87342220343068,"10760208","Rps15a"
112.87367,143.824155555556,4.15059548027261,0.00334097501454431,0.0364088599234594,-3.87366192591549,"10745731","Aatf"
32.94107,47.9983555555556,4.14970333256899,0.00334501882777316,0.0364088599234594,-3.87379170761944,"10882383","Htr6"
574.87705,642.818111111111,4.14890409995439,0.00334864597815451,0.0364212001510819,-3.8739080110416,"10850131","Pcna"
73.272495,99.8136333333333,4.14641497142531,0.00335996961910658,0.0364764594769898,-3.87427045748036,"10798841","Rpl27al1"
30.26424,63.8407333333333,4.14557746950544,0.00336378891108129,0.0364908018003449,-3.8743924863895,"10831582","Tap2"
67.3280000000001,249.603555555556,4.14522693398765,0.00336538886368271,0.0364946066308933,-3.87444357323506,"10854558","Trim24"
823.7765,1592.85888888889,4.14232161062816,0.00337868134640036,0.0365844317471238,-3.87486726106404,"10889455","Rps7"
67.4411000000001,651.286222222222,4.1411850187842,0.00338389692439718,0.0366074914606534,-3.87503314208544,"10769236","Suco"
15.226971,23.5405966666667,4.1393361311281,0.00339239966584692,0.0366514659164393,-3.87530313620816,"10882006","Kcnab2"
56.59995,150.319333333333,4.13837586067999,0.00339682490093638,0.0366857089301129,-3.8754434415128,"10783145","Klhl33"
19.33358,48.5576222222222,4.13562869289244,0.00340951920404583,0.036805596394818,-3.87584511962176,"10833969","RT1-CE16"
59.575395,46.6567833333333,4.13507827302541,0.00341206877880648,0.036805596394818,-3.87592565096478,"10729771","Ankrd22"
64.21575,116.887833333333,4.13188579110084,0.00342689719598403,0.0368877578052607,-3.87639307894093,"10781321","Tnfrsf10b"
157.68635,557.575222222222,4.13111729254571,0.00343047709670953,0.0369052527642396,-3.87650568532984,"10849863","Snrpb"
22.454975,30.7440888888889,4.12911134596459,0.00343984045216025,0.0369406900173637,-3.87679977048737,"10777512","Hmx1"
114.36913,168.627844444444,4.12667104927241,0.0034512684955925,0.0370075988342734,-3.87715784298952,"10755013","Il1rap"
923.79245,1100.12122222222,4.12585754013604,0.00345508731075351,0.0370075988342734,-3.87727728713701,"10893361","Npm1"
487.83575,488.272888888889,4.12544086164796,0.00345704507066866,0.0370075988342734,-3.87733848089873,"10719900","Axl"
285.17355,416.28,4.12453877873883,0.00346128760400321,0.0370075988342734,-3.87747099546499,"10736917","Ddx52"
453.5181,1168.463,4.12411583649275,0.00346327865462128,0.0370075988342734,-3.87753314098799,"10723697","Rpl21"
350.83065,555.467333333333,4.1235891393079,0.0034657598731716,0.0370075988342734,-3.87761054612277,"10796858","Nsun2"
213.87845,454.227888888889,4.12232132588876,0.00347174029228827,0.037042885646059,-3.87779693297797,"10817573","Rbm8a"
280.9014,552.043666666667,4.1198317048495,0.0034835165678682,0.0371414062093801,-3.87816321000782,"10924151","Atic"
506.9867,1130.05822222222,4.11954796899379,0.00348486141597605,0.0371421894951931,-3.87820497613754,"10845607","Rbms1"
91.6264,140.111944444444,4.11901052684312,0.00348741031529633,0.037144047135216,-3.87828410062308,"10749117","Trim47"
457.584,1470.27666666667,4.11839138648669,0.003490349176043,0.0371600075907143,-3.87837527350816,"10744756","Emc6"
35.9059,209.094777777778,4.11763403861974,0.00349394770014563,0.0371847679825335,-3.87848682822047,"10881619","Ubiad1"
555.1285,1726.57777777778,4.11585334935479,0.00350242440327726,0.0372286853958124,-3.8787492466963,"10754136","Rpl9"
171.53995,632.691777777778,4.11576638396794,0.00350283895720688,0.0372286853958124,-3.87876206734432,"10753567","Cldnd1"
91.4087500000001,252.776111111111,4.11569660258682,0.00350317163528063,0.0372286853958124,-3.87877235499728,"10797631","Nol8"
30.59804,30.2403888888889,4.11282633966594,0.00351688502467195,0.037335475797413,-3.87919575029467,"10721723","Dkkl1"
237.7591,430.832111111111,4.1127909489813,0.00351705447369346,0.037335475797413,-3.87920097375102,"10788497","Eri1"
21.27086,35.4565555555556,4.11101522451921,0.0035255678900264,0.0373715313277327,-3.87946315226251,"10930988","Ticam1"
314.6608,956.755444444444,4.10677759574568,0.0035459745282339,0.0374630373771527,-3.88008955085776,"10771465","Hnrnpdl"
113.84214,151.967366666667,4.1067098670719,0.00354630171452637,0.0374630373771527,-3.88009957074571,"10725242","Itpripl2"
14.72625,29.7887,4.10652753367064,0.00354718269973596,0.0374630373771527,-3.88012654674734,"10882227","Tas1r3"
1291.85028,667.5614,4.10588145879605,0.00355030625934966,0.0374630373771527,-3.88022214807856,"10768642","Lamc2"
71.6325000000001,224.128666666667,4.10386049462127,0.00356009614192796,0.0375197145347342,-3.88052134990111,"10749352","Jmjd6"
296.0455,948.582777777778,4.09962455218743,0.00358071042087456,0.0376961708956502,-3.88114923820963,"10815315","Eif4e"
116.1293,534.619222222222,4.09820713191565,0.00358763705771219,0.0377057613423974,-3.88135957090438,"10827029","Metap1"
18.887235,25.6179666666667,4.09513195609555,0.00360271457445044,0.037818793955442,-3.88181629741427,"10750996","Plcxd2"
95.2382000000001,352.380888888889,4.08887121802255,0.00363362259550906,0.0380202902955594,-3.88274782883172,"10762389","Med13l"
54.812865,58.7855333333333,4.08702967451504,0.00364276830373452,0.0381007195361466,-3.88302226135481,"10813253","C6"
57.829805,86.1082555555556,4.08679859858603,0.00364391765537049,0.0381007195361466,-3.88305671083431,"10874240","Klhl21"
1005.03555,1014.27266666667,4.08651993002204,0.00364530424918338,0.0381015807998723,-3.88309825966638,"10794866","Serpinb1a"
488.0206,1216.05244444444,4.08587240601545,0.00364852838601136,0.0381216410117796,-3.88319482130655,"10840732","Nsfl1c"
53.231155,106.956011111111,4.08511837257152,0.00365228673062371,0.0381472665528928,-3.8833072966364,"10706509","Fv1"
906.521499999999,2274.11444444444,4.0848217083732,0.00365376654510227,0.0381490835770614,-3.88335155753149,"10835645","Rpl12"
90.7700500000001,276.264444444444,4.08139937087074,0.003670884640702,0.03830043710481,-3.88386252207025,"10774104","Ccm2"
251.9854,546.156111111111,4.08094604141382,0.00367315861945129,0.0383040912525929,-3.88393025624345,"10852270","Lama5"
975.83045,670.156222222222,4.08080684031536,0.00367385718113799,0.0383040912525929,-3.88395105734786,"10847761","Cd44"
31.928715,50.5818,4.07712654912209,0.00369237830932818,0.0384012602095811,-3.88450141776735,"10877313","Mup4l4"
417.157,835.812111111111,4.07632068736049,0.00369644725146022,0.0384025640128588,-3.88462203318224,"10862666","Gars1"
397.24595,660.664555555556,4.07413943372056,0.00370748508372952,0.0384728001908912,-3.88494869595576,"10843357","Tubb4b"
42.163454,30.5830588888889,4.07311470593668,0.00371268280138906,0.0384876314878743,-3.8851022536449,"10760290","Nptx2"
16.08928,54.7437111111111,4.07288332795103,0.00371385750545347,0.0384876314878743,-3.88513693457294,"10801174","Pcdhb5"
98.4232999999999,194.212888888889,4.07148875845755,0.00372094621960917,0.038520100233757,-3.88534603049135,"10710513","Polr3e"
2134.797,2820.99666666667,4.06977735687952,0.00372966537093341,0.038555712719904,-3.885602785234,"10726979","Ctsd"
448.0004,1095.18688888889,4.06897764605872,0.00373374724548083,0.0385732932168205,-3.88572282099091,"10833591","Rpl7a"
3147.36168,1436.64573333333,4.06761167211631,0.00374073058313691,0.0385732932168205,-3.88592793822547,"10733017","Havcr1"
264.8603,384.538888888889,4.06686189161263,0.00374456971188139,0.0385732932168205,-3.88604057280573,"10749869","Pkn3"
424.32895,940.243444444444,4.06594657401077,0.00374926220838357,0.0385934041228084,-3.88617811925774,"10794511","Nup153"
545.6745,717.24,4.06504250288094,0.00375390327531011,0.0386013834160189,-3.88631402353341,"10821695","Rps15a"
76.7293,235.980111111111,4.06227316082384,0.00376815835123676,0.0387207098392651,-3.88673062031872,"10905335","Card10"
304.70495,1049.73822222222,4.06156552796188,0.00377181022078618,0.0387446075211137,-3.88683714237297,"10757786","Eif4h"
45.3024,135.519,4.05995208667647,0.00378015096276728,0.0387893678350134,-3.8870801275545,"10894999","Tmcc3"
379.6762,410.137777777778,4.0584761592119,0.00378779824523298,0.0388269255916619,-3.88730253599918,"10889684","Bzw2"
316.7231,611.798222222222,4.05768486585288,0.00379190507450739,0.0388369344991213,-3.88742182881975,"10726151","Mcmbp"
741.11335,731.937111111111,4.05751970705898,0.0037927628577392,0.0388369344991213,-3.88744673223228,"10936086","Flna"
20.88108,117.7384,4.05428123102638,0.00380962484152316,0.0389822697443985,-3.88793536645806,"10886842","Mir341"
129.3138,253.672,4.05373877128393,0.00381245719835749,0.0389911976366848,-3.88801727484576,"10767189","Ddx18"
15.799575,26.6362333333333,4.05175340960263,0.00382284279047176,0.0390227477497952,-3.88831720000228,"10858218","Cacna2d4"
256.62575,870.614888888889,4.05135682615705,0.00382492100487013,0.0390227477497952,-3.88837713878942,"10869661","Prrc2c"
244.34,1278.73555555556,4.05092320086742,0.0038271947238198,0.0390227477497952,-3.88844268652904,"10832865","Eloc"
441.43475,682.188222222222,4.05006260961484,0.00383171156120118,0.0390441651722816,-3.8885728079429,"10708053","Abhd2"
193.58755,313.346111111111,4.0486618675186,0.00383907569208087,0.0390590454210257,-3.88878469283841,"10909480","H2ax"
31.14232,52.3024111111111,4.04861821969401,0.00383930540712087,0.0390590454210257,-3.88879129712258,"10932623","Nudt11"
31.14232,52.3024111111111,4.04861821969401,0.00383930540712087,0.0390590454210257,-3.88879129712258,"10937236","Nudt11"
145.4207,762.189222222222,4.04849041402961,0.00383997812343787,0.0390590454210257,-3.88881063583935,"10836394","Marchf7"
79.2694000000001,359.759444444444,4.04807449236721,0.00384216824353215,0.0390590454210257,-3.88887357700268,"10758679","Mapkapk5"
63.62685,163.271,4.04800565323674,0.00384253085986266,0.0390590454210257,-3.88888399536175,"10938048","Taf5l1"
655.988500000001,2281.85444444444,4.04677811629218,0.00384900322110791,0.0390870588748653,-3.88906982176289,"10780979","Rpl23a"
426.6157,599.299777777778,4.04507217115544,0.00385801758360156,0.0391369178963847,-3.88932821688365,"10874691","Rps15a"
38.58545,132.549888888889,4.0440950737091,0.00386319090171619,0.0391369178963847,-3.88947629213335,"10790229","Mettl6"
194.0036,444.114222222222,4.04385210147595,0.00386447849786357,0.0391369178963847,-3.88951312230215,"10940497","U2af1"
21.038855,32.1242222222222,4.04376729004628,0.00386492805268261,0.0391369178963847,-3.88952597898638,"10765173","Sele"
1926.5825,2054.97888888889,4.042980539504,0.00386910102225484,0.0391542914325918,-3.88964526371419,"10892184","Hsp90aa1"
17.60995,41.8438444444444,4.04268599874363,0.0038706645326667,0.0391542914325918,-3.88968993042839,"10940009","LOC102547275"
744.81235,826.926111111111,4.04112037074376,0.00387898679568037,0.0391977586471831,-3.88992744125226,"10752334","Ranbp1"
28.56323,77.4520888888889,4.03961444703203,0.00388700989818059,0.0392652514403347,-3.89015603046687,"10783933","Adcy4"
314.07685,491.305111111111,4.03891269478772,0.0038907547293795,0.0392722480419063,-3.89026259727354,"10923857","Eef1b2"
98.4962500000001,477.635111111111,4.03872904436786,0.00389173540361877,0.0392722480419063,-3.89029049086351,"10868193","Akirin2"
394.8506,903.073555555556,4.0356962448873,0.0039079688324071,0.0393188817371237,-3.89075141163058,"10826859","Aimp1"
80.47045,177.499444444444,4.03519193479691,0.00391067528464034,0.0393188817371237,-3.89082810842056,"10893774","Klf16"
112.24645,365.355111111111,4.03124734995278,0.00393191430050898,0.0394596167554344,-3.89142852732965,"10867743","Nbn"
45.58416,140.211966666667,4.02994384657355,0.00393896012131663,0.0394914155382292,-3.89162713944056,"10807464","Pla2g15"
117.0152,165.416555555556,4.02981976867205,0.00393963150803288,0.0394914155382292,-3.89164605015027,"10894549","Ckap4"
33.901545,37.0330333333333,4.02829502346971,0.00394789199747339,0.0395520290857982,-3.89187851059351,"10883461","Apob"
37.35968,51.8727222222222,4.02571612482946,0.00396190600872944,0.0396652234883557,-3.89227199767837,"10745583","Nle1"
153.76995,211.066,4.02403436055112,0.0039710737719902,0.0397297771146993,-3.89252881178856,"10721480","Atf5"
149.6789,280.888555555556,4.02283325817678,0.00397763530793772,0.0397818000294736,-3.89271232853164,"10804567","Synpo"
806.685499999999,1965.63888888889,4.02122893430705,0.0039864178463964,0.039852515134877,-3.89295758649354,"10776256","Rpl9"
49.958025,96.5982666666667,4.02079474367294,0.00398879832458344,0.039852515134877,-3.89302398870675,"10842409","Ddx27"
403.8491,826.926888888889,4.02053980731451,0.00399019674337126,0.0398528573199481,-3.8930629821602,"10856965","Snrpg"
55.382495,41.0908222222222,4.01854251445633,0.00400117092319445,0.0399351579604382,-3.89336860840095,"10860617","Speer4cl3"
542.368,1640.42444444444,4.01271253914067,0.00403339031808887,0.0401060125094106,-3.89426206261047,"10737056","Rpl37a"
253.5721,263.434111111111,4.01025797726969,0.00404703899764353,0.0402007717796143,-3.89463883090806,"10730098","Aldh18a1"
106.98985,325.926444444444,4.00976418320426,0.00404979076499889,0.0402007717796143,-3.89471467006175,"10703983","Hspbp1"
99.00983,122.716888888889,4.0088486921732,0.00405489785876187,0.0402376990644936,-3.89485531363353,"10939584","Elf4"
58.01445,252.957,4.00243604749531,0.00409086609148751,0.0404636976304644,-3.89584186005529,"10858315","Il17ra"
149.4707,378.962222222222,3.99943181917662,0.00410783476494078,0.0405700760050642,-3.8963048831485,"10801386","Tcerg1"
94.484,222.552888888889,3.99759566686211,0.00411824315614044,0.0406316634797322,-3.89658814241143,"10729009","Dtx4"
129.50615,278.456888888889,3.99711645885605,0.00412096426083511,0.0406447839014305,-3.89666210183662,"10791085","Nr2c2ap"
33.481385,88.1865555555556,3.9946471011066,0.00413501684194594,0.040714655214226,-3.89704343150521,"10938126","Ptges3l1"
42.791705,56.6414555555556,3.99245279473001,0.00414754747940127,0.0407909061834297,-3.89738259152419,"10810434","Gypa"
210.3896,225.408888888889,3.99182524460879,0.00415113863501528,0.0407909061834297,-3.89747964078623,"10730446","Npm3"
347.7152,549.521888888889,3.99133250972165,0.00415396065739333,0.0407971253368007,-3.89755585763638,"10732058","Rnps1"
246.8608,307.186111111111,3.99103350883481,0.00415567412141487,0.0407971253368007,-3.89760211453324,"10912990","Rassf1"
92.242915,100.392311111111,3.98929441134034,0.00416565535013031,0.040829405995446,-3.89787126721369,"10727603","Lrfn4"
736.1725,1863.63777777778,3.98919313612226,0.00416623739550984,0.040829405995446,-3.89788694671123,"10873870","Rpl9"
158.9024,271.249888888889,3.98677670644923,0.00418015102254396,0.0409259859441862,-3.89826124172618,"10834704","Wdr5"
41.800485,72.1856333333333,3.98524440288848,0.00418899983567739,0.0409660061920905,-3.89849877007784,"10791989","Prag1"
315.52555,747.623777777778,3.98483036833992,0.00419139428041892,0.0409660061920905,-3.89856297528413,"10782984","Rpl7a"
60.3837,197.225,3.98401275481728,0.00419612703325336,0.0409711414269598,-3.89868979444906,"10922771","Cnot11"
141.37305,218.091666666667,3.98354985420351,0.00419880908275575,0.0409823690252264,-3.89876161220436,"10741212","Tbl3"
1369.224,1558.995,3.98333016790173,0.00420008259264489,0.0409823690252264,-3.89879570041585,"10796445","Vim"
116.0105,257.874222222222,3.98185107229825,0.00420866766624179,0.0410473767256244,-3.8990252834337,"10851492","Oser1"
1628.371,5059.46444444444,3.98169837630513,0.00420955503080615,0.0410473767256244,-3.89904899213719,"10837537","Actg1"
185.94135,372.542,3.97840597675676,0.00422873728567118,0.041179443687866,-3.89956053404179,"10753732","Rpl24"
51.7424000000001,217.174222222222,3.97635307094115,0.00424074559549836,0.0412576616882987,-3.89987982399906,"10823593","Kpna4"
242.98001,134.681155555556,3.97594621937081,0.00424312979767269,0.0412645785316944,-3.89994313193548,"10823955","Fgb"
308.00335,471.519777777778,3.97365734790403,0.00425656980171627,0.0412947684454434,-3.90029947577513,"10830291","Frk"
44.6128,199.989111111111,3.97349202010056,0.00425754236180173,0.0412947684454434,-3.90032522707628,"10928916","Usp37"
95.703124,55.6880477777778,3.97104693801126,0.00427195380801786,0.0413658795317978,-3.90070626240656,"10824695","S100a9"
39.4586,337.284555555556,3.96950507278337,0.0042810686384037,0.0414203309826271,-3.90094672742639,"10826418","Ptbp2"
414.28105,415.004111111111,3.96765006395368,0.00429206239016703,0.0414530553333335,-3.90123621889117,"10881211","Efhd2"
205.5178,213.934444444444,3.96644517000349,0.00429921949944075,0.0414530553333335,-3.90142436475017,"10733380","Nhp2"
210.4979,1036.43922222222,3.9663167345887,0.00429998316732891,0.0414530553333335,-3.90144442527081,"10919270","Morf4l1"
116.0945,265.642555555556,3.96481875205516,0.00430890085630923,0.0414641808021007,-3.90167847074801,"10707237","Prmt3"
1293.8558,1704.46122222222,3.96360897689006,0.00431611733890959,0.0414865722105889,-3.90186758520287,"10905192","Myh9"
76.78484,110.431855555556,3.96256312928651,0.00432236645465651,0.0414865722105889,-3.90203114523264,"10935323","Utp14a"
493.3284,807.328666666667,3.96241678307275,0.00432324167436733,0.0414865722105889,-3.90205403756295,"10716464","Snu13"
493.3284,807.328666666667,3.96241678307275,0.00432324167436733,0.0414865722105889,-3.90205403756295,"10905681","Snu13"
75.1319,200.647555555556,3.96225981808471,0.00432418061139328,0.0414865722105889,-3.90207859237865,"10876076","Nol6"
42.3725000000001,108.955722222222,3.96036880326606,0.00433550959632873,0.0415679610591229,-3.90237452998349,"10926948","Tram2"
331.947,802.09,3.95379049092682,0.00437516948771569,0.0417973189712643,-3.90340569511029,"10893366","Psmc4"
23.99083,29.8837111111111,3.95231881135615,0.00438409541001256,0.0418345420786594,-3.90363674197529,"10742031","Fbll1"
271.048,418.039777777778,3.95124379264591,0.00439062791848119,0.0418345420786594,-3.90380559769574,"10725893","Mvp"
218.96385,680.922666666667,3.95118458835742,0.00439098798617774,0.0418345420786594,-3.90381489908351,"10736661","Psmd11"
59.7479,185.875222222222,3.95068869402055,0.00439400515640763,0.0418345420786594,-3.90389281571049,"10890301","Sos2"
104.749895,123.995788888889,3.95059800866367,0.00439455715462596,0.0418345420786594,-3.90390706611533,"10801104","Wdr55"
23.80562,27.7090555555556,3.95055517897842,0.00439481788318634,0.0418345420786594,-3.903913796596,"10817068","S100a7a"
331.15865,686.494222222222,3.94932319643332,0.00440232478907597,0.041892350615005,-3.90410744429265,"10823508","Ccnl1"
47.85914,87.3990888888889,3.94690745014825,0.00441708486973624,0.0419644609380405,-3.90448742719304,"10921343","Rftn1"
154.38015,517.433,3.94540408168575,0.00442629724362533,0.0420109966456369,-3.90472407678238,"10894857","Cdk17"
1621.1975,5026.26222222222,3.94373184952273,0.00443656867591379,0.0420811419799174,-3.90498746861987,"10749612","Actg1"
127.84707,182.2016,3.94183405274245,0.0044482566798715,0.0421212110563707,-3.90528659437246,"10785773","Spry2"
61.61793,100.679566666667,3.94131869825155,0.00445143632153062,0.0421212110563707,-3.90536786092051,"10752270","Gp1bb"
61.61793,100.679566666667,3.94131869825155,0.00445143632153062,0.0421212110563707,-3.90536786092051,"10752289","Gp1bb"
61.61793,100.679566666667,3.94131869825155,0.00445143632153062,0.0421212110563707,-3.90536786092051,"10752292","Gp1bb"
26.919785,38.8331888888889,3.94094561896759,0.0044537396772996,0.0421212110563707,-3.90542670206631,"10908452","C8h19orf38"
26.559018,22.29369,3.94010963473112,0.0044589056208446,0.0421288708950046,-3.90555858211676,"10838743","Knl1"
27.205225,37.4829111111111,3.93936894343001,0.00446348809022494,0.0421585325146562,-3.90567546475363,"10770066","Ackr1"
29.719714,28.2930977777778,3.93835702450766,0.00446975676682149,0.0421768327473911,-3.9058352015274,"10727116","Tnfrsf22"
92.6525,282.864888888889,3.93576741929265,0.00448584213037191,0.0423137253058406,-3.90624426778432,"10783868","Tinf2"
216.7516,759.358444444444,3.93379560985606,0.00449813180362539,0.042403492259152,-3.90655601750377,"10888150","Zfp36l2"
639.28585,638.222444444444,3.93331028899888,0.00450116220798939,0.0424053040773634,-3.90663278463575,"10751896","Cldn1"
188.303,824.239222222222,3.93294150796325,0.00450346639140364,0.0424053040773634,-3.90669112730254,"10779357","Psmd6"
38.078475,30.9390666666667,3.9318442073542,0.00451032995027592,0.0424499932884539,-3.90686477369585,"10897723","Apobec3"
413.67535,1032.71711111111,3.93012881642236,0.0045210821851544,0.0425237910357697,-3.9071363789478,"10784805","Rpl7a"
83.7085999999999,445.846222222222,3.92951708641902,0.00452492323364428,0.0425462205818101,-3.90723328014996,"10803943","Pfdn1"
55.0768,377.293777777778,3.92699472152572,0.00454079825827971,0.0426536879595613,-3.90763307667416,"10811452","Cotl1"
231.2201,537.393888888889,3.92520392133175,0.00455210538487423,0.0427123346103667,-3.90791715516106,"10834225","Npdc1"
2256.3833,3119.07622222222,3.92509021803725,0.00455282433000212,0.0427123346103667,-3.90793519876364,"10724311","Hbb-b1"
867.837,2187.89333333333,3.92349720494379,0.0045629097909286,0.0427794758126406,-3.9081880773377,"10797169","Rplp1"
145.021,725.855777777778,3.92274669273535,0.00456766965233536,0.0427876449310889,-3.90830726905396,"10712845","Ppp1ca"
93.0097500000001,621.881666666667,3.91815707546719,0.0045968941106756,0.0428864311032695,-3.90903691227253,"10762665","Pxn"
265.28035,624.902777777778,3.91683910318739,0.00460532343153878,0.0429052355168739,-3.90924667741134,"10819994","Rpl7a"
27.304695,35.0435,3.9165511684341,0.00460716717951363,0.0429052355168739,-3.90929251852102,"10779997","LOC290071"
27.304695,35.0435,3.9165511684341,0.00460716717951363,0.0429052355168739,-3.90929251852102,"10780059","LOC290071"
29.746255,23.2695277777778,3.91368076846248,0.00462559081950334,0.0429406785798421,-3.90974978250094,"10754260","Polq"
159.07475,488.496888888889,3.91165696577402,0.00463862818822047,0.0429926662089698,-3.91007248404284,"10940483","Ak6"
34.9765,48.0161111111111,3.91021020978601,0.00464797242675548,0.0430383095008668,-3.91030332754565,"10886131","Vash1"
216.9901,882.456444444444,3.90888738643919,0.00465653392745866,0.043064656079523,-3.91051450873053,"10923560","Bzw1"
20.99479,32.9362777777778,3.9087625432415,0.00465734280547389,0.043064656079523,-3.91053444477483,"10705553","Fbxo27"
39.5886,148.026333333333,3.90680307394637,0.00467005831508129,0.0431255351992857,-3.91084747509414,"10838512","Aven"
104.57402,141.784322222222,3.90670969011835,0.00467066523816002,0.0431255351992857,-3.91086239928514,"10757810","Clip2"
350.20805,385.981222222222,3.90659234673877,0.00467142800012031,0.0431255351992857,-3.91088115334467,"10872336","Marcksl1"
349.754000000001,1373.97222222222,3.90634664065363,0.00467302558626686,0.0431255351992857,-3.91092042533253,"10802567","Mbd2"
109.3709,263.070888888889,3.90557636515539,0.004678037741731,0.04313752529301,-3.91104356494345,"10762115","Naa25"
156.3985,508.257444444444,3.90354445913135,0.00469128703187766,0.0432065760874129,-3.91136856914165,"10753614","Tomm70"
33.772535,88.4593555555556,3.90034554820291,0.00471222772756134,0.0433433316198314,-3.91188075032098,"10754401","Mix23"
87.9046,179.289111111111,3.89774766276737,0.00472930792329338,0.0434381005982332,-3.91229716368578,"10778295","Ddx56"
17.903496,22.2283633333333,3.89771409204602,0.00472952907415707,0.0434381005982332,-3.91230254743279,"10872626","Gpr3"
135.8744,559.810222222222,3.8937301825965,0.00475585261115629,0.0435858041994041,-3.91294194101135,"10863698","Dusp11"
73.9948999999999,255.259222222222,3.89287016792454,0.0047615557653073,0.0436062978456701,-3.91308009653716,"10875256","Tmem68"
162.97155,367.617,3.89214753829441,0.00476635353841771,0.043622886049917,-3.91319621733872,"10830454","LOC366310"
57.4807,406.318777777778,3.88780633180919,0.00479528578978519,0.0438327531485559,-3.91389449251123,"10779671","Mapk1ip1l"
18.762525,29.9944,3.88614385251928,0.00480641541494965,0.0439070106104875,-3.91416220734159,"10880497","Fam110d"
219.74625,793.348,3.88223975750968,0.00483266102200492,0.044022874679405,-3.91479156882389,"10787071","Entr1"
105.36145,156.455111111111,3.88166325155152,0.00483654966194597,0.0440308388358023,-3.91488458460106,"10846114","Rpl15l2"
46.504295,71.3166555555556,3.87915165531177,0.00485353011485359,0.0441716600546208,-3.91529005555602,"10840975","Hck"
124.9517,299.921888888889,3.87867672401098,0.00485674823525959,0.0441734255743691,-3.9153667721508,"10701830","Hivep2"
110.4727,199.121777777778,3.87761221359991,0.00486396965658036,0.0442253375497475,-3.91553877537197,"10734043","Drc3"
1977.9725,8129.60888888889,3.87738843406404,0.00486548919812603,0.0442253893696496,-3.91557494251997,"10809399","Mt2"
699.188,1654.93222222222,3.87681410735637,0.0048693914124628,0.0442470919824847,-3.91566777914316,"10726650","Rpl9"
340.8548,409.389222222222,3.87652394534066,0.004871364172074,0.0442512540183364,-3.91571468994241,"10705485","Fbl"
299.36765,396.416888888889,3.87470624104574,0.00488374197103669,0.0443223479160813,-3.91600867884716,"10769908","Slamf7"
878.4835,3619.73111111111,3.87348221909549,0.00489209607715154,0.0443242617281904,-3.91620676313785,"10759492","Gapdh"
60.77962,97.8766444444445,3.87332345725529,0.00489318077116932,0.0443242617281904,-3.91623246248039,"10780491","Nop9"
161.34535,285.845444444444,3.87293603500549,0.00489582880540623,0.0443242617281904,-3.91629518245811,"10781014","Pinx1"
159.066882,88.68526,3.87020939580666,0.00491450900255654,0.0444006414602559,-3.9167368628586,"10764773","Rgs16"
30.192051,24.6917133333333,3.86733152664766,0.00493430835106219,0.0445322471942943,-3.91720354130955,"10872057","Clspn"
801.5464,1166.56944444444,3.86492980709818,0.00495089744211448,0.0446405919363989,-3.91759340081261,"10932740","Hnrnpa1"
185.10877,203.660544444444,3.86250928282666,0.0049676770408416,0.0447228712083656,-3.91798667577542,"10794016","Pdlim7"
75.302,223.792555555556,3.861853001987,0.00497223703908593,0.0447501333517733,-3.91809336791066,"10937624","Mid1"
25.9492,45.0980777777778,3.86039566616172,0.00498237904329306,0.0448174989511021,-3.91833038412558,"10921270","Rps26-ps12"
874.7655,2195.39666666667,3.86020848038349,0.00498368333016767,0.0448174989511021,-3.91836083697836,"10902467","Rpl12"
34.220629,32.3827644444444,3.86011649075637,0.00498432443664444,0.0448174989511021,-3.91837580337328,"10716552","Raet1e"
30.26583,107.3249,3.85911934814059,0.00499127954300654,0.0448497807134385,-3.91853806886284,"10730297","Zfyve27"
35.96322,102.129933333333,3.85803757713529,0.0049988367234037,0.0448578803165055,-3.9187141760335,"10710154","Xylt1"
121.68365,473.071222222222,3.85768979557434,0.00500126891161117,0.044859401284559,-3.91877080870923,"10713362","Sf1"
14.242675,30.8311777777778,3.85643448926348,0.0050100583929048,0.0449244462524005,-3.91897528525039,"10704437","Slc8a2"
413.597600000001,921.414555555556,3.8553779941024,0.00501746868073562,0.0449673863231878,-3.91914745364469,"10803676","Rps27a"
100.4536,368.627444444444,3.85487331279869,0.00502101268307286,0.0449812525370409,-3.91922972201151,"10864441","Rybp"
57.21475,216.146777777778,3.85309391221319,0.00503352955366332,0.0450438932072835,-3.91951990984835,"10935215","Mid2"
265.592,1297.49888888889,3.85108689158255,0.00504768779405284,0.0451061019479815,-3.9198474555746,"10905917","Btf3"
113.6397,282.659333333333,3.85092313915263,0.00504884484733003,0.0451061019479815,-3.91987419106783,"10865956","Clec2d2"
257.0551,1016.29411111111,3.85022368867031,0.00505379027985256,0.0451226861967031,-3.91998840764378,"10793456","Srsf3"
1019.7199,762.138444444444,3.84792053314404,0.00507011142680812,0.045199339402738,-3.92036471687764,"10940455","Krt18"
421.99565,901.070222222222,3.84686756299353,0.00507759206575425,0.0452249732861199,-3.92053687060619,"10933899","Rpl5"
57.36234,106.431033333333,3.84587610895799,0.00508464650608548,0.0452598607644062,-3.92069903024153,"10830888","Zfp57"
50.74794,102.0382,3.84508375396414,0.00509029187188511,0.0452825172793093,-3.9208286699717,"10732725","Lcp2"
186.39875,276.899888888889,3.84245091863695,0.00510909865540729,0.0453807260927542,-3.92125971879588,"10865452","Emg1"
79.6363,378.841111111111,3.84201346849794,0.00511223065448343,0.0453851987920337,-3.92133138035389,"10715025","Btaf1"
21.057045,34.3579666666667,3.84151802600028,0.00511578034886395,0.0453851987920337,-3.92141255649428,"10734720","Pik3r5"
37.20275,172.477555555556,3.84066802887734,0.00512187648362205,0.0454113807564596,-3.92155186072337,"10704129","Leng9"
42.93122,121.632822222222,3.83977196124669,0.00512831147749058,0.045436537814228,-3.92169876437467,"10749714","Mafg"
389.33595,739.485,3.83789034818792,0.00514185229920791,0.0455056264977461,-3.92200740472607,"10820666","Hmgcr"
1949.16201,1002.94546666667,3.83592370748082,0.00515604603795311,0.0455484514523019,-3.92233022947477,"10844331","Lcn2"
731.08685,964.759888888889,3.83467447952007,0.00516508386486554,0.0455575096284247,-3.92253541672691,"10899619","Hnrnpa1"
157.8873,212.197333333333,3.83427220667902,0.00516799781812508,0.0455575096284247,-3.92260151139647,"10778568","Pno1"
30.064265,68.9213555555556,3.83420367890112,0.00516849439025997,0.0455575096284247,-3.92261277173478,"10783465","LOC290071"
84.1137,277.196666666667,3.83220412214726,0.00518300632726528,0.0456210746745188,-3.92294146449215,"10789087","Ikbkb"
139.82534,137.836755555556,3.83110646464786,0.00519099124685833,0.0456363581961238,-3.92312200730811,"10911380","Aldh1a2"
69.416515,87.5954444444444,3.82932301432401,0.00520399313597518,0.0456956583932608,-3.92341551088433,"10816418","Gpatch4"
236.42875,348.074444444444,3.82686440969966,0.005221974429125,0.045783532440731,-3.92382045300146,"10861968","Zc3hav1"
69.2553000000001,270.997333333333,3.82507772842532,0.0052350833560129,0.0458309035548579,-3.92411496528635,"10816470","Mef2d"
358.26285,710.815333333333,3.82375095501472,0.00524484077180688,0.0458668786814139,-3.92433379750448,"10779811","Apex1"
104.8439,428.202888888889,3.82346346539677,0.00524695761182908,0.0458668786814139,-3.92438122940349,"10749797","Wdr45b"
61.9899,150.310666666667,3.82344734257361,0.00524707635434578,0.0458668786814139,-3.92438388960546,"10835169","Nup188"
37.656335,70.6715888888889,3.82080267614009,0.00526659306269235,0.0459964872147965,-3.92482047081339,"10783396","LOC290071"
41.48064,93.2977,3.82012030692446,0.00527164133815154,0.0460268171108067,-3.92493318779561,"10782056","Rap2a"
1266.0265,2035.29444444444,3.81990337255404,0.00527324734037146,0.0460270832989578,-3.92496902819467,"10816886","Tpm3"
31.367295,37.7297,3.81653610273623,0.00529824323756314,0.0462314450245429,-3.92552572597188,"10705937","Wdr62"
155.6585,289.100555555556,3.81605189138321,0.005301848073224,0.046235280480945,-3.92560583762558,"10724993","Rras2"
879.59685,1140.93033333333,3.81406111741366,0.00531669657076254,0.0462956702289886,-3.92593536217413,"10839876","Rps12"
185.1467,335.645222222222,3.81335421392827,0.00532197984782583,0.0463190451927792,-3.926052433207,"10714846","Rps4x-ps1"
200.2001,247.100222222222,3.81272209403752,0.0053267089747002,0.0463276201211347,-3.92615714599388,"10791652","Casp3"
334.91725,371.047111111111,3.81095234195964,0.00533997314919685,0.0463877417724166,-3.92645044573101,"10940447","Krt7"
69.39159,99.9208666666667,3.80782135240953,0.0053635265714083,0.0465508215261801,-3.92696982762161,"10799076","Smokxl2"
26.820815,87.8249222222222,3.80619541638904,0.00537580189842278,0.046590424682061,-3.92723978957584,"10801698","Srfbp1"
88.66155,220.758333333333,3.80596360878489,0.00537755442870826,0.046590424682061,-3.9272782913384,"10770172","Cep170"
236.02299,165.336866666667,3.80481741512486,0.00538622898333995,0.0466248910278158,-3.92746871680723,"10855449","Gpnmb"
483.6175,2470.12111111111,3.8045125570709,0.00538853871767684,0.046629375029091,-3.92751937909994,"10764839","Eef1a1-ps15"
65.65272,142.345766666667,3.80275406660269,0.00540188254177395,0.046689525614019,-3.92781172567581,"10911707","Lysmd2"
304.3057,1055.61877777778,3.80104077412288,0.00541491748117707,0.0467745119145793,-3.92809674669625,"10777711","Rnf4"
167.31415,425.795444444444,3.79961520740727,0.00542578907754119,0.0468378655011508,-3.92833404395599,"10805029","Ptpn2"
495.55335,871.734333333333,3.79934729790531,0.00542783480911176,0.0468378655011508,-3.92837865408107,"10746654","Kpnb1"
82.9144000000001,172.440444444444,3.79880952817464,0.00543194366467569,0.046852318340666,-3.92846821289888,"10856961","Timcc"
689.422,2722.98777777778,3.79616043314567,0.00545223294355303,0.0469995671917847,-3.92890965450164,"10871286","Prdx1"
51.26473,76.6570444444445,3.79562333645205,0.00545635643815797,0.0470167867204291,-3.92899920990766,"10797811","Cd83"
42.63076,96.7992444444444,3.79548106146359,0.00545744929721966,0.0470167867204291,-3.92902293588398,"10727109","Tnfrsf26"
132.9249,191.290333333333,3.79462307831397,0.00546404471370165,0.0470406650880131,-3.92916604162075,"10842121","Dbndd2"
111.3849,191.095,3.79452727274742,0.00546478171252913,0.0470406650880131,-3.92918202423914,"10738934","Mettl2"
133.1194,290.790777777778,3.7944277315315,0.0054655475613079,0.0470406650880131,-3.92919863066948,"10773862","Ascc2"
145.227986,71.5628355555556,3.79368374671256,0.00547127526667776,0.0470665004831343,-3.92932276937138,"10747296","Krt17"
323.20927,240.747044444444,3.79270142838432,0.00547884768739235,0.0471039012182107,-3.92948672946966,"10793495","Zfp367"
94.564,174.170444444444,3.79179564092387,0.00548584011116195,0.0471085634942638,-3.9296379700708,"10904930","Bop1"
66.5143,362.304111111111,3.79098250735422,0.00549212542333967,0.0471260660058632,-3.9297737845729,"10834190","Man1b1"
162.9038,619.064888888889,3.79088072492207,0.00549291271875124,0.0471260660058632,-3.92979078785431,"10772665","Pds5a"
105.27865,422.255111111111,3.79075413439568,0.00549389207562867,0.0471260660058632,-3.92981193637576,"10841066","Mapre1"
203.963,527.434222222222,3.79014590519921,0.00549860020053975,0.0471282988575199,-3.92991356284479,"10794680","Eef1e1"
1736.6615,5173.43555555556,3.78999262233702,0.00549978740080287,0.0471282988575199,-3.92993917795016,"10803653","Actg1"
79.089,311.571666666667,3.7898304191954,0.00550104398932508,0.0471282988575199,-3.92996628535212,"10742674","Cdc42se2"
53.1843999999999,298.388111111111,3.7887232856264,0.00550962918326123,0.0471880114218099,-3.93015135432632,"10777094","Pi4k2b"
91.3264,361.982111111111,3.78704556348033,0.00552266635587428,0.0472304376231005,-3.93043195189352,"10702309","Tbpl1"
233.992,1175.36444444444,3.78652280279061,0.00552673535736441,0.0472514037840339,-3.93051941979487,"10920632","Pdcd6ip"
128.42245,76.2304444444444,3.78507782589461,0.005537999322279,0.04730356488665,-3.93076128275291,"10836945","Cdca7"
456.0804,949.716,3.78495298577184,0.00553897363727818,0.04730356488665,-3.93078218497241,"10872575","Nudc"
79.0053999999999,315.648111111111,3.78482161732793,0.00553999910099155,0.04730356488665,-3.93080418131375,"10816394","Mrpl24"
122.21575,564.918111111111,3.78481995167299,0.00554001210442133,0.04730356488665,-3.9308044602182,"10755171","Dnajb11"
171.4946,273.006222222222,3.78468037582069,0.00554110186099534,0.04730356488665,-3.93082783202859,"10923940","Ccnyl1"
460.085,1353.55222222222,3.78449473835769,0.00554255160563439,0.04730356488665,-3.93085891872499,"10725724","Eif3c"
25.4488,36.7127777777778,3.78354838463123,0.00554994852270063,0.0473390353699785,-3.93101742848544,"10744545","Scimp"
171.20935,259.601444444444,3.78193139112992,0.00556261181174799,0.047405525515871,-3.93128839938115,"10798538","Trim27"
30.34456,61.7311111111111,3.78142657654062,0.00556657154720705,0.0474116096735005,-3.93137302884932,"10741606","Wdr90"
79.46765,194.728555555556,3.78046582188648,0.00557411599859306,0.0474343794881729,-3.93153413915365,"10876688","Tex10"
62.13817,140.420044444444,3.78016953414499,0.0055764448473269,0.0474403785002353,-3.93158383594747,"10939713","Rap2c"
79.263334,47.4813644444444,3.77847098042413,0.00558981577692853,0.0475089076074202,-3.93186884509646,"10862200","Trpv6"
282.1209,1097.41866666667,3.77820284436865,0.00559192966903558,0.0475089076074202,-3.93191385387284,"10876224","Vcp"
131.8146,435.119666666667,3.77811385950385,0.00559263138433347,0.0475089076074202,-3.93192879170714,"10908393","Ilf3"
1651.8545,3541.88555555556,3.77749981751162,0.00559747615935993,0.0475362408487038,-3.93203188434283,"10929286","Rps2"
1063.0365,1716.52666666667,3.776961252528,0.00560172912565326,0.0475585337625209,-3.93212232483103,"10802128","Rps23"
226.83686,181.603622222222,3.77651426762495,0.00560526152789909,0.0475608801266465,-3.93219740047222,"10885693","Ttc9"
30.974725,36.4505444444444,3.77337768897467,0.00563011632285141,0.0477006749100252,-3.93272457981498,"10746538","Ngfr"
58.73722,160.233711111111,3.77242780713319,0.00563766663239845,0.0477249472613412,-3.93288435496711,"10883898","Klf11"
583.41385,763.434444444444,3.76929797862073,0.00566262152193122,0.0477976957936142,-3.93341121720113,"10899826","Pa2g4"
49.539295,91.1632444444444,3.76854987145673,0.00566860387463455,0.0478343713441865,-3.93353724329072,"10708011","Aen"
113.123045,88.8559888888889,3.76800147551294,0.00567299350781502,0.0478379813228382,-3.93362964880756,"10834109","Il1rn"
34.270427,25.0554988888889,3.7675116754597,0.00567691718987053,0.0478379813228382,-3.93371219711786,"10932107","Syn1"
444.50325,911.943,3.76746080767198,0.00567732484733918,0.0478379813228382,-3.93372077098669,"10905248","Eif3d"
309.6811,628.808444444444,3.76734396947639,0.0056782613143415,0.0478379813228382,-3.93374046492932,"10745387","Git1"
138.38965,283.921111111111,3.76662600470776,0.00568401949112746,0.0478538747590195,-3.93386150240623,"10873649","Rps21"
653.6975,1661.92222222222,3.76489598268206,0.00569792022480797,0.0479432723063192,-3.934153292401,"10940592","Zwint"
685.0156,878.833777777778,3.76299901432798,0.00571320425001533,0.0480129143636973,-3.93447346056394,"10717882","Dynlt1"
224.67885,1018.16266666667,3.76004828206229,0.00573706590247379,0.0481616791019739,-3.93497194066315,"10734188","Btf3"
65.602,344.413444444444,3.75948850759715,0.00574160466095607,0.0481722053569829,-3.93506656888098,"10830699","Ascc3"
28.38963,40.1123333333333,3.75945413618415,0.00574188347627389,0.0481722053569829,-3.93507237992236,"10751073","C11h3orf52"
148.87145,260.782888888889,3.75908046528731,0.00574491557005985,0.0481722053569829,-3.93513555990639,"10940250","Naa10"
101.0055,258.941333333333,3.75793648551543,0.00575420888293683,0.0482276278459714,-3.93532903887066,"10920860","Myd88"
56.040215,85.6262222222222,3.75712082239654,0.00576084489443713,0.0482518821686912,-3.93546704165318,"10705849","Alkbh6"
81.64715,180.917222222222,3.75709878015513,0.00576102433779677,0.0482518821686912,-3.93547077159323,"10751459","Dtx3l"
68.28595,135.872111111111,3.754398578293,0.00578305172949794,0.048393371968362,-3.93592793010838,"10869244","Dnajc25"
140.94978,207.585066666667,3.75433779166138,0.00578354864474419,0.048393371968362,-3.93593822700332,"10800410","Dsg2"
76.271,250.559222222222,3.75421610522725,0.0057845435378079,0.048393371968362,-3.93595884067771,"10880233","Ythdf2"
36.33417,84.2614,3.7527846584613,0.00579626063927573,0.0484775145478962,-3.93620139917398,"10880838","Fam43b"
29.432645,47.8646555555556,3.75253655662999,0.00579829405947518,0.0484806418584739,-3.93624345340599,"10877229","Mup4l4"
87.9943,382.985777777778,3.75076857434697,0.00581280642374258,0.0485325312555632,-3.93654324802246,"10758219","Eif2b1"
1169.8935,2603.60666666667,3.75005320175742,0.00581868956308844,0.0485677705417331,-3.93666461006722,"10802700","Rpl17"
207.06745,400.257777777778,3.74923298600757,0.00582544276900313,0.0486102499439181,-3.93680379917251,"10712171","Ifitm1"
327.21255,229.2965,3.74718123289084,0.00584237256743259,0.0487236860362477,-3.93715216769412,"10872252","A3galt2"
81.6132,208.187333333333,3.74513268268408,0.0058593285179377,0.048823281039085,-3.93750026305781,"10825022","Ecm1"
181.80925,452.222111111111,3.74470962456959,0.0058628367518918,0.0488282797842733,-3.93757218398096,"10814430","Cp"
48.4115,367.218222222222,3.7446572506482,0.00586327122212743,0.0488282797842733,-3.93758108847972,"10768305","Cdc73"
65.878756,46.3768911111111,3.74411054395699,0.00586780851124524,0.0488432148716505,-3.93767404890929,"10851251","Dsn1"
372.71,663.622888888889,3.74379203065153,0.00587045368572315,0.0488432148716505,-3.9377282168814,"10860765","Cdk6"
403.9012,467.241444444444,3.74242780770959,0.0058817976768551,0.0488989292349587,-3.9379602975382,"10889260","Lratd1"
232.5082,903.843777777778,3.74175993118645,0.00588735986095535,0.0489208907699744,-3.93807396001773,"10886029","Tmed10"
94.7195,237.958555555556,3.74170849591421,0.00588778845578251,0.0489208907699744,-3.93808271471687,"10708903","Thap12"
30.3619,273.842777777778,3.74062987757724,0.00589678396260092,0.0489399564441543,-3.93826634362048,"10753075","Synj1"
505.4076,804.643,3.73910738730455,0.00590950634688808,0.0490316155688691,-3.93852566716335,"10807542","Cdh1"
773.3815,2484.35111111111,3.7385141705211,0.00591447139801153,0.0490380583853635,-3.93862674944451,"10822220","Cct5"
456.1999,788.815111111111,3.73778057283362,0.00592061757431557,0.0490380583853635,-3.93875178363543,"10895144","Dusp6"
114.3516,690.384333333333,3.73728501531665,0.00592477328921253,0.0490380583853635,-3.93883626600492,"10892859","Pdia6"
206.7974,830.132555555556,3.73708570946309,0.00592644553640078,0.0490380583853635,-3.93887024803109,"10745323","Wsb1"
855.72365,1116.74822222222,3.73690981776236,0.00592792175029151,0.0490380583853635,-3.93890024003254,"10716085","Rps12"
42.14352,124.903933333333,3.73627692916766,0.00593323667957603,0.0490510507631602,-3.9390081729565,"10703512","Zfp54"
84.35185,417.435111111111,3.73622463201081,0.00593367609355131,0.0490510507631602,-3.93901709288039,"10721014","Garre1"
32.41539,44.7057,3.73540552594343,0.00594056297896625,0.0490802055620815,-3.93915682457808,"10874981","Sulf1"
332.39155,687.905777777778,3.73452711087455,0.00594795803400908,0.0491274091053269,-3.93930672203971,"10825686","Capza1"
2268.11545,1549.79811111111,3.73323123426941,0.00595888554539947,0.0491759554585594,-3.93952794850671,"10890729","Gpx2"
60.1517,163.740888888889,3.73154880347858,0.0059731047616965,0.0492515615320919,-3.93981532795856,"10815500","Eif3i"
147.5029,451.310444444444,3.73126208794924,0.00597553158449819,0.0492528848509944,-3.93986432069825,"10729252","Ostf1"
211.14125,261.022555555556,3.73033559332891,0.00598338085630791,0.0492528848509944,-3.94002267257776,"10775628","Anxa3"
83.1398500000001,437.549444444444,3.7294329993849,0.00599103825643664,0.0492840178461616,-3.94017699292854,"10883510","Pum2"
965.5562,915.712888888889,3.72929334591784,0.00599222398129548,0.0492840178461616,-3.94020087479356,"10746483","Itga3"
225.89323,180.567011111111,3.72686572684191,0.00601287581913928,0.0494121390099395,-3.94061621906959,"10855506","Npy"
89.50685,354.030222222222,3.72598227299653,0.006020410288182,0.0494462373232918,-3.94076746505067,"10744338","Elp5"
61.14765,279.912333333333,3.72575267109308,0.00602237008464944,0.0494484316056629,-3.94080678083897,"10779368","Thoc7"
130.4615,317.222888888889,3.72417190097821,0.00603588149941383,0.0495454459465792,-3.94107755616226,"10764358","Zfp281"
42.1685,60.1041555555556,3.72060783428846,0.00606646405790784,0.0497126734888414,-3.94168865178425,"10860584","Dbf4"
88.0098,365.182666666667,3.71943268206877,0.00607658413172473,0.0497537356570084,-3.94189032442292,"10940518","Mrps22"
978.747,2066.48666666667,3.71890696419318,0.00608111731135398,0.0497659934170988,-3.94198057404134,"10910754","Rpl4"
79.8547496,79.4250502222222,3.71886396949792,0.00608148820767587,0.0497659934170988,-3.94198795570476,"10720939","Setl2"
90.27134,130.869755555556,3.71316132511583,0.00613089761755993,0.0500375967957501,-3.94296809498399,"10752063","Igf2bp2"
718.46265,1000.22733333333,3.71305688092189,0.00613180654921563,0.0500375967957501,-3.94298606600443,"10702286","Rps12"
1599.1495,4484.19111111111,3.71239771014595,0.00613754634886753,0.0500442155386222,-3.9430995015319,"10871337","Rps20"
19.121655,32.1078333333333,3.71231225434839,0.0061382908851902,0.0500442155386222,-3.94311420953906,"10720777","Gapdhs"
269.7888,329.810333333333,3.71162827282191,0.00614425357927503,0.0500552772071782,-3.94323194840837,"10831267","Vars1"
47.76601,68.9886777777778,3.71126235568535,0.00614744605190676,0.0500625502254037,-3.94329494897445,"10929711","Dnajb3"
436.4455,2192.77777777778,3.71097150694152,0.00614998485053486,0.0500625502254037,-3.94334503110835,"10746271","Nme2"
225.9175,246.925777777778,3.71081060092488,0.00615138987004677,0.0500625502254037,-3.94337274037364,"10779115","Anxa7"
41.92564,111.466477777778,3.71058405365413,0.00615336864639784,0.0500625502254037,-3.94341175643048,"10824596","Rps27"
31.25312,62.8397555555556,3.70847792285344,0.00617179726981149,0.0501706067982076,-3.94377463507652,"10831236","Ly6g6c"
24.21732,33.1321333333333,3.70756695082997,0.00617978655264548,0.0502047509313084,-3.94393168176815,"10815026","Fgf2"
43.392187,39.0157044444444,3.70674004369086,0.00618704816192416,0.0502497706428836,-3.94407428295704,"10858408","A2m"
278.819,1177.00055555556,3.70469238660197,0.00620506929180037,0.0502983918883027,-3.94442759591961,"10867049","Rpn1"
54.238595,86.6272222222222,3.70391547608667,0.00621192145547231,0.0503381250739786,-3.94456171949732,"10799068","Smokxl2"
149.5913,890.026222222222,3.70361382687518,0.00621458411015767,0.0503381250739786,-3.94461380595535,"10876337","Tln1"
138.16725,324.336666666667,3.70248805841367,0.00622453204382773,0.0504000773637426,-3.94480824739683,"10940450","Larp7"
69.192315,67.8401,3.70188720215749,0.00622984852440545,0.0504151786127371,-3.94491206045865,"10780908","Sacs"
60.3994,286.272777777778,3.70159112587885,0.00623247004513876,0.0504224258927399,-3.94496322376581,"10738716","Arf2"
105.91525,214.142444444444,3.70106919980795,0.00623709416081175,0.0504373527673065,-3.94505342886584,"10744904","Dph1"
223.674,352.822666666667,3.7009931732041,0.0062377680409488,0.0504373527673065,-3.94506657011784,"10920056","Mapkapk3"
1040.24985,1256.06366666667,3.69940525332403,0.00625186076782684,0.0505093640683886,-3.94534112946531,"10918392","Tpm1"
638.234500000001,1739.78777777778,3.69903948403873,0.00625511177958575,0.0505216575971297,-3.94540439615633,"10816558","Ssr2"
24.74038,110.744344444444,3.6978597873443,0.00626560942632882,0.0505505423310605,-3.94560850649399,"10906024","Cerk"
621.0295,1488.99111111111,3.6956631345723,0.00628520680321685,0.050663880086022,-3.9459888122785,"10773205","Wdr1"
533.15375,1145.43222222222,3.69537968246828,0.00628774038523453,0.050663880086022,-3.94603790923175,"10840741","Fkbp1a"
32.399315,73.4011555555556,3.6935105214553,0.00630447489614848,0.050765967369372,-3.94636179961527,"10777232","Cd38"
35.38122,111.303266666667,3.69209639550243,0.00631716714900406,0.0508333816458885,-3.94660699289577,"10816287","Etv3"
236.5513,540.476111111111,3.69122866781283,0.00632496882182599,0.0508469012550425,-3.94675751176431,"10845635","Psmd14"
58.3450000000001,198.724111111111,3.68989846364927,0.00633694859715053,0.0508955567994309,-3.94698834902648,"10829993","Vsir"
825.0295,1924.31777777778,3.68925742558644,0.00634273042748,0.0508955567994309,-3.94709963308438,"10785933","Rps7"
444.34235,651.074888888889,3.68910740370004,0.00634408436142414,0.0508955567994309,-3.94712568073595,"10781838","Uchl3"
444.34235,651.074888888889,3.68910740370004,0.00634408436142414,0.0508955567994309,-3.94712568073595,"10852115","Uchl3"
56.17562,88.3050222222222,3.68860700620543,0.00634860263869428,0.0508955567994309,-3.94721257325135,"10762740","Oasl"
46.05867,66.919,3.68840015482277,0.00635047138281645,0.0508955567994309,-3.94724849716267,"10872572","Sfn"
40.799625,38.5166666666667,3.6873181488715,0.00636025607015886,0.0509483193950153,-3.94743645499597,"10871957","Csf3r"
587.2581,956.34,3.68698411249306,0.00636328005013518,0.0509585700067569,-3.94749449675258,"10897802","Rpl22"
119.3486,186.796222222222,3.68672421481285,0.00636563392732395,0.0509634501378026,-3.94753966131813,"10758137","Scarb1"
15.189975,23.2267,3.68509822936252,0.00638038152727737,0.0510116217673457,-3.94782232275896,"10741918","Ranbp17"
890.2025,1216.32055555556,3.68447692341361,0.00638602638201842,0.0510427837822945,-3.94793037641832,"10807514","Rps12"
141.01335,241.087,3.68368282433284,0.00639324891850088,0.0510693491013162,-3.94806851804805,"10861976","Zc3hav1"
1601.962,3233.62111111111,3.68106319104328,0.0064171371576752,0.0511888557881342,-3.9485245233857,"10916408","Rps2"
9.66232,17.9630444444444,3.68086392010275,0.00641895819615834,0.0511888557881342,-3.94855922935443,"10798477","Pom121l2"
21.00164,43.7274222222222,3.68071522297036,0.00642031742560979,0.0511888557881342,-3.94858512884847,"10921083","Rpl7-ps3"
48.27315,132.162333333333,3.6802995832653,0.00642411838979938,0.0511888557881342,-3.94865753107354,"10726734","Hras"
97.1042,489.229222222222,3.67889606233616,0.00643697117154137,0.0512240399577867,-3.94890210079796,"10762495","Wsb2"
717.212,1556.25888888889,3.67837984168449,0.00644170538945808,0.0512240399577867,-3.9489920870789,"10914308","Rpsa"
1597.627,3283.22444444444,3.6776961581604,0.00644798112635146,0.0512575022109474,-3.94911129201711,"10706197","Rps2"
566.2408,931.949777777778,3.67619713451572,0.00646176400418778,0.0513213052763687,-3.94937276465215,"10874330","Rpl22"
14.234595,31.2517666666667,3.67311658183219,0.00649018732685384,0.05147236293481,-3.94991056505477,"10872307","Sync"
29.153886,24.4948966666667,3.67118275565804,0.00650809841306471,0.051577755049487,-3.95024848987244,"10801683","Prr16"
29.109255,67.8642666666667,3.67103665033428,0.0065094537847422,0.051577755049487,-3.95027403092539,"10749509","Rbfox3"
152.6646,457.730333333333,3.67051668399804,0.00651427979177023,0.0515880102566483,-3.95036493899915,"10812748","Taf9"
670.42565,1032.88655555556,3.67028992992815,0.00651638558069061,0.0515907014510286,-3.95040458901665,"10871750","Pabpc4"
54.81965,138.283888888889,3.66966704636005,0.0065221738365839,0.0516085553797297,-3.9505135233162,"10916035","Tirap"
773.72555,995.542222222222,3.66933426088265,0.0065252685567066,0.051619061905125,-3.95057173367564,"10798580","Hnrnpa1"
799.97015,994.862888888889,3.66869513432838,0.00653121648124756,0.0516504649370077,-3.95068354923656,"10762217","Rpl6"
12.27326,15.5612722222222,3.66708167296727,0.00654625768441266,0.0517150816637186,-3.95096594496735,"10907671","Nfe2"
28.50761,105.684188888889,3.6666760937292,0.00655004444383917,0.0517310079433137,-3.95103695837009,"10800442","Rnf138"
34.458488,28.6701955555556,3.66559593388025,0.00656014096443135,0.0517426280959464,-3.95122613787602,"10716616","Raet1e"
71.8877000000001,232.886888888889,3.66557128579342,0.00656037155019461,0.0517426280959464,-3.9512304556467,"10830975","Gnl1"
423.54445,509.162777777778,3.66474951486548,0.00656806427501048,0.0517893197652244,-3.95137443370466,"10868855","Anp32b"
118.06192,117.549044444444,3.66323264387449,0.00658228927099808,0.0518734822667758,-3.95164031348583,"10891910","Ifi27l2a"
366.8968,627.395444444444,3.66273147975877,0.00658699634836689,0.0518764768417346,-3.95172819176317,"10734975","Tp53"
109.2169,220.887444444444,3.66159072798212,0.00659772403468041,0.0519110988282127,-3.95192828245249,"10876208","Ccl21"
276.19495,609.534111111111,3.66125780004597,0.00660085842395933,0.0519217765206106,-3.9519866950291,"10897415","Rpl7a"
35.81428,71.8373777777778,3.65834911562506,0.00662831035089693,0.0521096497823204,-3.95249733822992,"10914023","Osbpl10"
49.4203300000001,143.821511111111,3.65742481647114,0.00663705933357341,0.0521334502816516,-3.95265972346888,"10831492","Notch4"
123.41445,324.448666666667,3.65727528331325,0.0066384759035991,0.0521334502816516,-3.95268599946507,"10707121","Gtf2h1"
25.408915,42.4279111111111,3.65623937100144,0.00664829827014261,0.0521685161600715,-3.95286807076131,"10832163","Wdr4"
369.21515,492.743222222222,3.65484501681449,0.00666154385394768,0.0522163515291729,-3.95311325357802,"10913186","Impdh2"
117.23805,534.146,3.65306846534708,0.00667846095892473,0.0523349137483978,-3.95342582810977,"10771004","Tmed5"
178.8629,657.905222222222,3.65217056737544,0.00668702859481926,0.0523599178153444,-3.9535838877851,"10924769","Agfg1"
467.0106,781.807666666667,3.65136581744276,0.00669471740198605,0.0524060756113667,-3.95372559566709,"10923668","Setl1"
44.88548,59.8510222222222,3.65064159311285,0.00670164491960888,0.0524457425047184,-3.95385316049457,"10901920","Snrpf"
67.17355,156.761111111111,3.6503997550208,0.00670395991038209,0.0524457425047184,-3.95389576557369,"10806709","Zswim4"
344.79325,891.162444444444,3.64998735833122,0.00670790954099741,0.0524473486056431,-3.95396842721844,"10727846","Drap1"
1291.38605,1409.80655555556,3.6497834548926,0.00670986329571576,0.0524473486056431,-3.95400435785334,"10932534","Plp2"
77.2379,431.957555555556,3.64950244409575,0.00671255687124323,0.0524473486056431,-3.95405388039368,"10761375","Vkorc1l1"
655.183,1285.37444444444,3.64608865817329,0.00674537147595184,0.0526011017754325,-3.95465590972578,"10835777","Rps16"
201.2156,593.272555555556,3.64532739114802,0.00675271240415947,0.052606330713364,-3.95479026629765,"10738643","Nmt1"
914.5155,2089.15333333333,3.64501565032499,0.00675572099567951,0.05261573798128,-3.95484529674992,"10881922","Rps7"
108.83715,248.729666666667,3.64434804766367,0.00676216880530551,0.052625587195409,-3.95496316784831,"10928242","Ppil3"
1519.302,4357.80333333333,3.64377207869625,0.0067677368844257,0.052625587195409,-3.95506488396322,"10762140","Rps20"
60.62376,114.154733333333,3.63976133678007,0.00680664606698229,0.0527923265017736,-3.95577379116813,"10812737","Smn1"
35.778445,52.0746111111111,3.63972584963658,0.00680699140083364,0.0527923265017736,-3.9557800683615,"10780561","Vch"
42.17601,123.292133333333,3.63969332397529,0.00680730793223048,0.0527923265017736,-3.95578582178235,"10733102","Flt4"
299.9789,1064.80255555556,3.63865551785648,0.00681741585253096,0.0528481468014533,-3.95596943480067,"10906608","Slc38a2"
93.7017,625.951,3.63858290459437,0.00681812368366802,0.0528481468014533,-3.95598228452123,"10896042","Mtdh"
701.357,2327.83222222222,3.63713086359859,0.0068322946099202,0.0528940007980352,-3.95623931277257,"10744318","Eif5a"
634.484000000001,1966.14888888889,3.63693030767171,0.00683425436940671,0.0528940007980352,-3.95627482452782,"10723233","Rps17"
408.63485,641.030888888889,3.63686395359303,0.00683490288945652,0.0528940007980352,-3.956286574207,"10904668","Eef1d"
32.60077,61.0776111111111,3.6361069938229,0.00684230578524185,0.0529372672696121,-3.95642063391379,"10744281","Kctd11"
275.876125,194.207211111111,3.63420176382288,0.00686097642818088,0.0530536170918148,-3.95675822406332,"10736057","Tlcd3a"
181.82955,319.874333333333,3.63195710989594,0.00688304314649813,0.0531679594081958,-3.95715626685775,"10909733","Zpr1"
62.824,400.541777777778,3.63095570182841,0.00689291221265462,0.0532181075025818,-3.95733395391548,"10723669","Pcf11"
1576.779,3217.14666666667,3.63073050805738,0.00689513362013451,0.0532191370088797,-3.95737392086094,"10732190","Rps2"
1014.3312,1119.41966666667,3.62984840760349,0.00690384239959656,0.0532595809116435,-3.95753050680905,"10713467","Ppp1r14b"
50.9968,201.976444444444,3.62824395853957,0.00691971288670102,0.0533385910999724,-3.95781545316712,"10720224","Samd4b"
20.590945,32.1552111111111,3.62727616207001,0.006929304723637,0.0533700786175405,-3.95798741441412,"10802026","Camk2a"
12.86238,30.2710333333333,3.62583398864127,0.00694362445997174,0.0534521857637983,-3.95824378027152,"10847235","Or4c3"
756.613,1791.04444444444,3.62440171588613,0.00695787716212016,0.053538292839039,-3.95849852331649,"10834406","Rpl8"
844.8432,1154.04266666667,3.62341745852826,0.00696768971822885,0.0535950730459025,-3.9586736619226,"10883459","Rpl13"
21.38835,26.1236333333333,3.62321947033974,0.00696966534607455,0.0535961577836856,-3.958708899714,"10822253","Ca13"
99.3612,253.155333333333,3.62287198733863,0.00697313415584634,0.053608721376025,-3.95877075080097,"10830328","Lama4"
167.35815,244.123,3.62123225068314,0.00698952799961612,0.0536782520979982,-3.95906272839909,"10901621","Utp20"
235.594,306.977444444444,3.62089812705005,0.00699287356122152,0.0536838054983453,-3.95912224569085,"10871494","Ebna1bp2"
66.70972,53.6818444444444,3.62065639650084,0.00699529506163659,0.0536838054983453,-3.95916530968803,"10769771","Fcgr2b"
114.8816,215.388888888889,3.61961641594687,0.00700572312822954,0.0537056677207619,-3.95935062540535,"10832057","Ppil1"
135.6555,471.851333333333,3.61933794209046,0.00700851824980822,0.0537056677207619,-3.95940025933702,"10749983","Cxadr"
391.27525,722.889111111111,3.61889509840633,0.00701296565017934,0.0537056677207619,-3.95947920047045,"10704198","Rpl36al2"
89.4164500000001,296.323444444444,3.61864630169506,0.00701546559284216,0.0537080219678435,-3.95952355661349,"10778324","Purb"
301.9847,589.197222222222,3.61759350313883,0.00702605478731267,0.0537468354429307,-3.95971129809884,"10822644","Prkci"
245.9385,690.461,3.61682342259039,0.00703381116734578,0.05379208362378,-3.95984867044594,"10711881","Glrx3"
108.0009,584.111,3.6138358971381,0.0070639886340793,0.0539274331846121,-3.96038198106398,"10837266","Zc3h15"
40.97656,119.004744444444,3.61329559491964,0.0070694610518637,0.0539274331846121,-3.96047849544961,"10795602","Map3k8"
705.711,2098.05333333333,3.61239178770015,0.00707862532454164,0.0539512027735871,-3.96063998649614,"10752098","Rpl12"
478.7638,416.735111111111,3.61088370694349,0.00709394494659514,0.0540173125016686,-3.96090956993024,"10721865","Ppp1r15a"
41.2759,167.895444444444,3.61080993205268,0.00709469528544199,0.0540173125016686,-3.96092276177949,"10905543","Rps19bp1"
510.1325,2198.46555555556,3.6096581430622,0.00710642072138223,0.054078399310878,-3.96112876289981,"10708521","Ctsc"
48.88019,97.2300888888889,3.60945439144839,0.00710849710425437,0.0540801131259602,-3.96116521376296,"10853300","Abcb1a"
1736.236,5331.78444444444,3.60838006695962,0.0071194559938016,0.0541352908388652,-3.96135745477282,"10765090","Actg1"
52.8048,175.372,3.60714512812927,0.00713207554308683,0.0542171363298825,-3.96157853176328,"10852351","Cables2"
1009.3135,3552.66777777778,3.60683280492448,0.00713527088057716,0.0542273162084238,-3.96163445959529,"10815998","Hspa8"
755.27705,1211.89788888889,3.60488721139387,0.00715521041913954,0.0543364484493742,-3.96198300484923,"10706219","Rpl27a"
337.0133,296.899888888889,3.60366521354974,0.00716776453322695,0.054355859124533,-3.96220205049889,"10900358","Gadd45b"
222.9884,714.410555555556,3.60352663179616,0.00716918972674822,0.054355859124533,-3.96222689788312,"10901923","Metap2"
61.308939,38.4010033333333,3.60327020966784,0.00717182760399849,0.054355859124533,-3.96227287716493,"10840721","Gins1"
1470.0215,3033.41888888889,3.60220782950447,0.00718276760705213,0.054355859124533,-3.96246342045894,"10926564","Rps2"
146.32965,423.019,3.60193997673843,0.00718552866651422,0.054355859124533,-3.96251147315948,"10920994","Snrpe"
232.34081,219.615522222222,3.60190880745127,0.00718585003692758,0.054355859124533,-3.96251706523205,"10828827","Cdkn1a"
100.68785,368.553555555556,3.60080633527899,0.00719722692703014,0.0543869082892546,-3.96271490133815,"10719538","Tomm40"
46.58954,142.979422222222,3.59935710542506,0.00721221140242674,0.054447099437782,-3.96297508631991,"10797992","Riok1"
100.636225,79.2433111111111,3.59930354112802,0.00721276587391829,0.054447099437782,-3.96298470559341,"10795112","Gmnn"
34.386145,61.6602111111111,3.59895729435873,0.00721635114894676,0.054447099437782,-3.96304689050576,"10721232","Isg20l2"
86.10664,112.524977777778,3.59890794090617,0.0072168623430222,0.054447099437782,-3.96305575489721,"10874936","LOC297756"
56.18685,221.187333333333,3.59847005830702,0.00722139954350038,0.054447099437782,-3.96313441030685,"10767028","Slc35a4"
14.594715,27.04,3.59841542506471,0.00722196584929846,0.054447099437782,-3.96314422479907,"10877278","Mup4l4"
25.242128,25.7524955555556,3.59703781567053,0.0072362612535991,0.0545267310453041,-3.96339176921059,"10716596","H60bl1"
70.8834,219.430333333333,3.59674757177346,0.00723927695240796,0.0545353885734002,-3.96344393975751,"10891901","Ddx24"
1531.916,4460.64555555556,3.59479900066419,0.00725955778596416,0.0546599796801951,-3.96379433653871,"10835975","Rps20"
1531.916,4460.64555555556,3.59479900066419,0.00725955778596416,0.0546599796801951,-3.96379433653871,"10921288","Rps20"
233.65045,286.863444444444,3.59368686858402,0.00727116007588047,0.054719132008442,-3.96399443712955,"10858827","Nop2"
15.0121,24.4651444444444,3.59249077812383,0.00728366033770535,0.0547849776276324,-3.96420973669169,"10781214","Pnma2"
91.8311,334.233222222222,3.59203788640741,0.00728839945987969,0.0548065126952189,-3.96429128353511,"10933015","C11h3orf38"
16.109465,60.2488222222222,3.58922063806541,0.00731795349844065,0.0549923695236071,-3.96479886171699,"10797499","Ror2"
51.7058499999999,275.983777777778,3.58818555644328,0.00732884399428944,0.0550115232397666,-3.96498548444678,"10751687","Senp5"
73.5336000000002,616.597,3.58787352658433,0.00733213037131882,0.0550220541144896,-3.96504175681933,"10903400","Ubr5"
367.7772,904.824333333333,3.58754133015192,0.00733563087512445,0.0550226923085309,-3.96510167328989,"10762983","Rpl7a"
37.80467,121.607155555556,3.5874106288969,0.00733700862179364,0.0550226923085309,-3.96512524920252,"10899378","Tamalin"
138.87273,122.615833333333,3.58528461935421,0.0073594580849986,0.0550674791752994,-3.96550890058026,"10795196","Hist1h2af"
26.46509,117.102422222222,3.58526800756328,0.0073596337843004,0.0550674791752994,-3.96551189947709,"10800493","Zfp35"
49.68463,133.604177777778,3.58497430347904,0.00736274096736386,0.0550678736867813,-3.96556492441704,"10815919","Ppm1l"
469.8322,955.903111111111,3.58447536284669,0.00736802261629074,0.055093271746178,-3.96565501580128,"10769131","Cacybp"
36.99286,81.7899111111111,3.58343962789674,0.00737899952594476,0.0551471200181505,-3.96584208715358,"10812001","Rbm34"
496.0598,892.152222222222,3.58244051324803,0.00738960485268024,0.055182245856972,-3.9660226127252,"10799987","Rps19"
45.05982,132.720766666667,3.58195637345035,0.00739474970824403,0.055182245856972,-3.96611011397605,"10785019","Slc39a14"
1038.19526,700.744355555556,3.58185811805481,0.00739579431459347,0.055182245856972,-3.96612787414241,"10854406","Akr1b15"
238.4329,297.097777777778,3.58139420306803,0.00740072857194145,0.055182245856972,-3.96621173794099,"10936853","Mid1ip1"
34.0182,147.781,3.57863639435366,0.00743013351597585,0.0553452117633143,-3.96671057767012,"10733004","Med7"
240.69105,692.65,3.57644837322861,0.00745355175695545,0.055477213000687,-3.96710671757946,"10724524","Taf10"
42.01157,48.8994888888889,3.5754985531061,0.00746374210012885,0.0555247674339608,-3.96727878247837,"10853020","Reln"
51.3532,161.271444444444,3.57395301227253,0.00748035551808286,0.0555917339367267,-3.96755889545654,"10842590","Rbm38"
119.7506,265.671888888889,3.57119046880195,0.00751014909795956,0.055737197517947,-3.96805997911964,"10872697","Rpl37al3"
258.272,1442.62555555556,3.57103455259378,0.00751183439562643,0.055737197517947,-3.96808827533274,"10717935","Sod2"
140.0928,545.647666666667,3.57089185471875,0.00751337716970434,0.055737197517947,-3.96811417407646,"10767058","Tsn"
280.61255,278.449888888889,3.5708584436453,0.00751373844138546,0.055737197517947,-3.96812023816951,"10824513","Cks1b"
97.33745,301.318888888889,3.57042711992553,0.007518403978549,0.055737197517947,-3.96819852998006,"10910256","Ptpn9"
16.929385,70.4562111111111,3.56998442217635,0.00752319575760823,0.055737197517947,-3.96827889942259,"10883987","Eipr1"
12.20841,22.7011,3.56990858225838,0.00752401697863409,0.055737197517947,-3.96829266908865,"10799461","Sfmbt2"
112.87316,160.919188888889,3.56988641636976,0.00752425701663504,0.055737197517947,-3.96829669365064,"10882159","Vwa1"
36.827275,87.4926777777778,3.56987040142467,0.00752443045015088,0.055737197517947,-3.96829960143379,"10724391","Trim30d"
564.02815,944.461777777778,3.56894266216648,0.00753448466017318,0.0557387781368192,-3.96846807771709,"10863772","Rpl22"
102.6202,853.157777777778,3.5686631418075,0.00753751671907978,0.0557470920078979,-3.96851884966775,"10814833","Fxr1"
18.52545,44.9314333333333,3.56714295413433,0.00755402953380118,0.0558268198331565,-3.96879506834856,"10798142","Serpinb6b"
1773.737,4121.06555555556,3.56532811130154,0.00757379350446895,0.0559587262113191,-3.9691250306456,"10750545","Rps2"
543.47095,811.174444444444,3.56477267750795,0.00757985328924455,0.055983840382028,-3.96922606034599,"10747633","Vat1"
225.90215,324.521555555556,3.56442461104135,0.00758365332924587,0.055989094859891,-3.96928938195291,"10834483","Zmynd19"
14.444345,26.8971888888889,3.56312524581711,0.00759785718729056,0.0560373137766994,-3.96952583996857,"10858511","Aicda"
525.3065,962.795555555556,3.56263006237052,0.0076032776858284,0.056063138393183,-3.96961598334873,"10904227","Rps19"
607.1979,834.001333333333,3.56156029664197,0.00761500189166675,0.0561071034711608,-3.96981078057518,"10851386","Rpl13"
89.2983999999999,347.851777777778,3.56019735247848,0.00762996713320647,0.05617486386832,-3.97005907591268,"10920841","Oxsr1"
289.8053,662.429555555556,3.55880563620164,0.00764528063980312,0.0562550430700754,-3.97031274267946,"10720965","Uba2"
58.815475,75.5353111111111,3.55868275135206,0.00764663435446256,0.0562550430700754,-3.97033514708645,"10927036","Ppp1r14bl"
379.28725,471.486111111111,3.55765203005464,0.00765799896841837,0.0563244667329744,-3.97052310883,"10766437","Aida"
544.351500000001,2633.83,3.55696049761016,0.00766563381269285,0.0563628665120727,-3.97064925665214,"10878430","Rpl21"
777.99635,1113.22755555556,3.55682972573675,0.00766707850752985,0.0563628665120727,-3.97067311541352,"10895397","Nap1l1"
19.839159,20.07307,3.55630757243993,0.0076728498588913,0.0563771520707909,-3.97076839157594,"10722241","Csrp3"
251.48581,210.467911111111,3.55610615208494,0.00767507739166736,0.0563771520707909,-3.97080514924546,"10708015","Isg20"
282.5965,482.233444444444,3.55508419413258,0.00768638997391525,0.0563771520707909,-3.97099169112198,"10721585","Prmt1"
282.5965,482.233444444444,3.55508419413258,0.00768638997391525,0.0563771520707909,-3.97099169112198,"10778543","Prmt1"
812.266000000001,4242.52111111111,3.55387784676296,0.00769976652602572,0.056461089179547,-3.97121198146137,"10778888","Gapdh"
113.67315,313.372,3.55341805129123,0.00770487148287897,0.0564843451695925,-3.97129597041056,"10869666","Snapc3"
1233.85,3124.36777777778,3.55310386863873,0.00770836182264244,0.0564957557166774,-3.97135336911408,"10877916","Rps6"
104.7678,231.988666666667,3.55269243968168,0.00771293504542905,0.0565044691773938,-3.9714285440827,"10869535","Tlr4"
174.471395,124.208622222222,3.55264891475326,0.00771341901415235,0.0565044691773938,-3.97143649748876,"10795286","Hist1h2ai"
114.46505,562.885555555556,3.5509445419934,0.00773239598609978,0.0566150918140148,-3.97174804237653,"10736033","Crk"
101.8601,314.668555555556,3.55050581583168,0.00773728893376227,0.0566367223530271,-3.97182826971214,"10796853","Med10"
172.8635,175.998222222222,3.55018269494372,0.00774089468857977,0.0566489222024472,-3.97188736533187,"10769621","Uck2"
1518.681,4343.26333333333,3.54841640012255,0.00776063670349438,0.0567649576003717,-3.97221052852739,"10876420","Rps20"
676.8108,1188.938,3.54697707824745,0.00777676377758554,0.0568402244179094,-3.97247402511427,"10705058","Rps19"
237.75485,246.167222222222,3.54455584254127,0.00780397342777108,0.0569534455040484,-3.97291759824424,"10887506","Siva1"
793.8865,2156.30444444444,3.54267116644844,0.0078252234483089,0.0570089969623183,-3.97326314892807,"10880678","Rpl11"
15.10714,36.2742444444444,3.54215752205786,0.00783102555115389,0.0570358188810608,-3.97335736624699,"10790352","C16h10orf71"
137.10895,583.251111111111,3.54193779307742,0.00783350899854085,0.0570358188810608,-3.97339767641352,"10920659","Crtap"
10.825715,31.1180888888889,3.54182694650044,0.00783476214040177,0.0570358188810608,-3.97341801291108,"10752955","LOC102550973"
431.00825,513.167222222222,3.54069929944854,0.00784752254823961,0.0571002549749121,-3.97362494450029,"10730057","Pdlim1"
331.26425,659.616555555556,3.54016851349643,0.00785353656017984,0.0571155631239965,-3.97372237760802,"10890936","Erh"
43.18307,77.9408555555556,3.53907845177106,0.00786590278176877,0.0571342637086393,-3.9739225336565,"10799057","Smokxl2"
139.4549,582.529555555556,3.53890765825892,0.00786784222974792,0.0571342637086393,-3.97395390192123,"10802949","Naa12"
96.231,488.334333333333,3.53765172753963,0.00788211961871293,0.0571952912421956,-3.97418462957613,"10810875","Nob1"
194.09325,251.984666666667,3.53722979254889,0.00788692235484505,0.0572047166080033,-3.97426216756839,"10840568","Nxt1"
64.372755,72.0128333333333,3.5368460547427,0.00789129301206825,0.0572192191746244,-3.97433269668364,"10768412","Prg4"
90.56585,336.866888888889,3.53445187589802,0.00791862029586646,0.0573746461615681,-3.97477296149806,"10826784","Sec24b"
16.209395,40.8903555555556,3.53353141364429,0.00792915330402043,0.0574023952959315,-3.97494232898062,"10723805","Omp"
24.281399,23.1988588888889,3.53343043791208,0.00793030969447455,0.0574023952959315,-3.97496091229706,"10918979","Htr1b"
90.88585,128.769411111111,3.53259988686182,0.00793982811574932,0.0574428277794702,-3.97511379116929,"10880339","Smpdl3b"
354.49575,569.599666666667,3.5316195157859,0.00795107918653434,0.0574700646507357,-3.97529430782313,"10829378","Col18a1"
707.708000000001,4018.59888888889,3.5315862134775,0.0079514616731113,0.0574700646507357,-3.97530044095976,"10806311","Gapdh"
589.006500000001,2529.90666666667,3.53059670411625,0.00796283541608683,0.0575095856231299,-3.97548270897215,"10788508","Rpl21"
23.81208,67.6925666666667,3.52965540501457,0.00797367109244621,0.0575688172604862,-3.97565615862735,"10780226","Rem2"
51.3009,205.133,3.5290815501049,0.00798028467137686,0.0575786703851824,-3.97576193038193,"10826235","S1pr1"
134.4423,197.022333333333,3.52785373286041,0.00799445467748307,0.0576643111159238,-3.97598831461009,"10835775","Srm"
1162.6145,2120.03555555556,3.52672000303584,0.0080075626268815,0.057730166200388,-3.97619744243371,"10812416","Rps23"
622.19535,963.248666666667,3.52640901158553,0.00801116224332077,0.057730166200388,-3.97625482325996,"10793365","Psme2"
87.82105,287.952777777778,3.52547909112065,0.00802193602552957,0.0577703964689914,-3.9764264416683,"10802741","Smad2"
272.9373,1095.30066666667,3.52496813208871,0.00802786241028255,0.0577842401509764,-3.97652076517039,"10890243","Rpl36al1"
412.52725,1098.47744444444,3.52395451674611,0.00803963267859547,0.057821103739065,-3.97670793226508,"10925004","Eif4e2"
483.2722,1220.97044444444,3.52378666894685,0.0080415835271731,0.057821103739065,-3.97673893263556,"10795422","Rala"
833.24505,1037.00433333333,3.52378571683207,0.0080415945947772,0.057821103739065,-3.9767391084903,"10886629","Rpl6"
65.33211,167.530133333333,3.52258589474071,0.00805555449991087,0.0578857492216776,-3.97696076378065,"10836613","Ppig"
777.7069,1415.05311111111,3.5221810616242,0.00806027054344269,0.0578857492216776,-3.97703557490113,"10814098","Dap"
561.88,1598.41444444444,3.52216201489251,0.00806049249790458,0.0578857492216776,-3.9770390949171,"10900753","Ptbp1"
257.78585,588.357888888889,3.51895176013389,0.00809799520234377,0.0580979449511962,-3.97763273470741,"10719088","Trim28"
474.8897,1241.10988888889,3.51850286885678,0.00810325400413875,0.0581214000679866,-3.97771579977456,"10725027","Psma1"
70.093305,66.4242,3.51786644576495,0.00811071598871627,0.0581374525649885,-3.9778335902842,"10781890","Scel"
145.35655,365.904111111111,3.51758844820459,0.00811397777159075,0.0581412182043788,-3.9778850513469,"10810447","Otud4"
1119.3925,1793.44777777778,3.51638155679369,0.00812815458714851,0.0582285208702689,-3.97810852438675,"10772655","Rps23"
512.6415,1836.54666666667,3.51465282752985,0.00814850714184948,0.0583457077553899,-3.97842879677076,"10876754","Rpl29"
46.36503,105.1384,3.51240206785073,0.00817508693922455,0.0584585342876722,-3.97884608957034,"10797681","Ippk"
123.23985,403.941666666667,3.51196847996305,0.00818021788046218,0.0584585342876722,-3.97892651700164,"10885962","Fcf1"
40.177125,41.457,3.50926225027412,0.00821232008402647,0.0586445169725616,-3.97942879424321,"10722247","E2f8"
82.696305,116.450533333333,3.50741407723908,0.00823432075100187,0.0587585360087369,-3.97977210434499,"10829176","Rrp1b"
599.58635,813.952222222222,3.50694164777606,0.00823995461358638,0.058784379507036,-3.97985989876469,"10774102","Rpl13"
91.47727,78.6317444444445,3.50532446907557,0.00825927102205375,0.0588174805636325,-3.98016054474681,"10916110","Chek1"
100.78335,184.146,3.50520902878364,0.00826065174096507,0.0588174805636325,-3.9801820128477,"10794800","Pxdc1"
190.18871,195.964855555556,3.50494614571841,0.00826379685960491,0.0588174805636325,-3.9802309038715,"10763604","Gpr39"
38.646605,77.3901888888889,3.50451484137496,0.00826895972134051,0.0588174805636325,-3.98031112817734,"10932517","Ccdc120"
1530.303,3119.90666666667,3.5044158793593,0.00827014481476197,0.0588174805636325,-3.98032953730241,"10840900","Rps2"
202.18205,702.974888888889,3.50439863228291,0.00827035137104954,0.0588174805636325,-3.9803327457091,"10764718","Arpc5"
753.182,1739.52555555556,3.50419578704642,0.00827278111987286,0.0588174805636325,-3.98037048175313,"10826818","Rpl34"
14.26454,26.7382555555556,3.50379770718608,0.0082775516629642,0.0588313635111879,-3.98044454621992,"10859919","Actr3b"
150.17635,398.147444444444,3.50331873603559,0.00828329547748321,0.058849268988131,-3.98053367527515,"10787841","Msmo1"
41.310985,48.0680777777778,3.50155125070361,0.00830452785483421,0.0589298473392757,-3.98086271300031,"10832802","Egr2"
686.9572,1352.10711111111,3.5015507741203,0.00830453358771699,0.0589298473392757,-3.9808628017507,"10917299","Rpl27a"
238.93585,500.618111111111,3.50149164456783,0.0083052448974796,0.0589298473392757,-3.980873813107,"10872234","Phc2"
96.15745,254.931444444444,3.50108748221522,0.00831010857829568,0.0589298473392757,-3.98094908436566,"10899174","Smarcd1"
21.062425,35.1564777777778,3.50085529847936,0.00831290404249189,0.0589298473392757,-3.98099233137386,"10796405","Suv39h2"
86.51675,164.074888888889,3.5008450834677,0.00831302705297295,0.0589298473392757,-3.98099423412744,"10713033","Eif1ad"
42.8458,166.379777777778,3.50063415132706,0.0083155675577409,0.0589298473392757,-3.98103352612867,"10921384","Nfya"
14.536175,33.9286222222222,3.50052967468822,0.00831682619907694,0.0589298473392757,-3.98105298895172,"10703960","Garin5b"
731.144,1653.58888888889,3.5001126709148,0.00832185190759331,0.058936868273559,-3.98113067953434,"10796416","Rpl34"
172.69105,598.188777777778,3.49987311677645,0.00832474046295804,0.0589430363269162,-3.98117531546915,"10917106","Rbm7"
1511.26,3285.71111111111,3.49915276020597,0.00833343298489151,0.0589902862177418,-3.98130956269644,"10806089","Rps2"
182.81585,962.067888888889,3.49606079464754,0.00837085345297137,0.0591795667451148,-3.98188619318983,"10830050","Sar1a"
447.9003,774.213,3.49550856613721,0.00837755558134741,0.0591878860346997,-3.98198924921143,"10878954","Rps8"
812.2862,1364.13988888889,3.49510963467134,0.00838240076890859,0.0591934870831268,-3.9820637102242,"10755184","Rpl27a"
170.5136,285.312222222222,3.49367674258393,0.00839982842888141,0.059287892660387,-3.9823312514265,"10829470","Col6a2"
174.36485,443.768888888889,3.49316893189487,0.0084060139606964,0.0593028958821021,-3.98242610075379,"10703947","Ube2s"
17.334685,45.3365444444444,3.49263414371726,0.00841253333708699,0.0593177717497575,-3.9825260081405,"10871644","Slfnl1"
368.7071,1019.42722222222,3.4912675623678,0.00842921719191246,0.0593805524582905,-3.98278139782012,"10714743","Rpl7a"
144.4337,775.746555555556,3.48958390631696,0.00844982043749568,0.0594189360228703,-3.98309621984665,"10719218","Nop53"
186.1109,699.208555555556,3.48899449762796,0.00845704580325725,0.059433277867779,-3.98320647781106,"10886366","Psmc1"
28.45046,61.6472888888889,3.48589343434831,0.00849516908150449,0.0596429443303292,-3.98378697353355,"10722586","Nsmce3"
98.384405,53.9278222222222,3.48474468492815,0.00850933771372672,0.0596429443303292,-3.98400217896928,"10880833","Cda"
59.794755,38.5975666666667,3.48437344909143,0.00851392189301309,0.0596607613774249,-3.98407174532287,"10870791","Orc1"
117.787945,81.3299777777778,3.48316676649646,0.00852884067510391,0.0597427745272627,-3.98429793273219,"10838762","Rad51"
225.98875,390.600444444444,3.48176423375356,0.00854621577979245,0.0598067597136137,-3.98456095756595,"10715721","Nolc1"
190.29965,416.879222222222,3.48046843022377,0.00856230213195121,0.0598310742140943,-3.98480408745151,"10874866","Noc2l"
579.632500000001,2093.89444444444,3.48043435651528,0.00856272556359347,0.0598310742140943,-3.98481048221892,"10903367","Ywhaz"
130.87465,720.804111111111,3.47978120026724,0.00857084659648315,0.0598443385443735,-3.98493307849907,"10808680","Tcf25"
49.87407,35.7614333333333,3.47941196263213,0.00857544114347608,0.0598621117241363,-3.98500239677845,"10708099","Ticrr"
760.8576,1327.95033333333,3.47897585428056,0.00858087115801377,0.059873937052575,-3.9850842810509,"10704411","Rps19"
115.72295,279.423222222222,3.47894671131223,0.00858123414935071,0.059873937052575,-3.98508975344047,"10737125","Ptrh2"
638.1712,905.878444444444,3.47708694331823,0.0086044323530471,0.0600056453798103,-3.98543909699657,"10808595","Rpl13"
139.70695,525.359777777778,3.47693457055089,0.00860633595911228,0.0600056453798103,-3.9854677296679,"10716634","Pcmt1"
162.7418,253.025888888889,3.47663631428246,0.00861006339621707,0.0600056453798103,-3.98552378023949,"10818173","Wdr77"
692.6815,1767.80444444444,3.47460337918452,0.00863551561863346,0.0601091144347767,-3.98590598840078,"10764316","Rpl31"
306.78775,387.052111111111,3.47200481757023,0.0086681659570395,0.0602789336512621,-3.98639495460709,"10847980","Rcn1"
41.713215,74.1614666666667,3.47136448931165,0.00867623167018129,0.0603084623788678,-3.98651551557392,"10811824","Acta1"
118.95015,404.418333333333,3.47133994834088,0.00867654095222775,0.0603084623788678,-3.98652013671038,"10809497","Polr2m"
12.984235,24.3744111111111,3.47103917991587,0.00868033239298164,0.060317719166827,-3.98657677566502,"10871127","Mob3c"
53.0597500000001,178.995111111111,3.47056195205822,0.00868635186838875,0.0603328555392517,-3.9866666572641,"10894150","Syde1"
388.9431,1054.792,3.4696665349087,0.00869765811560608,0.0603653914027943,-3.98683534356659,"10918240","Rab11a"
16.70633,31.0352555555556,3.46832338280924,0.00871464715575168,0.0604056103331958,-3.98708848195352,"10779839","Rnase6"
66.5113,72.3248777777778,3.46831339659226,0.0087147735997618,0.0604056103331958,-3.98709036448233,"10859121","Clec1b"
65.84791,107.398077777778,3.46826946367411,0.00871532989506471,0.0604056103331958,-3.98709864647764,"10770082","Mnda"
158.7111,363.287666666667,3.46702862859878,0.00873105741564782,0.0604429173793212,-3.98733261711391,"10852144","Pmepa1"
103.895665,83.0950111111111,3.46654746593629,0.00873716424077067,0.0604445390665153,-3.98742337333323,"10721176","Ccne1"
58.71617,138.447155555556,3.46631382450352,0.00874013121049558,0.0604445390665153,-3.98746744822729,"10834817","Ralgds"
60.22385,205.525555555556,3.46616242636721,0.00874205435934932,0.0604445390665153,-3.98749601049039,"10852539","Arfrp1"
115.38753,162.484066666667,3.46605509653075,0.0087434179989374,0.0604445390665153,-3.98751625993716,"10773481","Slc75a1"
141.844000000001,1255.62777777778,3.46508074609321,0.00875580759365562,0.060494528140506,-3.98770012280707,"10782908","Gmfb"
331.17705,814.812,3.46431756747435,0.00876552500970639,0.0605273880705957,-3.98784418281054,"10890532","Rpl7a"
18.394895,50.8642888888889,3.46427637731998,0.00876604980237867,0.0605273880705957,-3.98785195914083,"10907491","Krt76"
655.8165,1168.494,3.46238686208291,0.0087901595375837,0.0606079114304862,-3.98820880890319,"10892937","Rps19"
449.32255,786.232111111111,3.4611001194729,0.00880661836935102,0.0606784313778822,-3.98845196185615,"10931885","Pkn3"
84.5658500000001,770.573222222222,3.45918247388603,0.00883120792411814,0.0607858463914592,-3.98881454803409,"10835154","Lrrc8a"
105.72485,290.176222222222,3.45851647091364,0.00883976499436953,0.0608207476555609,-3.9889405347174,"10787129","Cherp"
147.81175,126.638811111111,3.45729943037128,0.00885542477892802,0.0608888991931759,-3.98917083969811,"10864572","Rad18"
141.702,310.113666666667,3.45601980448778,0.00887192164490263,0.060984545631573,-3.98941309868231,"10918209","Map2k1"
150.1785,298.566,3.45525423170914,0.00888180697374227,0.0610289805931769,-3.98955809133925,"10711364","Tgfb1i1"
15.33023,30.9483555555556,3.45515849006074,0.00888304404448136,0.0610289805931769,-3.98957622681346,"10745607","Slfn14"
37.888055,78.5269555555556,3.45487236850343,0.0088867420908939,0.0610289805931769,-3.9896304280207,"10727660","Actn3"
94.443493,51.9439177777778,3.4539377338244,0.00889883340093631,0.0610689497239731,-3.98980751936495,"10798702","Inhba"
50.8665000000001,218.048333333333,3.453514754265,0.00890431120397051,0.0610752638483558,-3.98988768398825,"10739099","Map3k3"
296.6894,301.349555555556,3.45338468468742,0.00890599639196032,0.0610752638483558,-3.98991233774295,"10798436","H2ac1"
11.887655,31.9548222222222,3.45326658229259,0.00890752682599766,0.0610752638483558,-3.98993472422097,"10772574","Rtraf-ps2"
285.77105,404.435555555556,3.45322112607929,0.00890811594639022,0.0610752638483558,-3.98994334076923,"10719549","Nectin2"
9.078374,11.8198588888889,3.45222540794196,0.00892103101420026,0.0611064478426369,-3.99013212219045,"10854948","Prss2"
46.83682,52.0108444444444,3.45176171808325,0.0089270521391916,0.0611249887803123,-3.99022005813334,"10810553","B3gnt9"
252.31465,689.129444444444,3.45089949990069,0.00893825972999775,0.0611670929379607,-3.9903836122114,"10929243","Farsb"
18.409475,35.5950888888889,3.44920365781979,0.008960346856339,0.0612657075230885,-3.99070544691581,"10872814","Rhd"
323.7685,615.682111111111,3.44906534293509,0.00896215086359687,0.0612657075230885,-3.99073170494321,"10816791","Shc1"
15.045451,27.4339411111111,3.44898830528469,0.00896315581411927,0.0612657075230885,-3.9907463305305,"10790581","Gpr15lg"
91.94647,116.762377777778,3.44802409636484,0.00897574397765527,0.061315865017734,-3.99092942032762,"10711396","Ahsp"
1591.7705,5350.72555555556,3.44761707400564,0.00898106346515381,0.061315865017734,-3.99100672756942,"10705872","Actg1"
26.12935,69.0325444444444,3.44746231329677,0.00898308695405975,0.061315865017734,-3.99103612485553,"10832278","Krtap10-10l1"
24.544485,35.2975,3.44447250835612,0.00902227369134209,0.0614827860085999,-3.99160437441252,"10747665","Etv4"
29.31152,68.2151222222222,3.44285816719071,0.00904350795594277,0.0615700399498746,-3.99191145832449,"10783419","LOC290071"
60.7902000000001,232.210666666667,3.44250704876993,0.00904813342110622,0.0615808339310607,-3.9919782729197,"10940486","Sh3bp4"
25.611605,48.7535555555556,3.44059934651839,0.00907330851604792,0.0616866732575806,-3.99234144091048,"10703680","Pira2"
18.077435,36.0130555555556,3.44030124292663,0.00907724917078856,0.0616991059272725,-3.99239821356172,"10854047","Fscn3"
32.18015,48.5845888888889,3.43814865935264,0.00910575833688338,0.0618640986171421,-3.99280834814141,"10741774","Hbq1b"
64.6352,242.165555555556,3.43739250429822,0.00911579552820577,0.0618747329370361,-3.99295249590049,"10825074","Prpf3"
853.6017,1051.94133333333,3.43544642375796,0.00914168183189832,0.0620072191866909,-3.99332366524524,"10860327","Sema3c"
137.5015,416.954777777778,3.43445562267221,0.00915489120565791,0.0620770856601534,-3.99351273870067,"10768560","Rnf2"
275.48725,368.804777777778,3.43176096106966,0.00919091907067033,0.0622544655067385,-3.99402730387545,"10774274","Egfr"
137.7226,731.964444444444,3.43066113628018,0.00920566705101605,0.0623399066361573,-3.99423746881189,"10770208","Adss2"
78.3749000000001,319.452888888889,3.42994302557479,0.0092153100324218,0.0623762899182508,-3.99437473770912,"10847474","Creb3l1"
1125.6955,3876.46111111111,3.42884567391893,0.00923006627877625,0.0624472339666904,-3.99458456904156,"10889219","Hspa8"
83.634,186.418666666667,3.42783077514156,0.00924373609546561,0.0624962986097969,-3.99477870880276,"10879530","Ppie"
106.16265,234.971,3.42626628112029,0.00926485059961874,0.0626100729625866,-3.99507812126092,"10905158","Rbfox2"
144.03673,222.465344444444,3.42484858491608,0.0092840281244721,0.0627251613386512,-3.99534958708552,"10840020","Cdc25b"
84.755815,61.2620111111111,3.42451039190201,0.00928860916549432,0.0627416018868789,-3.99541436628256,"10765186","Sell"
210.0813,238.604666666667,3.42400235932407,0.0092954953014634,0.0627456007818749,-3.99551169241057,"10869886","Mtap"
124.53925,372.540777777778,3.4239978713106,0.00929555615845345,0.0627456007818749,-3.99551255228014,"10841624","Src"
28.2505,164.354777777778,3.42168240241829,0.00932701012769207,0.0628701600993069,-3.99595636619762,"10876281","Atosb"
94.83264,122.7288,3.42078025300491,0.00933929573399213,0.0629094271553715,-3.99612938564161,"10878880","Nasp"
226.575,479.205,3.4196461849852,0.00935476400997882,0.0629700635455119,-3.99634696442989,"10923237","Myo1b"
187.22685,583.087333333333,3.41914871318644,0.0093615579209422,0.0629867694846627,-3.9964424361846,"10762915","Pitpnb"
40.209545,65.9538888888889,3.41882318919472,0.00936600639571605,0.06300218992504,-3.99650491812387,"10714097","Or5an1"
527.1426,1251.593,3.41710602270094,0.00938950962801547,0.0630108695290599,-3.99683463818138,"10778853","Rps27a"
37.2344000000001,140.797222222222,3.41709175492984,0.00938970517606012,0.0630108695290599,-3.9968373786569,"10850929","Sms"
53.15735,166.564888888889,3.41700524748564,0.00939089090308456,0.0630108695290599,-3.99685399483879,"10821105","Mast4"
41.626195,78.8048111111111,3.41660076163401,0.00939643715648866,0.0630108695290599,-3.99693169463702,"10875141","Rrs1"
69.96242,78.6622888888889,3.41652379302923,0.00939749293277586,0.0630108695290599,-3.99694648123324,"10741356","Percc1"
149.16041,237.260855555556,3.41604187458452,0.00940410625702555,0.0630407435045306,-3.99703907298678,"10767044","LOC100910714"
55.4615000000001,173.702555555556,3.4153429281663,0.00941370661283008,0.0630694578998004,-3.99717339152105,"10910910","Pin4"
460.781400000001,1239.95033333333,3.41454688928415,0.00942465324607258,0.0630906802730482,-3.9973264101993,"10869174","Rad23b"
149.9391,585.493,3.41449818683858,0.00942532341017962,0.0630906802730482,-3.99733577347179,"10927285","Uggt1"
319.8522,805.029333333333,3.41413169324628,0.00943036812294458,0.063094819919294,-3.99740623889661,"10811226","Kars1"
91.5012499999998,788.324222222222,3.4131517035911,0.00944387156568178,0.0631479203295554,-3.99759470685663,"10900399","Oaz1"
109.08883,97.2030444444444,3.41164115160329,0.00946472591047985,0.0632439393295422,-3.99788534217852,"10789052","Gins4"
85.6067000000001,284.583222222222,3.4107215375874,0.00947744581745703,0.0632855090539862,-3.99806235721839,"10887831","Fez2"
737.642,2032.04888888889,3.40968388225265,0.00949182022598957,0.0633670100735967,-3.99826216491487,"10713452","Trmt112"
67.699965,118.724033333333,3.40864192461085,0.00950627750700265,0.0634055687419122,-3.99846287689123,"10804603","Tcof1"
882.8105,2348.69222222222,3.4083147284766,0.00951082220847026,0.0634170969629685,-3.99852592026268,"10787396","Rpl18a"
18.46009,37.5255444444444,3.40700440177259,0.00952904554374282,0.0635139257391975,-3.99877846601377,"10704035","Syt5"
117.03385,531.565444444444,3.40646671823741,0.00953653407778325,0.0635348475594892,-3.99888213121679,"10909470","Dpagt1"
162.01374,192.363366666667,3.40574000294863,0.00954666525404531,0.0635617898382085,-3.99902227385825,"10827749","Rpp21"
43.16902,89.4916111111111,3.40570845777095,0.00954710528548157,0.0635617898382085,-3.99902835799248,"10759342","Noc4l"
112.527015,84.9572666666667,3.40367220277313,0.00957555506963564,0.0636774062736667,-3.99942123901626,"10705020","Lypd3"
768.38585,829.272222222222,3.40271454175666,0.00958896622284069,0.0637388075617902,-3.99960611340737,"10932422","Rbm3"
105.2314,414.275111111111,3.40233436537234,0.00959429576268004,0.0637597262081289,-3.99967952346211,"10819653","Bcl10"
35.20304,123.206255555556,3.4016672405191,0.00960365551225916,0.0637964579364078,-3.99980836624171,"10749648","Mafg"
481.29685,369.878111111111,3.3977796114668,0.00965839186135117,0.0640078722381589,-4.00055981044981,"10752603","Mcm4"
104.0397,611.970666666667,3.39694341339906,0.00967020838903004,0.0640601967975337,-4.00072157865875,"10840396","Sec23b"
1645.512,5455.70666666667,3.39604640420209,0.00968290129856728,0.0641152036573763,-4.00089516574208,"10770888","Actg1"
153.35936,148.718855555556,3.39562313750097,0.00968889676419236,0.0641403648468424,-4.00097709491537,"10878032","Cks1b"
235.18585,523.720444444444,3.39485294564355,0.00969981643690573,0.0641720132987436,-4.00112620855006,"10918718","Tmod3"
306.36835,762.447111111111,3.39460524100671,0.0097033311313281,0.0641720132987436,-4.00117417446167,"10723156","Iqgap1"
33.0666,219.378666666667,3.39458304541845,0.00970364613163661,0.0641720132987436,-4.00117847266021,"10860783","Golga3"
469.554,1781.86666666667,3.39455695723655,0.00970401638958696,0.0641720132987436,-4.00118352470774,"10713074","Cfl1"
1091.09,2287.73888888889,3.39400895686971,0.00971179737789715,0.0641985665210757,-4.00128965751557,"10937356","Rps26"
332.31625,776.743111111111,3.39324010682178,0.00972272533614573,0.0642333102600998,-4.00143859845915,"10837319","Rpl7a"
602.0086,1076.30877777778,3.39261151056655,0.00973166950058651,0.0642354617059986,-4.00156040040457,"10783353","Rps19"
420.9185,1350.07888888889,3.39249792203134,0.00973328665845485,0.0642354617059986,-4.00158241320718,"10938579","Rpl27"
142.86725,271.098555555556,3.39244466729409,0.00973404494326199,0.0642354617059986,-4.00159273397993,"10935204","Prps1"
361.6845,797.660666666667,3.39088592400997,0.00975626738195474,0.0643252132524386,-4.00189490680627,"10726726","Rnh1"
74.91098,49.1820888888889,3.38871006958084,0.00978737773416549,0.0644563690545335,-4.00231699619693,"10791661","Cenpu"
107.687245,84.8137777777778,3.38818861285678,0.00979484912983608,0.0644910350414765,-4.00241820190145,"10755992","Cdc45"
38.1411,117.844,3.38785833710869,0.00979958442502776,0.0645028176949596,-4.00248231258066,"10909044","Robo4"
412.095,1704.55333333333,3.38704842972505,0.00981120666529406,0.064540552019793,-4.00263955825168,"10749361","Srsf2"
56.799255,109.150333333333,3.38650300966506,0.00981904172241521,0.0645612166872099,-4.00274547898919,"10897535","Nol12"
151.98755,358.685222222222,3.38623816810692,0.00982284861089752,0.0645612166872099,-4.0027969188419,"10822043","Cdh6"
523.9678,734.973777777778,3.38539671803882,0.00983495417718098,0.0646094785995424,-4.00296038538886,"10818708","F3"
112.21515,184.108,3.38420527229202,0.00985212202985305,0.0646640963783705,-4.00319192994621,"10894660","Nt5dc3"
200.4843,242.910333333333,3.3838735256998,0.00985690790461936,0.0646738886594724,-4.00325641906816,"10744907","Dph1"
155.05996,92.4840777777778,3.3837949679878,0.00985804156228625,0.0646738886594724,-4.00327169124898,"10841974","Mybl2"
10.021905,21.4611,3.38245852012874,0.009877348882025,0.0647010283647426,-4.00353157278363,"10724483","Hpx"
571.673500000001,2896.03111111111,3.3824243098618,0.00987784363476948,0.0647010283647426,-4.00353822685625,"10788566","Rpl21"
97.829145,127.4423,3.38228240231334,0.00987989619823087,0.0647010283647426,-4.00356582948246,"10855549","Snx10"
85.03185,208.236333333333,3.38161393671504,0.00988957102621352,0.0647270414658231,-4.00369587267442,"10863079","Rpia"
181.8009,501.207,3.38132621667312,0.00989373834291397,0.0647336331354734,-4.00375185536565,"10833031","Sgpl1"
50.82726,146.113133333333,3.38069558317046,0.00990287890539822,0.0647499338277314,-4.00387458030274,"10761805","Denr"
249.9756,281.769666666667,3.37994589169078,0.00991375676970624,0.0647919643924408,-4.00402051102924,"10778236","Pold2"
341.17475,793.276222222222,3.37992677025031,0.00991403438330845,0.0647919643924408,-4.00402423361867,"10839413","Rpl7a"
137.505,1405.14333333333,3.37895440253379,0.00992816251912119,0.0648281939726434,-4.00421356949318,"10832228","Cstb"
222.4084,237.418777777778,3.37804049212341,0.00994146074444083,0.0648545176308942,-4.00439158345996,"10745595","Slfn9"
95.078485,129.875944444444,3.3779146198009,0.00994329377931044,0.0648545176308942,-4.00441610582266,"10902584","Nup107"
400.5929,1235.05088888889,3.37746745687921,0.0099498085542666,0.0648825239072198,-4.00450323082968,"10857762","Arpc4"
118.1117,332.281888888889,3.37676070872186,0.00996011448622935,0.0648861222462146,-4.00464096201469,"10752414","Med15"
628.19885,712.905888888889,3.37671435510761,0.00996079081835147,0.0648861222462146,-4.00464999664317,"10795231","Hist1h2bg"
70.6848,296.846666666667,3.37666810583659,0.00996146567653428,0.0648861222462146,-4.00465901108529,"10740141","Hgs"
741.541000000001,1845.53777777778,3.37592186908391,0.0099723612831853,0.0649281396315969,-4.00480448086505,"10716060","Rpl8"
448.7693,761.488222222222,3.37460298410666,0.00999164886992369,0.064956733573779,-4.00506167738673,"10799985","Rps8"
61.414035,47.7442666666667,3.37455731804613,0.00999231740537286,0.064956733573779,-4.00507058494672,"10738562","Rundc3a"
160.55225,950.584555555556,3.37405580619879,0.00999966248593636,0.0649755649164023,-4.00516841883724,"10888127","Cox7a2l"
206.62985,504.907888888889,3.37190069424985,0.0100312911632474,0.0651520987201221,-4.00558903534654,"10784360","Kpna3"
85.52655,347.771,3.37146596084221,0.0100376841998285,0.065179130076415,-4.00567392261367,"10886491","Lyset"
133.295605,90.5708111111111,3.37125610740477,0.0100407717753581,0.065180272232009,-4.00571490395384,"10738118","Cdc6"
13.418045,25.5911555555556,3.36951759621178,0.0100663892362339,0.0652494996998751,-4.00605452945207,"10851554","Wfdc12"
95.1395,201.848222222222,3.36882956421948,0.0100765467014257,0.065286368448758,-4.00618899827288,"10729409","Tjp2"
16.025,45.0814222222222,3.36813804092064,0.0100867666506889,0.0653380933333091,-4.00632418307771,"10899749","Il23a"
427.7491,924.380111111111,3.36752574214806,0.0100958249151646,0.0653617699412364,-4.00644390856158,"10796074","Net1"
315.48415,905.886777777778,3.36679401368723,0.0101066613101562,0.0654089507122071,-4.00658702135133,"10869659","Prrc2c"
52.238815,39.9545111111111,3.36398227555197,0.0101484159914671,0.0656065113464745,-4.00713729777316,"10922492","Arid5a"
401.4405,1618.82,3.36256789324684,0.0101694887952954,0.0657281959437519,-4.00741431304521,"10882802","Epcam"
58.453985,108.741288888889,3.36241349557598,0.0101717919619135,0.0657285402290072,-4.00744456130754,"10902662","Irak3"
514.03315,585.213777777778,3.36199831745228,0.0101779879592192,0.0657540336666585,-4.00752590778007,"10742315","Timd2"
101.58725,439.146888888889,3.36028352167244,0.0102036214548162,0.0658275488070011,-4.00786201926346,"10717170","Epb41l2"
23.146095,50.5669333333333,3.35956074229409,0.0102144463434295,0.0658617436597963,-4.00800375109636,"10791095","Hapln4"
35.442305,41.4297555555556,3.35952710719113,0.0102149503841493,0.0658617436597963,-4.00801034759659,"10791497","Hmgb2"
349.4681,319.225555555556,3.35694917320126,0.0102536606448625,0.0659906590312756,-4.00851616862445,"10863950","Mcm2"
27.97304,58.0281222222222,3.35645295483932,0.0102611296737772,0.0660001596669707,-4.00861358641734,"10893858","Mex3d"
300.6079,712.175111111111,3.3564436733489,0.0102612694327165,0.0660001596669707,-4.00861540872917,"10918089","Fem1b"
607.93035,1130.23466666667,3.35542248274034,0.010276658647644,0.0660555128123808,-4.00881594472714,"10740379","Rps19"
16.128163,20.6958844444444,3.35489461492006,0.0102846231299234,0.0660653632933029,-4.00891963351538,"10724001","Relt"
42.244795,65.3514444444444,3.35395783042483,0.0102987734532898,0.0661012148698819,-4.00910369409007,"10777532","Hgfac"
27.06703,53.5457111111111,3.35390266486097,0.0102996073830253,0.0661012148698819,-4.00911453502294,"10761025","Pilra"
10.074702,13.6657933333333,3.35263586836924,0.0103187770459878,0.0662047467927169,-4.00936354040834,"10788969","Adam3a"
50.389285,100.531077777778,3.35249600048571,0.0103208958964879,0.0662047467927169,-4.00939104022421,"10935882","Zfp275"
65.60734,143.496477777778,3.35238763204405,0.0103225378804965,0.0662047467927169,-4.00941234779811,"10855383","Gimap9"
35.845695,38.4514,3.35123562035003,0.0103400101148546,0.0662877014473034,-4.00963890950994,"10853347","Abcb4"
89.8015500000001,351.137,3.35033394678274,0.0103537073863961,0.0663463934165775,-4.00981630368872,"10875751","Tstd3"
333.2926,303.754444444444,3.34968096872586,0.0103636387314636,0.0663794175598423,-4.00994480572601,"10760824","Mcm7"
38.50965,158.81,3.34954700232237,0.0103656775144794,0.0663794175598423,-4.00997117321469,"10735806","Mettl16"
147.33405,429.846,3.34885174389831,0.010376265206751,0.0664181007340102,-4.0101080355263,"10797226","Tmed9"
24.359505,49.6382666666667,3.34823632063568,0.0103856466879434,0.0664490324883003,-4.01022921075252,"10749549","Mir338"
96.1256500000001,251.806111111111,3.347434418201,0.0103978843237415,0.0664807013125314,-4.01038714346481,"10739135","Psmc5"
151.1699,411.277222222222,3.34716661573098,0.0104019745909352,0.0664807013125314,-4.01043989664264,"10912584","Amotl2"
18.295401,23.3871133333333,3.34660435356929,0.010410567816424,0.0664925377735312,-4.01055067060339,"10772623","Bend4"
92.60537,141.218822222222,3.34463103173865,0.0104407862194656,0.0665830063596164,-4.01093962133718,"10749307","Rhbdf2"
1013.8515,4846.18666666667,3.34307134399205,0.0104647361418918,0.0666921469566378,-4.01124723804808,"10813721","Gapdh"
277.80035,732.417222222222,3.33822151887921,0.0105395803072509,0.0670083349501691,-4.01220486883252,"10765994","Uba2"
14.906485,21.5582444444444,3.33699269925662,0.0105586336895575,0.067078817525348,-4.01244777234064,"10930717","Adgre4"
619.534,892.452444444444,3.33630167625756,0.0105693643115237,0.067104353183773,-4.01258441543494,"10733688","Rpl13"
619.534,892.452444444444,3.33630167625756,0.0105693643115237,0.067104353183773,-4.01258441543494,"10914849","Rpl13"
29.61384,38.4983666666667,3.33621174055585,0.0105707617358706,0.067104353183773,-4.0126022018382,"10866507","Art4"
115.4727,317.728,3.33522515792699,0.0105861041372532,0.067157968787343,-4.01279735397219,"10722987","Snrpe"
115.4727,317.728,3.33522515792699,0.0105861041372532,0.067157968787343,-4.01279735397219,"10935489","Snrpe"
41.9019500000001,175.181888888889,3.33488816999973,0.0105913500529052,0.0671766609738543,-4.01286402808428,"10909783","Usp28"
136.50875,509.095555555556,3.33438019958624,0.010599262864662,0.0671976704271348,-4.01296454683944,"10870902","Eps15"
133.253,373.627555555556,3.3328888266981,0.0106225306047525,0.0672721892666899,-4.01325977009804,"10917095","Rexo2"
76.39177,132.497577777778,3.3322652057024,0.0106322760832908,0.0673193137185216,-4.01338326517981,"10891311","Angel1"
57.24835,258.412111111111,3.33196422044963,0.0106369830382333,0.0673345227473341,-4.01344287888313,"10916000","Fli1"
620.7153,1137.29466666667,3.33162115328501,0.0106423507796767,0.0673527067841357,-4.01351083525016,"10795546","Rps19"
158.362955,102.892655555556,3.33148597574065,0.0106444665989715,0.0673527067841357,-4.01353761415205,"10830216","Pkib"
31.04472,86.1488333333333,3.33109107056482,0.010650650264061,0.0673735129761499,-4.01361585296994,"10860103","Nup42"
640.267000000001,2720.75111111111,3.33081824201984,0.0106549245990752,0.0673751011336326,-4.01366991236861,"10884896","Fau"
221.8221,577.664,3.32944210188714,0.0106765119167319,0.0674532048303212,-4.01394266713022,"10797588","Rpl7a"
290.00025,989.673,3.32904628599038,0.0106827295907245,0.0674701249474583,-4.01402114382983,"10722903","Mfge8"
33.72408,135.8384,3.32897759174263,0.010683809064385,0.0674701249474583,-4.01403476467306,"10895686","Styx"
376.89167,281.554988888889,3.32865232094136,0.0106889219949403,0.0674878251913087,-4.01409926461731,"10817845","Vtcn1"
69.114625,73.4172111111111,3.32803878183102,0.0106985732620572,0.0675195764263854,-4.01422094750712,"10744215","Chrnb1"
83.43756,79.348,3.32748724421818,0.0107072570847204,0.0675597858473048,-4.0143303564914,"10714903","Ifit3"
11.432971,15.1101744444444,3.32663029472689,0.0107207643385441,0.0676012107460021,-4.01450039315595,"10933210","Cldn34a"
40.8862999999999,206.877888888889,3.32497221261816,0.0107469502666108,0.067693274059674,-4.01482953937917,"10797695","Bicd2"
11.55314,34.4810888888889,3.32397840544256,0.010762677788901,0.0677586186120096,-4.0150269138795,"10713876","Syt7"
109.3464,319.899,3.32304224248704,0.0107775153317141,0.0678068859852892,-4.01521290418518,"10830189","Gja1"
42.3982000000001,141.984444444444,3.321590716096,0.0108005638304187,0.0678408238533328,-4.01550140646942,"10870809","Cc2d1b"
134.0511,204.575666666667,3.32140335478803,0.0108035427003965,0.0678449476460409,-4.0155386569175,"10860801","Samd9"
186.5475,1102.535,3.3178562618241,0.0108601024261464,0.0680392520432001,-4.01624434715744,"10717891","Ezr"
49.75902,131.3666,3.31702601680602,0.0108733861694656,0.0680786762869201,-4.01640965273867,"10811956","Sipa1l2"
807.2845,2102.05111111111,3.31634064960427,0.0108843648458208,0.0681199212363204,-4.01654614943586,"10717434","Rpl26"
25.07208,66.7263666666667,3.31559131899604,0.0108963815474638,0.0681642163870682,-4.01669542323677,"10718075","Tbxt"
457.92175,836.292777777778,3.31363379470494,0.0109278397911139,0.0683133728471474,-4.01708556928773,"10837050","Agps"
43.836905,36.9842888888889,3.31298839739951,0.0109382326391078,0.0683382224805163,-4.01721426053763,"10812589","F2rl2"
101.2404,217.859333333333,3.31132105393945,0.0109651303170032,0.0684330948688171,-4.01754686358133,"10907815","Casp1"
2587.034,2598.17888888889,3.31022627074023,0.0109828294502381,0.0685289148994567,-4.01776535949874,"10817183","S100a11"
364.2872,561.013222222222,3.30938217016564,0.0109964964715395,0.0685817568766262,-4.01793388266848,"10830038","Ppa1"
14.33907,100.4356,3.30909468823988,0.0110011552596889,0.068582165245869,-4.01799128950661,"10915561","Tmed1"
451.174,1478.01777777778,3.30845625380036,0.0110115088731446,0.0686199275213411,-4.01811879858547,"10786465","Tkt"
120.28255,448.303111111111,3.307307139276,0.0110301702502534,0.0687069069703421,-4.0183483746241,"10882896","Fam98a"
15.247745,28.6027555555556,3.30683151264876,0.011037904107072,0.0687329071051319,-4.01844342530074,"10811980","Pcnx2"
452.190099999999,1208.41577777778,3.30385664424026,0.0110864067581509,0.0689836607098235,-4.01903829786222,"10844294","Rpl7a"
209.2902,892.362666666667,3.30347580396791,0.0110926322773503,0.0690077000320511,-4.01911449852079,"10843028","Tpd52l2"
101.13552,148.6586,3.30314987418376,0.0110979631204592,0.0690114718180279,-4.01917972059259,"10797442","Simc1"
1335.1002,1185.59566666667,3.30103345483263,0.0111326448066316,0.0691693803723664,-4.01960342326745,"10827906","Tubb5"
134.789875,147.201811111111,3.30102231640499,0.0111328276343831,0.0691693803723664,-4.01960565400209,"10918191","Zwilch"
137.1674,430.825888888889,3.29895945054594,0.0111667425919914,0.0693063985728565,-4.02001894446703,"10756740","Ints15"
394.1993,1056.01388888889,3.29855394786445,0.0111734221727724,0.0693220644563492,-4.02010022170614,"10913570","Map4"
30.095289,23.47637,3.29851812199045,0.0111740125119788,0.0693220644563492,-4.02010740305655,"10896263","Cthrc1"
259.5544,371.792111111111,3.29827328744399,0.0111780477812591,0.0693322431188648,-4.02015648296162,"10730131","Blnk"
705.65265,1035.06,3.29773920600555,0.0111868556522104,0.0693322431188648,-4.02026356057966,"10777032","Rpl13"
107.8571,261.597888888889,3.29693461675099,0.0112001384875101,0.0693681558656535,-4.02042491055223,"10905521","Pdgfb"
532.1485,2501.06444444444,3.29685677033761,0.0112014245255495,0.0693681558656535,-4.02044052409513,"10831105","Rt1-ec2"
342.54365,404.237222222222,3.29677277446989,0.0112028123288202,0.0693681558656535,-4.02045737151029,"10828516","Itpr3"
141.8135,311.599222222222,3.2962554549525,0.011211363633723,0.0693769915686474,-4.02056114362818,"10870098","Usp1"
11.10822,16.9955666666667,3.29481546715526,0.0112352030129836,0.0694509565851253,-4.02085009970767,"10755670","Ccdc74a"
211.3602,893.918666666667,3.29394889506244,0.0112495751566165,0.0694809912527261,-4.02102406229937,"10724228","Bcl2l1"
416.84454,269.1381,3.29258340313686,0.011272261350554,0.0695673029723311,-4.02129829084513,"10767338","Mcm6"
46.11505,154.199777777778,3.29228445637829,0.0112772344798282,0.0695782741486168,-4.02135834538832,"10753498","C2cd2"
345.06195,1078.02566666667,3.29183655964767,0.0112846898058488,0.0695826815801061,-4.02144833400201,"10841281","Chmp4bl1"
353.4825,607.474333333333,3.29159883065232,0.011288648965524,0.0695826815801061,-4.02149610284743,"10810985","Sf3b3"
103.20735,595.106333333333,3.29157186739811,0.0112890981066049,0.0695826815801061,-4.02150152105108,"10894427","Ube2r2"
63.00951,53.7928666666667,3.29070886809731,0.0113034835171069,0.0695826815801061,-4.02167496619621,"10810703","Cenpt"
10.395795,25.5992333333333,3.29020213969846,0.011311939240922,0.069603814015832,-4.02177683299239,"10709654","Or2ag20"
1531.635,4652.23666666667,3.2894920449538,0.0113237997641943,0.0696449444865627,-4.02191961306184,"10875267","Rps20"
77.4054,59.7625,3.28870604248544,0.0113369434762367,0.0696964365982278,-4.0220776980457,"10920139","Gnat1"
96.33318,165.930566666667,3.28479692980284,0.011402552388313,0.0699672685301775,-4.02286457532789,"10765497","Fcgr3a"
29.58285,60.0992333333333,3.28442785329244,0.0114087675037403,0.0699907042953104,-4.02293892430436,"10783474","LOC290071"
66.9231900000001,169.6202,3.28322641072888,0.0114290241604712,0.0700708314426036,-4.02318101752586,"10901253","Pwp1"
333.83665,841.349444444444,3.28273814618798,0.0114372672910128,0.0700846946509036,-4.0232794333626,"10806677","Nacc1"
21.18113,27.7937555555556,3.28127991442415,0.0114619233082079,0.0701617610467754,-4.02357345974737,"10843918","Slc2a6"
176.9413,515.891777777778,3.28121226015887,0.0114630685793202,0.0701617610467754,-4.02358710471319,"10705874","Tyrobp"
1524.9774,884.791333333333,3.2810589706124,0.0114656639566362,0.0701629465498892,-4.023618022388,"10741947","Gabrp"
238.437825,150.686766666667,3.28042996908782,0.0114763202131891,0.0702134489441058,-4.02374490620256,"10770728","Dtl"
172.07975,332.272888888889,3.27923887547507,0.0114965278466863,0.0702929184832764,-4.02398525423277,"10773760","Pes1"
907.023999999999,2856.01777777778,3.27774924137455,0.0115218533059306,0.0703769116004404,-4.02428598692103,"10918027","Rplp1"
111.52955,145.287488888889,3.27772240281894,0.0115223101316118,0.0703769116004404,-4.02429140664138,"10876324","Tpm2"
61.7295,163.092333333333,3.27746290396673,0.011526728112393,0.0703829272937295,-4.02434381194178,"10825375","Wdr3"
1052.3723,987.186222222222,3.27709868860776,0.011532931914667,0.0703829272937295,-4.02441737267081,"10940627","Thbs1"
402.814,1358.79444444444,3.27671638977062,0.0115394475322135,0.0704079824991826,-4.02449459594047,"10879986","Rbbp4"
53.10968,103.459622222222,3.27638670927758,0.0115450694834642,0.070427575671314,-4.02456119885566,"10795704","Smokxl2"
15.757725,53.2747333333333,3.2760582645266,0.0115506732383009,0.0704323456446927,-4.02462755985915,"10829274","Aire"
1644.3885,3015.38333333333,3.27531546352174,0.0115633571221304,0.0704853208207796,-4.02477766843632,"10940466","Tuba1b"
21.287408,21.7259122222222,3.2749590428773,0.0115694484930407,0.0704890696412607,-4.02484970955122,"10908776","Adamts8"
56.1827,108.210388888889,3.27480746482458,0.0115720400492739,0.0704890696412607,-4.02488034984802,"10795696","Smokxl2"
602.3835,2903.12,3.2734388364204,0.0115954675007603,0.0706023317147168,-4.02515708166949,"10821648","Rpl21"
51.972885,99.7093,3.27288159457067,0.0116050204117994,0.0706310554813142,-4.02526979242267,"10932786","Ammecr1"
743.8457,1021.34288888889,3.2727138831265,0.0116078971500776,0.0706338486445255,-4.0253037190007,"10899405","Krt7"
16.2976,58.6241777777778,3.27204780509935,0.0116193297583499,0.0706836307066941,-4.02543848072511,"10850755","Fam110a"
33.703583,55.8069122222222,3.2718493411922,0.0116227385048485,0.0706836307066941,-4.02547864033084,"10831032","Ppp1r18"
69.668005,58.5555777777778,3.27152278019813,0.0116283497003478,0.0706864485412439,-4.02554472680238,"10775914","Pf4"
34.60961,98.8951888888889,3.26923855559326,0.011667678881216,0.0708500459022746,-4.02600720119349,"10858702","Spsb2"
160.502495,115.810622222222,3.2690481714051,0.0116709632008075,0.0708552616268473,-4.0260457641092,"10864756","Tmem40"
149.82775,551.611111111111,3.26863300350248,0.0116781286520782,0.0708738189876437,-4.02612986667966,"10842795","Adrm1"
638.017,1565.56111111111,3.26824794299695,0.0116847786264782,0.0708738189876437,-4.02620788128885,"10853663","Rpl31"
29.340395,69.9839555555556,3.26801157270602,0.0116888627089843,0.0708738189876437,-4.02625577600187,"10808519","Ctu2"
10.942109,16.1844255555556,3.2678620579994,0.0116914468506606,0.0708738189876437,-4.02628607360219,"10781978","Mir19a"
23.729796,22.59288,3.26781016072163,0.0116923439597382,0.0708738189876437,-4.02629659042033,"10917486","Elmod1"
439.56005,1155.23822222222,3.26716243726841,0.0117035467820521,0.0709204347004503,-4.02642786575423,"10752805","Rpl7a"
140.1709,208.165777777778,3.26550413210197,0.0117322799842552,0.0710229242953331,-4.02676409463234,"10707812","Snrpa1"
52.2848,113.901888888889,3.26548478674147,0.0117326156174874,0.0710229242953331,-4.02676801815493,"10901713","Gas2l3"
25.165115,21.5126055555556,3.26439213794748,0.011751589041873,0.071077517619704,-4.0269896668936,"10805214","Ska1"
43.57335,154.134333333333,3.26413645400754,0.0117560335694433,0.071077517619704,-4.02704154589278,"10820973","Rad17"
35.33505,155.507666666667,3.26389009506787,0.0117603176800367,0.071077517619704,-4.02709153725683,"10900296","Dapk3"
110.3091,229.045666666667,3.26384522645569,0.011761098109593,0.071077517619704,-4.02710064250196,"10847825","Nat10"
35.48815,183.754111111111,3.26069577339726,0.0118160154621503,0.0713208834114169,-4.02774012578188,"10726045","Bcl7c"
855.786000000001,2695.70333333333,3.25974875035769,0.0118325816843419,0.0714032003627045,-4.02793255397905,"10733063","Rpl31"
95.66865,150.3485,3.25936736793664,0.0118392601084195,0.0714169202575607,-4.02801006628718,"10777328","Lyar"
613.2565,1442.96444444444,3.25912579561054,0.0118434923624501,0.0714277014609034,-4.02805916893685,"10704242","Rps5"
21.91813,79.9417111111111,3.25894311011353,0.0118466940022709,0.0714322638972843,-4.02809630486949,"10732716","Kcnmb1"
41.474995,46.3708111111111,3.25822030838146,0.0118593703646261,0.0714939425984704,-4.028243258001,"10893231","Mmp19"
65.65185,210.185,3.25779760426114,0.0118667903040206,0.07151403766191,-4.02832921552996,"10711181","Orai3"
258.3601,344.682111111111,3.25719651355001,0.0118773499916488,0.0715285307474804,-4.02845147032522,"10719983","Snrpa"
36.73811,25.6513588888889,3.25387578483672,0.011935866028293,0.0718217075490323,-4.02912733493408,"10765996","Exo1"
71.3369499999999,533.063111111111,3.25125319104488,0.0119822948938138,0.0720340490642242,-4.02966166836337,"10779942","Tox4"
538.5043,1159.61144444444,3.25074000649674,0.0119914022841058,0.0720505175011967,-4.02976628357356,"10723891","Rps3"
48.6901,214.555444444444,3.24893285158321,0.0120235317116931,0.0721310892516944,-4.03013483164569,"10769047","Rasal2"
1079.791,3190.61111111111,3.24888873096038,0.0120243172676029,0.0721310892516944,-4.0301438324636,"10705511","Rps16"
57.8676,191.127333333333,3.24850901839489,0.0120310801871635,0.0721420313193341,-4.03022130142266,"10897604","Micall1"
149.120325,114.7304,3.24798099619082,0.0120404912654923,0.0721632334189222,-4.03032904573293,"10853324","Abcb1b"
46.67321,119.020688888889,3.24736538618689,0.0120514732507175,0.0722050327207673,-4.03045468785535,"10901783","Apaf1"
208.55655,826.607,3.24674146457611,0.012062614290888,0.0722539907160156,-4.03058205411024,"10881315","Prrc2c"
876.899,1715.14888888889,3.24663081818577,0.0120645911793224,0.0722539907160156,-4.03060464418913,"10762658","Rplp0"
26.8924,56.1969777777778,3.24641920263363,0.0120683730078041,0.072261825999178,-4.03064785104955,"10939325","Armcx2"
728.0846,1243.14155555556,3.24541473995507,0.0120863410469152,0.0723250896046728,-4.03085298232095,"10778918","Rps19"
79.6568,204.955222222222,3.24511326737311,0.0120917393559943,0.0723276153861624,-4.03091456317075,"10822424","Cyp7b1"
56.7864,363.851,3.24442310348898,0.0121041073319338,0.0723633926653139,-4.03105556535862,"10719180","Srp72"
13.160347,16.0204711111111,3.24413875452249,0.0121092068448378,0.0723633926653139,-4.03111366851481,"10727588","Syt12"
172.54974,177.902033333333,3.24412449173506,0.0121094626932751,0.0723633926653139,-4.03111658309018,"10709875","Adm"
39.9622,208.636777777778,3.24405542615427,0.0121107016847031,0.0723633926653139,-4.03113069672624,"10731458","Zc3h7a"
285.0035,623.337222222222,3.24323230111481,0.0121254783082824,0.0723960194764278,-4.03129892973366,"10831957","Srpk1"
619.5495,2369.46333333333,3.24236293688532,0.012141105662999,0.0724301124849607,-4.03147666615125,"10799261","Rpl21"
827.906,1609.81722222222,3.24148090441692,0.012156982448978,0.0724952205071325,-4.03165704805258,"10863900","Rps25"
408.277,1113.55444444444,3.24100847601038,0.0121654952725225,0.0725010975062483,-4.0317536860221,"10902614","Rap1b"
2809.7295,3214.68666666667,3.24057131874374,0.012173378135965,0.0725017196620565,-4.03184312337308,"10940654","Spp1"
47.6544299999999,123.574066666667,3.24048411615814,0.0121749512260854,0.0725017196620565,-4.03186096566379,"10829348","Krtap10-10l1"
43.122315,97.7058333333333,3.24044320555435,0.0121756893063747,0.0725017196620565,-4.03186933646284,"10892212","Cinp"
16.0275,129.535333333333,3.23915347254609,0.0121989819719095,0.0725679208567227,-4.03213329298463,"10755186","Senp2"
186.88975,632.467111111111,3.23810109470722,0.0122180228039192,0.0726663921404103,-4.03234876108653,"10750808","Gng5"
54.1353000000001,200.619333333333,3.23755883223561,0.0122278462747529,0.072710014465832,-4.03245981720467,"10790418","Mapk8"
72.2815000000001,201.378111111111,3.23688574265654,0.0122400513591754,0.0727677778605921,-4.03259769632567,"10834935","Med27"
245.85875,422.054555555556,3.23620441029943,0.0122524189940092,0.07279686160077,-4.03273729713797,"10836815","Hat1"
59.814775,112.007444444444,3.23543642502149,0.0122663753642603,0.0728353434738819,-4.03289469264702,"10798213","E2f3"
1012.75505,1331.92155555556,3.23430393172761,0.0122869864259083,0.0729429021431592,-4.03312687005868,"10760196","Arpc1b"
96.4113,224.564666666667,3.233657197654,0.0122987731847379,0.072993462437095,-4.0332595012529,"10819633","Znhit6"
65.861025,46.0225666666667,3.23356248687995,0.0123005002936201,0.072993462437095,-4.03327892691488,"10890252","Pole2"
118.1819,506.779888888889,3.23312784694441,0.0123084294989952,0.0730206587375413,-4.03336808205917,"10763687","Ubxn4"
13.98447,32.894,3.23267531513021,0.0123166908358389,0.0730221612705269,-4.03346092170943,"10720829","Hamp"
60.3555,247.825666666667,3.23100182538967,0.0123472925774311,0.0731077838178095,-4.03380437636114,"10781029","Kif13b"
87.2958500000001,360.690555555556,3.23074316157474,0.0123520296999222,0.0731210122904817,-4.0338574806,"10839805","Stk35"
256.78295,245.230555555556,3.23018229433507,0.0123623079046108,0.0731669050154244,-4.03397264440191,"10831595","Psmb8"
80.571,172.583333333333,3.22841406287883,0.0123947707972211,0.0732687113195877,-4.03433586659069,"10709788","Akip1"
59.07415,220.118777777778,3.22827638754051,0.0123973021416744,0.0732687113195877,-4.03436415669105,"10798794","Svil"
977.1835,2127.05777777778,3.22824757043789,0.0123978320514581,0.0732687113195877,-4.03437007832178,"10934500","Rps26"
74.5415,240.828555555556,3.22784360780372,0.012405262923419,0.0732876341849875,-4.03445309495987,"10754164","Tmem39a"
66.9875,157.794222222222,3.2271616700391,0.0124178177888404,0.0733368913684668,-4.034593263751,"10816941","Rab13"
1545.5205,4587.73,3.22711805275094,0.012418621263771,0.0733368913684668,-4.03460223019947,"10901251","Rps20"
247.306505,165.323622222222,3.22683562777827,0.0124238251462742,0.0733419147051792,-4.03466029189317,"10806129","Mcm5"
33.398835,112.172866666667,3.2267993959453,0.0124244929101093,0.0733419147051792,-4.03466774094774,"10805016","Cep76"
51.223445,50.7635555555556,3.22643917175254,0.0124311340112881,0.0733662927284386,-4.03474180609509,"10767095","Inhbb"
107.94005,239.316555555556,3.22616065325022,0.0124362713496417,0.0733817877617514,-4.03479907826798,"10718132","Rpl24"
274.27635,1048.644,3.22590594726058,0.0124409714198816,0.0733946969023468,-4.03485145873082,"10800924","Ctnna1"
283.52025,391.934,3.22571567395596,0.012444483740535,0.0734005951940215,-4.03489059161739,"10831816","Bak1"
11.77468,22.3504111111111,3.22422708530874,0.0124719982151477,0.0735183526750049,-4.0351968347944,"10897805","Grap2"
183.60186,180.381966666667,3.22400575458164,0.0124760946761844,0.0735259838369551,-4.03524238218056,"10823184","Exosc8"
158.458441,93.3365577777778,3.22381471109077,0.0124796317116076,0.0735259838369551,-4.03528169963106,"10931457","Uhrf1"
140.1472,139.948444444444,3.22374928779923,0.0124808432206292,0.0735259838369551,-4.03529516458877,"10907415","Krt75"
478.993,1560.42777777778,3.22312333830417,0.0124924408272883,0.0735794690178227,-4.03542400866644,"10752050","Tra2b"
88.888855,99.5849777777778,3.22276573338275,0.0124990716374561,0.0735922199619763,-4.03549762995681,"10856948","Tgfa"
752.5435,1727.04777777778,3.22273488284104,0.0124996438505965,0.0735922199619763,-4.0355039816902,"10713789","Eef1g"
22.39005,131.668333333333,3.22177795095461,0.0125174066570651,0.0736620213882849,-4.03570103583461,"10886269","Flrt2"
106.3556,429.288555555556,3.22128171387092,0.0125266284061409,0.0736620213882849,-4.0358032483792,"10720000","Ltbp4"
538.9196,493.563222222222,3.22059287933928,0.0125394411315131,0.0737225263063037,-4.03594516064816,"10731643","Ppl"
215.27985,690.658333333333,3.21789239716244,0.0125898050459019,0.0739252927305615,-4.03650183834935,"10744568","C1qbp"
74.08295,178.709555555556,3.21593727583946,0.012626401011832,0.0740103690127727,-4.0369051954602,"10810069","Trmt1"
46.291995,56.8279,3.21559841305192,0.0126327552359996,0.0740179124477521,-4.03697513358624,"10809428","Gnao1"
740.66945,772.532222222222,3.21429283594499,0.0126572684315082,0.0741169452712129,-4.03724466998458,"10863282","Tmsb10"
69.04549,100.893844444444,3.21342695417726,0.0126735536545095,0.0741825679148151,-4.037423499098,"10921107","Cdcp1"
58.8998500000001,314.971111111111,3.21287645253181,0.0126839187892495,0.0741972747862852,-4.03753722140944,"10918519","Rnf111"
121.5353,261.251888888889,3.21239854258567,0.0126929243720269,0.0741972747862852,-4.03763596550055,"10800173","Rbbp8"
1108.7395,1740.97611111111,3.21236045247859,0.0126936424196722,0.0741972747862852,-4.03764383625509,"10790712","Tpm4"
85.18265,153.344555555556,3.21234972199689,0.0126938447108186,0.0741972747862852,-4.03764605356857,"10791461","Hpf1"
46.0574,225.187555555556,3.21205449264852,0.0126994117098848,0.0742016095534072,-4.03770706210474,"10724449","Fhip1b"
70.36138,188.440344444444,3.21204100086491,0.01269966617947,0.0742016095534072,-4.03770985030428,"10929874","Hdac4"
28.122675,61.9929666666667,3.21163306815933,0.0127073627675308,0.0742181660825717,-4.03779415950316,"10716468","Nanos1"
171.0662,507.990222222222,3.21162151357287,0.0127075808429186,0.0742181660825717,-4.0377965477139,"10733709","G3bp1"
403.1688,1035.44233333333,3.21091366083732,0.0127209480179342,0.0742542787832274,-4.03794287175731,"10724050","Rpl7a"
264.2606,803.187555555555,3.20995530920229,0.0127390692535187,0.0742980972593921,-4.0381410353942,"10720135","Psmc4"
48.507103,31.0868044444444,3.20898630664578,0.0127574195373453,0.0743605854676787,-4.0383414687785,"10938719","Ercc6l"
80.9956,276.269444444444,3.20857604604312,0.0127651971507508,0.0743614096833569,-4.03842634957647,"10798096","Psmg4"
172.807995,136.897333333333,3.20813383136275,0.0127735861353391,0.0743690012589181,-4.03851785511423,"10784172","Ska3"
30.40767,74.3492,3.20809253708519,0.0127743698002832,0.0743690012589181,-4.03852640067803,"10712196","Pkp3"
147.4921,749.263444444444,3.20705678204048,0.0127940424873264,0.0744291517214609,-4.03874078325493,"10714832","Pten"
1096.492,1876.33777777778,3.20684041339383,0.0127981561288806,0.0744291517214609,-4.03878557743443,"10923620","Rps2"
227.7825,321.096666666667,3.20665163852948,0.0128017462903023,0.0744291517214609,-4.03882466171338,"10795174","H2bc1"
179.90565,280.374666666667,3.20662235747883,0.0128023032587232,0.0744291517214609,-4.03883072434395,"10868881","Col15a1"
118.94185,354.152444444444,3.20617402828326,0.0128108343240829,0.0744491175539604,-4.03892355846625,"10938019","Eif1ax"
25.918125,19.6705666666667,3.20545204396128,0.0128245852449737,0.0744823899068371,-4.03907308800349,"10858599","Clec4d"
158.5529,377.587555555556,3.2054435845365,0.0128247464553852,0.0744823899068371,-4.0390748402506,"10928446","Wdr12"
92.31185,263.633888888889,3.20325022923413,0.0128666171176029,0.0746248466296707,-4.03952933635914,"10904189","St3gal1"
58.48595,192.969555555556,3.20281019923495,0.0128750345185535,0.0746547498264833,-4.03962055901826,"10831060","Flot1"
27.42253,66.8876111111111,3.20246496575909,0.0128816426024803,0.074656808800575,-4.03969213919237,"10828956","Dnah8"
154.76832,158.5573,3.20242801898547,0.0128823500090264,0.074656808800575,-4.03969980018915,"10903864","Atad2"
1266.203,4570.45888888889,3.19798414264617,0.0129677344261673,0.0750378013277914,-4.04062196724441,"10800590","Hspa8"
1218.9535,4299.52111111111,3.19782153626382,0.0129708700171404,0.0750378013277914,-4.0406557374253,"10749854","Hspa8"
32.62796,123.226855555556,3.19769754338564,0.0129732615480492,0.0750378013277914,-4.04068148961696,"10747985","Plcd3"
103.84255,333.497444444444,3.19678442513144,0.0129908877575468,0.0751070245297785,-4.04087117018389,"10743427","Mapk7"
16.836265,21.1520444444444,3.1961153096687,0.0130038199128395,0.0751561551792038,-4.04101020270772,"10925454","Or9s23b"
418.16675,1035.35288888889,3.196078545468,0.0130045308561263,0.0751561551792038,-4.04101784271522,"10782666","Rpl7a"
17.50175,116.328555555556,3.1937997291671,0.0130486784179747,0.0753218911880484,-4.04149159666734,"10714814","Minpp1"
230.4392,950.394222222222,3.19206713376826,0.0130823496111244,0.0754230416657676,-4.04185204539833,"10902630","Cand1"
15.861616,17.5558411111111,3.19201290191776,0.0130834050261336,0.0754230416657676,-4.04186333128288,"10889213","Vsnl1"
203.052,851.819333333333,3.19199938086788,0.0130836681754814,0.0754230416657676,-4.04186614510544,"10788035","Lonp1"
984.5555,2167.56222222222,3.19175136722485,0.0130884960547032,0.0754230416657676,-4.04191776077874,"10742483","Hnrnpab"
12.909985,19.5308111111111,3.19174074273811,0.0130887029148061,0.0754230416657676,-4.0419199720066,"10918833","Ooep"
366.42165,588.045666666667,3.19121750491072,0.0130988946815534,0.075462652184362,-4.04202888130259,"10708154","Sema4b"
996.0805,3852.56444444444,3.19090316743728,0.0131050214481036,0.0754714076932122,-4.04209431857086,"10754880","Gapdh"
813.6605,1410.48388888889,3.19087445313937,0.0131055812702015,0.0754714076932122,-4.04210029653193,"10909521","Rps25"
20.05349,32.1029222222222,3.18892187410178,0.0131437084294887,0.0756313370216824,-4.04250693919466,"10877295","Mup4l4"
741.724000000001,2379.23111111111,3.18833151323445,0.0131552591239874,0.0756828948499741,-4.04262994160453,"10884352","Rpl29"
86.0726500000001,250.663111111111,3.1876371562859,0.0131688582276176,0.0757111141423525,-4.04277464399017,"10711997","Zfp511"
83.42349,58.6534666666667,3.18711138583765,0.0131791653790864,0.07574584642625,-4.0428842365424,"10808536","Cdt1"
68.06655,416.433,3.18686113423371,0.0131840742690497,0.0757519931718468,-4.04293640646851,"10927532","Txndc9"
44.627495,44.9071222222222,3.18634267893142,0.0131942503188657,0.0757519931718468,-4.04304450320906,"10723689","Ddias"
15.439615,25.5139111111111,3.18626412427096,0.0131957928818898,0.0757519931718468,-4.04306088337203,"10779900","Tmem253"
370.8644,1001.11922222222,3.1844121899014,0.0132322140079242,0.075866976343604,-4.04344717677747,"10798536","Rpl7a"
92.0801,211.065888888889,3.18433123371447,0.0132338085470057,0.075866976343604,-4.0434640690208,"10917366","Ddx10"
117.48815,583.107555555556,3.18432145256528,0.0132340012133568,0.075866976343604,-4.04346610997848,"10744853","Pafah1b1"
41.2901,109.605155555556,3.18403874382994,0.0132395712072416,0.0758721833025208,-4.04352510364274,"10785361","Lacc1"
570.6335,1537.83888888889,3.18401172165266,0.0132401037336979,0.0758721833025208,-4.04353074274288,"10755357","Psmd2"
67.9547000000001,217.048888888889,3.18189630731175,0.0132818622750558,0.0760454423622736,-4.04397236019423,"10843333","Nelfb"
131.72505,245.385666666667,3.18119706770981,0.0132956958127736,0.0760928116766039,-4.04411840585454,"10728002","Fam89b"
104.31585,182.3,3.18045870594392,0.0133103197911982,0.076123589693721,-4.04427266112767,"10828884","Pim1"
91.7549000000001,592.046555555556,3.18007540490128,0.0133179181174417,0.076123589693721,-4.04435275424757,"10837105","Plekha3"
139.008455,134.099455555556,3.17985686306677,0.013322252400602,0.076123589693721,-4.0443984246745,"10939564","Apln"
319.3817,873.756222222222,3.17906269832134,0.0133380153646431,0.0761318289667801,-4.04456441671715,"10940559","Ptp4a2"
15.698158,20.4082511111111,3.17903648507568,0.0133385359922294,0.0761318289667801,-4.04456989644723,"10734915","Aloxe3"
21.6391000000001,144.247777777778,3.17725134406423,0.0133740414702719,0.0762359507341509,-4.04494318709833,"10808393","6430548M08Rikl"
42.5084,181.312222222222,3.17705618768603,0.0133779290496023,0.0762432343455098,-4.04498401022066,"10868315","Nfx1"
71.04616,108.190511111111,3.17680062726915,0.0133830216953804,0.0762573816674163,-4.04503747292677,"10805100","C18h18orf54"
18.68627,25.5298888888889,3.17650917831253,0.0133888319948989,0.0762756119147768,-4.04509844921319,"10880277","Tent5b"
69.2511,203.758666666667,3.17551399501849,0.0134086918899697,0.0763589717102483,-4.04530670555946,"10727493","Rad9a"
304.2138,1212.76733333333,3.17538239072116,0.0134113205070872,0.0763590561867168,-4.04533425101202,"10714006","Prrc2c"
18.329515,26.1036111111111,3.17458840169329,0.0134271908665935,0.076429698773331,-4.04550046359116,"10768116","Nr5a2"
140.6153,251.118888888889,3.17308547113031,0.0134572857669382,0.0765441087113949,-4.04581521004975,"10899901","Cdk2"
179.3008,679.275444444444,3.17304497204277,0.013458097707779,0.0765441087113949,-4.04582369370651,"10836794","Dync1i2"
43.526335,47.7885777777778,3.17297289285229,0.0134595429058135,0.0765441087113949,-4.04583879298536,"10719425","Ppm1n"
67.006245,61.6046333333333,3.17174646510652,0.0134841579951658,0.0766041841571407,-4.04609576496824,"10740413","Rmi2"
1050.55075,1029.50844444444,3.16815648326462,0.0135564835011729,0.0769535941242414,-4.04684859612032,"10880436","Sh3bgrl3"
123.1957,510.105444444444,3.16761906317494,0.0135673456920752,0.0769645190360616,-4.04696137527666,"10760468","Wipi2"
152.68025,791.750888888889,3.16760071956664,0.013567716609698,0.0769645190360616,-4.04696522510523,"10832294","Sumo3"
184.7713,194.539777777778,3.16538660499688,0.0136125656287493,0.077099164846507,-4.04743008716836,"10795198","H3cl"
48.4846999999999,190.313555555556,3.16282033995791,0.0136647429535676,0.0773047638740362,-4.0479693292735,"10888801","Gpn1"
57.728785,102.214377777778,3.16258391191669,0.013669560580508,0.0773170460404572,-4.04801903325937,"10877896","Haus6"
153.53525,384.213888888889,3.16174217251075,0.01368672696944,0.0773453846767656,-4.04819602403692,"10754426","Parp9"
226.80005,883.073222222222,3.161451382795,0.0136926625867965,0.0773453846767656,-4.04825717972044,"10820795","Tnpo1"
406.2145,1099.65477777778,3.16139057414428,0.0136939041588458,0.0773453846767656,-4.04826996909992,"10736040","Rpl7a"
354.4965,416.596,3.16137140446566,0.0136942955839021,0.0773453846767656,-4.04827400095512,"10917905","Cd276"
34.185481,33.5197411111111,3.16130012311984,0.0136957511786441,0.0773453846767656,-4.04828899341024,"10791000","Crlf1"
31.38125,175.000222222222,3.16019375807699,0.013718364484392,0.0773868550705079,-4.04852174007997,"10766226","Sde2"
354.9726,945.359,3.15991547846277,0.0137240584967724,0.0773868550705079,-4.04858029589966,"10864730","Rpl7a"
72.9114499999999,504.060888888889,3.15977493672265,0.0137269351329969,0.0773868550705079,-4.0486098709399,"10784101","Zmym5"
11.12287,26.4177777777778,3.15963516631611,0.0137297966102153,0.0773880528980957,-4.0486392850846,"10810152","Mir23a"
238.07345,353.670222222222,3.15724326764799,0.0137788625533842,0.077588665453366,-4.04914287057572,"10919928","Parp3"
359.37975,374.178333333333,3.1570052210933,0.013783755771493,0.077588665453366,-4.04919301112067,"10892939","Prim1"
23.92693,37.8350111111111,3.15657647164592,0.0137925736339404,0.077588665453366,-4.04928333042599,"10842525","Cass4"
175.2391,245.962444444444,3.1564209192628,0.0137957742633038,0.077588665453366,-4.04931610200575,"10808197","Cenpn"
76.6604,170.670888888889,3.15636950325886,0.0137968323652581,0.077588665453366,-4.04932693465058,"10730624","Pcgf6"
485.7457,682.524777777778,3.15634878540918,0.0137972587468418,0.077588665453366,-4.04933129967076,"10717168","Hmgb2"
147.5948,638.558888888889,3.15565900018264,0.0138114627129884,0.0776087847080676,-4.0494766475134,"10816179","Sh3d19"
102.7113,841.238666666667,3.15551938642075,0.0138143394913223,0.0776100219037481,-4.04950607037693,"10844355","Cdk9"
30.10097675,17.1323498888889,3.15530083442623,0.0138188440777058,0.0776204020161692,-4.04955213189608,"10864094","Wnt7a"
30.30774,77.3744666666667,3.15446484703697,0.0138360889122628,0.0776724637745666,-4.04972835467071,"10761227","Stx1a"
30.30774,77.3744666666667,3.15446484703697,0.0138360889122628,0.0776724637745666,-4.04972835467071,"10763171","Stx1a"
607.95105,534.656666666667,3.15412720304186,0.0138430602802283,0.0776966691693737,-4.0497995430414,"10795203","H1f1"
64.40194,119.375644444444,3.15247183722086,0.013877292246653,0.0778439354250617,-4.05014867767323,"10930733","Mcu"
160.9512,548.010666666667,3.15147681454039,0.0138979115247981,0.0778997673226115,-4.05035863445517,"10921527","Rpl7l1"
180.7192,243.653444444444,3.15115336057142,0.0139046212077058,0.0779224254674692,-4.05042690099256,"10908277","Shfl"
105.76885,460.307777777778,3.15078776210133,0.0139122092296738,0.0779350489809567,-4.05050407147437,"10938077","Acot9"
139.45575,347.147333333333,3.15002277433032,0.0139281006902992,0.077968510312755,-4.0506655763901,"10827846","Abcf1"
16.266486,22.9787133333333,3.1498579676489,0.0139315267964873,0.077968510312755,-4.05070037608824,"10874312","Gpr153"
21.491125,49.9875111111111,3.14854979016944,0.0139587534640857,0.0780610688552451,-4.05097667379068,"10814717","Zmat3"
120.09515,774.619222222222,3.14702708488172,0.0139905154771338,0.0781317579830768,-4.05129843797055,"10772967","Dhx15"
63.5944,201.856777777778,3.14608941210234,0.0140101121144075,0.078211068521115,-4.05149666216886,"10910482","Adpgk"
130.12518,126.285733333333,3.14547240042944,0.0140230229169172,0.0782343366672314,-4.05162713337481,"10719990","Itpkc"
42.7661,134.097555555556,3.14533223776352,0.0140259575252263,0.0782343366672314,-4.0516567755521,"10923381","Spats2l"
822.7275,1980.90666666667,3.14477853703261,0.0140375567587045,0.0782769962108786,-4.05177388840954,"10905558","Rpl26"
89.8766000000001,322.207555555556,3.14455178716981,0.0140423097509311,0.0782885566915463,-4.05182185454091,"10743668","Map2k4"
45.1398,170.637333333333,3.14405311626108,0.0140527685364752,0.0783020370064062,-4.0519273553437,"10802621","Mbd1"
67.87952,141.721155555556,3.14364403946862,0.0140613543475814,0.0783200011268339,-4.0520139147417,"10891080","Mideas"
35.72146,137.925244444444,3.14340268747406,0.0140664224919404,0.0783332952115035,-4.05206498978563,"10808431","Irf8"
137.8151,465.206555555556,3.1432401118006,0.014069837496318,0.0783373799537704,-4.052099396525,"10806323","Brd7"
598.08555,837.382,3.14306237409888,0.0140735719855409,0.0783432416131082,-4.05213701428003,"10750876","Hmgb2"
77.251175,130.212555555556,3.14286681663393,0.0140776820935471,0.078351191594758,-4.05217840619571,"10869094","Nipsnap3b"
93.10365,745.485,3.14253669718645,0.0140846232055596,0.0783599661640102,-4.05224828595544,"10849436","Secisbp2l"
28.18685,51.6685888888889,3.14218687046856,0.0140919826085979,0.0783718870245938,-4.05232234599239,"10881931","Phf13"
17.08206,45.0760666666667,3.14209957434223,0.0140938197116383,0.0783718870245938,-4.05234082839747,"10769430","Gorab"
69.1285,203.573777777778,3.14205233525173,0.0140948139394542,0.0783718870245938,-4.05235083012596,"10935475","Hprt1"
150.2939,221.711888888889,3.14107412463771,0.0141154186345337,0.0784267478108157,-4.0525579788607,"10794836","Serpinb6a"
376.72125,186.625916666667,3.14052160698812,0.0141270706624317,0.0784475231900227,-4.05267501232643,"10806122","Hmox1"
712.96115,1284.60322222222,3.14051482986696,0.014127213647659,0.0784475231900227,-4.0526764479838,"10735662","Tax1bp3"
211.13143,144.700211111111,3.1397653310451,0.0141430361291161,0.0785055400866423,-4.05283524151979,"10926930","Mcm3"
381.2901,930.880666666667,3.13957041713019,0.0141471539577419,0.0785134794303709,-4.05287654389404,"10718612","Rpl7a"
22.192285,29.9692777777778,3.1383530553578,0.0141729009433385,0.0785966454363496,-4.05313456602404,"10725480","Palb2"
43.485935,59.0272222222222,3.13718570051253,0.0141976365318543,0.0786853864084281,-4.05338209021329,"10855601","Creb5"
180.6933,520.908333333333,3.13712775732825,0.0141988654959876,0.0786853864084281,-4.05339437897925,"10701797","Sf3b5"
129.37805,315.482555555556,3.13664689012709,0.0142090689129406,0.0786941793973185,-4.05349637216389,"10795391","Stard3nl"
859.8064,1528.40477777778,3.13588606409465,0.0142252284536611,0.0787132172957981,-4.05365777966636,"10869106","Slc44a1"
993.92105,774.998888888889,3.13583780502751,0.0142262541015203,0.0787132172957981,-4.05366801913563,"10777037","Slc34a2"
51.71085,139.7425,3.13559042754575,0.0142315128242711,0.0787264439248554,-4.05372050963124,"10839803","Rpl22l1"
11.104935,18.6575666666667,3.13547184992841,0.0142340342579272,0.0787264439248554,-4.05374567193735,"10899722","Hsd17b6"
702.5645,1579.50888888889,3.13478197213331,0.0142487131250315,0.0787696285041285,-4.05389208505926,"10890299","Rpl10a"
32.55708,124.449233333333,3.1338707057937,0.0142681269631916,0.078815247534751,-4.05408553660141,"10721323","Acp4"
289.4709,442.051333333333,3.13381128895031,0.0142693937584864,0.078815247534751,-4.05409815222124,"10705213","Tgfb1"
90.0693,65.9576,3.13378417327421,0.0142699719168278,0.078815247534751,-4.05410390961439,"10872032","Clspn"
98.2395500000001,451.638222222222,3.13363666335295,0.0142731175429798,0.078815247534751,-4.0541352309057,"10831114","RT1-CE4"
186.3693,273.353,3.13345078862418,0.0142770823298798,0.0788153218414793,-4.05417470058093,"10845124","Rnd3"
25.39227,77.4327333333333,3.13326008860809,0.0142811512445144,0.0788228891851964,-4.05421519749406,"10886097","Ift43"
73.5081,245.965666666667,3.13243685383189,0.014298730365973,0.0788344185011458,-4.05439004934919,"10779031","Camk2g"
396.43165,1040.92144444444,3.13239239856627,0.0142996802976673,0.0788344185011458,-4.05439949287594,"10716466","Rpl7a"
257.8625,643.796555555556,3.13222405289892,0.0143032781525666,0.0788344185011458,-4.05443525544908,"10865855","Fkbp4"
51.4418999999999,478.122666666667,3.13209641678709,0.0143060066035056,0.0788344185011458,-4.05446237124586,"10871597","Foxj3"
1040.811,2348.67666666667,3.12960608434388,0.0143593514570638,0.078982171882515,-4.05499166965593,"10767371","Rps26"
1040.811,2348.67666666667,3.12960608434388,0.0143593514570638,0.078982171882515,-4.05499166965593,"10899868","Rps26"
743.31085,1322.06777777778,3.12616605559159,0.0144333833831256,0.0792359390160977,-4.05572355924947,"10709779","Rpl27a"
36.6829,106.036111111111,3.12610767477726,0.0144346432341915,0.0792359390160977,-4.05573598759092,"10779975","LOC290071"
36.6829,106.036111111111,3.12610767477726,0.0144346432341915,0.0792359390160977,-4.05573598759092,"10783410","LOC290071"
29.614747,21.4974377777778,3.12490447890122,0.014460633789263,0.0793041027819653,-4.05599218393249,"10824140","Fcrl2"
490.3205,3101.27222222222,3.12469440554137,0.0144651766765134,0.0793141275202071,-4.0560369256201,"10939754","Ftl1"
65.316505,88.6290777777778,3.12241628683655,0.0145145378959794,0.0795399943900097,-4.05652232830783,"10917748","C8h15orf39"
17.786955,36.9041333333333,3.12100795220681,0.014545141470944,0.0796778104129302,-4.05682259339425,"10892279","Xrcc3"
936.2675,2774.41888888889,3.11799782184613,0.0146107799544029,0.0799324579752669,-4.05746485431057,"10760811","Rpl31"
473.11475,1129.09122222222,3.11685295944854,0.0146358262237033,0.0800418771736499,-4.05770930259458,"10879392","Rps27a"
130.83695,455.143555555556,3.11653863617707,0.01464271058808,0.0800523314238741,-4.05777643283307,"10712648","Mrpl21"
235.69425,476.185,3.11649565066348,0.0146436523286501,0.0800523314238741,-4.05778561383767,"10937174","Fus"
171.7181,717.611555555556,3.11586576282793,0.0146574594095399,0.0801113642658263,-4.05792016302438,"10809459","Trappc2l"
25.21572,41.7439666666667,3.11528801138792,0.0146701356809441,0.0801521121718908,-4.05804360083382,"10710106","Calcb"
218.2254,640.931666666667,3.11482329002664,0.014680340343526,0.0801928688847736,-4.05814290715446,"10919414","Zbtb38"
79.9161,199.778666666667,3.1138830361372,0.0147010098614523,0.0802715134460755,-4.05834387809664,"10787588","Ddx49"
10.343669,10.9502622222222,3.11319195868916,0.0147162212300146,0.0803183554806276,-4.05849163079948,"10937013","Kcnd1"
36.94497,94.6069666666667,3.11302910834305,0.0147198081482604,0.0803183554806276,-4.05852645334446,"10759198","Cmklr1"
19.89254,50.1551888888889,3.11260252547835,0.0147292083514901,0.0803284754592373,-4.05861767937661,"10810736","Lcat"
929.311500000001,4997.05333333333,3.11257061480441,0.014729911790071,0.0803284754592373,-4.05862450410284,"10818821","Gapdh"
111.23874,153.6337,3.11193906189591,0.0147438409926984,0.0803597200556864,-4.05875958937998,"10790739","Haus8"
387.075,1419.96333333333,3.11165749728295,0.0147500554902238,0.0803783102203688,-4.05881982367183,"10842964","Ppdpf"
133.9855,261.931111111111,3.11093033045229,0.014766117729524,0.0804058459180457,-4.05897541103126,"10874245","Nol9"
30.441832,31.3528711111111,3.11026648341072,0.0147807973394352,0.0804258173727434,-4.05911748385324,"10701679","Raet1e"
144.8313,574.082666666667,3.10937281743433,0.0148005831113856,0.0804355440250699,-4.05930879188898,"10867109","Nufip2"
27.385355,53.5800888888889,3.10929457618207,0.0148023166960511,0.0804355440250699,-4.05932554384536,"10810685","Gfod2"
78.772525,116.090311111111,3.10923412550401,0.0148036562424149,0.0804355440250699,-4.05933848703027,"10865663","Tapbpl"
46.285922,36.8952488888889,3.10906679591016,0.0148073648171023,0.0804355440250699,-4.05937431560651,"10741463","Chtf18"
22.048325,34.4537555555556,3.1085642174789,0.0148185094725098,0.080481118373285,-4.05948193984424,"10742987","H2bc27"
484.8735,2438.49333333333,3.10805430344504,0.0148298257905293,0.0805126427512587,-4.05959115374879,"10940485","RT1-CE7"
43.99491,104.526633333333,3.10727350226919,0.0148471713754542,0.0805618990643611,-4.05975842321609,"10705364","Sertad1"
520.1003,705.598888888889,3.10682692671527,0.0148571016696735,0.0805945858479102,-4.05985411215004,"10907086","Tuba1a"
108.883825,82.4293111111111,3.10571665119503,0.0148818205666349,0.0807049389332973,-4.06009207676181,"10867919","Mms22l"
283.05235,888.903444444444,3.10404760582946,0.0149190609984305,0.0808318709213928,-4.06044997100146,"10803728","Reep5"
223.0903,206.240944444444,3.10323346670556,0.0149372618738683,0.0809061645193237,-4.06062462086058,"10916016","St3gal4"
97.63222,84.5335777777778,3.102281923723,0.0149585640753651,0.0809858211448697,-4.06082880788607,"10812823","Cenpk"
1237.552,4588.11111111111,3.09974159105499,0.0150155907872725,0.0812493923429114,-4.06137424860344,"10909347","Hspa8"
22.942246,21.5009577777778,3.09929158680885,0.0150257164720755,0.0812656348244502,-4.06147091905602,"10716592","Raet1e"
28.02102,80.6027666666667,3.09899023802602,0.015032501218297,0.0812656348244502,-4.06153566340815,"10935930","Dusp9"
46.07838,118.0279,3.09829349577172,0.0150482003961507,0.0813282608036537,-4.06168538280134,"10778673","Mix23"
575.27,2442.91555555556,3.09779015349469,0.0150595525343131,0.0813366181803331,-4.06179356545552,"10713176","Fau"
48.303845,45.1815555555556,3.09723570731451,0.0150720676427338,0.0813891652707623,-4.0619127531581,"10785479","Diaph3"
451.8861,998.441666666667,3.09523406235271,0.0151173401661743,0.0815629041449132,-4.06234322735492,"10937805","Rbbp7"
444.8144,1207.72888888889,3.09504474041585,0.0151216295618293,0.0815629041449132,-4.06238395807834,"10740477","Rpl7a"
200.5946,466.320555555556,3.09497591401603,0.0151231892519397,0.0815629041449132,-4.06239876603781,"10807583","Utp4"
48.269285,64.6077555555556,3.09426546101892,0.0151392988455682,0.0816315017486951,-4.06255163974717,"10931017","Sema6b"
66.3590000000001,258.367888888889,3.0936473730179,0.0151533286928441,0.0816506103813128,-4.06268466846894,"10773999","Dbnl"
147.4288,367.206111111111,3.09305627656836,0.0151667586199807,0.0816873170838727,-4.06281191393574,"10857296","Tmem43"
145.473845,135.696822222222,3.09294784871624,0.0151692234949,0.0816873170838727,-4.06283525798679,"10714106","Fam111a"
52.45045,223.614111111111,3.0903040470188,0.0152294548398295,0.0819512421607626,-4.06340472219289,"10798856","Cul2"
241.11605,454.444888888889,3.08942527521492,0.0152495305920189,0.0820139518989765,-4.06359411885541,"10794691","Txndc5"
140.62634,191.608755555556,3.08899919323361,0.0152592745238989,0.0820361512589588,-4.06368597012326,"10712687","C1h11orf24"
173.7731,607.885888888889,3.08803583560775,0.0152813293130865,0.0821196171217477,-4.06389369164438,"10710782","Il4r"
338.3002,426.836444444444,3.08780685503091,0.0152865764328092,0.0821196171217477,-4.06394307494186,"10767921","Elf3"
82.76185,310.037444444444,3.08778126603385,0.015287162925342,0.0821196171217477,-4.06394859385275,"10811493","Emc8"
78.50245,229.496777777778,3.08770746422238,0.015288854574012,0.0821196171217477,-4.06396451133707,"10785054","Polr3d"
16.52584,40.6639777777778,3.08496992527827,0.0153517419488936,0.0823968012667607,-4.06455522079522,"10892343","Gpr132"
190.3757,431.961222222222,3.08463677009459,0.015359413755512,0.082407720339201,-4.06462714669849,"10789059","Gpat4"
74.86694,108.628255555556,3.08408529406619,0.0153721218290038,0.0824492033881467,-4.0647462243411,"10767597","Tmcc2"
59.55527,70.4843888888889,3.08405612772684,0.0153727942375312,0.0824492033881467,-4.06475252270961,"10795400","Haus6"
55.399395,79.1760333333333,3.08255777509124,0.0154073791681708,0.0825589095779421,-4.06507617010029,"10734866","Tmem107"
9.5014,13.7993944444444,3.08237719115046,0.0154115529052508,0.0825661299420497,-4.0651151876683,"10788316","Zfp42"
39.469265,71.6245555555556,3.08187112682993,0.0154232556064625,0.0826136760702593,-4.06522454227505,"10895140","Galnt4"
19.903055,40.3097222222222,3.08151623195988,0.0154314680813472,0.0826161681285418,-4.06530124205896,"10868165","Srsf12"
200.462,788.965222222222,3.08138297006512,0.0154345530231488,0.0826161681285418,-4.06533004495457,"10799133","Smarca5"
81.62835,211.874666666667,3.08128188030071,0.0154368936284638,0.0826161681285418,-4.06535189510904,"10725407","Usp31"
420.9235,1465.38111111111,3.07966739401013,0.015474325471972,0.0827355315406643,-4.06570096090567,"10795511","Rbbp4"
122.38095,489.986333333333,3.07950491988751,0.0154780976974667,0.0827405573895317,-4.06573609972801,"10868529","Creb3"
145.11365,880.615555555556,3.07683060902111,0.0155403269032465,0.0829972779070278,-4.06631475839813,"10857673","Setd5"
647.578,3026.63444444444,3.07666793109627,0.0155441207464524,0.0830023658356537,-4.06634997493914,"10818184","Prdx1"
181.10003,210.906622222222,3.07576583165269,0.0155651764031893,0.0830692479800458,-4.0665452965711,"10924507","Des"
122.6056,73.1761777777778,3.07450508722602,0.0155946531823457,0.0831961647313821,-4.06681837103779,"10712174","B4galnt4"
108.53375,557.822222222222,3.07408903305911,0.015604393550777,0.0832310898801563,-4.06690851288521,"10724819","Dennd5a"
105.1738,247.811111111111,3.07379265909482,0.0156113359381386,0.0832395634416464,-4.06697273264597,"10930821","Gtf2f1"
161.2445,599.791222222222,3.07321868735748,0.0156247900963772,0.0832960981524751,-4.06709712186145,"10881468","Rex2l1"
745.3312,785.940111111111,3.07276366463319,0.0156354646692431,0.0833289382312073,-4.06719574991755,"10795265","H2ac1"
271.0594,698.143444444444,3.07209770651678,0.0156511014435796,0.0833755064866401,-4.06734012630687,"10741408","Ube2i"
588.6112,1061.17377777778,3.07081181281375,0.0156813407594633,0.0834875071611195,-4.06761899313313,"10723884","Serpinh1"
48.82525,182.001111111111,3.07071766440486,0.0156835571746499,0.0834875071611195,-4.06763941547369,"10815032","Afg2a"
129.8508,346.859666666667,3.06978438370707,0.0157055459656739,0.0835588817776722,-4.06784189438812,"10750080","Bach1"
38.1463,153.350111111111,3.06917317860734,0.0157199639155252,0.0835747089769162,-4.06797453215355,"10933651","Sms"
167.31785,910.184888888889,3.06853754409507,0.0157349728499645,0.0836392825398224,-4.06811250024762,"10863904","Sec61a1"
1199.585,3295.35888888889,3.06837258780108,0.0157388703372257,0.0836402152922315,-4.06814830976661,"10812156","Rpl17"
10.816725,26.6373333333333,3.06764476645593,0.0157560789377912,0.0836601399652183,-4.06830633247544,"10728044","Tigd3"
414.6237,655.992,3.06633352295752,0.0157871317279724,0.0837945614645686,-4.06859112379947,"10753214","Rcan1"
845.2685,2923.26888888889,3.06533382535478,0.0158108495740709,0.0838899672097545,-4.06880833415184,"10938950","Rpl19"
94.99198,129.175677777778,3.06460372833933,0.0158281947221156,0.0839515033790639,-4.06896701280374,"10930531","Tipin"
15.10438,26.1155777777778,3.06421962068881,0.0158373280905162,0.0839694560501527,-4.06905051003353,"10877307","Mup4l4"
117.233925,114.252666666667,3.06379871698627,0.0158473427399425,0.0839906110090829,-4.06914201833622,"10867614","Ccne2"
14.46411,42.6556333333333,3.06365719835412,0.0158507114120507,0.0839906110090829,-4.06917278867968,"10900495","Plk5"
861.7355,2871.92555555556,3.0635687103291,0.0158528181387035,0.0839906110090829,-4.06919202934019,"10827609","Dstnl1"
21.590295,51.5950666666667,3.06308811487855,0.0158642652986608,0.0840081355649864,-4.0692965390346,"10934952","Armcx4"
138.318385,116.420577777778,3.06296633195077,0.0158671673846116,0.0840081355649864,-4.06932302447521,"10853396","Steap1"
118.83314,97.0544888888889,3.06227954005813,0.0158835440416595,0.0840635090541231,-4.06947240873185,"10750391","Chaf1b"
174.13735,609.740777777778,3.06146111622239,0.0159030826024991,0.0841348899359303,-4.06965046920689,"10725618","Xpo6"
64.6628000000001,339.196222222222,3.06146081950264,0.0159030896907718,0.0841348899359303,-4.06965053377161,"10816088","Plrg1"
1028.4293,1454.44288888889,3.0603992722428,0.015928469952396,0.084240540669428,-4.06988156222562,"10726682","Ifitm3"
907.2375,3940.21666666667,3.05814790925582,0.0159824376959562,0.0844419757273373,-4.07037180669191,"10861024","Rps4x"
324.96555,765.257333333333,3.05740660726316,0.016000249427355,0.0845111709945304,-4.0705333094631,"10742690","Rpl7a"
19.55811,64.6976333333333,3.05678674289031,0.0160151592573644,0.0845291688905458,-4.07066838616273,"10874198","Tnfrsf9"
18.718909,23.8826311111111,3.05660935205412,0.0160194287824965,0.0845291688905458,-4.070707047146,"10781982","Mir19b1"
128.8245,486.936333333333,3.05654335230523,0.0160210175993343,0.0845291688905458,-4.07072143187508,"10859264","Ddx47"
28.245395,78.2177888888889,3.05581529247531,0.0160385551908267,0.0845606120456256,-4.07088013452616,"10810811","Slc7a6os"
121.37525,638.018555555556,3.05545505168675,0.0160472401461657,0.0845911356243385,-4.07095867419688,"10825962","Gnai3"
58.1225,178.202222222222,3.05447920081832,0.0160707914366999,0.0846247371761252,-4.07117147668999,"10768138","Ptprc"
16.74568,45.9565444444444,3.05447078128642,0.0160709947919882,0.0846247371761252,-4.07117331302833,"10771267","Mapk10"
34.68885,37.3114666666667,3.05300174606876,0.0161065173851789,0.0847373665749813,-4.07149379548286,"10731970","Pkmyt1"
186.54,401.039666666667,3.05250824952856,0.0161184690133944,0.0847677684531603,-4.07160149125391,"10807177","E2f4"
123.34985,265.771555555556,3.05226761079692,0.0161243002322562,0.0847729205075752,-4.07165401229876,"10704372","Nsd2"
145.20538,108.229744444444,3.05222833219351,0.0161252522509959,0.0847729205075752,-4.07166258552298,"10911010","Pclaf"
13.33909,45.9446444444444,3.05200073174349,0.0161307698962288,0.0847785089737679,-4.07171226541362,"10840007","Hspa12b"
94.3424000000001,371.691555555556,3.05180762496594,0.0161354528722399,0.0847785089737679,-4.07175441910043,"10707156","Zdhhc13"
436.13685,652.264,3.05170578233589,0.0161379232013118,0.0847785089737679,-4.07177665163925,"10824305","Sema4a"
39.06015,262.860666666667,3.04966776815115,0.0161874412842269,0.0849745037784446,-4.07222171507868,"10796094","Tasor2"
57.59179,64.9673111111111,3.04953530009461,0.0161906653902295,0.0849745037784446,-4.07225065406502,"10750329","Cbr3"
1314.13785,1155.28666666667,3.0489530574126,0.0162048444176637,0.085023046842246,-4.07237786604662,"10779673","Lgals3"
1115.563,3656.45777777778,3.0483823767415,0.0162187544957037,0.0850519842440218,-4.07250257589095,"10839400","Rpl32"
17.43605,37.7953555555556,3.04825637201784,0.0162218274868112,0.0850519842440218,-4.0725301146843,"10931511","Fsd1"
62.30181,166.551133333333,3.04814998968166,0.016224422403492,0.0850519842440218,-4.07255336583495,"10817324","Vps72"
411.5347,1138.59411111111,3.04814952269468,0.0162244337953662,0.0850519842440218,-4.07255346790244,"10803274","Rpl7a"
71.44177,68.8491777777778,3.04784975042133,0.0162317482926199,0.0850725322247214,-4.07261899122283,"10811476","Gins2"
119.24785,686.768444444444,3.04741484353386,0.0162423662355512,0.0850845153181236,-4.07271406351646,"10810940","Ist1"
437.04755,965.823555555556,3.04739822847009,0.016242772024686,0.0850845153181236,-4.07271769590605,"10892316","Akt1"
10.849031,15.5092355555556,3.04598714632928,0.0162772735832738,0.0852041337505395,-4.07302626054932,"10708464","Or14c40"
69.9033000000001,221.208333333333,3.04573191312724,0.0162835223309556,0.085221573159537,-4.07308208850851,"10891364","Alkbh1"
724.853000000001,4578.88888888889,3.04525654182163,0.0162951673040495,0.0852654324578032,-4.0731860806367,"10868252","Gapdh"
516.5207,768.250555555556,3.044800849172,0.016306338399501,0.0852798728970679,-4.07328578334523,"10773168","Hmgb2"
564.30425,701.811888888889,3.04372342119595,0.0163327829397553,0.0853691389692017,-4.07352157812862,"10806585","Junb"
13.562045,28.8191555555556,3.04346499896995,0.0163391323613148,0.0853691389692017,-4.0735781463486,"10844379","Cfap157"
143.2103,298.857222222222,3.04327255676448,0.0163438623350019,0.0853691389692017,-4.07362027481115,"10706635","Nup62"
130.3512,272.666666666667,3.04313060117729,0.0163473523330476,0.0853721042291121,-4.07365135273356,"10775553","Enoph1"
192.1838,352.439222222222,3.04237297180963,0.0163659919504403,0.0854227747604472,-4.07381724318612,"10909994","Poglut3"
12.115565,35.2659555555556,3.04208538636253,0.0163730731091842,0.0854227747604472,-4.07388022383458,"10925462","Or9s14b"
105.684515,81.3222555555556,3.04204468457413,0.0163740755601147,0.0854227747604472,-4.07388913793386,"10810230","Asf1b"
276.192250000001,1037.36011111111,3.04123221654879,0.0163940994089527,0.0854787114283676,-4.0740671018589,"10718803","U2af2"
388.07435,513.446888888889,3.04061460383805,0.0164093380524943,0.085499330792271,-4.0742024166786,"10828357","Psmb9"
1597.76,4773.98555555556,3.04056132484422,0.0164106533239764,0.085499330792271,-4.07421409105446,"10911999","Rps20"
102.6004,499.019777777778,3.04053296024645,0.0164113535914037,0.085499330792271,-4.07422030632718,"10713655","Hnrnpul2"
83.19807,73.5978,3.03954303056021,0.0164358126514377,0.0855819283458457,-4.07443725726963,"10798507","H2ac4"
77.9973500000001,625.627888888889,3.03948161260816,0.0164373314146827,0.0855819283458457,-4.07445071985697,"10705524","Paf1"
44.8202,321.406888888889,3.03929136229351,0.0164420369188228,0.085591173654043,-4.07449242376741,"10874701","Ankrd65"
148.14135,298.856,3.03898008589389,0.0164497388283066,0.0856007606216867,-4.07456066295431,"10713061","Efemp2"
82.5508500000001,424.187666666667,3.03846444355114,0.0164625056697389,0.0856519395611312,-4.0746737195723,"10841619","Manbal"
332.13155,1142.01822222222,3.03803816892443,0.0164730676743408,0.0856916308828691,-4.07476719661619,"10769310","Prrc2c"
435.8893,1146.18677777778,3.0369145523092,0.0165009420334186,0.0858067308225012,-4.07501365615126,"10834590","Rpl7a"
35.793775,54.8492444444444,3.03676086772645,0.0165047584311384,0.0858067308225012,-4.075047373238,"10821840","Skp2"
30.118225,68.3468777777778,3.03651269626408,0.0165109231395933,0.0858067308225012,-4.07510182357923,"10718881","Brsk1"
9.8377,13.9227111111111,3.03643646828514,0.0165128171658829,0.0858067308225012,-4.07511854936772,"10842500","Dok5"
188.8204,302.952777777778,3.03544750467203,0.0165374104257356,0.0858496040650411,-4.07533558419562,"10798135","Serpinb9"
122.15791,96.1434444444444,3.03540984004767,0.016538347815802,0.0858496040650411,-4.07534385136593,"10761810","Kntc1"
100.58125,264.078777777778,3.0348820045313,0.0165514903360135,0.0858623913815094,-4.07545971914412,"10726860","Chid1"
315.045,1427,3.03466710856263,0.0165568441369455,0.0858623913815094,-4.07550689784237,"10902885","Tspan31"
644.22835,1309.42811111111,3.03463345101313,0.0165576828268492,0.0858623913815094,-4.07551428739454,"10880408","Hmgn2"
85.36515,472.110666666667,3.03454788043294,0.0165598153028849,0.0858623913815094,-4.0755330748822,"10893444","Sirt6"
826.628,2148.12222222222,3.03407357213893,0.0165716405934114,0.0858832549753273,-4.07563722154541,"10795105","Rpl37l1"
109.174301,99.2957355555556,3.03273579474236,0.0166050412142114,0.0859953331026365,-4.0759310536575,"10834138","Nrarp"
105.7739,221.835222222222,3.03238877508622,0.0166137168376523,0.0860198933645082,-4.07600729508529,"10747531","Cavin1"
382.78845,1167.933,3.03222708758969,0.0166177607056756,0.0860198933645082,-4.07604282139312,"10879502","Cap1"
36.062145,102.4602,3.0309043244971,0.0166508822220519,0.0860715789879315,-4.07633353326014,"10701717","Katna1"
813.271000000001,2941.98777777778,3.0308610809171,0.0166519661907573,0.0860715789879315,-4.07634303932604,"10890572","Rpl23a"
484.52045,700.258222222222,3.03046699633856,0.0166618479456167,0.086075904511276,-4.07642967567612,"10787784","Hmgb2"
26.975464,23.1806811111111,3.03046697705839,0.0166618484292211,0.086075904511276,-4.07642967991499,"10727728","Cnih2"
827.8909,1442.58711111111,3.03007292739493,0.016671735441645,0.0861083806225334,-4.07651631992259,"10783805","Psme2"
103.8625,519.444111111111,3.02951159778386,0.0166858302357165,0.0861084339350329,-4.07663975947256,"10721028","Lsm14a"
36.80869,105.551977777778,3.02919350098457,0.0166938230691496,0.0861344661148248,-4.07670972096241,"10927379","Sema4c"
16.76765,40.6212888888889,3.02824813855712,0.016717600878519,0.0862211887753383,-4.07691768542065,"10865420","Clstn3"
363.3345,1639.08,3.0282021339508,0.0167187588923745,0.0862211887753383,-4.07692780735495,"10767230","Actr3"
76.61511,143.9353,3.02795005604439,0.0167251056095598,0.0862211887753383,-4.0769832722824,"10931168","Glrx-ps16"
83.7747,164.801,3.0278770446989,0.016726944330704,0.0862211887753383,-4.07699933790025,"10927712","Tex30"
37.586331,23.02448,3.02782166791234,0.0167283390832689,0.0862211887753383,-4.07701152342056,"10841192","Bpifb1"
11.356735,18.4521777777778,3.02749932819632,0.0167364601372132,0.0862359352563308,-4.077082457894,"10798226","Prl5a1"
358.85055,919.506333333333,3.02745293854358,0.0167376292213682,0.0862359352563308,-4.0770926670821,"10779598","Rpl7a"
78.86737,121.158744444444,3.02622331249334,0.0167686486715121,0.0863375576823323,-4.07736333390155,"10940605","Cchcr1"
228.2008,695.219777777778,3.02591637491807,0.0167764010764916,0.0863622521671589,-4.07743091459409,"10927041","Ogfrl1"
1166.4295,4251.89111111111,3.02479942449183,0.0168046438435279,0.0864447984504688,-4.07767689978261,"10915968","Rpl32"
287.06015,1142.90488888889,3.02458030199137,0.0168101903196109,0.0864447984504688,-4.07772516765685,"10843735","Entr1"
128.4735,504.129333333333,3.02374008725351,0.0168314757652497,0.0865390237602966,-4.07791028099085,"10776938","Pgm2"
131.6992,713.711777777778,3.02359700427255,0.0168351033423753,0.0865397387293369,-4.07794180969457,"10856187","C17h6orf62-ps1"
10.991402,18.8403155555556,3.02338413852763,0.0168405016319669,0.0865397387293369,-4.07798871797526,"10859671","Bmal2"
156.30915,328.406333333333,3.02324512909886,0.0168440278973038,0.0865426364741175,-4.07801935265193,"10827870","Mrps18b"
102.76205,434.218222222222,3.02310411141099,0.0168476058951962,0.0865457989488769,-4.07805043134661,"10940623","Impact"
1140.244,3965.85111111111,3.02244420370971,0.0168643600915939,0.0865911800989819,-4.07819588678695,"10881303","Hspa8"
12.656685,47.4542333333333,3.02162079704925,0.0168852897458571,0.0866479632242175,-4.07837742488868,"10703774","Or6al1"
45.13995,137.882,3.01965328329357,0.0169354107845946,0.0868129578986898,-4.07881140694403,"10920352","Trex1"
66.15032,84.1659222222222,3.019444251227,0.0169407448630714,0.0868129578986898,-4.07885753055194,"10784729","Cdca2"
498.027,1286.99333333333,3.01942580668201,0.0169412156151308,0.0868129578986898,-4.07886160055412,"10837778","Psmc3"
34.102079,49.1469255555556,3.01882520059899,0.0169565520969526,0.0868337846390485,-4.0789941448014,"10744425","Alox15"
65.1377,250.409888888889,3.01861663021726,0.0169618813382471,0.0868337846390485,-4.07904017913932,"10773809","Sf3a1"
58.2463000000001,363.292444444444,3.01856840195598,0.0169631138815311,0.0868337846390485,-4.07905082422864,"10754410","Kpna1"
12.13937,12.7911555555556,3.01825115517184,0.0169712239179462,0.086844865219632,-4.07912085214033,"10907501","Krt4"
34.73467,74.1804111111111,3.01795052507427,0.0169789129090029,0.086868995047918,-4.07918721892325,"10914028","Osbpl10"
485.972,2123.73555555556,3.01695847382581,0.0170043117071817,0.0869436612206714,-4.07940626990884,"10782162","Rpl21"
63.087955,107.663811111111,3.01690731020892,0.0170056226901701,0.0869436612206714,-4.07941756909632,"10707597","Atp10a"
45.60274,53.5695444444444,3.0168736589126,0.01700648500653,0.0869436612206714,-4.07942500089373,"10721361","Mybpc2"
226.2269,429.958888888889,3.01679943315385,0.017008387207371,0.0869436612206714,-4.07944139374318,"10901904","Elk3"
70.4394000000001,366.515,3.01637320852435,0.0170193144715095,0.0869842989801745,-4.07953553375729,"10940591","Sh3gl1"
25.984815,38.5408666666667,3.01419022970685,0.0170753953831554,0.0871641797524902,-4.08001789502386,"10893375","Or6c207"
907.2425,2220.95888888889,3.01339238093843,0.0170959403531681,0.0872233324270789,-4.08019427823083,"10751767","Rps26"
252.83575,791.787444444444,3.01284285651579,0.0171101058819431,0.0872651245172985,-4.08031579052977,"10760954","Gnb2"
13.586925,31.4886333333333,3.01144884194416,0.0171460955622552,0.0873902229434769,-4.08062413760433,"10709452","Or52a20"
59.724096,47.5322466666667,3.01142934411347,0.0171465995040737,0.0873902229434769,-4.08062845140509,"10876295","Cd72"
321.99756,270.493466666667,3.01085096809854,0.0171615552786171,0.0874206932710586,-4.08075642692083,"10798492","Hist1h2al1"
115.530645,109.036933333333,3.00889289457373,0.017212288852178,0.087572240774561,-4.08118986518706,"10801821","Lmnb1"
64.198135,72.3414444444444,3.0085357795217,0.0172215585685048,0.0876041462685527,-4.08126894618483,"10771389","Hpse"
528.2825,1774.82222222222,3.00818655370148,0.0172306285472494,0.0876197706491459,-4.08134628916107,"10930338","Rpl29"
583.7135,2113.97222222222,3.00771687898688,0.0172428346564658,0.0876361459772302,-4.0814503219669,"10860912","Rpl29"
29.9157,124.218666666667,3.00760098336443,0.01724584799148,0.0876361459772302,-4.08147599528845,"10786454","Dcp1a"
11.32677,27.8701,3.00681523145849,0.0172662923888125,0.087708559837707,-4.08165008174042,"10905312","Sstr3"
257.9723,950.026555555556,3.00670720517177,0.0172691050929859,0.087708559837707,-4.08167401891622,"10778555","Sec61g"
118.70605,514.276444444444,3.00593725326807,0.0172891663710952,0.0877373336432476,-4.08184465459696,"10914811","Yap1"
970.224,2266.56666666667,3.0059134584395,0.017289786738693,0.0877373336432476,-4.08184992866334,"10801783","Rpl15"
106.749,705.67,3.00530526706008,0.0173056511154753,0.0877675980691985,-4.08198474684264,"10846832","Zdhhc5"
10.69279,19.1873111111111,3.00516136020843,0.0173094070803235,0.0877675980691985,-4.08201665071783,"10810562","Matcap1"
91.56915,240.833,3.00499398904844,0.0173137765342915,0.0877675980691985,-4.08205375848673,"10924392","Ttll4"
104.80305,398.120333333333,3.0046871477705,0.0173217900403049,0.0877929865089291,-4.08212179340958,"10924326","Cnot9"
776.26,1961.74444444444,3.00369510230284,0.0173477249527208,0.0878637486616915,-4.08234180346028,"10749675","Arhgdia"
199.359,420.142,3.00361638942141,0.0173497844694045,0.0878637486616915,-4.0823592630191,"10940594","Ctsz"
233.97495,247.994666666667,3.00357797953497,0.0173507895539569,0.0878637486616915,-4.08236778300441,"10720859","Fxyd5"
52.76038,61.2529777777778,3.00291706393797,0.0173680934883404,0.0879208946748185,-4.0825144025217,"10929995","Pask"
27.02728,41.8708444444444,3.001774084229,0.0173980612705386,0.0880325354827777,-4.08276803984002,"10742230","Lsm11"
166.00845,500.270333333333,3.00111479487028,0.017415371736193,0.0880686636491503,-4.08291438534612,"10731348","Rrn3"
53.59725,226.65,3.00040291980711,0.0174340831074718,0.0881138674246845,-4.08307243916282,"10879867","Ncdn"
75.16174,146.647977777778,3.00035320255682,0.0174353906911746,0.0881138674246845,-4.08308347899996,"10850066","Cenpb"
166.1677,341.854111111111,3.00020110944555,0.0174393914373083,0.0881138674246845,-4.08311725276769,"10719243","Sae1"
111.1335,311.798666666667,2.9989404058447,0.0174725906604142,0.0882340554685164,-4.08339726936645,"10923104","Wdr75"
20.6970764,21.1382992222222,2.99880903059136,0.0174760540771191,0.0882340554685164,-4.08342645597693,"10818983","Tifa"
67.92406,127.265211111111,2.9987246014547,0.0174782802422231,0.0882340554685164,-4.08344521360143,"10852600","Rgs19"
70.931,307.714888888889,2.99714040354587,0.0175201061652707,0.0883613783386333,-4.0837972713695,"10876052","Bag1"
117.56665,343.417444444444,2.99621935697677,0.0175444716392077,0.0884612002878519,-4.08400204059882,"10928254","Orc2"
62.2451000000001,241.942888888889,2.99534839221958,0.0175675447983899,0.0885451377688156,-4.08419573247366,"10725955","Cd2bp2"
33.77683,97.3253444444444,2.99515774769196,0.0175725994830825,0.0885451377688156,-4.08423813686224,"10772634","Phox2b"
63.47975,250.234222222222,2.9941038275428,0.0176005701855714,0.0886216920719206,-4.08447260445729,"10829639","Smarcb1"
62.19365,252.843222222222,2.99375732677427,0.0176097763569573,0.0886284276480653,-4.08454970883976,"10711433","Sec23ip"
37.443555,75.0768,2.9933354542932,0.0176209918662137,0.0886449518323601,-4.08464359698775,"10714973","Hectd2"
141.1825,630.589777777778,2.99324507257423,0.0176233956405267,0.0886449518323601,-4.08466371322017,"10903061","Shmt2"
27.501675,64.5777666666667,2.99276450382688,0.0176361825036045,0.0886939982200556,-4.08477068327538,"10781927","Slain1"
184.69765,687.483444444444,2.99055501729683,0.0176950967942726,0.0889137526226145,-4.08526271093166,"10908674","Septin7"
993.52815,576.216666666667,2.98971556393588,0.0177175340180504,0.0889805808498064,-4.08544974108334,"10738469","Rdm1"
23.29541,32.5045555555556,2.98857310698235,0.0177481177663002,0.0890576283793701,-4.0857043630265,"10929983","Mab21l4"
23.73923,32.3008888888889,2.98841036226592,0.0177524789502536,0.0890642143315659,-4.08574064205631,"10738538","Hrob"
179.223,611.451666666667,2.98781686910683,0.0177683926830854,0.0891287472259024,-4.08587295984474,"10704486","Gng5"
16.7958,46.5728,2.98725633170114,0.017783436426388,0.0891744439776866,-4.08599795383261,"10886364","Kcnk13"
16.125489,21.64107,2.98504174655534,0.0178430017799212,0.0894262230225799,-4.08649200741075,"10709473","Or51i2"
106.05005,426.895555555556,2.98482575324555,0.0178488224547103,0.0894400513193664,-4.08654021268459,"10867979","Map3k7"
110.26655,151.322455555556,2.98345209750198,0.0178858866971454,0.0895998505740373,-4.08684686411698,"10757768","Limk1"
74.54385,187.203,2.98341657173086,0.0178868463253161,0.0895998505740373,-4.08685479662657,"10882201","Atad3a"
363.72185,976.320555555556,2.98278495651319,0.0179039165969545,0.0896546142378175,-4.08699584465217,"10725823","Ppp4c"
473.88985,1233.05111111111,2.9824053953156,0.0179141829397049,0.0896906495973502,-4.08708061968521,"10707175","Rpl7a"
310.28165,732.962555555556,2.98180254234316,0.0179305014925433,0.0897457640779157,-4.08721528856476,"10737019","Ube2i"
35.511065,95.7371555555556,2.98143156357629,0.017940551181455,0.0897457640779157,-4.08729817318534,"10780082","Tcrva8"
35.511065,95.7371555555556,2.98143156357629,0.017940551181455,0.0897457640779157,-4.08729817318534,"10783518","Tcrva8"
164.2871,293.984888888889,2.98096429832852,0.0179532176043059,0.0897783805361509,-4.08740258456105,"10856797","Dysf"
104.62835,357.494888888889,2.97919382318442,0.0180012956115802,0.089880468955748,-4.08779834537733,"10714348","Abhd17b"
839.132,2301.24555555556,2.97781510238699,0.0180388284071967,0.0900523467340813,-4.08810669428443,"10856053","Serbp1"
31.271065,51.4878111111111,2.97750760774566,0.0180472104386955,0.0900634106177058,-4.08817548392814,"10818087","Rplp0l1"
20.008566,15.78923,2.97647006834133,0.0180755228478343,0.0901611762416786,-4.08840764282982,"10842239","Mmp9"
55.421485,52.7654111111111,2.97621266670064,0.0180825540047929,0.0901627807980919,-4.08846525095167,"10798501","H2bc14"
139.3264,628.490444444444,2.97583790038359,0.0180927961858988,0.0901830656500335,-4.08854913467479,"10840817","Tbc1d20"
356.01165,711.047,2.97521852387228,0.0181097367152786,0.0902367130138407,-4.08868779181187,"10710886","Bola2"
815.3955,2504.35,2.9730234047825,0.0181699086627407,0.0904285709835273,-4.08917942895109,"10900306","Eef2"
120.97047,92.9233333333333,2.97202488704689,0.0181973487162361,0.0905027926526191,-4.08940318159745,"10796347","Mcm10"
1584.601,4981.17111111111,2.97180638157533,0.0182033591817441,0.0905027926526191,-4.08945215505064,"10872531","Rps20"
59.30605,159.754444444444,2.97176820630453,0.0182044094876222,0.0905027926526191,-4.08946071160032,"10900411","Sf3a2"
217.7339,770.531222222222,2.97138303169087,0.0182150102298311,0.0905296544495212,-4.08954705002501,"10725701","Atxn2l"
244.7782,513.074111111111,2.9705761216684,0.01823723881829,0.0905630961817992,-4.08972795720234,"10776976","Ube2i"
44.536795,84.6629111111111,2.97043775258037,0.018241053422333,0.0905666442352204,-4.08975898397042,"10880429","Cd52"
8.203357,13.9861044444444,2.9702808958407,0.018245378706531,0.0905727261737632,-4.08979415794916,"10794116","Hk3"
40.561905,45.0238333333333,2.97004715924342,0.0182518259179784,0.0905893378130855,-4.08984657500409,"10896605","Mtbp"
48.27675,149.620333333333,2.96985573994821,0.0182571076513422,0.0905968547328742,-4.08988950507808,"10705329","Coq8b"
336.0706,752.436111111111,2.96976750867661,0.0182595427078511,0.0905968547328742,-4.08990929382118,"10876103","Ubap2"
100.88455,454.843777777778,2.9690643155606,0.0182789619424248,0.0906624098787775,-4.09006702812927,"10867848","Ccnc"
231.791585,194.540822222222,2.96786812216707,0.0183120452759848,0.090792975868854,-4.09033543092643,"10822852","Ccna2"
83.07585,181.758,2.96783738449204,0.0183128962159179,0.090792975868854,-4.09034232924492,"10779546","Glrx-ps16"
112.25685,238.421333333333,2.96777549570637,0.0183146096664324,0.090792975868854,-4.09035621887645,"10836923","Map3k20"
161.11393,146.180811111111,2.96692199376862,0.0183382567493951,0.0908639471975627,-4.09054779785938,"10815120","Plk4"
87.83599,174.502977777778,2.96639951134692,0.0183527483335321,0.0909049151942705,-4.09066510166542,"10803520","Slc39a6"
61.524245,113.294988888889,2.9658213146292,0.0183687991334096,0.0909689943860702,-4.09079493723008,"10718539","Prpf31"
432.2388,418.830333333333,2.9653321713701,0.0183823892314938,0.0910054429772682,-4.09090479464755,"10798457","Hist1h2ah"
320.7705,1377.24666666667,2.964666080459,0.0184009124137415,0.0910662807479324,-4.09105442106071,"10867099","Rpl7"
19.425085,35.2325111111111,2.96441268764474,0.0184079640712969,0.0910733952994755,-4.09111135010129,"10741422","Cacna1h"
372.21835,1057.15477777778,2.9631591430718,0.0184428903866404,0.0911967839802495,-4.09139304925868,"10896335","Rpl7a"
58.96057,110.290377777778,2.96159896198902,0.0184864567718047,0.0913503633510661,-4.0917438164677,"10725768","Il27"
49.7162000000001,354.037888888889,2.96143504978771,0.018491040069613,0.091357558700097,-4.09178067827859,"10844747","Rbm18"
68.0206,173.893777777778,2.96107648594068,0.0185010703301108,0.0913762077132469,-4.09186132164815,"10907529","Spryd3"
12.0320626,10.8718957777778,2.95959913146555,0.0185424568787106,0.0914878120680037,-4.09219368727522,"10863410","Reg3g"
125.696225,176.437388888889,2.95904696382278,0.0185579500515963,0.0915333366211944,-4.09231795122287,"10856043","Mad2l1"
16.48054,26.8467444444444,2.95885888562304,0.0185632303851576,0.0915439251303166,-4.09236028282684,"10777692","Sh3bp2"
8.859275,26.4100555555556,2.95824929613102,0.0185803555022497,0.0915931321476219,-4.0924975035934,"10844733","Lhx6"
517.133,1508.13888888889,2.95816893509501,0.0185826143026958,0.0915931321476219,-4.09251559517007,"10929122","Tuba4a"
1138.986,3694.42,2.95791741380588,0.018589685952502,0.0916004550095231,-4.09257222287726,"10878428","Rpl32"
153.3262,803.516777777778,2.95786850342992,0.0185910614185637,0.0916004550095231,-4.09258323513465,"10860188","Psmc2"
288.4211,1094.05855555556,2.95753888085492,0.018600333889108,0.0916004550095231,-4.09265745478682,"10894234","Ftl1"
389.0405,1833.19888888889,2.95678570770584,0.0186215391773166,0.0916760889111517,-4.09282707316928,"10833944","RT1-Cl"
184.3346,565.401888888889,2.95581463218359,0.0186489166194678,0.0917277249332372,-4.09304582529439,"10940465","Fdps"
43.6136,155.106222222222,2.9557318139341,0.018651253447714,0.0917277249332372,-4.09306448476734,"10705539","Gmfg"
640.9982,850.364888888889,2.95550312216558,0.018657707878755,0.0917277249332372,-4.09311601305903,"10817531","H2ac1"
640.9982,850.364888888889,2.95550312216558,0.018657707878755,0.0917277249332372,-4.09311601305903,"10825146","H2ac1"
7.60455000000001,22.7812,2.95524971923227,0.0186648624592611,0.0917277249332372,-4.093173113665,"10769231","Faslg"
71.0489,122.051388888889,2.95491929424132,0.0186741959773195,0.0917277249332372,-4.09324757708465,"10753172","Donson"
29.9122,47.3252111111111,2.9548604827487,0.0186758577361161,0.0917277249332372,-4.09326083147117,"10823970","Tlr2"
338.304000000001,1437.52333333333,2.95471577078108,0.0186799473276784,0.0917323888436371,-4.09329344638026,"10756721","Rac1"
80.3828,189.382888888889,2.95449156757731,0.0186862852023694,0.0917338938627984,-4.0933439798882,"10878936","Btbd19"
211.51145,402.710888888889,2.95448277024173,0.0186865339350145,0.0917338938627984,-4.09334596280802,"10798199","Mboat1"
22.41235,138.560444444444,2.95364662399196,0.018710190587175,0.0917943280828543,-4.09353445595876,"10745249","Vma12"
84.4883500000001,409.992777777778,2.95315501759714,0.0187241139222329,0.0917943280828543,-4.09364530299038,"10938101","Prkx"
116.32601,128.711688888889,2.95311090947385,0.0187253636856122,0.0917943280828543,-4.09365524931727,"10863430","Hk2"
7.661242,16.5431044444444,2.95309323252949,0.0187258645700865,0.0917943280828543,-4.09365923548601,"10713116","Kcnk7"
637.408500000001,5476.98666666667,2.95301659740991,0.0187280362235042,0.0917943280828543,-4.09367651704603,"10754991","Gapdh"
953.0493,1374.29366666667,2.95238587681401,0.018745919289062,0.0918556333630756,-4.09381876360274,"10842143","Wfdc2"
577.7079,1419.87866666667,2.95179932203198,0.018762566076726,0.0919217852365376,-4.09395107545452,"10879915","Rpl37a"
29.962895,89.1646222222222,2.95023777508997,0.0188069588950866,0.092123825815067,-4.09430344299969,"10906643","Amigo2"
218.63635,581.273111111111,2.94976295954114,0.0188204789970239,0.0921591474051385,-4.0944106217245,"10802040","Pdgfrb"
40.34495,185.777888888889,2.94935173894492,0.0188321964538938,0.0922010704213262,-4.09450345862372,"10779620","Styx"
56.474445,101.743033333333,2.94873521518482,0.0188497781328869,0.09225622690135,-4.09464266772282,"10770159","Chml"
162.93995,283.295555555556,2.94814342560905,0.0188666705462979,0.0922616192399642,-4.09477631797753,"10813472","Nup155"
14.364508,14.2654177777778,2.94709798938774,0.0188965506944622,0.0923702239496492,-4.0950124825371,"10719728","Atp1a3"
128.8996,743.459111111111,2.94651018924743,0.0189133725645868,0.0924097343783638,-4.09514530185813,"10782852","Fermt2"
31.97483,92.2915555555556,2.94587868041813,0.0189314626936685,0.0924237552026789,-4.09528802564901,"10783430","Tcrva8"
93.7693300000001,124.074177777778,2.94459393193422,0.0189683211199238,0.0925196424446207,-4.09557847418714,"10733942","H3f4"
89.42338,172.586344444444,2.94442154920837,0.01897327233127,0.0925196424446207,-4.095617454632,"10931692","Glrx-ps16"
24.75604,99.2076444444444,2.94278246165934,0.019020417858447,0.0927185862367215,-4.09598820528148,"10748021","Map3k14"
161.42365,891.766444444444,2.941564075012,0.019055541718873,0.0928433281813136,-4.09626392302161,"10932236","Acp1"
802.61355,1079.00633333333,2.94004067441189,0.0190995536563521,0.0930203400197732,-4.09660881676956,"10798497","H2bc1"
78.80155,122.456811111111,2.9399759940468,0.019101424651832,0.0930203400197732,-4.0966234639694,"10711017","Itgal"
527.2122,1292.29933333333,2.93893269652053,0.0191316302929255,0.0930898479975894,-4.09685976613732,"10731729","Rpl37a"
518.436,2271.73,2.93802645103515,0.0191579083698023,0.0931582504687568,-4.09706509098402,"10739395","Rpl38-ps9"
34.865975,68.4974888888889,2.93770269703433,0.019167305261043,0.0931591023210382,-4.09713845728985,"10702829","Synj2"
189.141595,158.381911111111,2.9371492922263,0.0191833788363107,0.0932019340302648,-4.09726388273504,"10763021","Pole"
49.25976,145.019966666667,2.93558596888361,0.0192288612623193,0.0933918458715536,-4.09761831986904,"10742876","Gemin5"
24.87684,35.7531333333333,2.93499548852289,0.0192460695650236,0.093459886348504,-4.09775224006288,"10926390","Dnph1"
19.328112,25.65151,2.93465075737213,0.0192561234403026,0.0934776321344302,-4.09783043638805,"10784579","Scara3"
807.567999999999,2541.21111111111,2.9334283762843,0.0192918175483031,0.0936197936638085,-4.09810778223687,"10919375","Rpl31"
86.881675,81.1122777777778,2.93188998484962,0.0193368372534674,0.0938071012160075,-4.0984569822554,"10782927","Wdhd1"
97.69895,240.644555555556,2.93166981921779,0.0193432891546485,0.0938111133624648,-4.09850697182607,"10940413","Emd"
18.00065,36.8622888888889,2.9303465201212,0.0193821153720941,0.0939575154760857,-4.09880750703436,"10898052","Mei1"
13.97633,28.4356222222222,2.9300877674782,0.0193897167761665,0.0939575154760857,-4.09886628739579,"10886599","Serpina3a"
11.772665,34.6796555555556,2.92931214614594,0.0194125208894516,0.0940328186444191,-4.09904251306968,"10716430","Kcnk18"
69.22035,253.053,2.92889463921838,0.0194248076077872,0.0940328186444191,-4.09913739120217,"10745347","Utp6"
20.22449,36.9587222222222,2.92888099883764,0.0194252091640676,0.0940328186444191,-4.0991404911824,"10795415","Tgif2"
20.22449,36.9587222222222,2.92888099883764,0.0194252091640676,0.0940328186444191,-4.0991404911824,"10841589","Tgif2"
36.3012,212.885666666667,2.92872905493193,0.0194296827929103,0.0940388921656859,-4.09917502361999,"10875311","Bpnt2"
155.52895,472.604777777778,2.92827430775797,0.0194430781578189,0.0940881373699723,-4.09927838448957,"10899496","Slc61a1"
95.796,443.914,2.92741734629348,0.0194683475784732,0.0941636268472707,-4.09947320678338,"10751709","Acap2"
103.11705,332.75,2.92704556695765,0.0194793209533693,0.094186872231407,-4.09955774401666,"10702880","Tmem181"
157.3457,256.392222222222,2.92635597458889,0.0194996918944974,0.0942347604747078,-4.09971457396571,"10905827","Ttll12"
888.922,2032.51444444444,2.9251682358067,0.0195348303664127,0.0943146718245049,-4.09998477558081,"10868506","Ptma"
133.77526,123.711311111111,2.92505050189312,0.019538317035733,0.0943146718245049,-4.1000115647515,"10721394","Pold1"
250.3358,736.739555555556,2.92444374301438,0.019556296368863,0.0943858652106333,-4.10014964264283,"10824070","Rpl7a"
9.417496,16.9832577777778,2.92349935755684,0.0195843144409949,0.0944586696515147,-4.10036460628046,"10876461","Or13c7c"
61.2271000000001,390.329444444444,2.92310077082976,0.0195961522663358,0.0944664021660287,-4.10045535317462,"10765744","Pigm"
54.57274,57.4020111111111,2.92290108478328,0.0196020856414892,0.0944664021660287,-4.10050082037136,"10741028","Ccnf"
146.8887,814.631666666667,2.92194582861191,0.0196304955430509,0.0945863186100812,-4.10071836604773,"10760203","Arpc1a"
188.3304,412.524,2.92174674466565,0.0196364218156169,0.0945863186100812,-4.10076371287744,"10898573","Ncaph2"
796.726999999999,2152.71888888889,2.92173801202035,0.019636681809069,0.0945863186100812,-4.10076570204297,"10836067","Rpl37l1"
31.378688,28.7455955555556,2.92035408840794,0.0196779301045181,0.0947537580473696,-4.10108100918958,"10748857","Cd300c2"
104.97575,261.220888888889,2.9180320677888,0.0197473413801257,0.0950096889128773,-4.10161036132921,"10876045","B4galt1"
824.2695,1990.47,2.91755973574701,0.0197614917790686,0.0950151778857325,-4.10171808709795,"10926965","Rpl10a"
18.202975,51.0784111111111,2.91690336117028,0.0197811733528503,0.0950488655298395,-4.10186781478347,"10865777","Tigar"
50.446105,48.1150111111111,2.91678373232584,0.0197847626538765,0.0950488655298395,-4.1018951070748,"10715200","Hells"
51.5582,186.837555555556,2.91668142094989,0.0197878329054037,0.0950488655298395,-4.10191844936059,"10866012","Clec1a"
13.782915,56.8337,2.91667520524072,0.0197880194479525,0.0950488655298395,-4.10191986749585,"10856928","Add2"
160.50983,206.788122222222,2.91545189460697,0.0198247684357124,0.0951940803880512,-4.10219902469401,"10932912","Alas2"
1150.984,3760.48444444444,2.91315003228797,0.0198941104085483,0.0954486026400608,-4.10272460045626,"10892702","Rpl32"
41.5123,65.3192111111111,2.9119338059332,0.0199308502040016,0.095538528919096,-4.10300245253227,"10897419","Ncf4"
29.9445,99.3932666666667,2.911880062585,0.0199324753119015,0.095538528919096,-4.10301473290995,"10753470","C2cd2"
21.858455,31.9091888888889,2.91168353584738,0.0199384191216209,0.0955513412432795,-4.1030596411404,"10851486","Jph2"
14.32425,37.4821333333333,2.9106156060334,0.0199707501377509,0.0956748925097169,-4.10330372236243,"10812118","Zfp296"
23.34001,51.4879777777778,2.91026604674696,0.0199813447052177,0.0957099531428479,-4.10338363406987,"10898245","Parvg"
118.5302,220.404888888889,2.90983947321311,0.0199942813689011,0.0957486966780745,-4.10348116381057,"10785063","Bmp1"
70.888205,65.1398888888889,2.90899172393393,0.0200200168662693,0.0958166403556998,-4.10367502843763,"10736557","Atad5"
763.2625,1599.68777777778,2.90711899450836,0.0200769903351126,0.0959817519365917,-4.10410347230654,"10787960","Hmgn2"
13.214765,28.9307888888889,2.90668551444693,0.0200902019833458,0.0960259779984635,-4.10420268040147,"10736867","Wfdc17"
40.5242,123.527555555556,2.9065200511506,0.0200952473742024,0.0960259779984635,-4.10424055263859,"10823052","Pcdh18"
279.20185,390.961111111111,2.90564945292988,0.0201218158134583,0.0961306176900033,-4.1044398531894,"10817046","S100a16"
107.33619,155.842533333333,2.9046515160293,0.0201523152468505,0.0962291169698416,-4.10466837234132,"10871444","Slc6a9"
85.336254,50.79177,2.90429632214703,0.0201631824527584,0.0962652740929699,-4.10474972621577,"10799552","Ucma"
23.020905,94.6549333333333,2.90210215171214,0.0202304486327021,0.0965390928382489,-4.10525248390807,"10810896","Dhx38"
201.97113,180.110766666667,2.90179634994709,0.0202398420374856,0.0965539916115177,-4.10532258107569,"10915751","Anln"
20.33819,76.8308555555556,2.89912043999772,0.0203222324837485,0.096866323997427,-4.10593625425354,"10842341","Tp53rkb"
746.4405,2211.20333333333,2.89877678726587,0.020332838684029,0.0969010684037884,-4.10601510269255,"10796677","Rpl37l1"
50.830675,78.3501111111111,2.89866871119673,0.020336175439602,0.0969011628270317,-4.10603990167683,"10880343","Fgr"
36.2839700000001,132.309488888889,2.89800031994491,0.0203568240949582,0.0969679209375689,-4.10619328865102,"10805382","Adnp2"
186.217,490.435111111111,2.89755654089974,0.0203705458294691,0.0970131013150518,-4.10629514801163,"10784307","Nup58"
29.098025,65.5629555555556,2.89740300457219,0.0203752954411249,0.0970131013150518,-4.10633039210513,"10707935","Rgma"
9.051433,13.4330511111111,2.89737146358594,0.0203762712969521,0.0970131013150518,-4.10633763251549,"10765965","Wdr64"
47.68111,114.630744444444,2.8966470645278,0.0203986970690521,0.0970724188921266,-4.10650394226931,"10894606","Slc41a2"
41.69106,71.1809,2.89446853007467,0.0204662943454319,0.0972831635222011,-4.10700432651545,"10897096","Gsdmd"
185.8883,782.567222222222,2.89413745860023,0.0204765874540317,0.0973162560406834,-4.10708039998247,"10882399","Crim1"
164.6399,388.227888888889,2.893952127114,0.0204823518128927,0.0973278181297734,-4.1071229888496,"10853110","Dnajc2"
15.26464,30.4155444444444,2.89354061569374,0.0204951570695302,0.0973728278792089,-4.10721756240567,"10889190","Kcns3"
13.58887,27.0351777777778,2.8923188694076,0.0205332239542399,0.0975061125811384,-4.107498416579,"10851023","Ggt7"
8.760146,10.4754522222222,2.89209850086694,0.0205400979645216,0.0975229029636817,-4.10754908627942,"10722347","Gabra5"
127.910555,105.286055555556,2.89186345107471,0.0205474325667474,0.0975418743914461,-4.10760313554967,"10850949","E2f1"
44.48135,140.141888888889,2.89133641011433,0.0205638884921591,0.0976041329666834,-4.10772434223427,"10831359","Nelfe"
169.3739,544.952888888889,2.89041119925977,0.0205928097053593,0.0976779254314606,-4.10793716713989,"10905439","Csnk1e"
108.0418,433.270777777778,2.89008747519205,0.0206029389922163,0.0977101070971762,-4.10801164758945,"10835406","Abl1"
128.82101,110.760022222222,2.88930858156222,0.0206273317009372,0.0978099120777763,-4.10819088182968,"10893035","Timeless"
39.6442000000001,366.705444444444,2.88896381273927,0.0206381384491208,0.0978452737183731,-4.10827023198199,"10872522","Srsf4"
1348.16495,1587.15522222222,2.88863681393405,0.0206483936339716,0.0978780093498049,-4.10834550025305,"10798455","H3c10"
378.24255,1010.101,2.88818590580154,0.0206625434915121,0.0978974287319224,-4.10844930258206,"10881671","Pgd"
748.263500000001,3666.14555555556,2.88681945422019,0.0207054853978404,0.0980533586825883,-4.10876395977156,"10797763","Rpl27"
30.85652,126.188488888889,2.88526563204583,0.0207544282760882,0.0981372343846069,-4.10912192801244,"10808407","Gse1"
85.1005500000001,284.654666666667,2.88520550281775,0.0207563246631873,0.0981372343846069,-4.10913578405374,"10716884","Ltv1"
7.268915,7.20327888888889,2.8850616422764,0.0207608625429563,0.0981404269142275,-4.10916893601119,"10929298","Fam124b"
101.20105,186.941444444444,2.88487179596191,0.0207668525573437,0.0981450793327846,-4.10921268746299,"10807484","Prmt7"
81.9513,237.081,2.8839590846346,0.0207956754221917,0.0981770912166808,-4.10942306487005,"10938155","Prrg1"
125.59345,304.021111111111,2.88351178362581,0.0208098160857625,0.0981811962418387,-4.10952618856581,"10869499","Pappa"
151.2902,592.208888888889,2.8827232836758,0.0208347675052915,0.0982671775750057,-4.1097080098347,"10712134","Psmd13"
298.10625,554.162666666667,2.8821058502496,0.0208543273633799,0.0983118153289948,-4.10985041612431,"10839790","Sirpa"
787.499,2208.20555555556,2.88103148677437,0.0208884079312183,0.0983586329505364,-4.11009827574142,"10798218","Rpl37l1"
26.525995,24.8395611111111,2.88094376457394,0.0208911931764934,0.0983586329505364,-4.11011851727315,"10834204","Sapcd2"
68.6878,145.203111111111,2.88051855366609,0.0209046994077605,0.0984063629549333,-4.11021664082427,"10905316","Rac2"
202.6028,353.647888888889,2.87872499266141,0.0209617692587592,0.0985512768670787,-4.11063067518275,"10770666","Smyd2"
167.8643,494.547555555556,2.87835158644081,0.0209736711206131,0.098588065666547,-4.11071690342819,"10872101","Sfpq"
146.554865,179.974355555556,2.87618983356366,0.0210427123882301,0.0988245994209202,-4.11121630147145,"10938346","Pola1"
101.95731,90.4476,2.87612449232605,0.0210448029037489,0.0988245994209202,-4.11123140157307,"10724708","Lmo1"
53.18859,63.5251333333333,2.87603486116628,0.021047670897411,0.0988245994209202,-4.11125211548305,"10723131","Blm"
474.89285,683.276888888889,2.87527748262479,0.0210719215028531,0.0989066701131669,-4.11142717017135,"10791264","Sh2d4a"
18.171543,20.7924233333333,2.874855426884,0.021085447950241,0.0989542612720227,-4.11152473894937,"10852934","Kcnh2"
17.241872,18.8958822222222,2.87465724279053,0.0210918026549051,0.0989681854738834,-4.11157055863133,"10929606","Nppc"
53.3248000000001,265.569111111111,2.87451378240208,0.021096403903637,0.0989738788567289,-4.11160372810139,"10763869","Elk4"
45.0727,357.844111111111,2.87416811407408,0.0211074949111341,0.0990100122565623,-4.11168365618679,"10855462","Malsu1"
70.5616,233.435111111111,2.87342582122742,0.0211313323565838,0.0991059148282611,-4.11185532410138,"10727643","Rbm14"
19.114315,42.4958111111111,2.87247807420567,0.0211618082407664,0.0992169902015325,-4.11207456484039,"10735699","Trpv3"
209.41885,942.425444444444,2.87227115537071,0.0211684680187858,0.0992322889442887,-4.11212243968553,"10722529","Prrc2c"
458.1696,787.187333333333,2.87205212586707,0.0211755199551898,0.0992335001557449,-4.11217311995793,"10792421","Plat"
61.6891000000001,178.420777777778,2.87191245075747,0.0211800182485154,0.0992386612850249,-4.11220544058154,"10819318","Ddit4l"
133.2713,333.586888888889,2.87146693807414,0.0211943727946985,0.0992740751682417,-4.11230854103318,"10744718","Spns2"
190.77695,535.126555555556,2.87118278256662,0.0212035336418973,0.0992798269745749,-4.1123743077518,"10720161","Timm50"
66.21026,61.3692222222222,2.87047006440327,0.0212265289479592,0.0992798269745749,-4.11253928941363,"10934891","Cenpi"
53.18553,109.968233333333,2.87037542336467,0.0212295844153546,0.0992798269745749,-4.11256119990949,"10795701","Smokxl2"
53.18553,109.968233333333,2.87037542336467,0.0212295844153546,0.0992798269745749,-4.11256119990949,"10799073","Smokxl2"
111.10644,97.8471,2.869876792052,0.0212456901716978,0.0993392433860402,-4.11267664954432,"10831035","Nrm"
33.15741,93.2109666666667,2.8691090159984,0.0212705140914505,0.0994234877868215,-4.11285445030024,"10829165","Pknox1"
117.3629,229.990888888889,2.8678529710106,0.0213111897818041,0.0995482305519671,-4.11314541590984,"10703308","4930488N24Rikl"
25.32814,105.321311111111,2.86725893191015,0.0213304552269254,0.0996080433183181,-4.11328306618258,"10921030","Cck"
176.1266,555.999888888889,2.86700629144099,0.0213386541577543,0.0996144842704753,-4.11334161557831,"10900949","Brd4"
147.5427,257.294333333333,2.86626261535042,0.0213628076399806,0.0996532950530488,-4.11351398924142,"10839197","Golm2"
28.29955,139.770777777778,2.86571682862319,0.0213805520274639,0.0996826439403653,-4.11364052041127,"10801859","Prrc1"
30.762489,23.4282133333333,2.86487493404443,0.0214079533531079,0.0997626334754658,-4.11383574133458,"10754883","Meltf"
193.2095,997.127888888889,2.86470214325079,0.0214135817192327,0.0997729467855924,-4.11387581490478,"10836755","Gorasp2"
23.54421,107.588633333333,2.86319025739247,0.0214628943856009,0.0999230273435768,-4.11422654304574,"10833939","RT1-CE11"
636.52,2373.35777777778,2.86205024690211,0.021500155648194,0.100064608428603,-4.11449111274113,"10833586","Rpl13a"
11.21971,18.9158777777778,2.86126535059479,0.0215258490135269,0.100152277923423,-4.11467332343677,"10808312","Necab2"
48.97715,206.022222222222,2.86092490491179,0.0215370033149979,0.10015762420021,-4.11475237047118,"10795528","Tbce"
163.786205,164.317888888889,2.86091636077248,0.0215372833307907,0.10015762420021,-4.11475435441646,"10728060","Pola2"
3029.2712,1658.65655555556,2.8606099653163,0.0215473272802418,0.100188384396782,-4.11482550279382,"10828154","Hspa1a"
80.1316,243.198444444444,2.86009081358917,0.0215643566893355,0.100247000220439,-4.11494607101132,"10731385","Parn"
56.14943,127.487122222222,2.86001646576145,0.0215667966175621,0.100247000220439,-4.11496333920743,"10770471","Disp1"
473.6655,1151.901,2.8583213360438,0.0216225047462576,0.100457991993825,-4.11535716241142,"10909758","Rps21"
217.5714,307.287,2.85800447170036,0.0216329346133481,0.100474491541232,-4.1154308013908,"10769422","Prrx1"
225.93475,489.568444444444,2.8572967833659,0.0216562476459275,0.100550797636384,-4.11559529372754,"10907198","Cers5"
60.5270000000001,272.935888888889,2.8571274086949,0.0216618311381733,0.100560739690227,-4.11563466789302,"10816008","Ppid"
262.27675,281.730444444444,2.85591329832405,0.0217018984382524,0.100676790178701,-4.11591697026419,"10810727","Psmb10"
294.90465,247.412333333333,2.85584784901821,0.0217040605376005,0.100676790178701,-4.11593219142653,"10810867","Nqo1"
16.923153,22.4682233333333,2.85542891875225,0.0217179050747002,0.100725016487108,-4.11602962692626,"10735317","Gp1ba"
36.401845,41.8675777777778,2.85436808058958,0.021753003957405,0.100790421374715,-4.11627641519395,"10807174","Nol3"
99.34725,137.784333333333,2.85428644403429,0.0217557074210488,0.100790421374715,-4.11629541010004,"10842469","Cebpb"
8.283855,22.8591333333333,2.85415272032225,0.0217601365480566,0.100792869686844,-4.11632652550343,"10934635","P2ry10"
106.61345,286.320555555556,2.85369112253708,0.0217754325374152,0.100824464094751,-4.11643394197841,"10826238","Slc30a7"
111.8863,241.108444444444,2.85355413693593,0.0217799739820463,0.100824464094751,-4.11646582228453,"10818317","Psma5"
47.8423,187.432444444444,2.85335251197317,0.0217866601843935,0.100824464094751,-4.11651274841081,"10793280","Ice1"
22.338007,28.4624211111111,2.85332222051731,0.0217876648808846,0.100824464094751,-4.11651979868804,"10778482","Fignl1"
33.60115,134.249444444444,2.85297077392619,0.0217993250534842,0.100862445694091,-4.11660160204595,"10829703","Tfam"
1259.748,3544.79,2.85286572293967,0.0218028116549557,0.10086260327599,-4.11662605564114,"10812146","Rpl17"
15.112135,63.0795444444444,2.85243937507892,0.0218169679136152,0.1008863188048,-4.11672530838152,"10733531","Kif3a"
220.3301,599.400888888889,2.85239932668444,0.0218182981518699,0.1008863188048,-4.11673463222505,"10854446","Cald1"
489.3375,1818.83333333333,2.85208411009219,0.0218287712511291,0.100918772484647,-4.11680802323919,"10732714","Rpl29"
203.5818,302.511,2.85159141017864,0.0218451516956293,0.100962547324176,-4.11692275159501,"10792751","Tfdp1"
181.88515,384.185444444444,2.85137425099871,0.0218523754803803,0.100979958444136,-4.11697332408335,"10889064","Selenoi"
46.093345,68.5107111111111,2.85093596111568,0.0218669627098667,0.101015409330494,-4.11707540433882,"10741612","Wdr90"
186.55245,584.37,2.85011885822383,0.021894184621779,0.101125171468878,-4.11726574941006,"10703128","Snrpd3"
128.4743,621.612888888889,2.8491566360493,0.0219262862750424,0.101209437073643,-4.11748996205277,"10859774","Resf1"
182.26295,527.112555555556,2.84893758139803,0.0219336011945636,0.10122720778799,-4.11754101452255,"10869331","Bspry"
22.6345,176.059777777778,2.84876400003283,0.0219393994162005,0.101237974181785,-4.11758147153516,"10872601","Tmem222"
696.904500000001,2641.89333333333,2.84791795316688,0.0219676830893164,0.101323942057445,-4.11777869281163,"10924248","Arpc2"
779.1275,4170.70888888889,2.84787175555238,0.0219692285817045,0.101323942057445,-4.11778946338794,"10802513","Gapdh"
94.48645,309.093777777778,2.84761910034864,0.0219776828894274,0.101334600368013,-4.11784837050227,"10785565","Dis3"
50.240746,41.7456244444444,2.8470688523394,0.0219961068766209,0.101401076887001,-4.11797667798999,"10736702","Ccl7"
51.9736,43.5876777777778,2.84512363190501,0.0220613672965356,0.101622601470089,-4.1184304421393,"10911947","Ttk"
92.1505800000001,164.178233333333,2.8445262803461,0.0220814481786066,0.101652604331833,-4.1185698419786,"10837621","Cpne8"
112.119782,56.8656072222222,2.84415508956654,0.022093935868005,0.101687358835421,-4.11865647720846,"10765195","Selp"
29.13165,163.052,2.84409496558956,0.0220959592622459,0.101687358835421,-4.11867051096795,"10892274","Bag5"
27.6210000000001,209.884,2.84287291232081,0.0221371275403135,0.101812664351813,-4.11895581150617,"10706246","Cdc42se2-ps1"
26.906805,69.7041,2.84126275662062,0.0221914915803408,0.102010953557038,-4.11933188305907,"10913590","Map4"
171.72935,543.258555555556,2.84107988504525,0.0221976746596503,0.102010953557038,-4.11937460678705,"10887516","Cep170b"
149.76255,415.046333333333,2.84107911142877,0.0221977008202263,0.102010953557038,-4.11937478752983,"10800726","Map3k2"
172.94125,621.313777777778,2.84007136255636,0.0222318059576695,0.102122105493873,-4.11961026818256,"10823595","Kpna4"
16.87717,25.5722444444444,2.83986431466485,0.0222388197812921,0.102122295332417,-4.11965865813497,"10754176","Cd80"
16.77976,44.3458111111111,2.8395984904234,0.0222478280384344,0.102122295332417,-4.11972078946835,"10805724","Cmtm2a"
28.768585,36.1948777777778,2.83929494925842,0.0222581190731107,0.102127955175413,-4.11979174264777,"10831898","Tcp11"
104.89165,602.738111111111,2.83839171655129,0.0222887708018352,0.102252536150254,-4.12000291390859,"10784199","Micu2"
101.07395,414.417555555556,2.83803990465422,0.0223007215804956,0.102291298516659,-4.12008518169008,"10727537","Grk2"
34.54,95.6246111111111,2.83708624857327,0.0223331499555311,0.102407886171854,-4.12030822977896,"10735771","Olr1520"
84.2509000000001,377.013444444444,2.8367349683459,0.0223451072956067,0.102438370832661,-4.12039040631475,"10764837","Tor1aip2"
1472.196,995.243333333333,2.83668493236692,0.0223468110261022,0.102438370832661,-4.12040211217673,"10761128","Hspb1"
278.3602,630.669444444444,2.83581358769027,0.0223765020029112,0.102513494372951,-4.12060599125852,"10857310","Lsm3"
123.1457,306.367222222222,2.83562472937377,0.0223829427191578,0.102523563593207,-4.12065018795103,"10877860","Psip1"
37.286706,26.1178133333333,2.83391116204814,0.0224414691132878,0.102743312752796,-4.12105131516732,"10924245","Cxcr2"
27.81176,34.8148222222222,2.83350931945149,0.0224552168718355,0.102765825974147,-4.12114541274055,"10884926","Lrr1"
86.51716,72.7929111111111,2.83345898308806,0.02245693958441,0.102765825974147,-4.12115720058847,"10745850","Brip1"
42.447665,55.4902888888889,2.83318258055,0.0224664016307082,0.102793023843306,-4.12122193222107,"10769441","Firrm"
343.20805,932.763111111111,2.83291151319482,0.0224756850509274,0.102819396034731,-4.12128541973969,"10812158","Rpl7a"
17.01483,33.1535666666667,2.83176457779101,0.0225150089068669,0.102934815368578,-4.12155410563713,"10782771","Galnt12"
326.58,1275.31666666667,2.83100919339457,0.0225409469672942,0.103021155303901,-4.12173111695168,"10885251","Hif1a"
30.8727,116.184,2.83023352281199,0.0225676138268917,0.103094647433747,-4.12191292478744,"10892050","Syne3"
229.05755,771.805555555556,2.82987442291921,0.0225799704263532,0.103133116728283,-4.12199710815983,"10908037","Sesn3"
48.92246,50.8660555555556,2.82909181366845,0.0226069242408493,0.103199864938346,-4.122180606539,"10939437","Bex1"
30.561865,53.3874111111111,2.82874421608061,0.0226189065242771,0.103199864938346,-4.12226212189587,"10811287","Cdyl2"
88.381715,97.5240222222222,2.82843475970444,0.022629579551128,0.103232438633144,-4.12233470005615,"10759752","Rfc3"
79.1111500000001,727.135111111111,2.82760887944417,0.0226580893817929,0.10334635803274,-4.12252843115493,"10775532","Mrps18c"
88.602445,118.931344444444,2.82690060462152,0.022682569047383,0.103430978711835,-4.12269461406874,"10860076","Nos3"
20.619675,56.4786,2.82686723972023,0.0226837228933637,0.103430978711835,-4.12270244338535,"10805967","Ccdc102a"
39.33336,122.094633333333,2.82653043011295,0.0226953740602697,0.103451811171278,-4.12278148269879,"10906479","Prickle1"
121.35865,232.184777777778,2.82591319351435,0.0227167420576672,0.103533058108064,-4.12292635119327,"10824123","Kirrel1"
48.01316,156.203522222222,2.82533847087746,0.0227366570082975,0.103607658374732,-4.12306126612201,"10924805","Sp140"
265.91665,557.273777777778,2.82427277670548,0.0227736326855502,0.10373922822778,-4.12331149853916,"10814630","Slc2a2"
704.487,2363.25333333333,2.82399977966771,0.0227831146983469,0.10373922822778,-4.12337561330525,"10794969","Rpl29"
78.91485,238.029666666667,2.82399487726659,0.0227832850109344,0.10373922822778,-4.12337676470856,"10829196","Rrp1"
126.6562,899.073444444444,2.82379491872467,0.0227902328239984,0.103754692491864,-4.12342372948185,"10917969","Arih1"
58.1702000000001,240.463222222222,2.8227101292096,0.0228279634750476,0.103868087233453,-4.12367856694087,"10775080","Dr1"
18.758705,47.1276222222222,2.82266994953548,0.0228293622279044,0.103868087233453,-4.12368800752922,"10792436","Dkk4"
944.784500000001,4403.25222222222,2.82216814821301,0.0228468386394265,0.103931414514514,-4.1238059202098,"10770541","Gapdh"
119.90395,345.525444444444,2.82165397397718,0.0228647603394465,0.103964374872621,-4.12392675906639,"10796134","Rbm17"
126.680355,102.8125,2.8211987215898,0.0228806404524606,0.10400420572245,-4.12403376626673,"10795295","hist1h2ail2"
10.305978,17.7471066666667,2.8207305414575,0.022896983424254,0.104046115065509,-4.12414382769672,"10795267","Prss16"
923.770500000001,6070.61666666667,2.82045578728135,0.0229065800186262,0.104053536135598,-4.1242084252195,"10905817","Gapdh"
85.2999000000002,458.091666666667,2.82032119405372,0.0229112826011828,0.104053536135598,-4.12424007144944,"10725556","Nsmce1"
8.792017,14.0252211111111,2.82020900120715,0.0229152032958656,0.104053536135598,-4.12426645178658,"10800392","Dsg3"
191.76957,191.8079,2.81913444194084,0.0229527900897847,0.10417789901405,-4.12451916294171,"10798459","H2bc3"
156.1929,967.929666666667,2.81908523646165,0.0229545127662574,0.10417789901405,-4.12453073690675,"10936755","Ddx3x"
330.1305,1397.98666666667,2.81890670795641,0.0229607641466957,0.104178048514251,-4.12457273130835,"10934056","Msn"
66.396043,55.3379344444444,2.8188191384924,0.0229638311363468,0.104178048514251,-4.12459333069052,"10929713","Hjurp"
244.7713,573.902444444444,2.81856151348083,0.0229728565274804,0.104196402824687,-4.12465393624867,"10794168","Nop16"
336.1686,756.364666666667,2.81828264034211,0.0229826304453996,0.104223452860316,-4.12471954575132,"10899566","Prr13"
33.25325,100.829722222222,2.81798015839613,0.0229932366705077,0.104224114211359,-4.12479071594102,"10832273","Krtap10-10l1"
137.8257,360.619666666667,2.81766398190641,0.0230043284985506,0.104244072895382,-4.12486511532061,"10918374","Rab8b"
156.91645,400.415444444444,2.81664355710559,0.0230401639596723,0.104303046877802,-4.12510528018318,"10872478","Snrnp40"
46.8872000000001,179.813555555556,2.81656904171117,0.0230427830680267,0.104303046877802,-4.12512282089161,"10880251","Gpn2"
310.47575,732.732222222222,2.81494691150923,0.0230998750560135,0.104512892966761,-4.125504764624,"10781496","Lcp1"
32.880905,67.6783555555556,2.81459380318458,0.0231123223434961,0.104553017179141,-4.12558793192675,"10842465","Snai1"
46.77463,92.2866444444444,2.81348737828179,0.023151369491022,0.10466071355624,-4.12584858529831,"10914025","Osbpl10"
85.61365,323.014111111111,2.81290773644436,0.023171853044747,0.10466071355624,-4.12598517339411,"10810045","Farsa"
11.74762,42.0747444444444,2.81283268585766,0.0231745065758935,0.10466071355624,-4.12600286024794,"10735731","Or1e21"
11.199975,22.3443666666667,2.81264312382005,0.0231812102395878,0.104668800462597,-4.12604753533323,"10746534","Nxph3"
9.18067000000001,33.1029777777778,2.81255028831299,0.0231844940026517,0.104668800462597,-4.12606941530913,"10887056","Mir323"
783.1925,1917.60555555556,2.81193330795362,0.0232063299728558,0.104751193421973,-4.12621484432704,"10828737","Rpl10a"
426.4129,1223.28344444444,2.81165857841836,0.023216059961001,0.104762739527446,-4.12627960988713,"10846149","Rpl7a"
23.8846,55.1052777777778,2.81153499275353,0.0232204383229494,0.104766314311451,-4.12630874610939,"10822717","Gnb4"
32.8998,199.533333333333,2.81136152502599,0.0232265853359199,0.104777866584862,-4.12634964424366,"10732811","Nudcd2"
23.76347,77.0925222222222,2.81092057065388,0.0232422186056936,0.104832202307663,-4.12645361689729,"10791293","Naf1"
30.966955,62.6430111111111,2.81041415206769,0.0232601862325025,0.104862429492027,-4.12657304260027,"10934794","Isg20l2"
101.54409,92.3126666666667,2.81030985323141,0.0232638885186752,0.104862429492027,-4.12659764106722,"10931498","Chaf1a"
83.03243,83.6287222222222,2.81029852264394,0.0232642907562207,0.104862429492027,-4.12660031338841,"10838745","Knl1"
10.329415,25.1124111111111,2.81010119018239,0.0232712972425017,0.104862429492027,-4.12664685576614,"10864170","Trh"
80.5825500000001,256.969666666667,2.80950316608048,0.023292544027321,0.104917059691992,-4.12678792143512,"10844353","Fpgs"
262.3684,558.160777777778,2.8094564428884,0.0232942048686516,0.104917059691992,-4.1267989438764,"10917707","Peak1"
21.365465,39.0159222222222,2.80886184261849,0.0233153514761321,0.104967587921671,-4.1269392293813,"10877217","Mup4l4"
801.082,1793.87444444444,2.80869941006108,0.0233211317484757,0.104977433420642,-4.12697755691138,"10905530","Rpl3"
40.63815,153.362,2.80838394721566,0.0233323619445139,0.10501180432091,-4.12705199883039,"10765462","Sms"
907.447,2406.04777777778,2.80807907037772,0.0233432206062413,0.105044492728086,-4.12712394948997,"10769887","Ptma"
13.91206,36.7552777777778,2.8079405895192,0.0233481545440445,0.105050513914942,-4.12715663305316,"10808223","Bco1"
52.11847,103.259044444444,2.80733704469292,0.023369670862096,0.105131130977098,-4.12729909478387,"10727977","Ehbp1l1"
126.1126,380.418444444444,2.80700261935578,0.0233816019287652,0.105168609506843,-4.12737804436487,"10865782","Ccnd2"
338.77155,537.830333333333,2.80680008882182,0.0233888305381614,0.105184928470112,-4.12742586073822,"10724464","Cavin3"
748.989500000001,4945.09222222222,2.80616024045528,0.0234116828549063,0.105255294386462,-4.12757694486125,"10890238","Rps29"
100.75715,518.719555555556,2.80603162805538,0.0234162790615422,0.105259759425126,-4.12760731699825,"10861524","Tnpo3"
481.7432,1331.19988888889,2.80541000211028,0.0234385072031348,0.105278682262051,-4.1277541322496,"10862726","Rpl7a"
481.7432,1331.19988888889,2.80541000211028,0.0234385072031348,0.105278682262051,-4.1277541322496,"10882750","Rpl7a"
29.2985,142.486555555556,2.80520723710151,0.0234457624091804,0.105278896867783,-4.12780202717158,"10747139","Krtap3-3"
29.2985,142.486555555556,2.80520723710151,0.0234457624091804,0.105278896867783,-4.12780202717158,"10747141","Krtap3-3"
11.4324465,12.2468933333333,2.80480025203878,0.023460331898713,0.105295765261792,-4.12789816961878,"10930342","Themis3"
35.60995,138.352444444444,2.80396064928628,0.0234904180942963,0.10535284587511,-4.12809654730104,"10838043","Syt13"
232.0524,621.369,2.80392823299609,0.0234915804947443,0.10535284587511,-4.12810420749553,"10923208","Hmgb1"
209.539,1247.13444444444,2.80372250099038,0.023498959129186,0.10535284587511,-4.12815282515564,"10936582","Uba1"
184.061415,204.125033333333,2.80363446477269,0.0235021173046823,0.10535284587511,-4.12817363040591,"10785297","Esco2"
184.061415,204.125033333333,2.80363446477269,0.0235021173046823,0.10535284587511,-4.12817363040591,"10903206","Esco2"
787.332000000001,2020.04333333333,2.80361082802418,0.023502965314573,0.10535284587511,-4.12817921647971,"10852740","Rpl10a"
61.2633,172.179333333333,2.80323872109744,0.023516319477433,0.10535284587511,-4.12826716181056,"10733643","Rapgef6"
44.872595,73.3277555555556,2.80323857736501,0.0235163246372147,0.10535284587511,-4.12826719578281,"10864446","Shq1"
61.61575,219.193777777778,2.80293252712609,0.0235273140456459,0.105385917284499,-4.1283395364471,"10748314","Ern1"
33.339835,55.4529444444444,2.80258890214298,0.0235396589900239,0.105408889904132,-4.12842076661188,"10940671","Slc41a3"
31.84837,62.3974111111111,2.80212559482434,0.0235563142078531,0.105467304715436,-4.12853030212706,"10737663","Gngt2"
46.17845,151.321555555556,2.80154857099093,0.0235770744161311,0.105524209589231,-4.12866674413702,"10881424","Tnfrsf1b"
26.169865,44.7168111111111,2.80147117685263,0.0235798603477271,0.105524209589231,-4.12868504643183,"10818958","Zgrf1"
470.89,1676.71444444444,2.80118324563785,0.0235902279045625,0.105554436820936,-4.12875314065908,"10737871","Rpl21"
54.81,59.8702,2.80108214825922,0.023593869242522,0.105554562948091,-4.12877705107162,"10725927","Kif22"
71.43588,70.2822,2.80041577474634,0.0236178853186719,0.105581510896798,-4.12893467257025,"10728440","Cdca5"
126.50005,314.138444444444,2.79842325552993,0.023689846601889,0.105810202961648,-4.1294061656326,"10806456","C19h16orf87"
154.4866,1071.81111111111,2.79791256111223,0.0237083271916918,0.105872068263235,-4.12952705792609,"10837752","Celf1"
275.63441,285.787022222222,2.79777743585382,0.0237132194877883,0.105877731028007,-4.1295590480943,"10726408","Mki67"
945.2105,2433.51555555556,2.79746332318859,0.0237245961724036,0.105912339942023,-4.12963341761445,"10878910","Rps26"
20.879655,67.2050666666667,2.79728691963106,0.0237309877171664,0.105913541629226,-4.12967518613834,"10822386","Pkia"
728.3296,1419.50244444444,2.79682340099659,0.0237477906530477,0.105951123417553,-4.12978494789839,"10714745","Il33"
372.4525,1393.59444444444,2.79643554631659,0.0237618601636867,0.105965346179506,-4.12987680418181,"10841592","Rab5if"
22.09041,64.7503,2.79612599762044,0.0237730952940039,0.10599390909713,-4.12995012286414,"10878272","Itgb3bp"
221.1536,505.523888888889,2.79519494235742,0.0238069212521312,0.106052973080171,-4.13017069093982,"10843308","Arrdc1"
88.3881700000001,145.971211111111,2.79425380595255,0.0238411640551789,0.106156952706599,-4.13039371039409,"10850525","Thbd"
19.39355,25.3941555555556,2.7940809591176,0.0238474585398318,0.106168798199123,-4.13043467650697,"10741016","Tedc2"
1086.978,2684.91333333333,2.79390898341565,0.0238537230064372,0.106173049645231,-4.13047543827897,"10744494","Pfn1"
10.735871,14.0211022222222,2.79385520990993,0.023855682134295,0.106173049645231,-4.13048818413873,"10775873","Ereg"
149.61725,654.793555555555,2.79317337961958,0.0238805376640126,0.106267483216522,-4.1306498153997,"10862522","Hnrnpa2b1"
128.041,243.276111111111,2.79244870652827,0.0239069843490775,0.106368967525731,-4.13082163927359,"10726574","Tubgcp2"
749.291500000001,2552.98444444444,2.79176212107211,0.0239320689796249,0.106464361682772,-4.13098446707247,"10776912","Rpl29"
442.4355,1222.954,2.78991656423441,0.0239996320046298,0.106683695889114,-4.13142231914455,"10794810","Rpl7a"
9.432445,27.2331777777778,2.78940132974568,0.0240185291453734,0.106735216071332,-4.13154460032478,"10932746","Dcx"
285.845155,208.258311111111,2.78888229391089,0.0240375812617399,0.106803634825927,-4.13166780290095,"10771978","Ugt2b7"
82.80327,144.247433333333,2.78871031171414,0.0240438976141552,0.10681545390814,-4.13170863025116,"10758517","Camkk2"
623.1745,1825.09444444444,2.78678532365363,0.0241147134258073,0.107064929790507,-4.13216575320213,"10725155","Ybx1-ps20"
59.4316,99.1568444444444,2.78635368621035,0.0241306219308031,0.107066403476356,-4.13226828965881,"10742016","Spdl1"
57.00175,211.206111111111,2.78633464824865,0.0241313238469926,0.107066403476356,-4.13227281247692,"10822950","Ankrd50"
174.6873,888.303,2.78616618818321,0.0241375357702291,0.10706862587177,-4.13231283439537,"10820478","Tent2"
12.090768,23.4672566666667,2.78428793481851,0.0242069079561368,0.107327456219545,-4.13275919817099,"10936895","H2al3"
42.37466,81.5294222222222,2.7835053327937,0.0242358736936714,0.107390689229018,-4.13294525671949,"10902313","Glipr1"
148.7605,454.700777777778,2.78329488312583,0.0242436689861325,0.107392304780413,-4.13299529723504,"10885235","Prkch"
31.00851,83.4483,2.78294276421741,0.0242567176623216,0.107392304780413,-4.13307903080717,"10827833","RT1-T24-4"
1077.379,3760.18111111111,2.78287625485032,0.0242591831536912,0.107392304780413,-4.13309484767278,"10864769","Rpl32"
59.15204,142.528755555556,2.78282308980389,0.0242611541595337,0.107392304780413,-4.13310749129822,"10907341","Krt80"
47.22113,88.2213888888889,2.78194818043633,0.0242936137548173,0.10748645325533,-4.13331558986229,"10902249","Nav3"
197.8334,487.176555555556,2.78181220185701,0.0242986626596668,0.10748645325533,-4.13334793749492,"10834447","Egfl7"
104.61681,249.4838,2.78178370439259,0.0242997209121916,0.10748645325533,-4.13335471685898,"10888398","Ppp1cb-ps7"
987.906000000001,4663.69333333333,2.78123216757868,0.0243202116000093,0.107536046871904,-4.13348593536695,"10909368","Gapdh"
68.16025,255.904444444444,2.77994245570086,0.0243681966829852,0.107693090370541,-4.13379286117619,"10791618","Rwdd4"
56.63658,80.9748333333333,2.77958598234235,0.0243814768983839,0.107693090370541,-4.1338777157272,"10868871","Galnt12"
926.447,2559.20222222222,2.77910698927098,0.0243993332940415,0.107755422955726,-4.13399174904459,"10924918","Ptma"
156.80065,684.679777777778,2.77810688011949,0.0244366599653104,0.107866938519361,-4.13422989670844,"10808547","Trappc2l"
9.246136,14.3264577777778,2.77765808527177,0.0244534293291129,0.107896463437654,-4.13433678771906,"10827792","RT1-O1"
22.96995,41.3406666666667,2.77638853629788,0.0245009308536663,0.108046763393076,-4.13463923848163,"10931196","Vav1"
130.2111,577.287,2.77636462718581,0.0245018263525572,0.108046763393076,-4.13464493556898,"10739225","Psmd12"
834.35005,839.454444444444,2.77635233312863,0.0245022868309417,0.108046763393076,-4.13464786502523,"10895499","Tspan8"
35.58296,103.492688888889,2.77470215259845,0.0245641761551509,0.108270646076732,-4.13504117180224,"10901842","Nedd1"
78.70255,353.729111111111,2.77445070981019,0.0245736205796257,0.108295934773448,-4.13510111816708,"10859581","Cmas"
90.13285,252.103444444444,2.77420706589859,0.0245827756495206,0.108303605462991,-4.13515920951132,"10770396","Lbr"
11.50005,23.9595333333333,2.77407533754052,0.0245877268910147,0.108309085252428,-4.13519061890467,"10877268","Mup4l4"
157.53215,406.330888888889,2.7737270402335,0.0246008232199268,0.108342480549545,-4.13527367310375,"10940622","Kctd10"
117.5574,325.122333333333,2.77367647114309,0.024602725267532,0.108342480549545,-4.13528573241624,"10824914","Psmd4"
885.54499,725.458811111111,2.7735254144862,0.0246084078435795,0.108351172078724,-4.1353217562875,"10817065","S100a6"
112.67057,168.087488888889,2.77245300603535,0.0246487896036883,0.108494103808016,-4.1355775502283,"10838670","Pak6"
107.926105,109.312377777778,2.77244904776271,0.0246489387799776,0.108494103808016,-4.13557849451889,"10747640","Brca1"
158.6349,400.653,2.77226900247566,0.0246557251722262,0.108494103808016,-4.13562144753555,"10893139","Ankrd52"
101.858,218.602222222222,2.77111846548158,0.024699137608351,0.10865240266381,-4.13589598329365,"10900201","Mfsd12"
64.22395,56.1817777777778,2.77098821666423,0.024704057171421,0.1086576823556,-4.13592706860923,"10879039","B4galt2"
128.93785,282.993111111111,2.77020296837365,0.0247337378435069,0.108712386327972,-4.13611450241185,"10757704","Bud23"
52.64603,44.5922555555556,2.77016693519602,0.0247351007024723,0.108712386327972,-4.13612310435916,"10722718","Arrdc4"
167.78245,498.485777777778,2.7688019849673,0.0247867834630416,0.108808578826341,-4.1364490175379,"10784140","Xpo4"
327.43165,916.058777777778,2.76828772282671,0.0248062845051394,0.108877823848129,-4.13657184388367,"10775429","Ptpn13"
394.1428,1157.61677777778,2.76789304138713,0.0248212617411941,0.108921272827151,-4.1366661223714,"10770443","Capn2"
26.262925,50.8044111111111,2.7676084419543,0.0248320674173432,0.108925528157697,-4.13673411220255,"10863857","Isy1"
53.14675,258.471777777778,2.76568010949506,0.024905410453201,0.109198058078916,-4.13719493634267,"10886414","Cpsf2"
47.6739,188.083,2.76548695988536,0.0249127691035097,0.109213931060914,-4.13724110896386,"10702955","Acat2"
24.819805,44.0100444444444,2.76434517443669,0.0249563149444595,0.109372004918608,-4.13751410830972,"10825142","H2ac20"
803.676,3230.59333333333,2.76356397168113,0.0249861540199574,0.109469931544547,-4.137700946345,"10938895","Rpl19"
12.466615,29.0617777777778,2.76257814723745,0.0250238614695249,0.10956940781935,-4.13793678521474,"10818097","Ppm1j"
28.711794,24.4596033333333,2.76237334367907,0.0250317025034183,0.109587315590418,-4.13798578907281,"10899499","Espl1"
47.2012,169.616111111111,2.76204180023386,0.0250444012310884,0.109626481505097,-4.13806512463207,"10760712","Dnaaf5"
388.9736,557.029555555556,2.76104697957925,0.0250825446344515,0.109727681783598,-4.13830322383519,"10759447","Rn5s"
58.131305,127.324455555556,2.76047858293792,0.0251043650081854,0.109773824180382,-4.13843929485135,"10883763","Nol10"
541.571,3163.60222222222,2.75917197785793,0.025154599043506,0.109894789360996,-4.13875217609463,"10799505","Rpl21"
168.90836,188.260822222222,2.75861969783455,0.0251758633119352,0.109921935554458,-4.13888446227831,"10784566","Esco2"
147.0064,917.514777777778,2.75827115678732,0.0251892926295037,0.109964135516784,-4.13896795857239,"10886185","Slirp"
9.456195,26.5693333333333,2.75791191258482,0.0252031420784416,0.109985648050097,-4.13905402795523,"10914607","Cxcr6"
356.438,615.686888888889,2.75787959304602,0.0252043884345556,0.109985648050097,-4.13906177166964,"10862867","Gadd45a"
72.4511000000001,194.847888888889,2.75754418898054,0.0252173265618619,0.110016488941413,-4.13914213838303,"10880610","Rcan3"
134.1624,321.395333333333,2.75747193730656,0.0252201145492106,0.110016488941413,-4.13915945177193,"10753146","Gart"
45.62386,118.117511111111,2.75722360522107,0.0252296994066318,0.110041868985569,-4.13921896146021,"10856320","Polr1a"
11.29262,24.9262222222222,2.75704922755465,0.0252364320968987,0.110054803295835,-4.13926075151608,"10874911","Gdap1"
61.651675,62.7020444444444,2.75549260850491,0.0252966150935036,0.110196361802919,-4.13963389510889,"10930488","Ndc80"
17.409825,61.3986,2.75542922269798,0.0252990688920442,0.110196361802919,-4.13964909323474,"10712633","Lto1"
9.784464,20.9828866666667,2.75386673458288,0.0253596338255022,0.110377881790558,-4.14002382406866,"10939118","Hdx"
121.5754,350.206111111111,2.75358020230325,0.0253707565714785,0.110409843956379,-4.14009256181321,"10900710","Wdr18"
291.3838,628.714111111111,2.75250022205734,0.0254127250198564,0.110503170230938,-4.14035169644227,"10815888","Smc4"
72.5140500000001,529.263666666667,2.75248244443951,0.0254134164639066,0.110503170230938,-4.14035596276608,"10873203","Ece1"
248.5698,885.562666666667,2.75244438042394,0.0254148969939642,0.110503170230938,-4.14036509755344,"10774766","Rtn4"
497.94475,1023.26477777778,2.75116818559308,0.0254645871485432,0.110686274208829,-4.14067142458525,"10876291","Tmsb4x"
38.25488,123.774288888889,2.75038090717361,0.025495290744414,0.110770289084966,-4.14086045396448,"10809167","Katnb1"
152.9434,530.739444444444,2.74928640049544,0.0255380396108497,0.110923028425715,-4.14112332349896,"10887593","Mta1"
76.92959,153.340088888889,2.74852514727573,0.0255678159732182,0.111015338444147,-4.14130620514998,"10935878","Zfp275"
7.72078500000001,22.8139,2.74793278638209,0.025591010900689,0.111037545292251,-4.14144854098213,"10706474","LOC103691133"
757.530500000001,2432.60222222222,2.74775069097852,0.0255981455259412,0.111052008226143,-4.14149230090412,"10788437","Gnb1"
52.2974525,44.3118722222222,2.7475891599888,0.0256044761403922,0.111062979356409,-4.14153112089723,"10903790","Dscc1"
15.803505,30.6958,2.74699313901612,0.0256278489718898,0.111131361119903,-4.1416743758787,"10724724","Trim66"
79.2220500000001,236.705,2.74671513528044,0.0256387583527371,0.111162167782259,-4.14174120332621,"10923835","Nrp2"
60.1864,67.7879111111111,2.74660424229166,0.0256431113350975,0.111164542891162,-4.14176786167624,"10795289","Hist1h3b"
626.337,3201.31,2.7463678954495,0.0256523914144659,0.111188273409823,-4.14182468167811,"10793096","Rhoa"
449.48575,421.179444444444,2.74588510733981,0.0256713586940393,0.111237477438099,-4.14194076079732,"10883903","Rrm2"
13.27709,31.4693888888889,2.74562574725308,0.0256815541368136,0.111265152388087,-4.14200312684849,"10859080","Clec2d"
140.9568,737.540666666667,2.74546162210756,0.0256880080523881,0.111276611394197,-4.14204259505262,"10915492","Fdx2"
216.57795,792.555666666667,2.74522687404155,0.02569724199029,0.111300107858315,-4.14209904971601,"10915538","Cdc37"
12.486212,18.4926655555556,2.74337026672404,0.025770393322182,0.111517741151566,-4.14254568374868,"10774890","Gpr75"
54.0327000000001,334.221333333333,2.74249264914473,0.0258050466461457,0.111651160059316,-4.14275689259241,"10830155","Nus1"
37.0940000000001,301.329222222222,2.74192361707113,0.0258275409388223,0.111708576518162,-4.14289386594513,"10891322","Irf2bpl"
17.169994,25.0231144444444,2.74186679514135,0.0258297882652215,0.111708576518162,-4.14290754497664,"10728700","Lrrc10b"
18.011475,33.6915,2.74014896427446,0.0258978243322723,0.111916503331537,-4.14332119517987,"10739788","Galr2"
57.99075,173.456666666667,2.74010097850914,0.0258997274977418,0.111916503331537,-4.14333275305837,"10860996","Rpa3"
66.4279000000001,324.318111111111,2.74007263715614,0.02590085161308,0.111916503331537,-4.14333957944929,"10724208","Rhog"
101.9756,228.292888888889,2.73968459560404,0.0259162477335782,0.111933362106557,-4.1434330501314,"10920697","Cmtm7"
94.588485,130.952866666667,2.73946384070625,0.0259250107202777,0.111938111614276,-4.14348622989698,"10738177","Fkbp10"
95.44335,248.292666666667,2.73925607097686,0.0259332610443588,0.111957187549859,-4.14353628469538,"10935791","Hmgb3"
27.03305,113.534388888889,2.73895212124208,0.0259453354555091,0.111992654070159,-4.14360951618911,"10784968","Pdlim2"
12.694095,25.024,2.73870243700961,0.0259552585044509,0.111998822825815,-4.14366967823479,"10898743","Muc19"
150.1044,574.918666666667,2.73831487709399,0.0259706688140973,0.111998822825815,-4.14376307052302,"10816760","Krtcap2"
33.620895,102.235,2.73822942883753,0.0259740677102238,0.111998822825815,-4.14378366285661,"10807841","Cmtr2"
814.063,2422.32777777778,2.73711073049216,0.0260186087758961,0.112146756941655,-4.1440533077543,"10734817","Rpl26"
98.9264,246.204888888889,2.73697571079077,0.0260239899191673,0.112149998745914,-4.14408585815557,"10871582","Ppih"
43.26019,125.017311111111,2.73666487800052,0.0260363823673133,0.112186854642875,-4.1441607982905,"10733829","Sh3bp5l"
83.0234,239.843888888889,2.73590467571046,0.0260667161589582,0.112267882333452,-4.14434410785378,"10913553","Cdc25a"
19.744305,48.3943666666667,2.73482477766266,0.0261098691805922,0.112404025676661,-4.14460457683599,"10790214","Rps24l3"
37.147376,38.6907188888889,2.73423134510821,0.0261336142533479,0.112464424459658,-4.1447477465812,"10913354","Col7a1"
441.8787,845.451333333333,2.73418553974853,0.0261354479926274,0.112464424459658,-4.14475879848011,"10769954","Pea15"
156.9277,416.377444444444,2.73402612434346,0.0261418309499377,0.112473058986401,-4.14479726332314,"10929261","Hdac1l"
35.15139,103.5532,2.7337709873025,0.026152049924108,0.112486158198306,-4.1448588282821,"10851231","Mtcl2"
34.47595,87.0024444444444,2.7333498677288,0.0261689259848282,0.112527466187791,-4.14496045515724,"10758106","Dhx37"
26.61717,82.5005333333333,2.73315456567778,0.0261767563820399,0.112527466187791,-4.14500759077414,"10905773","Nfam1"
40.71379,83.9128777777778,2.73314696912298,0.0261770610054161,0.112527466187791,-4.14500942423644,"10800024","Smokxl2"
48.02431,50.4909777777778,2.73194512506257,0.0262253012387693,0.11270725933332,-4.14529954606704,"10905179","Apol9a"
15.930545,75.2741222222222,2.73191275140797,0.0262266019356441,0.11270725933332,-4.145307362391,"10833466","Pkib"
64.862404,83.2638311111111,2.73079089842515,0.026271716430432,0.112834743281188,-4.145578269366,"10935038","Bex4"
23.495105,58.6244888888889,2.72924299731244,0.026334095477003,0.113019577679619,-4.14595220528576,"10841586","Tgif2"
93.32381,120.053688888889,2.7288277704891,0.0263508546995024,0.113055279834349,-4.14605254297794,"10781829","Klf5"
89.7106,276.543777777778,2.7275172960514,0.0264038196693383,0.113207241969507,-4.14636929314368,"10714952","Rpp30"
37.54905,232.158666666667,2.72746926205263,0.0264057631247858,0.113207241969507,-4.14638090557822,"10827043","Rap1gds1"
53.937535,74.1299777777778,2.72739364319138,0.0264088229623532,0.113207241969507,-4.14639918710728,"10866410","Gpr19"
473.7341,815.840888888889,2.72724227808318,0.0264149488895928,0.113216889210764,-4.14643578217584,"10716168","Acsl5"
118.1694,465.401333333333,2.72656831962721,0.0264422425733125,0.113317247254914,-4.14659874265246,"10889339","Adam17"
72.5049500000001,330.693222222222,2.72605818630901,0.0264629210553615,0.11338923081715,-4.14672211219805,"10749209","Srp68"
496.8555,2407.03666666667,2.72518165295746,0.0264984906427141,0.113491702922775,-4.1469341340661,"10885697","Rpl21"
62.5938000000001,267.942666666667,2.72423832678988,0.0265368257046101,0.113605924111149,-4.14716237285294,"10857667","Thumpd3"
59.39845,240.772111111111,2.72412112213713,0.0265415926774549,0.113609683293651,-4.14719073503372,"10761965","Orai1"
629.821,2495.02444444444,2.72305197549976,0.0265851179861849,0.113779319784413,-4.14744950102006,"10924217","Rpl37a"
184.81455,900.771,2.72283577566207,0.0265939284859791,0.113783688750644,-4.14750183776063,"10779202","Rtraf"
74.57115,203.142333333333,2.72267051322407,0.0266006652309887,0.113795846252468,-4.147541846016,"10895409","Krr1"
137.06005,526.583777777778,2.72131029778524,0.0266561797649078,0.113949902787828,-4.14787121272974,"10900537","Dazap1"
77.075245,59.1311444444444,2.72066250352248,0.0266826601568074,0.114035420895499,-4.14802811749597,"10860852","Tfpi2"
119.9923,494.938111111111,2.7205137443679,0.0266887449253581,0.114039051374786,-4.14806415320844,"10831425","Atf6b"
15.851195,29.3449555555556,2.72035191805067,0.0266953658094537,0.114050660537786,-4.14810335610891,"10719021","Ttyh1"
336.315184,203.323881111111,2.72001215317671,0.0267092722911188,0.114093388026429,-4.14818567115738,"10800237","Lama3"
21.71195,127.391555555556,2.71983592691681,0.0267164881211847,0.114107526896534,-4.14822836881019,"10879483","Rlf"
376.76235,597.021333333333,2.71733158692591,0.0268192490824852,0.114368751166537,-4.14883537906524,"10770197","Akt3"
22.134995,47.2776555555556,2.71670224392931,0.0268451369478913,0.114435606969532,-4.14898799082301,"10896935","Ccn4"
35.214275,117.679388888889,2.7166292057878,0.0268481430194143,0.114435606969532,-4.14900570392513,"10745074","Unc119"
31.950995,67.2621222222222,2.71645301329567,0.0268553960987973,0.114441992313283,-4.14904843541505,"10705004","Phldb3"
31.17005,109.690755555556,2.71572400746855,0.0268854275523334,0.114544389749726,-4.14922526248022,"10874070","Dffa"
73.77555,162.064333333333,2.71531370333927,0.0269023452700023,0.114583046321307,-4.14932480198559,"10832306","Itgb2"
800.157,2625.43333333333,2.71460498413897,0.0269315931027604,0.114674181737945,-4.14949676471845,"10776237","Rpl23a"
17.50728,32.9028333333333,2.7139894888644,0.0269570202791665,0.114749000500593,-4.14964613641748,"10705928","Wdr62"
9.82635,27.5520666666667,2.7135039382723,0.026977096655072,0.114763954421484,-4.1497639912665,"10818892","Tram1l1"
141.01335,253.69,2.71350089020893,0.0269772227339386,0.114763954421484,-4.14976473115748,"10811832","Nup133"
153.7676,836.770555555556,2.71120553703685,0.0270723392444124,0.115088957899631,-4.15032209395131,"10940495","Copb2"
204.868,554.830444444444,2.71084016635577,0.0270875115608687,0.115119953846264,-4.15041084828699,"10908482","Smarca4"
113.820405,114.224366666667,2.71051282844178,0.0271011119692543,0.115161001464698,-4.15049037183714,"10734853","Aurkb"
72.9934000000001,278.394111111111,2.71005807783017,0.0271200178543216,0.115224578475298,-4.15060086156884,"10816566","Arhgef2"
297.30545,455.590555555556,2.70964960966343,0.0271370111581338,0.115280012210807,-4.15070011856097,"10901823","Tmpo"
437.108500000001,2305.56444444444,2.70948734844605,0.0271437646745183,0.115291936784149,-4.15073955098693,"10937564","Rpl21"
164.8164,607.181333333333,2.70822914741636,0.0271961913382185,0.115470507305016,-4.15104537955866,"10750193","Il10rb"
81.441935,60.8883555555556,2.70819461096341,0.0271976318703492,0.115470507305016,-4.15105377583944,"10790603","Eloa2l"
227.1058,328.893111111111,2.70819383685107,0.0271976641598485,0.115470507305016,-4.15105396403763,"10888872","Cad"
10.83479,24.3049222222222,2.7078089834393,0.027213721915583,0.115521893641651,-4.15114753282399,"10815806","Mlf1"
816.272000000001,2758.57555555556,2.70710490555666,0.0272431243619518,0.115564402819439,-4.15131874108825,"10874641","Gnb1"
55.6434000000001,253.39,2.70702790631688,0.0272463418496925,0.115564402819439,-4.1513374668497,"10930076","Dtymk"
80.9282199999999,188.245877777778,2.70700089545079,0.0272474706175223,0.115564402819439,-4.15134403583193,"10924286","Slc11a1"
179.2313,325.270555555556,2.70639512628602,0.0272727979926219,0.115655032741538,-4.15149137100866,"10834731","Col5a1"
94.88624,215.118422222222,2.70558285586239,0.0273067972719915,0.115678846798978,-4.15168897189411,"10885116","RGD1559545"
140.282564,74.9357922222222,2.70534605159748,0.0273167174196643,0.115678846798978,-4.15174658795438,"10815785","Ptx3"
32.18677,35.7377611111111,2.7052206936045,0.0273219703879288,0.115678846798978,-4.15177708998671,"10883880","Grhl1"
55.1685,142.510333333333,2.70421135807816,0.02736430321435,0.115824507983776,-4.152022721134,"10868007","Casp8ap2"
74.1645000000001,199.588,2.70367989591328,0.0273866205387895,0.115902177664812,-4.15215208613133,"10811102","Mlkl"
22.022255,39.7176888888889,2.7032806806879,0.0274033968258363,0.115941262879072,-4.15224927350099,"10762247","Oas1b"
11.5655,21.7091222222222,2.70291668647151,0.0274187022305242,0.115941262879072,-4.1523378962084,"10722097","Tph1"
20.92896,13.89835,2.70289372200347,0.0274196681464884,0.115941262879072,-4.15234348774473,"10836588","Dhrs9"
41.427805,114.124477777778,2.70265001190496,0.0274299210738808,0.115967831295565,-4.15240283012788,"10814644","Eif5a2"
525.244499999999,2730.1,2.70240315289377,0.0274403104980703,0.115994969019046,-4.15246294350895,"10838079","Rpl21"
24.550175,77.6963888888889,2.70199462699263,0.0274575128060667,0.116050893969391,-4.1525624342787,"10921762","Mad2l1bp"
324.733085,302.659955555556,2.70144419047467,0.0274807082686097,0.116095734204383,-4.15269650391953,"10810144","Rrm2"
22.4399,136.271888888889,2.70136569167504,0.0274840178598451,0.116095734204383,-4.15271562557874,"10834162","Tprn"
202.714,950.188111111111,2.70112320868946,0.0274942437853753,0.116122139358964,-4.15277469516228,"10903545","Eif3e"
150.64925,507.430222222222,2.70078319686956,0.0275085892629618,0.11616593332295,-4.15285753001196,"10873993","Exosc10"
160.22765,425.906888888889,2.70029289757298,0.0275292890960742,0.116236544537175,-4.15297699269651,"10835292","Ncs1"
72.087185,97.0395888888889,2.70005391217583,0.0275393845738332,0.116261279216635,-4.15303522821721,"10928684","Bard1"
25.04531,59.0495888888889,2.69983418000383,0.0275486700969213,0.116261279216635,-4.15308877568314,"10904612","Top1mt"
194.58185,265.755222222222,2.69846660617921,0.0276065339825772,0.116398963805265,-4.15342212168592,"10767987","Nav1"
17.463315,44.7475333333333,2.69825334765277,0.0276155684991543,0.116398963805265,-4.15347411525493,"10745378","Abhd15"
998.653500000001,5631.41,2.69776431465449,0.0276362974525845,0.116469531705107,-4.15359335615537,"10804508","Hspa8"
74.05735,202.125777777778,2.69751109313141,0.0276470372033237,0.116476892674478,-4.15365510574014,"10723332","Hdgfl3"
9.94521000000002,63.0978333333333,2.69744113261904,0.0276500051584002,0.116476892674478,-4.15367216682257,"10783667","Ppp1r3e"
218.046000000001,1038.29133333333,2.69593788178947,0.0277138572389039,0.116678574056397,-4.15403884345204,"10884804","Entr1"
53.47692,164.1446,2.69537395649659,0.0277378496295369,0.116745935611193,-4.15417643833965,"10882920","Memo1"
78.90385,264.206777777778,2.69479274211541,0.027762599945403,0.116816447472995,-4.15431827499206,"10875610","Otud6b"
289.60125,1178.90066666667,2.6940749517203,0.027793197534929,0.116928351495596,-4.15449347362989,"10841287","Raly"
97.1370999999999,267.906444444444,2.69392398753469,0.0277996371691292,0.11693860334902,-4.15453032563655,"10821383","Snx18"
768.073,2380.30777777778,2.69372333900511,0.0278081985486255,0.116943001682941,-4.15457930860471,"10813330","Rpl37l1"
141.378605,157.756555555556,2.69334327874203,0.0278244225973558,0.116943001682941,-4.15467209787342,"10940516","Birc5"
49.60842,121.873766666667,2.69333676721394,0.0278247006468858,0.116943001682941,-4.15467368770925,"10824550","Atp8b2"
9.962538,17.5611566666667,2.69313409897341,0.0278333562359636,0.11696255308939,-4.1547231720839,"10827663","Or2h2c"
78.7023499999999,407.155222222222,2.69276139615533,0.0278492809187111,0.116995814316829,-4.15481418036086,"10892007","Dicer1"
55.359855,114.8887,2.69194563748569,0.0278841690017783,0.117125537486405,-4.15501340997579,"10812656","Fam169a"
549.1825,2445.59111111111,2.6917482524216,0.0278926174483107,0.117144181445507,-4.15506162357293,"10842436","Rpl38-ps9"
573.9205,2231.61777777778,2.69110498072866,0.0279201689395723,0.117214258648335,-4.15521876908742,"10765489","Rpl29"
76.619145,103.996133333333,2.69081535885384,0.0279325826526122,0.117244607703077,-4.15528953057177,"10732966","Adam19"
86.22139,128.655877777778,2.68888711542958,0.0280153754157249,0.117473974077076,-4.15576079570967,"10835396","Exosc2"
226.7911,878.569444444444,2.68854764249935,0.0280299774240022,0.117518335313548,-4.15584379024617,"10751671","Pak2"
173.0404,646.457444444444,2.68828665156267,0.0280412089463436,0.117527936789015,-4.15590760293913,"10766289","Cnih4"
54.63215,224.886555555556,2.68792811114717,0.0280566459715203,0.117560091847141,-4.15599527439796,"10925264","Sh3bp4"
350.4083,1038.32722222222,2.68775548302873,0.0280640816232614,0.117560091847141,-4.15603748918762,"10915427","Eif3g"
60.5953,276.165444444444,2.68737479223421,0.0280804863683685,0.117595087265699,-4.15613059135998,"10937558","Tsr2"
23.92915,64.6013777777778,2.687053453495,0.028094341184107,0.117619387124176,-4.15620918621091,"10940587","Prss21"
225.8334,1220.392,2.68651610846639,0.0281175250122815,0.117682718582921,-4.15634062922955,"10906533","Twf1"
46.76875,57.9851111111111,2.68379283433749,0.0282353238104364,0.118059112573587,-4.1570070949782,"10922051","Cenpq"
743.9395,3814.42777777778,2.68376846439883,0.0282363802510191,0.118059112573587,-4.15701306136162,"10738409","Rpl27"
58.4776,267.156444444444,2.68333441390101,0.0282552032137012,0.118077738453722,-4.15711933495637,"10937360","Cdk11b"
24.88964,92.1734222222222,2.68330761559038,0.0282563657674392,0.118077738453722,-4.1571258967273,"10775271","Lrrc8c"
52.2607,140.625777777778,2.6828992532756,0.0282740872637097,0.118134894925918,-4.15722589356062,"10821367","Gpx8"
32.33949,128.452866666667,2.68276944621623,0.0282797228283202,0.118141544788581,-4.15725768222027,"10809730","Heatr3"
82.68875,396.483555555556,2.68190445501327,0.0283173058503926,0.118264728107701,-4.15746954133942,"10814194","Rbis"
48.13465,151.612777777778,2.68151026634334,0.0283344499845363,0.118319414215015,-4.15756610584351,"10749778","Ogfod3"
54.978505,85.8895111111111,2.68135982724461,0.0283409957244032,0.118329834084996,-4.15760296180854,"10872671","Xkr8"
40.973146,31.1569911111111,2.68113259462447,0.0283508857655428,0.118354212168415,-4.15765863435641,"10811883","Pgbd5"
245.4438,636.413333333333,2.68060254066612,0.028373969548473,0.118418087964403,-4.1577885128759,"10790954","Lsm4"
20.296815,80.6806666666667,2.6801499689939,0.0283936942724937,0.118482128906818,-4.15789942151051,"10808235","Gan"
269.13225,382.207333333333,2.67938603890076,0.028427021102375,0.118553461025665,-4.15808666502674,"10862338","Ezh2"
68.7317000000001,458.141222222222,2.67881875755896,0.0284517950361396,0.118639843018239,-4.15822573517139,"10827129","Hs2st1"
25.48521,37.4582,2.67859247059808,0.0284616834783347,0.118664138880558,-4.15828121612855,"10913078","Traip"
411.496,1459.11111111111,2.67791753784723,0.0284911981284899,0.118770242883234,-4.15844671710461,"10861305","Rpl21"
38.062905,52.0622666666667,2.67706400176526,0.0285285680944764,0.118862458330328,-4.15865605906028,"10809856","Orc6"
21.557152,27.6864544444444,2.67677546412893,0.0285412123871485,0.118862458330328,-4.15872683853297,"10754580","Muc13"
16.38951,70.6497666666667,2.67553933115923,0.0285954473914963,0.118967160366729,-4.15903013270693,"10852492","Helz2"
20.82499,52.0467111111111,2.67421337068111,0.0286537412553015,0.119175739896409,-4.15935558502382,"10830034","Npffr1"
127.6353,436.155,2.67247702811576,0.0287302615858006,0.11942599060438,-4.15978194927215,"10849735","Mtln"
7.858865,25.3736888888889,2.67069809369813,0.0288088766231273,0.11965903440529,-4.16021898966055,"10752523","Ccdc116"
798.505000000001,2219.73111111111,2.66946123759964,0.0288636661943549,0.119844108044611,-4.16052298447158,"10774372","Rps28"
837.626999999999,2805.99666666667,2.6690968702219,0.0288798271362194,0.119894169384327,-4.16061255906227,"10736232","Rpl23a"
7.179101,13.1419355555556,2.66870209935966,0.0288973470643449,0.119949857507498,-4.16070961833777,"10710575","Hs3st2"
53.69463,77.7841,2.66784244165082,0.028935536437263,0.120079823800782,-4.16092101324126,"10887719","Ncapg2"
221.6885,1494.01222222222,2.66781225937283,0.0289368781939311,0.120079823800782,-4.16092843617472,"10880583","Clic4"
13.482545,40.5758222222222,2.66684590735769,0.0289798712686848,0.120196790620005,-4.16116613117016,"10928832","Marchf4"
769.52215,1308.78144444444,2.66467576881726,0.0290766600793783,0.120488730150207,-4.1617001596479,"10798488","H2bc1"
125.40265,362.525111111111,2.66430892989838,0.0290930539646134,0.120508210665814,-4.16179046380966,"10804117","Pcdh1"
97.98407,185.620155555556,2.66427462952191,0.0290945873198037,0.120508210665814,-4.16179890795711,"10906373","Cpne8"
72.0176500000001,255.222444444444,2.66319303657882,0.0291429811502796,0.120558347681148,-4.16206521893512,"10790978","Ell"
162.7747,658.860111111111,2.66297746573263,0.0291526363316389,0.12058121446871,-4.16211830672252,"10765600","F11r"
40.54516,124.479911111111,2.66211129909932,0.0291914640976441,0.120705574010941,-4.16233164668484,"10780268","Ngdn"
227.8197,469.329,2.66203030017815,0.0291950977600229,0.120705574010941,-4.16235159967175,"10748962","Jpt1"
1026.1175,3698.05222222222,2.66184705761946,0.0292033198493789,0.1207224828187,-4.16239674067277,"10933957","Rpl32"
8.18814,22.7061333333333,2.66129814312759,0.0292279638564414,0.120773088557578,-4.16253197728712,"10858645","Zfp42"
900.4215,3078.07333333333,2.66086817662103,0.0292472824952463,0.120787100355913,-4.16263792315939,"10877446","Rpl31"
171.65595,228.565333333333,2.65905057440591,0.029329093301843,0.121083730807295,-4.16308593092213,"10716939","Adgrg6"
42.79982,154.532822222222,2.65864409301275,0.0293474212605592,0.121112525032628,-4.16318615293736,"10799657","Nmt2"
210.62015,935.050555555556,2.65764225769992,0.0293926435069906,0.121241587789327,-4.16343321423161,"10802114","Csnk1a1"
462.3369,1355.24366666667,2.65730570480436,0.0294078513445233,0.121249724482781,-4.16351622669968,"10925600","Septin2"
102.45755,286.754888888889,2.65728080561973,0.02940897678633,0.121249724482781,-4.1635223685207,"10743437","Epn2"
614.43,2867.55,2.65689720351837,0.0294263211673485,0.121249724482781,-4.16361699613914,"10774359","Rpl38-ps9"
614.43,2867.55,2.65689720351837,0.0294263211673485,0.121249724482781,-4.16361699613914,"10790525","Rpl38-ps9"
614.43,2867.55,2.65689720351837,0.0294263211673485,0.121249724482781,-4.16361699613914,"10825236","Rpl38-ps9"
614.43,2867.55,2.65689720351837,0.0294263211673485,0.121249724482781,-4.16361699613914,"10910458","Rpl38-ps9"
334.46655,653.233,2.65609240529862,0.0294627438438419,0.12136556664608,-4.16381555824223,"10940441","Rrm1"
601.5965,2681.18222222222,2.65571640209713,0.0294797764365576,0.121418608320541,-4.16390834218784,"10844883","Rpl35"
74.539775,77.1061888888889,2.65410914366641,0.0295526977095576,0.121701791779957,-4.16430506554206,"10848293","Arhgap11a"
133.6105,795.033444444444,2.65350715312552,0.029580057620318,0.121797294336853,-4.16445370227975,"10859814","Ube3c"
106.42377,218.934433333333,2.65176222894473,0.0296595097228882,0.122034470040115,-4.16488468094374,"10840076","Prnp"
163.92245,299.883222222222,2.651529814758,0.0296701088100312,0.122034470040115,-4.16494210078813,"10753982","Ccdc80"
53.41582,119.748044444444,2.65152225360688,0.0296704536963143,0.122034470040115,-4.16494396889567,"10799063","Smokxl2"
737.967500000001,2297.27555555556,2.65072872413528,0.0297066717757256,0.122129286413741,-4.16514004545297,"10736053","Rpl37l1"
164.4373,279.936444444444,2.6505014824221,0.0297170518373675,0.122138893058862,-4.16519620358468,"10779331","Rpl15"
25.96517,27.4209555555556,2.65015790063352,0.0297327532051084,0.122173022120618,-4.16528111955675,"10745107","Spag5"
245.9412,665.034,2.64994146170792,0.0297426486308356,0.122191216017611,-4.16533461645598,"10813107","Esm1"
181.229865,172.882066666667,2.64869030485923,0.0297999168242112,0.12239206665296,-4.16564392651649,"10739721","Itgb4"
11.166818,19.3761622222222,2.64839479614948,0.029813459408779,0.122430475564812,-4.16571699774024,"10723240","Cpeb1"
193.7792,486.077888888889,2.64582189686765,0.0299316373790754,0.122780632491717,-4.16635346008889,"10837393","Ssrp1"
605.033,1564.22555555556,2.64581509880447,0.0299319502620558,0.122780632491717,-4.16635514234207,"10927281","Rps14"
2616.3545,5875.28222222222,2.64580365967773,0.0299324767590061,0.122780632491717,-4.16635797308307,"10741778","Hbb-b1"
46.91085,189.529666666667,2.64573577870382,0.0299356012423351,0.122780632491717,-4.16637477118181,"10926384","Tbcc"
22.510925,56.3441555555556,2.64571511322024,0.0299365525172349,0.122780632491717,-4.16637988520859,"10754676","Lmln"
172.44343,108.050844444444,2.6454161739279,0.0299503167783523,0.122808821823008,-4.16645386613596,"10838823","Chac1"
49.87721,84.6465888888889,2.64373851018171,0.0300276830584914,0.123085271905538,-4.16686916550933,"10818291","Gstm5"
56.33765,190.310555555556,2.64321973399619,0.0300516481307603,0.123148947747515,-4.16699762588819,"10814650","Rpl22l1"
199.46908,105.560544444444,2.64307197302563,0.0300584775951409,0.123159658410161,-4.16703421814424,"10747278","Krt14"
376.838568,226.58949,2.64180279809697,0.030117204023488,0.123365675594809,-4.16734858484738,"10766809","Lamb3"
47.668365,43.0624,2.64140572164011,0.0301356014319955,0.123423729179071,-4.1674469609966,"10871151","Rad54l"
40.578855,45.2316666666667,2.64115786409821,0.0301470910463238,0.123453478809546,-4.16750837349299,"10878969","Kif2c"
69.48879,84.4715666666667,2.64029776602906,0.0301869963515923,0.123570136163163,-4.16772151569571,"10740891","Paqr4"
45.15253,113.045211111111,2.63970324875921,0.0302146113562188,0.123643319254878,-4.16786887369036,"10704941","Smg9"
14.2355,24.8269888888889,2.63958912954234,0.0302199150936673,0.123647703017703,-4.16789716224415,"10704565","Ptgir"
812.645,3064.96555555556,2.63928727070082,0.0302339487083862,0.123670481317109,-4.16797199314004,"10840347","Dstnl1"
43.223325,121.794666666667,2.63781654269474,0.0303024194357768,0.123846513905538,-4.16833667674756,"10723196","Crtc3"
85.41745,198.957111111111,2.63634677475109,0.0303710042539592,0.124049844663612,-4.16870127094486,"10866672","Recql"
10.65587,43.6102222222222,2.63611373055001,0.0303818935636389,0.124049844663612,-4.16875909409771,"10879919","Zmym1"
12.257875,20.6982444444444,2.63567324046018,0.030402486997206,0.124116581209667,-4.16886839912329,"10718614","Vom2r27"
107.53245,267.067,2.63558039969074,0.0304068292381131,0.124116963722542,-4.16889143871611,"10772408","Tec"
745.6788,875.816,2.63493967512875,0.0304368137985802,0.124204648458126,-4.16905045864522,"10897529","Lgals1"
35.08012,100.125044444444,2.63466370540992,0.0304497379348665,0.124222684545341,-4.16911895961626,"10754296","Hcls1"
10.719165,38.4807333333333,2.63438493500327,0.0304627989418329,0.124258616069074,-4.16918816108464,"10780012","LOC290071"
137.0187,188.3554,2.63373811152969,0.0304931261630725,0.12436495710289,-4.1693487479554,"10880361","Rpa2"
481.259,2808.61888888889,2.63302797629952,0.0305264574746545,0.124466144963651,-4.16952508633146,"10839154","Pdia3"
504.0555,2224.12666666667,2.63104778604807,0.0306195981331184,0.124720095298859,-4.17001698335998,"10861676","Rpl38-ps9"
179.3942,323.868555555556,2.63078754524218,0.0306318605049242,0.124720095298859,-4.17008164952072,"10723810","Acer3"
146.891,375.085888888889,2.63064754540639,0.0306384592842354,0.124720095298859,-4.17011643942287,"10900821","Cdc34"
427.2725,1047.70688888889,2.63038952968125,0.0306506244628003,0.124733420114241,-4.17018055974841,"10848733","Ehd4"
53.78344,99.0170111111111,2.63036493831729,0.0306517841788231,0.124733420114241,-4.1701866712665,"10772863","Arap2"
46.192275,47.6908,2.62995838699173,0.0306709634455446,0.124776706043467,-4.1702877146099,"10923385","Sgo2"
32.369635,45.7050444444444,2.62977126275488,0.0306797952583216,0.124785542821821,-4.17033422585309,"10803110","Cd226"
78.71925,173.050333333333,2.6297313698339,0.0306816784448943,0.124785542821821,-4.17034414187199,"10776888","Fam114a1l1"
42.65972,92.7205555555556,2.62955250865943,0.0306901232273282,0.124802513914695,-4.17038860199851,"10887627","Tedc1"
18.9758,27.4971888888889,2.62945639897724,0.0306946619499452,0.124803598358483,-4.17041249321323,"10749928","Tent5b"
36.63184,118.846977777778,2.62936328306155,0.0306990599495425,0.124804110404388,-4.17043564083327,"10720982","Pdcd2l"
101.00642,127.910822222222,2.62909716691476,0.0307116325597183,0.124820483249807,-4.17050179773712,"10859047","Foxm1"
73.2113,419.241555555556,2.62889272655848,0.0307212948906443,0.124828378818648,-4.17055262523824,"10876270","Stoml2"
111.8048,749.300222222222,2.62869513075919,0.030730636691159,0.124829092100878,-4.17060175378455,"10811994","Tomm20"
195.5396,1067.18188888889,2.62859484607746,0.0307353789956399,0.124829092100878,-4.1706266887427,"10889513","Acp1"
43.02447,62.6449666666667,2.62851007526961,0.0307393882581542,0.124829092100878,-4.17064776684196,"10810040","Syce2"
49.442215,85.8476777777778,2.62818073800938,0.0307549694536859,0.124875007313409,-4.17072966059676,"10824031","Fhdc1"
142.332700000001,997.708777777778,2.62759250100711,0.030782819524757,0.12497071839859,-4.17087595145161,"10755448","Ap2m1"
23.565095,43.5276555555556,2.62670414643079,0.0308249276301334,0.125106895774759,-4.17109692461382,"10811820","Ccsap"
10.405355,28.1642222222222,2.62583179186267,0.0308663347471334,0.125214467179162,-4.17131397048094,"10704969","Zfp428"
116.30724,124.310366666667,2.62559592837853,0.0308775400064139,0.125233437976867,-4.17137266336292,"10918031","Kif23"
283.5591,631.280666666667,2.62543968146732,0.0308849651838295,0.125235220184513,-4.17141154634801,"10720474","C1h19orf33"
451.99475,1134.72655555556,2.62540627277606,0.0308865530714525,0.125235220184513,-4.17141986051903,"10938962","Rps21"
713.542500000001,4696,2.62418297910007,0.0309447528300461,0.125369009294034,-4.17172434509268,"10776679","Gapdh"
41.21371,161.543744444444,2.6240000605855,0.0309534650593874,0.125384709961861,-4.17176988332873,"10882840","Foxn2"
21.123085,38.1286777777778,2.62370237234572,0.0309676490289001,0.125424754418555,-4.17184399880546,"10934038","Gspt2"
24.7238,143.079555555556,2.62361239758189,0.0309719373716525,0.125424754418555,-4.17186640102674,"10856616","Mogs"
15.21929,57.9540888888889,2.62138383052593,0.0310783487682291,0.125785935288868,-4.17242145394742,"10913153","Amigo3"
17.284894,20.1391311111111,2.61983287300367,0.0311526259800106,0.126016728798121,-4.17280794003323,"10781220","Ebf2"
747.429,2282.29666666667,2.61958024249793,0.0311647419600498,0.12603221519794,-4.17287090908535,"10923855","Rpl37l1"
68.2895800000001,119.296744444444,2.61843331472574,0.0312198084999762,0.126183658760142,-4.17315683974652,"10781568","Nufip1"
75.8338500000001,261.212333333333,2.61766451279835,0.0312567761351351,0.126234307915405,-4.1733485534164,"10782318","Pofut4"
73.94415,156.290666666667,2.61763354777653,0.0312582660183488,0.126234307915405,-4.17335627591007,"10773553","Haus3"
126.060645,89.7328333333333,2.61739855409416,0.0312695751179405,0.12624507566273,-4.17341488408106,"10768021","Pkp1"
14.8562,31.2998555555556,2.61712001069165,0.0312829854778762,0.126264318561851,-4.1734843585735,"10733134","Scgb3a1"
98.8059,464.234333333333,2.61696456889007,0.0312904717200369,0.126266708209764,-4.17352313128017,"10805700","Dync1li2"
110.30585,385.968222222222,2.61692823647214,0.0312922217922466,0.126266708209764,-4.17353219411356,"10806937","Smarca5"
92.58085,229.259444444444,2.61562657974599,0.031354986572851,0.126432653932266,-4.1738569414876,"10940563","Dkc1"
39.217175,97.9105555555556,2.6149594491416,0.0313872049738506,0.126520894706872,-4.17402342719251,"10724131","Il18bp"
374.680000000001,1926.14444444444,2.614755974943,0.0313970382972187,0.126532359886184,-4.17407421121561,"10922257","Eif4g2"
46.689895,90.7825444444444,2.61427834989384,0.0314201329326629,0.126573050674961,-4.17419343015768,"10826870","Gstcd"
15.185075,52.3095222222222,2.61398169192599,0.0314344860071805,0.126613411583313,-4.1742674861348,"10824517","Chrnb2"
11.779198,18.4159511111111,2.61341486662721,0.0314619291336109,0.126706478868115,-4.17440900180499,"10752993","Hunk"
54.9027,190.45,2.6131293771468,0.0314757605311608,0.126738151913625,-4.17448028644306,"10924709","Rhbdd1"
56.03423,103.928122222222,2.61231303165028,0.0315153451938742,0.126834664731925,-4.174684152603,"10813664","Rad1"
17.57473,84.9330111111111,2.61227104863811,0.0315173823305456,0.126834664731925,-4.17469463825868,"10743723","Adprm"
63.6002,222.961555555556,2.61222106553721,0.0315198078302793,0.126834664731925,-4.17470712216904,"10783583","Ajuba"
19.358995,30.5723777777778,2.61096910168534,0.0315806234746632,0.126991924871137,-4.17501987146529,"10754120","Lsamp"
119.90895,226.685666666667,2.61087572297921,0.0315851642661879,0.126992704221361,-4.17504320239529,"10777731","Nsd2"
103.92065,466.777555555556,2.61062182352366,0.0315975141903185,0.127024876779409,-4.17510664288416,"10762593","Rab35"
72.01825,199.071111111111,2.61014147622565,0.0316208922826122,0.127083883222483,-4.17522667668288,"10750290","Smim11"
194.0657,991.368222222222,2.60996532589455,0.0316294698030329,0.127094750705713,-4.17527069875695,"10840867","Hm13"
12.63454,37.6167111111111,2.60990727100764,0.0316322972677906,0.127094750705713,-4.17528520783019,"10912877","Iqcf1"
89.24143,162.741677777778,2.60955425466502,0.0316494958980617,0.127128352092886,-4.17537343858871,"10726824","Slc25a22"
7.833555,22.6048,2.6093782569267,0.0316580739190679,0.127128352092886,-4.1754174295621,"10753877","Morc1"
52.2471,219.314333333333,2.60928913948681,0.0316624183551666,0.127128352092886,-4.17543970544171,"10750029","Gabpa"
244.07255,852.532888888889,2.60906528453425,0.0316733338765916,0.127152248529239,-4.17549566282151,"10775769","Septin11"
60.56375,205.295222222222,2.60818916443331,0.0317160919122599,0.127215014335724,-4.17571470074952,"10863615","Exoc6b"
110.7595,617.060444444444,2.60815942007537,0.0317175445875453,0.127215014335724,-4.17572213802389,"10724170","Nup98"
353.223,1811.96,2.6080066136994,0.0317250085229715,0.127215014335724,-4.17576034665378,"10724923","Eif4g2"
32.632065,59.192,2.6079764038433,0.0317264843574756,0.127215014335724,-4.17576790069686,"10735449","Ggt6"
45.86675,51.1527222222222,2.6079546272862,0.0317275482457069,0.127215014335724,-4.17577334601288,"10745288","Lgals5"
315.61385,683.992222222222,2.60726029832822,0.0317614886530979,0.127311875642232,-4.17594698268111,"10853816","Cav1"
831.690499999999,5309.75222222222,2.60719302159788,0.0317647792687146,0.127311875642232,-4.17596380887986,"10840272","Gapdh"
61.2709499999999,248.811333333333,2.60701646335845,0.0317734166815567,0.127319789824531,-4.17600796831637,"10792676","Cln8"
473.1375,2913.10333333333,2.60697449357123,0.0317754702406606,0.127319789824531,-4.17601846579988,"10725832","Aldoa"
10.839965,24.0930222222222,2.6057551999299,0.0318351889279164,0.127471656981929,-4.17632348780995,"10785543","Ppial4g"
284.91635,387.812888888889,2.60466822154005,0.0318885238571879,0.127632735438264,-4.17659549464241,"10915437","Dnmt1"
10.564666,14.1333411111111,2.6043379745583,0.0319047462303388,0.127662684066993,-4.17667815195925,"10820308","Atp6ap1l"
50.52624,58.1392666666667,2.60375256018774,0.0319335236676922,0.127760334213635,-4.17682469317128,"10777182","Ncapg"
32.376415,99.6600777777778,2.60323955136684,0.0319587636631616,0.12782630362207,-4.17695312892366,"10742348","Irgm"
52.90567,79.8933111111111,2.60298700361348,0.0319711964872461,0.127858526239344,-4.17701636278337,"10815474","Dclk1"
51.6538,264.305444444444,2.60220120278434,0.0320099127951242,0.127969205677272,-4.17721314225424,"10798780","Zeb1"
21.93345,191.96,2.60215859895638,0.0320120132501371,0.127969205677272,-4.17722381226064,"10902714","Tbk1"
12.689005,33.8462777777778,2.60071054876989,0.0320834889315415,0.128167242670047,-4.17758654550149,"10801262","Rell2"
825.212,2330.92888888889,2.60039129476526,0.0320992692367468,0.128212749724135,-4.17766653703184,"10901178","Rps28"
260.0322,343.143666666667,2.60001629018823,0.0321178153563832,0.128251757493354,-4.1777605061218,"10704312","Lig1"
578.0325,2708.15333333333,2.59956352086637,0.0321402219886287,0.128304187373148,-4.17787397429945,"10782063","Rpl21"
15.5955,23.8058333333333,2.5994581715997,0.0321454378012229,0.128304187373148,-4.17790037779266,"10918318","Snx22"
164.3699,618.949888888889,2.59882363795151,0.0321768716944794,0.128327782451298,-4.178059425707,"10856884","Cct7"
58.9946,175.656222222222,2.59878551871124,0.0321787610678026,0.128327782451298,-4.17806898128698,"10855020","Casp2"
46.2378600000001,110.1761,2.59814743650935,0.0322104043443022,0.128390173103214,-4.17822894782217,"10825226","Rhno1"
223.2123,384.442666666667,2.59688920186679,0.032272894990531,0.128537198943882,-4.17854446674233,"10854494","Nup205"
101.31875,205.401555555556,2.59607964101378,0.0323131676184031,0.128627453168555,-4.17874753147923,"10937734","Pir"
23.72562,78.8312,2.59525753966144,0.0323541166659695,0.12871853612548,-4.17895378719204,"10925060","Inpp5d"
543.34979,453.619755555556,2.59517804103493,0.0323580793217474,0.12871853612548,-4.17897373490262,"10883530","Sdc1"
20.084235,67.1443666666667,2.59446152365262,0.0323938169459014,0.128808080612163,-4.17915354197628,"10829418","Pcbp3"
47.01976,51.3555111111111,2.59373366246425,0.0324301616730683,0.128895860155029,-4.17933623129106,"10875817","Fut9"
530.29595,1108.74788888889,2.59367898268318,0.0324328937138589,0.128895860155029,-4.17934995707439,"10727178","Cttn"
210.63905,480.967555555556,2.59270845560109,0.0324814246501498,0.129033497379586,-4.1795936135705,"10749330","St6galnac2"
321.3073,1135.82344444444,2.59244795171981,0.032494463704669,0.129054237422885,-4.17965902543264,"10793965","Macroh2a1"
341.1272,597.234888888889,2.59159125891713,0.032537381662638,0.129132871606073,-4.17987417116024,"10737532","Col1a1"
208.99045,549.398444444444,2.59067134706708,0.0325835312270084,0.129210133380705,-4.18010524862985,"10931543","Uxs1"
128.85185,505.927888888889,2.59052859586036,0.0325906986738681,0.129210133380705,-4.18014111217566,"10747029","Smarce1"
11.104445,21.8281888888889,2.59044442029949,0.0325949258301082,0.129210133380705,-4.1801622603413,"10845676","Gcg"
88.17835,390.655777777778,2.59026649690138,0.0326038626902286,0.129210133380705,-4.18020696317434,"10828442","Pfdn6"
10.08991,23.1888444444444,2.58987732763548,0.0326234188838492,0.129261008365099,-4.18030474848369,"10804221","Gpr151"
14.00899,25.9739777777778,2.58980234571777,0.0326271881866312,0.129261008365099,-4.18032359012389,"10913803","Lrrc2"
417.70135,1179.92044444444,2.58562004274083,0.032838136601723,0.129832632654315,-4.18137513020239,"10788043","Rpl7a"
628.196,3256.53222222222,2.5846397451199,0.0328877824474968,0.129974521095761,-4.1816217732198,"10712578","Rpl21"
25.41044,112.895588888889,2.58456008347816,0.0328918201704991,0.129974521095761,-4.1816418189445,"10714780","Chchd4"
25.41044,112.895588888889,2.58456008347816,0.0328918201704991,0.129974521095761,-4.1816418189445,"10923617","Chchd4"
244.4478,587.099666666667,2.58393657202106,0.0329234409156784,0.13005858790003,-4.18179873154482,"10929128","Ptprn"
45.92859,126.876366666667,2.58387726556224,0.03292645019883,0.13005858790003,-4.18181365794413,"10730254","Entpd7"
38.70037,136.719044444444,2.58373405049453,0.0329337182671911,0.130069710079454,-4.18184970365064,"10938504","Las1l"
16.57079,46.1993555555556,2.58363994246589,0.0329384950785642,0.130070991514622,-4.18187339039069,"10721890","Spaca4"
56.54065,317.997777777778,2.5834516114323,0.0329480566627932,0.130071026076619,-4.18192079460095,"10934173","Efnb1"
26.08856,53.6270555555556,2.58324949413694,0.0329583213309114,0.130078951548399,-4.18197167156452,"10867497","Fam110b"
15.98909,30.6818222222222,2.58284729657356,0.0329787569335033,0.130124446928061,-4.18207292091304,"10877286","Mup4l4"
25.470845,85.9607555555556,2.5826021515826,0.0329912190645105,0.130137172640127,-4.18213463913609,"10837138","Itga4"
42.96886,130.506411111111,2.58194139907757,0.0330248328776131,0.130223499990298,-4.18230101173209,"10908682","Eepd1"
538.164499999999,2891.12222222222,2.58182797737937,0.0330306063848877,0.130223499990298,-4.18232957343171,"10880777","Cdc42"
57.7146,65.8591333333333,2.58170726219989,0.0330367522848697,0.130230155343433,-4.18235997271688,"10849823","Ckap2l"
489.43395,1315.135,2.58135310678165,0.0330547899291108,0.13026610454459,-4.18244916410563,"10712340","Cd151"
1029.4865,4400.82555555556,2.58120714857793,0.0330622267166926,0.130277838049832,-4.18248592504107,"10938722","Rps4x"
583.2795,537.052333333333,2.58097235356707,0.0330741934573172,0.130291992029445,-4.18254506336208,"10930569","Cox7a2"
9.57417500000002,53.1523888888889,2.58093004098753,0.0330763504627121,0.130291992029445,-4.18255572111623,"10907601","Sp7"
61.3163,215.241888888889,2.58087417726389,0.033079198496693,0.130291992029445,-4.18256979233671,"10777744","Nsd2"
49.56304,55.5778777777778,2.58031418671426,0.0331077616729545,0.130369342163862,-4.18271085701746,"10865752","Rad51ap1"
16.320435,35.5026666666667,2.57934284219442,0.0331573663393276,0.130494314998938,-4.18295559401849,"10905689","Tnfrsf13c"
137.34385,267.172111111111,2.57783133144906,0.0332347072261026,0.13074585737993,-4.18333655576394,"10762848","Ung"
9.95078,21.2421888888889,2.57754837210529,0.0332492061295871,0.130785284484954,-4.18340789000084,"10881892","Camta1"
64.6626500000002,451.153555555556,2.57700491168546,0.0332770712865382,0.130842040452884,-4.18354491181162,"10881740","Ube4b"
12.603115,51.0583444444444,2.57656968289851,0.0332994042143837,0.130912231828691,-4.18365465965335,"10828026","Lst1"
83.07561,155.856433333333,2.57575301968581,0.033341351021407,0.131006621215788,-4.1838606247971,"10933699","Prdx4"
17.871074,17.0904755555556,2.57546239601509,0.0333562915268637,0.131030079422589,-4.18393393183951,"10911419","Mns1"
209.91965,459.291222222222,2.57482638371324,0.0333890117691353,0.131122139948357,-4.18409437963313,"10812162","Erap1"
44.29924,55.8393111111111,2.57478634608497,0.0333910726379823,0.131122139948357,-4.1841044808946,"10784227","Phf11"
29.845195,115.562611111111,2.57442932899868,0.0334094552282383,0.131133121730183,-4.1841945589895,"10819360","Trmt10a"
10.99352,38.5252888888889,2.57395184568184,0.0334340567000531,0.131177987819368,-4.18431504498152,"10875771","Klhl32"
480.161,1913.22888888889,2.57394602483328,0.0334343567229074,0.131177987819368,-4.18431651388259,"10827407","Rpl29"
10.57889,26.1509888888889,2.57344740535915,0.0334600671722627,0.131255802649807,-4.18444234978938,"10787967","LOC100912321"
57.3925500000001,185.479,2.57280794082252,0.033493069594216,0.13135542154993,-4.18460375496295,"10846817","Selenoh"
168.98835,380.541333333333,2.57245825985196,0.0335111304923555,0.131408612913245,-4.18469202839554,"10815534","Tsc22d2"
37.846258,43.5804511111111,2.57214821103182,0.0335271527187724,0.13143786358232,-4.18477030394486,"10701684","H60bl1"
33.3488,45.4272888888889,2.57212533458657,0.0335283352022526,0.13143786358232,-4.18477607963343,"10905091","Recql4"
27.8342,99.7727555555556,2.5720527523056,0.0335320872622382,0.13143786358232,-4.18479440494383,"10843483","Traf2"
51.566265,113.705,2.57172052621644,0.033549266790152,0.131487561042058,-4.18487828868375,"10747011","Tns4"
20.801815,29.7854111111111,2.57129172303617,0.0335714536346526,0.131521583275143,-4.18498656809563,"10867642","Rad54b"
148.1165429,74.8026392222222,2.57118608721054,0.0335769216708838,0.131525367349584,-4.18501324466028,"10756178","Fcer2"
111.5219,461.670888888889,2.57048625022653,0.0336131703587759,0.131596778191005,-4.18518999568361,"10940624","Rwdd1"
806.956500000001,2074.08333333333,2.56963010656968,0.0336575694129488,0.131693403898801,-4.18540626815487,"10776291","Rpl39"
806.956500000001,2074.08333333333,2.56963010656968,0.0336575694129488,0.131693403898801,-4.18540626815487,"10803301","Rpl39"
315.54767,241.722688888889,2.56957574746985,0.0336603904604761,0.131693403898801,-4.18542000159179,"10775731","Cxcl13"
422.4923,1358.80455555556,2.56872615534999,0.0337045126965433,0.131799097574234,-4.18563467064499,"10718459","Mob1a"
392.71,3165.65777777778,2.56870809204275,0.0337054514266139,0.131799097574234,-4.18563923528065,"10871519","Ubb"
67.995205,96.8948111111111,2.56814971264145,0.0337344829493588,0.131842031422417,-4.18578034969232,"10831041","Mdc1"
667.7105,1762.34222222222,2.5679814694399,0.0337432353300669,0.131858597770542,-4.18582287243411,"10802007","Rps14"
71.264,267.845888888889,2.56725753474974,0.0337809224463449,0.131930750458673,-4.18600586539084,"10916669","Cbl"
142.9604,585.049555555556,2.56719308694448,0.0337842795981834,0.131930750458673,-4.18602215791582,"10878047","Plaa"
54.82645,398.365111111111,2.56706530244218,0.033790937029811,0.131939111786808,-4.18605446289658,"10754813","Pcyt1a"
55.832,145.862222222222,2.56658855846041,0.033815786680888,0.132018494199581,-4.18617499735644,"10769715","Uap1"
66.4071500000001,404.403888888889,2.56483198018271,0.0339075070313152,0.132341203795971,-4.18661924144575,"10748776","Vcf1"
17.64388,38.8511444444444,2.56349066079084,0.0339777153653722,0.132531183259995,-4.18695860401958,"10915933","Adamts15"
62.669355,107.867666666667,2.56338215030891,0.0339834015814549,0.132531183259995,-4.18698606313114,"10776426","Srd5a3"
155.9865,1262.26333333333,2.56275393712906,0.0340163405804543,0.132606535057031,-4.18714505100932,"10747746","Lsm12"
66.05015,111.376522222222,2.56213053773072,0.0340490593741686,0.132668114855674,-4.18730284664388,"10758883","Rfc5"
216.96235,572.429111111111,2.56210687204577,0.0340503020876238,0.132668114855674,-4.1873088374423,"10818920","Camk2d"
105.916865,116.065722222222,2.56198350256168,0.034056781116229,0.132675663892454,-4.18734006814729,"10838733","Knl1"
346.78935,588.958,2.56098018075237,0.0341095195599696,0.132827979795382,-4.18759409447447,"10835630","Niban2"
2712.842,6273.16555555556,2.56053540610525,0.0341329252628815,0.132901409920008,-4.18770672634182,"10741756","Hba-a1"
52.33131,116.3763,2.55955994832202,0.0341843148689119,0.133048304633679,-4.18795379114734,"10702815","Zdhhc14"
184.2104,546.609888888889,2.55842864321005,0.0342440137462285,0.133156477782819,-4.18824040848006,"10713983","Prpf19"
31.65402,89.0717333333333,2.55501334574589,0.0344248844629423,0.133735182805904,-4.18910619437256,"10843331","Tor4a"
60.4928,431.357888888889,2.5543763277245,0.0344587279324839,0.133831065915924,-4.18926776575863,"10807795","Phlpp2"
58.7414000000001,246.771888888889,2.5540679377926,0.034475124245291,0.133876947986432,-4.18934599456524,"10730575","Actr1a"
93.84185,235.748888888889,2.55349359006861,0.0345056820653323,0.133916336312278,-4.18949170532316,"10817504","Sf3b4"
18.854488,19.5995344444444,2.55341490307344,0.0345098707090033,0.133916336312278,-4.1895116697479,"10832790","Rtkn2"
230.23685,929.162888888889,2.55336042187344,0.0345127711403828,0.133916336312278,-4.18952549293143,"10808601","Rpl13"
38.9981999999999,263.700333333333,2.55281970257171,0.0345415710462173,0.133979684860983,-4.18966269703791,"10805895","Cfap20"
218.5351,345.491111111111,2.55279559388814,0.0345428556983955,0.133979684860983,-4.18966881491617,"10734198","Map2k3"
34.70451,84.3219666666667,2.55232231545545,0.0345680846167678,0.13405974034173,-4.18978892301832,"10837794","Spi1"
266.259,752.673333333333,2.55168025508029,0.0346023407747169,0.134139169770777,-4.18995188819214,"10903583","Rpl5"
21.27204,65.0804,2.55146592111518,0.0346137839406914,0.134147928368713,-4.19000629566529,"10887512","Zbtb42"
91.2203,258.452555555556,2.55090238655718,0.0346438891310041,0.134228989001745,-4.19014936029027,"10910336","Rpp25"
411.5523,1126.25533333333,2.55019347584199,0.0346817985261994,0.134322426374704,-4.19032936150673,"10842805","Rps21"
118.1384,450.266555555556,2.54998932747531,0.0346927233129263,0.134346927208885,-4.19038120348811,"10707177","Nav2"
389.24045,593.503555555556,2.54960621238534,0.0347132347853836,0.134408540890682,-4.19047850021614,"10767767","Btg2"
842.098,2935.31777777778,2.54764482970993,0.0348184383777713,0.134695787494372,-4.19097676954624,"10812899","Rpl23a"
29.4105,161.905333333333,2.54753560873904,0.0348243062553909,0.134695787494372,-4.19100452351514,"10932321","Bcor"
890.3144,1190.36488888889,2.54528229295014,0.0349455903587926,0.135057610364039,-4.19157728626431,"10817535","H3c15"
890.3144,1190.36488888889,2.54528229295014,0.0349455903587926,0.135057610364039,-4.19157728626431,"10825144","H3c15"
96.73375,345.959777777778,2.54486406041048,0.0349681489237594,0.135126918341099,-4.19168363235416,"10796955","Habp4"
103.35555,675.833,2.54396859643712,0.0350164982317135,0.135277966059413,-4.19191136537941,"10894409","Ube2r2"
8.804499,14.6789366666667,2.54380579338262,0.0350252958663178,0.135294062334868,-4.19195277489859,"10917986","Tmem202"
367.608,1715.10333333333,2.54338453047398,0.0350480707401506,0.135340691375977,-4.19205993270659,"10901469","Hsp90b1"
11.336645,63.9276888888889,2.5433254594569,0.0350512655216897,0.135340691375977,-4.19207495970184,"10920561","Ccrl2"
338.3515,1866.20444444444,2.54276406341499,0.0350816427313732,0.135440083355932,-4.19221778398294,"10822025","Ftl1"
26.72928,104.6757,2.5422526243602,0.0351093401078382,0.135488101240983,-4.19234791687699,"10843664","Qsox2"
320.618,1238.91888888889,2.54169014467687,0.0351398273517548,0.135557231777917,-4.19249105673277,"10940673","Fubp1"
964.5215,2536.59222222222,2.53858911158715,0.0353083928148383,0.136117628357441,-4.19328058273132,"10712309","Rplp2"
7.58899900000001,16.9295144444444,2.53809477435612,0.0353353399271013,0.136177350802778,-4.19340650008359,"10727483","Tbc1d10c"
145.70555,286.407222222222,2.53804840428473,0.0353378687080118,0.136177350802778,-4.19341831227329,"10746293","Abcc3"
557.6805,1910.51,2.53768000364007,0.0353579659001254,0.136236826141686,-4.19351216271781,"10706963","Rpl18"
34.92456,100.616666666667,2.53732017048176,0.0353776069509154,0.136258699804927,-4.1936038392212,"10772556","Gnpda2"
67.35345,230.249666666667,2.5368283284882,0.0354044715156854,0.136290187226147,-4.19372916207993,"10704755","Snrpd2"
61.182852,44.7672266666667,2.5363999622993,0.0354278859369822,0.136362353064954,-4.19383832409142,"10751988","Kng2"
35.6157725,34.1902922222222,2.53613256639369,0.0354425097435555,0.136400669167202,-4.19390647162538,"10775231","Cdc7"
60.8278500000001,374.765,2.53575083219657,0.0354633973307943,0.136463078190441,-4.19400376715328,"10704370","Srp72"
7.496726,13.8661522222222,2.53539731311733,0.0354827522328709,0.136502233448356,-4.19409387983407,"10905871","Efcab6"
54.12149,119.410255555556,2.53383820927657,0.0355682403885045,0.136758433102102,-4.19449139647537,"10730792","Itprip"
9.2221618,11.3722767777778,2.53326731186287,0.0355995960325899,0.136806971651681,-4.1946369952344,"10732001","Prss32"
8.761875,14.6509166666667,2.53289410984719,0.0356201087773213,0.136831802474775,-4.19473218635402,"10818846","Fabp2"
594.827500000001,3246.89777777778,2.53092767480313,0.0357283911800233,0.137211676079033,-4.19523390813282,"10745848","Rpl21"
52.1768485,44.4944544444444,2.53025251261686,0.0357656464359634,0.137300603808178,-4.19540622949636,"10715107","Cep55"
25.2402575,21.3361222222222,2.52924237094176,0.0358214596141255,0.137496796894897,-4.19566410341655,"10816067","Fgg"
706.7778,1081.62566666667,2.52877842486964,0.0358471236439229,0.137541091428101,-4.19578256428549,"10936048","G6pd"
53.099015,72.4179222222222,2.52797426388789,0.0358916516242292,0.137657701266933,-4.19598792678882,"10819145","Cenpe"
41.90335,221.116111111111,2.52760035568323,0.0359123748270487,0.137701026144822,-4.19608342799054,"10709166","Arap1"
15.44654,42.7329888888889,2.5268921722175,0.0359516580248874,0.137797394061803,-4.19626433272506,"10723807","B3gnt6"
109.468,301.679444444444,2.52644738815441,0.0359763527149125,0.13787395621323,-4.19637796916004,"10883094","Ppm1g"
712.0275,1827.10666666667,2.5256880144008,0.0360185535200386,0.137963291272376,-4.1965720090488,"10782917","Rpl39"
712.0275,1827.10666666667,2.5256880144008,0.0360185535200386,0.137963291272376,-4.1965720090488,"10829688","Rpl39"
712.0275,1827.10666666667,2.5256880144008,0.0360185535200386,0.137963291272376,-4.1965720090488,"10895022","Rpl39"
712.0275,1827.10666666667,2.5256880144008,0.0360185535200386,0.137963291272376,-4.1965720090488,"10937820","Rpl39"
50.25955,55.9261777777778,2.52540936371136,0.0360340516518214,0.137988341698131,-4.19664322107353,"10858707","Cdca3"
10.838095,22.7261111111111,2.52540058090928,0.0360345402483414,0.137988341698131,-4.19664546569082,"10718504","Lilrc2"
185.8461,717.895666666667,2.52448965366487,0.0360852527141151,0.138128219705209,-4.19687829843755,"10738383","Psme3"
23.54485,113.715777777778,2.52300472729665,0.0361680761511699,0.138390854836972,-4.1972579616222,"10874086","Ctnnbip1"
803.322,1979.54,2.52256126731196,0.0361928481145973,0.138436729709446,-4.19737137260907,"10895797","Cdk4"
20.6645415,23.0614666666667,2.5222624553701,0.0362095496773972,0.138458872287367,-4.19744779838432,"10827149","Clca5"
79.46358,157.660566666667,2.52136294088287,0.0362598737835921,0.138555564180962,-4.19767789835795,"10714900","Ifit2"
913.3795,2486.79444444444,2.52128670506881,0.0362641421304927,0.138555564180962,-4.19769740226328,"10776809","Rplp2"
53.79991,116.719911111111,2.52121174072906,0.0362683397875561,0.138555564180962,-4.19771658124938,"10800012","Smokxl2"
40.83857,39.2106555555556,2.52113247877802,0.0362727786286027,0.138555564180962,-4.197736860142,"10816153","Tmem154"
79.8585,179.790666666667,2.52086432133071,0.0362878001247459,0.138594821917156,-4.1978054703294,"10795673","Fzd8"
9.54868,20.2829777777778,2.52064273241044,0.0363002177456825,0.138606007217667,-4.1978621691386,"10904543","Cyp11b2"
19.03816,80.2639444444444,2.52030236461707,0.0363193000349352,0.138643788198553,-4.19794926660189,"10828904","Rnf8"
59.247095,76.7717222222222,2.51975862614041,0.0363498052161988,0.138734299241341,-4.19808842073417,"10781146","Pbk"
239.29661,212.080688888889,2.51968872312957,0.0363537288520083,0.138734299241341,-4.19810631178791,"10866819","Bcat1"
94.7839000000001,275.411777777778,2.51795991541245,0.0364509035157655,0.138929693652529,-4.19854888622483,"10909903","Alg9"
51.6387,130.554533333333,2.51792919412365,0.0364526327175997,0.138929693652529,-4.19855675263224,"10882812","Msh2"
31.73453,89.8550555555556,2.51786362996298,0.0364563233908497,0.138929693652529,-4.19857354101399,"10899703","Ralbp1"
73.19975,326.230222222222,2.51729204429291,0.0364885146312632,0.138943621798452,-4.19871991331504,"10866943","Tm7sf3"
45.1232999999999,200.201,2.51650683888552,0.0365327838994001,0.139003483828741,-4.19892102433047,"10708745","Gab2"
32.8651,100.706311111111,2.51609976276218,0.0365557560275585,0.139072777261244,-4.19902530266582,"10885608","Cwc22"
59.71275,314.174,2.51585020894029,0.0365698461161326,0.139108266202695,-4.19908923476364,"10824373","Dap3"
51.72398,67.3840555555556,2.51557248456439,0.0365855332387153,0.139149820080176,-4.19916038852243,"10710026","Ckap2"
138.6273,296.870333333333,2.51545431732622,0.0365922099310437,0.139157097230605,-4.19919066482185,"10703274","4930488N24Rikl"
15.60059,55.9142555555556,2.51448549022249,0.036646997399629,0.139274799275759,-4.19943892781244,"10810064","Lyl1"
26.11952,49.5978555555556,2.51433948300311,0.0366552613816676,0.139288086108746,-4.19947634761943,"10775866","Areg"
44.02615,310.114777777778,2.51402291506751,0.0366731855775455,0.139301838962738,-4.19955748475104,"10775719","Mrpl1"
100.699,690.553111111111,2.51370506682051,0.0366911912309215,0.139333999820634,-4.19963895659209,"10932636","Pcbp2"
79.04115,177.005,2.51341931402346,0.0367073863949999,0.139359270454,-4.19971220724094,"10837648","Nup160"
136.0775,1053.42388888889,2.51305608524973,0.036727983034931,0.139407831000174,-4.19980532596128,"10737636","Slc35b1"
32.146535,60.2208888888889,2.51294132012735,0.0367344931553138,0.139407831000174,-4.19983474937227,"10837342","Ube2l6"
6.719101,15.1589411111111,2.51147779038603,0.0368176157009947,0.13961446327737,-4.20021004333127,"10856924","Figla"
46.66473,103.7628,2.51068915872311,0.0368624860279733,0.139748227412099,-4.20041233043154,"10902765","Srgap1"
159.21795,250.565333333333,2.51052163036131,0.0368720249501081,0.139748227412099,-4.20045530731448,"10895861","Ddit3"
63.582475,88.4290777777778,2.50950272315993,0.0369300947185295,0.139895719282563,-4.20071673190079,"10765469","Sh2d1b"
46.59591,43.0028933333333,2.50928043945937,0.036942775503821,0.139903920053042,-4.20077377296558,"10702519","Trip13"
46.803695,92.6854222222222,2.50921662667095,0.0369464166974783,0.139903920053042,-4.20079014880024,"10865552","Gnb3"
67.11405,188.378666666667,2.5092058130206,0.0369470337666036,0.139903920053042,-4.20079292385876,"10901940","Vezt"
48.936555,106.3959,2.50904512910041,0.0369562042530746,0.139903920053042,-4.20083416034578,"10750333","Dop1b"
130.34265,236.109666666667,2.50868296926872,0.0369768817739331,0.139939024044094,-4.20092710795763,"10739568","Nup85"
9.640153,18.1687344444444,2.50863104199934,0.0369798475258577,0.139939024044094,-4.20094043568743,"10851791","Ocstamp"
572.672,2783.78888888889,2.50771253013976,0.0370323469978766,0.140119542183133,-4.20117621121838,"10776435","Rpl21"
907.2735,1996.89666666667,2.507336450138,0.0370538644902102,0.140133668745847,-4.20127276409973,"10727429","Gstp1"
12.913235,38.4670555555556,2.506957141838,0.0370755795606021,0.140148529252971,-4.20137015508843,"10894421","Olr1096"
12.913235,38.4670555555556,2.506957141838,0.0370755795606021,0.140148529252971,-4.20137015508843,"10894424","Olr1096"
9.445475,18.3191888888889,2.50690812843048,0.0370783864789558,0.140148529252971,-4.20138274042435,"10866422","Gsg1"
34.18296,132.587466666667,2.50628973578482,0.037113819379053,0.140264310393228,-4.20154154054144,"10726244","C1h10orf88"
207.00085,690.014777777778,2.50481465587506,0.0371984780687918,0.140511551370789,-4.20192043368614,"10933755","Tbl1x"
10.68008,28.2227222222222,2.50424756424901,0.0372310771353347,0.140600348012034,-4.20206613592852,"10758854","Rnft2"
47.168485,92.0023111111111,2.5041329382393,0.0372376698977912,0.140600348012034,-4.20209558919561,"10909272","Or10d4b"
34.339235,110.235522222222,2.50370315234145,0.0372623997750892,0.140606195838202,-4.20220603068165,"10720196","Plekhg2"
961.323999999999,2528.38111111111,2.503403068445,0.0372796764924009,0.140618265855262,-4.2022831499116,"10781775","Rplp2"
14.966991,17.11858,2.50308242945558,0.0372981456211457,0.140651610452582,-4.20236555807979,"10894582","Aldh1l2"
34.770485,38.5880888888889,2.50263131724327,0.0373241458800284,0.140713330460595,-4.20248151073382,"10787275","Ankle1"
7.715592,9.97311,2.50245430642043,0.0373343530878402,0.140732325370807,-4.2025270127092,"10873821","Pramef25"
101.1914,276.477555555556,2.50191273903152,0.0373655998145988,0.140732325370807,-4.20266623929917,"10733061","Fam98b-ps1"
101.1914,276.477555555556,2.50191273903152,0.0373655998145988,0.140732325370807,-4.20266623929917,"10838594","Fam98b-ps1"
492.196,2144.24777777778,2.50187596374634,0.0373677225953771,0.140732325370807,-4.20267569420733,"10785178","Rpl21"
112.1736,392.018333333333,2.50161247638281,0.0373829354674504,0.140759234287366,-4.2027434392392,"10720504","Sipa1l3"
486.189,2127.52,2.50158325356576,0.0373846230819353,0.140759234287366,-4.20275095297151,"10756526","Rpl29"
115.87165,227.297111111111,2.50150189086553,0.0373893221766946,0.140759234287366,-4.20277187313286,"10809370","Nup93"
32.4183500000001,183.881555555556,2.49998354673434,0.0374771241513378,0.140980775812153,-4.20316235168212,"10868191","Csgalnact2"
41.43332,122.528488888889,2.49986328321748,0.0374840876295837,0.140988816275352,-4.20319328668997,"10821207","Kif2a"
35.435245,58.9120777777778,2.49935392321581,0.0375135950816706,0.141073233538873,-4.20332431812214,"10932016","Septin6"
121.67885,342.485888888889,2.49930916275588,0.0375161892025571,0.141073233538873,-4.2033358334256,"10776419","Tmem165"
100.7151,435.146666666667,2.49916507194842,0.0375245413142543,0.14108648004564,-4.2033729038375,"10842577","Rae1"
63.8737,366.320111111111,2.49879155706947,0.0375462006081549,0.141149749654695,-4.2034690046902,"10732926","Rnf145"
26.332015,82.5734777777778,2.49783851502198,0.0376015229392613,0.141266832709308,-4.20371425165178,"10807517","Rpl28l1"
302.8885,1491.04111111111,2.49767157543715,0.0376112219913989,0.141285102128935,-4.2037572163599,"10765491","Ftl1"
39.33715,256.168777777778,2.4967460707011,0.0376650391602834,0.141432706173331,-4.20399544315858,"10775136","Ube2d2b"
51.44278,129.542677777778,2.49631427777087,0.0376901742318146,0.141508899885392,-4.20410660642634,"10891850","Itpk1"
251.70025,519.133777777778,2.495967288878,0.0377103851241932,0.141528078554328,-4.20419594595985,"10913487","Shisa5"
152.2127,853.381888888889,2.49589391184885,0.0377146604896778,0.141528078554328,-4.2042148394014,"10769218","Prdx6"
21.02059,28.6346444444444,2.49575206479907,0.037722926705751,0.14154091713098,-4.20425136378972,"10889036","Kcnk3"
54.8101,189.658444444444,2.49437890695767,0.0378030434161992,0.1418012286175,-4.20460500704956,"10810441","Anapc10"
217.48,1373.95777777778,2.49431347176354,0.0378068655337067,0.1418012286175,-4.204621862269,"10867173","Tram1"
50.24403,84.6366,2.49337046189678,0.0378619910212363,0.141920440794816,-4.20486479943482,"10856871","Smyd5"
1543.331,2950.10888888889,2.49330865529617,0.0378656068954213,0.141920440794816,-4.20488072398137,"10830624","Cd24"
99.34929,126.6735,2.49319811494624,0.0378720747164856,0.141920440794816,-4.20490920545106,"10935854","Zfp185"
135.19335,357.449333333333,2.49310517799242,0.03787751341402,0.141920440794816,-4.20493315189476,"10766170","Parp1"
11.620435,28.3992777777778,2.49293659406491,0.0378873810183038,0.141939208652055,-4.20497659120647,"10718572","Prkcg"
157.30205,309.490222222222,2.49249865584435,0.0379130267453122,0.141962466462132,-4.20508944404534,"10703301","4930488N24Rikl"
9.39754500000001,33.1083666666667,2.49201380876843,0.0379414400189037,0.142045405556596,-4.20521439926888,"10934526","Zcchc13"
525.092999999999,2990.87666666667,2.49188662987509,0.0379488966042488,0.142045405556596,-4.20524717842931,"10880911","Rpl21"
9.510905,15.2290388888889,2.49032957990937,0.0380403081960446,0.142329605998879,-4.20564857763138,"10784470","Gata4"
23.351645,98.0008888888889,2.48975875609796,0.0380738761953485,0.142400488947755,-4.20579577198305,"10809824","Gpt2"
62.21064,94.2038333333333,2.48900502319739,0.0381182464559741,0.142491437780432,-4.205990163869,"10931163","Dlgap5l2"
934.315,3573.12111111111,2.48893144067305,0.0381225808753287,0.142491437780432,-4.20600914316259,"10732821","Rpl32"
8.570873,18.5045788888889,2.48861438949021,0.0381412626729708,0.142524795053488,-4.20609092480704,"10899979","Or6c35f"
94.71545,346.026555555556,2.4885192465883,0.0381468706477819,0.142527520028686,-4.20611546766398,"10816834","Adar"
62.91171,103.9317,2.48826682731998,0.0381617529641714,0.142546662970886,-4.20618058400568,"10865630","Ncapd2"
229.58535,440.099333333333,2.48684672780561,0.0382455901082382,0.142777444427782,-4.20654700178397,"10790948","Jund"
1126.5495,6622.78666666667,2.48680641251021,0.0382479728928535,0.142777444427782,-4.20655740592866,"10937827","Hspa8"
30.710395,66.2765444444444,2.48651679900979,0.0382650945619478,0.142823108794269,-4.20663214937669,"10794942","E2f3"
899.378500000001,3582.55777777778,2.48593310118644,0.0382996258492823,0.142906050839843,-4.20678280643201,"10737920","Rpl19"
51.5809,167.520444444444,2.48477416574839,0.03836828167271,0.143080288586488,-4.20708200156556,"10821165","Cwc27"
355.7354,506.668222222222,2.48443184271958,0.0383885849144985,0.143130941139788,-4.20717039341613,"10791604","Dctd"
55.7568,208.051,2.484379953803,0.0383916634069753,0.143130941139788,-4.20718379240198,"10917240","Nkapd1"
32.5149924,25.2135153333333,2.48387102087747,0.0384218709226478,0.143207009075559,-4.20731522044726,"10926277","Trem1"
44.16757,80.3710111111111,2.48345765127352,0.0384464240619726,0.143280243978373,-4.20742198218849,"10889415","Sox11"
24.802875,73.9222,2.48284361810207,0.0384829255140013,0.143379694677469,-4.20758058985719,"10842833","Mrgbp"
575.6158,1362.98944444444,2.48135011423192,0.0385718542839909,0.1436122485827,-4.20796646955869,"10816387","Hdgf"
9.26375700000001,19.0724933333333,2.48101935640922,0.0385915770143019,0.143619659986728,-4.20805194741998,"10719671","Zfp575"
126.633155,147.857222222222,2.48046518583014,0.0386246445361928,0.143722223622163,-4.20819517757689,"10840910","Tpx2"
32.0491,108.806444444444,2.48034043513113,0.0386320924096022,0.143722223622163,-4.20822742317267,"10885450","Fntb"
17.68057,33.7239111111111,2.47987232910813,0.0386600522933254,0.143782911228162,-4.20834842820614,"10940420","Or7r1"
22.07765,127.480888888889,2.47922755186609,0.0386985983262761,0.143882114467749,-4.20851512550372,"10861565","Zc3hc1"
109.7433,501.162,2.47922426514096,0.0386987949128998,0.143882114467749,-4.20851597530419,"10819281","Ppp3ca"
175.0746,606.799333333333,2.47870140953592,0.0387300810152722,0.143951728597985,-4.20865117120883,"10803531","Tpgs2"
77.8192000000001,213.184111111111,2.47800703670609,0.0387716698514316,0.144051324308753,-4.20883074364173,"10784355","Ebpl"
769.59095,427.170222222222,2.47753523191777,0.0387999540147858,0.144119752903745,-4.20895277507357,"10770710","Atf3"
143.37135,351.636,2.47720196683201,0.038819945489723,0.144175678557941,-4.20903898201765,"10725919","Maz"
11.04748,22.9725111111111,2.47685891577965,0.038840534903295,0.144233810431532,-4.20912772772564,"10713419","Nrxn2"
530.1405,1892.96,2.47651793379492,0.0388610111088185,0.144291507185184,-4.20921594560398,"10703375","Rpl35a"
217.21305,663.971333333333,2.47579066093807,0.0389047209307173,0.144417092410416,-4.20940412828223,"10940271","Hcfc1"
111.16227,140.783033333333,2.47437799788165,0.0389897659010857,0.14465926098988,-4.20976975265548,"10725989","Dctpp1"
266.7239,911.572555555556,2.47378354304307,0.0390256095263181,0.14477386116849,-4.2099236469509,"10882761","Kpna2"
46.74525,59.1189666666667,2.47221983936994,0.0391200551979208,0.145068963258703,-4.21032857061757,"10907178","Racgap1"
67.3269,210.014666666667,2.4720829290107,0.039128335430262,0.14508125285692,-4.21036403117904,"10933231","Wwc3"
61.01745,313.172666666667,2.47167442253582,0.0391530521459937,0.145117643414496,-4.21046984375333,"10932238","Cask"
48.0444999999999,273.550111111111,2.47128909341535,0.0391763810199479,0.14514886431411,-4.21056966257049,"10826130","Prpf38b"
70.898255,121.215455555556,2.47118096271585,0.0391829300783732,0.145154719668982,-4.21059767532776,"10776026","Dck"
90.4332000000001,273.595333333333,2.47107037945531,0.0391896288267667,0.145161128001162,-4.21062632422256,"10906802","Senp1"
95.18255,718.646555555556,2.47026615383597,0.0392383809446294,0.145319099745796,-4.21083469894845,"10760189","Bud31"
934.053499999999,4716.15888888889,2.46911947225621,0.039307999059011,0.145520017813207,-4.21113187490804,"10787808","Gapdh"
42.7994,183.127555555556,2.46676661101602,0.0394512398055181,0.145971747597924,-4.21174190736151,"10780360","Pck2"
292.2935,1919.60222222222,2.4665933108508,0.0394618111059839,0.145971747597924,-4.21178685320745,"10806640","Calr"
1025.089,3899.68111111111,2.46654391898126,0.0394648245328965,0.145971747597924,-4.2117996634646,"10752769","Hspa8"
162.0164,385.687888888889,2.46550399179836,0.0395283252673548,0.146137749223045,-4.21206941443545,"10767959","Ipo9"
495.777,2236.77333333333,2.46440818449489,0.0395953502231687,0.146364502939866,-4.21235373438639,"10766561","Rpl21"
13.870995,53.0813666666667,2.46365259142018,0.0396416330689432,0.146482502969404,-4.21254982600738,"10773331","Bloc1s4"
23.069315,69.8942888888889,2.46348044615412,0.039652185261606,0.146495715870606,-4.21259450621596,"10735735","Or1e1"
15.246685,33.1395444444444,2.46343065438304,0.039655237937453,0.146495715870606,-4.2126074299916,"10901219","Smokl3"
38.55398,127.662622222222,2.46160565377937,0.039767291055389,0.146821735278117,-4.21308122869164,"10859766","Etfbkmt"
21.302845,43.7828111111111,2.46094678837479,0.0398078234538737,0.146947909322904,-4.21325233208993,"10721268","Siglec8"
15.328795,28.5685777777778,2.46072038424993,0.0398217611500941,0.146980787143253,-4.21331113420482,"10717517","Tert"
178.11729,247.3532,2.46053530300213,0.0398331586348474,0.147004282005866,-4.2133592062635,"10811596","Piezo1"
46.407,281.462333333333,2.46042924977084,0.0398396909859099,0.147009818423945,-4.21338675296177,"10880564","Maco1"
758.1005,1995.85555555556,2.45970023182877,0.0398846242370855,0.147157036178608,-4.21357613023721,"10921951","Cd2ap"
93.44965,219.839777777778,2.45928755114279,0.039910082690441,0.147213782287695,-4.21368334730457,"10913545","Nme6"
280.9947,1135.20533333333,2.45806913457831,0.0399853434151013,0.147420810540347,-4.21399996226087,"10705618","Hnrnpl"
89.11162,101.878444444444,2.45806266888042,0.0399857431798219,0.147420810540347,-4.21400164267172,"10710627","Plk1"
54.44929,153.377644444444,2.45786014701857,0.0399982668618899,0.147420810540347,-4.21405427868273,"10780433","Irf9"
189.79735,1093.58077777778,2.45641343091583,0.0400878454724184,0.147701641774654,-4.21443035939239,"10827438","Rabggtb"
95.7082,173.841377777778,2.45599384859458,0.0401138633987323,0.147778865741559,-4.21453945642837,"10932453","Suv39h1"
25.096555,48.4861444444444,2.45496581133327,0.0401776833673023,0.147902071811035,-4.21480680668146,"10743743","Usp43"
70.4370999999999,259.943777777778,2.45397169101953,0.0402394955645505,0.148060015334723,-4.21506539966591,"10914571","Limd1"
31.402755,73.755,2.45390106722759,0.0402438904565517,0.148060015334723,-4.21508377285834,"10848486","Ccdc9b"
60.2840500000001,283.764111111111,2.45295808928052,0.0403026182030699,0.148193919217682,-4.21532912407669,"10801996","Rbm22"
255.619,388.998444444444,2.45270573010227,0.0403183495977818,0.148203154591844,-4.21539479428159,"10877130","Ptgr1"
98.6281000000001,169.594111111111,2.4526516466711,0.0403217218226841,0.148203154591844,-4.21540886867031,"10761255","Rfc2"
44.3469000000001,152.653333333333,2.45259231018663,0.0403254219158818,0.148203154591844,-4.21542431029713,"10879726","Zc3h12a"
8.91066,20.6959333333333,2.45250551116991,0.0403308351316038,0.148204404721343,-4.21544689912486,"10862541","Hoxa1"
142.2878,737.484222222222,2.45206727249746,0.0403581770962624,0.148267578683377,-4.21556095484137,"10817365","Cdc42se1"
10.86789,23.6518333333333,2.45138574502951,0.0404007352754526,0.148367954787816,-4.21573835266465,"10798257","Prl3d4"
10.463122,21.1241544444444,2.45049993987587,0.0404561175334942,0.148515332699611,-4.21596896633509,"10734291","Adora2b"
137.185125,138.411766666667,2.45039057800746,0.0404629603770305,0.148521789729183,-4.21599744140216,"10829761","Cdk1"
20.888775,74.3036,2.44993378296288,0.0404915550094473,0.148553450917411,-4.21611638738594,"10899603","Hoxc8"
240.3353,833.397888888889,2.44991038836631,0.0404930200238696,0.148553450917411,-4.21612247951408,"10748382","Kpna2"
121.48465,594.464777777778,2.44984665935893,0.0404970111284404,0.148553450917411,-4.21613907519863,"10784378","Spryd7"
76.50325,248.935444444444,2.44975463344341,0.0405027750629747,0.148555941078436,-4.21616304013576,"10898456","Creld2"
63.28135,231.748444444444,2.44962758337659,0.0405107340583591,0.148566480640334,-4.21619612676153,"10907849","Dcun1d5"
18.587925,47.7633,2.44911511691904,0.0405428533658809,0.148665610421846,-4.21632959452963,"10726093","Prss36"
7.1228,20.5565888888889,2.44764423236209,0.0406351856307452,0.148948094481379,-4.21671276582985,"10779990","LOC290071"
66.9365500000001,242.525777777778,2.4462187488274,0.0407248709660021,0.149127147204912,-4.21708423901903,"10936645","Jade3"
34.324261,21.1239411111111,2.44565253481675,0.0407605502890227,0.149239092134792,-4.21723182650176,"10859799","Il6"
389.22295,648.231777777778,2.44337579737956,0.0409043358258901,0.1496320788935,-4.2178254753363,"10928902","Tmbim1"
160.6343,504.119222222222,2.44322336024809,0.0409139811802998,0.1496320788935,-4.2178652341634,"10809937","Wdr83os"
80.8487,84.1384555555556,2.44280755641304,0.0409403025805357,0.149709600649364,-4.21797369195729,"10857838","Fancd2"
79.49895,262.585666666667,2.4419868576324,0.0409923051042177,0.14987320137733,-4.21818779369101,"10897854","Adsl"
10.427945,16.0052722222222,2.44155961265011,0.0410194033743194,0.149917946846538,-4.21829926883606,"10940494","Milr1"
54.251965,73.9993444444444,2.44150392855246,0.0410229365061691,0.149917946846538,-4.21831379855726,"10838741","Knl1"
15.980935,69.1828777777778,2.44078642622304,0.0410684892637267,0.150065646698,-4.21850103459973,"10731915","Zfp597"
192.01905,726.249,2.44031328158081,0.041098556240473,0.150137954484079,-4.21862452173125,"10922735","Pdcl3"
659.652499999999,2151.48888888889,2.43998791696238,0.0411192451413479,0.15018825727999,-4.21870944748664,"10809643","Rps3a"
101.54535,512.514666666667,2.4398542293492,0.0411277489641925,0.15018825727999,-4.21874434415856,"10813336","Prkaa1"
8.155289,13.5747588888889,2.43799776323991,0.0412460221387454,0.150486580967444,-4.21922905501352,"10881576","Draxin"
141.15787,105.758911111111,2.43736735056034,0.0412862631390191,0.150553827926072,-4.21939370022524,"10922025","C9h6orf141"
141.15787,105.758911111111,2.43736735056034,0.0412862631390191,0.150553827926072,-4.21939370022524,"10922064","C9h6orf141"
121.4923,452.631777777778,2.43713042389765,0.0413013970909276,0.150577688083659,-4.21945558486431,"10791166","Atp13a1"
30.5324900000001,135.119755555556,2.4366585665153,0.0413315542143072,0.150650034287807,-4.21957884318378,"10937584","Tspyl2"
42.66945,318.557,2.43572766119622,0.0413911150980759,0.150791873858984,-4.21982205424618,"10768583","Tsen15"
369.7015,885.098777777778,2.43432019411407,0.0414813320353156,0.151082861747876,-4.22018987524335,"10739886","Septin9"
7.561835,17.2165555555556,2.43409600052438,0.0414957209175637,0.151116428681838,-4.22024847629965,"10905324","Elfn2"
21.57985,29.4259444444444,2.43361964113363,0.041526310708479,0.151171294833334,-4.22037300028731,"10746022","Prr11"
36.1056725,39.5286855555556,2.43339481297238,0.0415407561423778,0.151195180684766,-4.22043177696768,"10848416","Fsip1"
225.4275,734.971,2.43335642752618,0.0415432229532628,0.151195180684766,-4.22044181236267,"10731444","Rsl1d1"
145.04665,486.989777777778,2.43269121674838,0.0415859957337324,0.151295367119722,-4.22061573788518,"10711251","Fus"
996.646000000001,3360.13777777778,2.43265504994729,0.0415883225197776,0.151295367119722,-4.22062519481522,"10733039","Rack1"
86.57234,118.468355555556,2.43252570388584,0.0415966450573563,0.151295367119722,-4.22065901701031,"10849707","Mall"
16.91997,30.5675666666667,2.43233778409596,0.0416087394149745,0.151301816708298,-4.22070815726415,"10893543","Tektip1"
117.83225,225.258888888889,2.43233720861849,0.0416087764576732,0.151301816708298,-4.2207083077525,"10804714","Pcyox1l"
24.136615,40.2938444444444,2.43156717715188,0.0416583722066332,0.151425617225903,-4.2209096906557,"10741608","Wdr90"
9.377465,31.4026222222222,2.43047483652326,0.0417288295796707,0.15162871093467,-4.22119542850919,"10705712","Rasgrp4"
353.32845,776.268666666667,2.43045956134223,0.0417298157018808,0.15162871093467,-4.2211994247611,"10729913","Myof"
141.56785,362.443444444444,2.42993007421937,0.0417640124450276,0.151697013874588,-4.22133795666955,"10836277","Gpd2"
185.53405,934.945777777778,2.42992730714406,0.041764191230003,0.151697013874588,-4.2213386806764,"10921444","Tomm6"
105.8953,368.828777777778,2.42962559768004,0.0417836897814904,0.151733708087004,-4.22141762596637,"10865531","Usp5"
49.46295,118.265233333333,2.4295832098128,0.0417864299154884,0.151733708087004,-4.22142871762473,"10794756","Rpp40"
35.01405,130.967,2.42912401462432,0.041816125909169,0.151772431644982,-4.22154888260967,"10761758","Hip1r"
643.4075,3440.54888888889,2.42867584259958,0.0418451296037977,0.151858834316192,-4.22166617553257,"10760088","Rpl21"
46.2446000000001,571.188555555556,2.42840493433438,0.0418626714358353,0.151903624807663,-4.22173708204471,"10736420","Taok1"
569.3675,3173.56222222222,2.42816391788988,0.0418782839611906,0.151922536649972,-4.22180016858864,"10932267","Rpl21"
40.86931,62.6634777777778,2.42806483910367,0.0418847037776409,0.151926960039732,-4.22182610370112,"10752941","Cldn17"
146.451075,208.824766666667,2.42621826354915,0.0420045349044618,0.152267090544602,-4.22230957868219,"10851280","Rbl1"
112.5371,608.405888888889,2.4259461533542,0.0420222224027479,0.152293547647732,-4.22238084100323,"10913640","Scap"
131.3093,572.512888888889,2.42487851148756,0.0420916931528343,0.152517315621357,-4.22266048732836,"10904018","Cyrib"
191.98855,588.073444444444,2.42445823358196,0.0421190721748587,0.152587620847758,-4.22277058952084,"10895932","Stat6"
64.02695,265.284222222222,2.42384404174169,0.0421591160891374,0.152662367941457,-4.22293151180035,"10905785","Rrp7a"
181.0115,641.167555555556,2.42379334397256,0.0421624231864367,0.152662367941457,-4.22294479598364,"10814767","Actl6a"
27.101665,112.150344444444,2.42374107490032,0.0421658330567406,0.152662367941457,-4.22295849205614,"10746916","Ormdl3"
9.20447500000001,29.4131777777778,2.4234750923759,0.0421831892383557,0.152706281339445,-4.22302819009655,"10856004","Qrfprl"
407.824999999999,3233.82555555556,2.42329857119769,0.0421947117744279,0.152710147395706,-4.22307444809277,"10839232","B2m"
22.608895,45.1199777777778,2.42250305399889,0.0422466791451113,0.152865068028651,-4.22328293992885,"10848315","Actc1"
144.9062,454.859555555556,2.41985116863978,0.0424203816478031,0.15337487988353,-4.22397823558555,"10871813","Sf3a3"
56.03961,62.0394333333333,2.41910548937733,0.0424693545652746,0.153532108573857,-4.22417382229761,"10799999","Mastl"
182.1717,332.161,2.41902903808873,0.0424743787736672,0.153532108573857,-4.22419387688762,"10721812","Ruvbl2"
28.7761,210.472777777778,2.41872231194927,0.0424945421676275,0.153580416799596,-4.22427434043845,"10802324","Sec11c"
83.18615,328.083222222222,2.41854249068139,0.0425063676530999,0.153580416799596,-4.22432151567914,"10862014","Parp12"
69.48151,51.5347111111111,2.41804703837132,0.0425389669998376,0.153640966722748,-4.22445150544058,"10726550","Adam8"
7.886745,24.5927,2.41791919529984,0.0425473828054165,0.153640966722748,-4.22448504953428,"10837387","Prg3"
21.033275,71.0472222222222,2.41779582689578,0.042555505641185,0.153640966722748,-4.22451742049111,"10816050","Map9"
18.677325,47.1509333333333,2.41769197181631,0.0425623448924213,0.153640966722748,-4.22454467201796,"10822707","Kcnmb3"
10.82384,36.7881555555556,2.41746162735046,0.0425775179107143,0.153668576006206,-4.22460511665901,"10733906","Or5af1"
29.357815,35.8615777777778,2.41741615982128,0.0425805135472799,0.153668576006206,-4.22461704816707,"10753839","Cip2a"
144.8755,386.925111111111,2.41718802006417,0.0425955477904123,0.153684755708361,-4.22467691810529,"10822368","Psmb6"
53.305795,85.1772444444444,2.41709443000622,0.0426017168569908,0.153684755708361,-4.2247014795459,"10859090","Clec2gl1"
76.91485,362.820777777778,2.41702886070199,0.0426060394496481,0.153684755708361,-4.22471868763911,"10835604","Sh2d3c"
56.52655,313.322111111111,2.41692167661472,0.0426131064100391,0.153691270452208,-4.22474681773619,"10758448","Psmd9"
8.203941,16.48363,2.41567849782204,0.0426951593416467,0.153930196841524,-4.22507313707692,"10800882","Wnt8a"
71.28295,324.528111111111,2.41519744709783,0.0427269526873025,0.154016313017125,-4.22519943239637,"10886014","Eif2b2"
229.17345,816.373666666667,2.41515757242034,0.0427295891354761,0.154016313017125,-4.22520990175036,"10755323","Eif4g1"
99.25785,379.464,2.41471168702417,0.0427590815335147,0.154085342587122,-4.22532697845331,"10889560","Bcap29"
8.082083,13.9266788888889,2.41455941760644,0.0427691578642689,0.154101896626388,-4.22536696281122,"10728213","Ccdc88b"
9.57062500000002,32.2810111111111,2.41413197693106,0.0427974562862655,0.154144666963826,-4.22547921182911,"10702214","Arg1"
25.702355,61.4611888888889,2.41398169257305,0.0428074102511644,0.154144666963826,-4.2255186802398,"10863471","Dok1"
26.11694,82.6831888888889,2.41286481651473,0.0428814589031803,0.154354231197327,-4.22581204284563,"10801980","Ifgga2l2"
244.42135,631.213111111111,2.41273484272972,0.0428900845323604,0.154366259643757,-4.22584618716022,"10736163","Flot2"
112.77095,589.326222222222,2.41235976359599,0.0429149862452207,0.15440222547084,-4.22594472680355,"10899248","Atf1"
49.247075,71.0584888888889,2.41233868493736,0.0429163861021144,0.15440222547084,-4.2259502647788,"10779570","Dlgap5l2"
182.03005,442.312444444444,2.41175654685338,0.0429550647494841,0.154485936426373,-4.22610322004446,"10719204","Ehd2"
15.64164,25.7552,2.41121559889446,0.0429910381618216,0.154577254013472,-4.22624537121768,"10894414","Smokl3"
50.5305,195.626,2.41088439086202,0.0430130787295815,0.154618442476436,-4.22633241539197,"10921175","Thyn1"
120.0072,271.828333333333,2.41045934199926,0.043041380737127,0.154682113034128,-4.22644413148699,"10831762","Tapbp"
26.558465,100.990522222222,2.41002071111377,0.0430706068110924,0.154737605543641,-4.22655942888912,"10820362","Msh3"
73.44944,108.310055555556,2.40998912765111,0.0430727119970181,0.154737605543641,-4.22656773128983,"10890190","Mis18bp1"
9.181615,18.0562777777778,2.40933057639567,0.04311663118899,0.154820547029388,-4.22674085964652,"10893436","LOC100360470"
1008.5745,4908.50333333333,2.40932508364427,0.0431169976939515,0.154820547029388,-4.226742303762,"10756799","Actb"
13.74437,50.9504888888889,2.40890362119502,0.0431451292389178,0.154878004884074,-4.22685311716927,"10783442","Tcrva8"
472.935999999999,1834.07777777778,2.40871040682289,0.0431580319967361,0.154878004884074,-4.22690392184808,"10833927","Rpl21"
322.05895,994.196111111111,2.40815057628782,0.0431954391837822,0.154968876374188,-4.22705113908332,"10724567","Mrpl17"
501.0554,916.473888888889,2.40795628278554,0.0432084292819389,0.154977415965938,-4.22710223641078,"10817539","H2bc18"
94.6859500000001,321.952444444444,2.40777706220457,0.0432204151275922,0.154991184978983,-4.22714937173767,"10880727","C1qb"
106.04,482.614888888889,2.40767460235442,0.0432272689054085,0.154991184978983,-4.22717631973429,"10745256","Tnfaip1"
34.133216,42.0451022222222,2.4066028288333,0.0432990280909685,0.155188051361741,-4.2274582454228,"10793953","Cxcl14"
304.64815,1055.51877777778,2.4054121590436,0.0433788887454103,0.155374911349735,-4.2277715280233,"10861226","Fam3c"
34.500448,22.8962444444444,2.40534535579504,0.043383373775416,0.155374911349735,-4.22778910748015,"10747292","Krt16"
142.6168,506.714444444444,2.40528678911014,0.0433873062046299,0.155374911349735,-4.2278045196854,"10872929","Srsf10"
178.4266,566.169111111111,2.40493744406087,0.0434107702642401,0.155416941482783,-4.22789645643327,"10783553","Prmt5"
11.634205,44.7463777777778,2.40483020861649,0.0434179753920916,0.155423689879251,-4.22792467894955,"10738173","Gast"
167.3563,490.009777777778,2.40375959569607,0.0434899758308087,0.155605162758266,-4.22820648397172,"10713520","Atl3"
18.265177,25.7873544444444,2.40340295421655,0.043513987274733,0.155616657964107,-4.22830037398493,"10818358","Psrc1"
197.0816,370.906222222222,2.40339175393405,0.0435147415677406,0.155616657964107,-4.22830332271414,"10732803","Rpl30"
197.0816,370.906222222222,2.40339175393405,0.0435147415677406,0.155616657964107,-4.22830332271414,"10903223","Rpl30"
38.13791,142.034022222222,2.40331631318207,0.0435198225360016,0.155616657964107,-4.2283231844064,"10866517","Erp27"
8.039815,15.8870111111111,2.40300570090245,0.0435407487159288,0.155653381422803,-4.22840496459952,"10828326","Btnl5"
101.63585,294.770888888889,2.40198290080462,0.0436097272718675,0.155842761164567,-4.22867429588397,"10796543","Arl5b"
10.61136,20.2004,2.40067035854834,0.0436984077820775,0.156083296851157,-4.22902001687765,"10777448","Psapl1"
107.65195,313.394111111111,2.39974488876739,0.0437610454491702,0.156226424074545,-4.22926384631818,"10701802","Plagl1"
614.8505,3495.97888888889,2.39953480966671,0.0437752766311627,0.156226424074545,-4.22931920213285,"10928427","Rpl21"
19.66068,59.8577,2.39887838315805,0.0438197743646382,0.156344759194985,-4.22949218759025,"10733902","Or2t45"
7.757884,15.9626144444444,2.39857699093955,0.0438402203655152,0.156379511325783,-4.22957162098544,"10870134","LOC102556219"
113.04205,566.927111111111,2.39820821488387,0.0438652506709804,0.156392413119602,-4.22966882117247,"10836010","Arpc5l"
163.27885,333.814777777778,2.39603785007282,0.0440128541981522,0.156826019297432,-4.23024104133566,"10712477","Lsp1"
64.907275,81.7738777777778,2.39602528359382,0.0440137102834137,0.156826019297432,-4.23024435533392,"10890769","Plek2"
37.1840375,38.1093388888889,2.3951748168068,0.0440716869436617,0.156975160006356,-4.23046866024337,"10838647","Bub1b"
9.468,20.7015,2.39478309968787,0.0440984163430969,0.157051217243354,-4.23057198763905,"10910733","Lctl"
211.7744,504.597555555556,2.3940742424834,0.0441468278129938,0.157115722498228,-4.23075899390219,"10810286","Gipc1"
34.041935,88.9568888888889,2.39400390268866,0.0441516345963833,0.157115722498228,-4.23077755215275,"10726964","Krtap5-8"
8.11335999999999,22.6294777777778,2.39352724035428,0.0441842219881037,0.157203490580984,-4.23090332121395,"10927875","Stat4"
165.2279,965.357222222222,2.39220576782143,0.0442746922981834,0.157410351807123,-4.23125206780903,"10758991","Rnf10"
48.510075,61.8107333333333,2.39129901580494,0.0443368780914399,0.15747812237852,-4.2314914271414,"10779535","Dlgap5l2"
48.510075,61.8107333333333,2.39129901580494,0.0443368780914399,0.15747812237852,-4.2314914271414,"10779560","Dlgap5l2"
48.510075,61.8107333333333,2.39129901580494,0.0443368780914399,0.15747812237852,-4.2314914271414,"10779565","Dlgap5l2"
48.510075,61.8107333333333,2.39129901580494,0.0443368780914399,0.15747812237852,-4.2314914271414,"10779575","Dlgap5l2"
48.510075,61.8107333333333,2.39129901580494,0.0443368780914399,0.15747812237852,-4.2314914271414,"10782792","Dlgap5l2"
214.2611,561.206555555555,2.39100233725882,0.0443572436518624,0.157504940340657,-4.23156975339131,"10914937","Endod1"
8.002488,17.1797733333333,2.39014833734808,0.0444159192869939,0.15766302139128,-4.23179524777702,"10920643","Fbxl2"
81.395025,156.450366666667,2.38934139740323,0.0444714334380656,0.157821726975176,-4.23200835635587,"10864048","Nup210"
143.33305,446.738777777778,2.38906937730804,0.0444901630531531,0.15784984496415,-4.23208020421231,"10772582","Atp8a1"
66.10875,215.802666666667,2.38855063992247,0.044525902120105,0.157957462603127,-4.23221722904427,"10879978","Nhsl3"
43.14527,126.766155555556,2.38827501919155,0.0445449031234531,0.157986499920913,-4.23229004099617,"10879339","Or10ak7b"
236.6706,451.810333333333,2.3860424947069,0.0446991123656651,0.1583848138112,-4.23287998425505,"10869050","Smc2"
7.770595,19.8982777777778,2.38602126206725,0.0447005815661444,0.1583848138112,-4.23288559639661,"10889135","Mfsd2b"
525.072500000001,2157.08555555556,2.38590957718108,0.0447083104446767,0.158392988276835,-4.23291511702189,"10762007","Rpl21"
40.7972499999999,411.096111111111,2.38561932477011,0.0447284029458337,0.158406541842597,-4.23299184021887,"10775542","Cops4"
24.339519,32.64462,2.38544656716677,0.0447403662762316,0.158429704290161,-4.23303750808558,"10903825","Has2"
72.890285,109.332522222222,2.38533933469927,0.044747793662685,0.158436800880097,-4.23306585550814,"10778806","Vrk2"
11.69765,30.3162555555556,2.38416601636739,0.044829143966387,0.158647923904789,-4.23337607270565,"10729061","Or9i14"
10.371125,39.1972888888889,2.38394835172012,0.0448442517958561,0.158682167146819,-4.23343363074865,"10761435","Mmp17"
29.9059,90.1899111111111,2.38360115790209,0.0448683606953871,0.158729025109596,-4.23352544661722,"10816801","Pygo2"
59.0534,276.544555555556,2.38112002770015,0.0450410290064734,0.159221146307086,-4.23418179373166,"10835779","Dab2ip"
64.25075,651.507888888889,2.3809924074441,0.0450499285034085,0.159221146307086,-4.23421556372861,"10727905","Kat5"
53.968285,76.5568444444444,2.38080857117137,0.0450627512916624,0.159237043843909,-4.23426421092429,"10838331","Kif18a"
73.73341,150.878244444444,2.38012598114783,0.0451103948806935,0.15937296844172,-4.23444485710904,"10898862","Irak4"
457.395,2734.71666666667,2.37984002778868,0.045130368994622,0.159406527843859,-4.2345205423631,"10923522","Rpl21"
11.51216,23.1906555555556,2.37980342273696,0.0451329265350574,0.159406527843859,-4.23453023122606,"10747113","Krt23"
98.195495,124.875922222222,2.37945348442565,0.0451573835698656,0.159429897727989,-4.23462285918877,"10708214","Prc1"
82.4329999999999,574.727888888889,2.3790276438318,0.0451871633796196,0.159509157923176,-4.23473558813904,"10762600","Gcn1"
355.3675,1766.37111111111,2.37833241642538,0.0452358243929957,0.159642350062452,-4.23491965256498,"10758986","Dynll1"
75.583955,81.6821888888889,2.3778007439577,0.0452730733072995,0.159735212995102,-4.23506043446973,"10726929","Dusp8"
251.42845,1000.85777777778,2.37764343011239,0.0452841006160293,0.159752973226868,-4.23510209292052,"10771475","Hnrnpd"
40.91473,54.4514444444444,2.37751063794313,0.0452934111206688,0.159752973226868,-4.23513725890147,"10920461","Nradd"
115.80365,500.739888888889,2.37734737170561,0.0453048609054245,0.159770184269806,-4.23518049644829,"10930845","Mllt1"
831.429000000001,4175.29,2.37725042875029,0.0453116608479625,0.159774877490932,-4.23520617044974,"10774894","Rpl41"
132.2235,321.192,2.37676821916722,0.0453455001040248,0.159855609996257,-4.23533388526559,"10790811","Bst2"
711.313,2796.28111111111,2.37651252726142,0.0453634537074249,0.159899606251051,-4.23540161170825,"10727922","Rpl29"
102.2582,624.738888888889,2.37621300130505,0.0453844942520414,0.1599544715984,-4.23548095362817,"10812412","Tmem167a"
35.782,143.366111111111,2.3749843301733,0.0454709064983351,0.160199559669937,-4.23580647390648,"10816607","Rit1"
156.6419,516.496222222222,2.37484250271906,0.0454808918547722,0.160199559669937,-4.23584405497804,"10807975","Vac14"
59.2886,165.758888888889,2.3748345431397,0.0454814523140431,0.160199559669937,-4.23584616412203,"10736067","Mrm3"
145.32782,186.461422222222,2.37450568055065,0.0455046146507771,0.160261821869536,-4.23593331001128,"10788180","Primpol"
16.43739,59.6677666666667,2.37434880932569,0.0455156675323379,0.160269049139046,-4.23597488185221,"10764270","Kif21b"
68.5019000000001,284.885888888889,2.37432083517606,0.0455176388275028,0.160269049139046,-4.23598229532704,"10908265","Pin1"
505.044999999999,2035.66444444444,2.37401988145953,0.0455388520065557,0.16029362925129,-4.23606205448603,"10910617","Rpl21"
18.58962,71.4111333333333,2.37379168300844,0.0455549435518785,0.16029362925129,-4.23612253551505,"10908990","Pus3"
7.775126,12.2176355555556,2.37279790745343,0.0456250869494059,0.160502703207984,-4.23638595866084,"10858158","Or6d14"
618.731,3671.93555555556,2.37265863654442,0.0456349257497302,0.160507912455167,-4.23642288028886,"10877005","Txn1"
705.309,5005.99666666667,2.37215223944288,0.0456707181949357,0.160609952296854,-4.23655713911931,"10799940","Gapdh"
19.34193,40.6416333333333,2.37201489856027,0.0456804303975682,0.160609952296854,-4.23659355431063,"10804821","Piezo2"
113.73585,610.331666666667,2.37109321253277,0.04574566216703,0.160814378680442,-4.23683796315839,"10776904","Klf3"
123.20622,166.7171,2.37076941211639,0.0457686011838955,0.160831114689704,-4.23692383908898,"10739796","Sphk1"
46.1296,158.874444444444,2.37073754413798,0.0457708594348669,0.160831114689704,-4.23693229121049,"10927209","Zfp622"
16.89964,34.5156111111111,2.37041593081781,0.0457936560979128,0.160891866415445,-4.23701759381667,"10876315","Arhgef39"
34.4786,287.582222222222,2.37007808000721,0.0458176160123359,0.160898645772855,-4.23710720971188,"10782564","Atxn7"
17.93406,34.7052333333333,2.36975238408536,0.0458407258576,0.160902434843677,-4.23719360785291,"10780006","LOC290071"
17.93406,34.7052333333333,2.36975238408536,0.0458407258576,0.160902434843677,-4.23719360785291,"10783492","LOC290071"
555.758,1960.75555555556,2.36927565527898,0.0458745734280099,0.160971115151447,-4.23732008211331,"10754694","Rpl35a"
81.923805,98.466,2.36924398468619,0.0458768229188384,0.160971115151447,-4.23732848466982,"10750144","Tiam1"
662.739,2675.57666666667,2.36890360889141,0.0459010060499619,0.161036626725542,-4.23741879383752,"10918670","Rpl29"
98.9348,416.418222222222,2.36872509910035,0.0459136939976711,0.161061798324683,-4.23746615912771,"10727759","Pacs1"
6.337475,14.4799555555556,2.36853017689415,0.0459275525205894,0.161091069676612,-4.23751788138361,"10765971","Wdr64"
45.20715,166.254666666667,2.36774930186877,0.0459831131517917,0.161169846144744,-4.23772510757081,"10812886","Dimt1"
86.46475,215.524777777778,2.36744254853598,0.0460049576814803,0.161207728644208,-4.23780652262437,"10725806","Coro1a"
198.426805,127.464411111111,2.36689886856898,0.0460436998852531,0.161266112989783,-4.23795083369202,"10940477","Kng1"
15.64493,53.4522222222222,2.36614143940128,0.0460977283937677,0.161416641171704,-4.2381519099759,"10755260","Ephb3"
62.75935,447.772444444444,2.36507326450448,0.0461740312179447,0.161528936414925,-4.23843553780076,"10764700","Edem3"
62.75935,447.772444444444,2.36507326450448,0.0461740312179447,0.161528936414925,-4.23843553780076,"10888299","Edem3"
240.7728,656.688333333333,2.3646328472615,0.0462055284630665,0.16160042003113,-4.23855249935825,"10863724","Tma7"
175.7648,569.210888888889,2.36442122339321,0.0462206708152746,0.161634028872089,-4.23860870433007,"10743265","Flii"
7.98995000000001,25.0447888888889,2.36422227383662,0.0462349108312337,0.161661845862963,-4.23866154553799,"10733865","Trim58"
51.057015,56.1606666666667,2.36409162852627,0.0462442643011053,0.161661845862963,-4.23869624632925,"10905696","Cenpm"
655.800000000001,1788.30666666667,2.36407819096952,0.0462452264625448,0.161661845862963,-4.23869981554472,"10871997","Rps14"
48.61567,68.2577444444444,2.36359735630977,0.0462796686327067,0.161743337824652,-4.23882753936331,"10706750","Tead2"
136.535,700.326222222222,2.36317980653866,0.0463095986313247,0.161743337824652,-4.23893846384123,"10927678","Arpc5l"
61.90368,132.764566666667,2.36312968308846,0.04631319279205,0.161743337824652,-4.23895178010794,"10902282","Nav3"
67.23275,385.783222222222,2.36298034130104,0.0463239031826818,0.161743337824652,-4.23899145652231,"10820865","Bdp1"
74.9659,235.509777777778,2.36235731073625,0.0463686121282032,0.161841413944245,-4.23915699439663,"10720510","Sipa1l3"
65.6124500000001,458.125888888889,2.36214616576841,0.0463837738237612,0.161855657965523,-4.23921310031131,"10891719","Ppp4r3a"
41.8424500000001,286.711444444444,2.36192217766902,0.0463998631947669,0.161873131522799,-4.23927262178239,"10850619","Mcl1"
53.274965,63.7372222222222,2.3617710581381,0.0464107214866141,0.161873628348356,-4.23931278118422,"10816433","Iqgap3"
22.9315,72.1571777777778,2.36115498813202,0.0464550139986867,0.16200749420528,-4.23947651310475,"10834549","Nsmf"
286.18105,993.488777777778,2.36097378180747,0.0464680499600498,0.162014275156092,-4.23952467623641,"10819322","H2az1"
6.799438,15.6633344444444,2.36068331910052,0.0464889534845032,0.162062006984711,-4.23960188280723,"10733306","Or1x2c"
69.0717500000001,402.233555555556,2.36003692737626,0.0465355058314415,0.162172046684926,-4.23977371493828,"10895337","Pawr"
480.2425,2500.55111111111,2.35989308302042,0.046545871699635,0.16218882345338,-4.23981195680715,"10879319","Rpl21"
54.2341,185.847444444444,2.35956640902077,0.0465694214576941,0.162251529930242,-4.23989880949965,"10761741","Arl6ip4"
34.2692,184.771555555556,2.3593080034765,0.0465880582617677,0.162278812776378,-4.23996751609576,"10724138","Il18bp"
74.3287,309.557777777778,2.35800696898164,0.0466820058207301,0.1625274839765,-4.24031350303147,"10901555","Dram1"
15.4702,155.276444444444,2.35791697565295,0.0466885112656463,0.162530763598021,-4.24033743880257,"10926433","Rrp36"
11.439745,80.6144111111111,2.35741492215567,0.0467248204721339,0.162594358631071,-4.24047098000068,"10718111","Cep43"
8.45088,18.4368666666667,2.35738043386403,0.0467273157547222,0.162594358631071,-4.2404801540796,"10916256","Or8a1b"
25.192445,53.9787222222222,2.35735657484229,0.0467290420711465,0.162594358631071,-4.24048650075368,"10714694","Cd274"
9.71193,27.6112333333333,2.3569227880262,0.0467604398384364,0.162664859423682,-4.24060189699674,"10834691","Dbh"
131.2279,344.128111111111,2.35681120951266,0.0467685193900459,0.162673595125706,-4.24063158095516,"10723943","Pold3"
75.346015,107.631077777778,2.3563121252115,0.0468046759367288,0.162779976525666,-4.24076436447203,"10811768","Fanca"
557.837,4448.63555555556,2.35506991183068,0.04689479105039,0.163035157175544,-4.2410949235887,"10935263","Gapdh"
58.03151,92.2141222222222,2.3549835371056,0.0469010634962098,0.163035864079814,-4.24111791166616,"10750371","Ifitm3-ps2"
69.54079,135.073477777778,2.35444449606436,0.0469402271658557,0.163114783391886,-4.24126138376792,"10779162","Dnajc9"
53.5092500000001,220.752888888889,2.35435949971596,0.0469464055175366,0.163114783391886,-4.24128400808488,"10899552","Sp1"
21.3926,129.047222222222,2.35412127092957,0.0469637266304701,0.163115404729461,-4.24134742202869,"10715301","Ccnj"
111.44658,189.142233333333,2.35319515339772,0.0470311237035232,0.163275965285173,-4.24159397587416,"10738341","Ramp2"
153.9499,875.002777777778,2.3524846949065,0.0470828923092616,0.163435734772357,-4.24178315004774,"10890338","Acp1"
6.87316,22.0862777777778,2.35229948610666,0.0470963972257796,0.16344430370087,-4.24183247050764,"10889174","Gdf7"
15.757825,74.7292777777778,2.35169329233636,0.0471406264261954,0.163503196886436,-4.24199391170906,"10913203","Mir425"
75.747535,134.516411111111,2.35167632150318,0.0471418652548859,0.163503196886436,-4.24199843167879,"10750688","Cmss1"
1118.833,4535.43111111111,2.35160670107095,0.0471469477158669,0.163503196886436,-4.24201697438714,"10705420","Rpl28"
60.6821,168.534222222222,2.350905861754,0.0471981413601606,0.163632025702264,-4.24220365159674,"10728280","Plcb3"
6.48045000000002,40.6124,2.35064620291654,0.0472171226223082,0.163633278847938,-4.24227282215795,"10743123","Wnt3a"
139.7109,326.119333333333,2.35061006464856,0.047219764965435,0.163633278847938,-4.24228244934667,"10728006","Znrd2"
26.33413,111.503677777778,2.35038185462234,0.0472364545636858,0.163633368196611,-4.24234324595414,"10889728","Arl4a"
57.14535,268.274333333333,2.35034769356286,0.0472389533614171,0.163633368196611,-4.24235234693782,"10745490","Crlf3"
14.1426,121.747,2.35003391960847,0.0472619113679373,0.163682670948353,-4.24243594386368,"10806375","Siah1"
45.7760650000001,83.0990777777778,2.3499024027364,0.0472715374406535,0.163682670948353,-4.24247098481502,"10799968","Prtfdc1"
54.41598,119.6957,2.34970210038207,0.04728620189082,0.163714043853806,-4.24252435468153,"10897405","Apol3l1"
24.174875,65.5535888888889,2.34760968538569,0.0474396642944893,0.164109218792091,-4.24308201005901,"10834411","Gpsm1"
343.7398,1200.39544444444,2.34633410175416,0.0475334637385771,0.164375308908474,-4.24342209347103,"10856707","Mob1a"
25.6115500000001,160.402111111111,2.34614434027815,0.047547433663351,0.164383117654778,-4.24347269380719,"10737957","Stard3"
116.4382,290.122111111111,2.34607414419446,0.0475526024269368,0.164383117654778,-4.24349141228122,"10870678","Ndc1"
7.591525,19.4612111111111,2.34548627118459,0.0475959115609287,0.164474445273358,-4.24364818553353,"10934558","LOC103690877"
64.1168,454.272555555556,2.34530966594615,0.047608929961913,0.164490718209974,-4.24369528629181,"10885193","Ppm1a"
135.8028,857.232,2.34526962939492,0.0476118817410672,0.164490718209974,-4.24370596432188,"10835894","Elob"
132.915555,147.1934,2.34511867478126,0.047623012840766,0.164491527175324,-4.24374622581052,"10859086","Clec2dl1"
46.6142500000001,200.008444444444,2.34511373628405,0.0476233770400797,0.164491527175324,-4.24374754299184,"10827835","RT1-T24-1"
150.21325,443.854444444444,2.34397230004968,0.0477076295851193,0.164743580460955,-4.24405202114782,"10731591","Carhsp1"
11.17829,35.6785888888889,2.34378880068777,0.0477211881320421,0.164770924251209,-4.24410097660579,"10851587","Matn4"
58.7834499999998,493.486777777778,2.34322080078361,0.0477631814842244,0.164857465014193,-4.24425252453445,"10827531","Srsf11"
18.171435,38.4206333333333,2.34300034468174,0.0477794902292001,0.164894273780963,-4.24431134937592,"10895828","Rps26l1"
114.8707,275.100444444444,2.34215144999694,0.0478423413768301,0.165031312078068,-4.24453788811043,"10882882","Uap1"
106.88415,460.714666666667,2.34200900550531,0.0478528959247252,0.165031312078068,-4.24457590535689,"10880331","Wasf2"
122.06255,157.119222222222,2.34133676112251,0.0479027380035774,0.165183025027917,-4.24475533749905,"10882317","Isg15"
165.8087,537.893555555556,2.34024192472547,0.0479840237909837,0.165346222107785,-4.24504762132389,"10839767","Chchd5"
220.9459,665.545777777778,2.33989293767814,0.0480099633099141,0.165416094838522,-4.24514080336326,"10747918","Eftud2"
52.5671,171.369555555556,2.3395835009006,0.0480329749055863,0.165436428814397,-4.24522343103669,"10749061","Galk1"
49.31895,194.847333333333,2.33954605256443,0.0480357605417261,0.165436428814397,-4.24523343108934,"10798828","Jcad"
11.14102,38.0500444444444,2.33918739860613,0.0480624476281647,0.165457141592911,-4.24532920866558,"10779909","Rpgrip1"
173.21008,211.799177777778,2.33892767084497,0.0480817830021389,0.165457141592911,-4.24539857286667,"10768332","Rgs2"
30.66167,130.646488888889,2.33881947231518,0.0480898401199907,0.165457141592911,-4.24542747004968,"10742324","Surf6"
208.441,1726.96444444444,2.33694707508896,0.0482294849303314,0.165800914656943,-4.2459276477038,"10820754","Btf3"
11.035565,48.8775555555556,2.33680759764289,0.0482399035327509,0.165817218708764,-4.24596491464967,"10924588","Tmem198"
8.3722,23.9563777777778,2.33656292602808,0.048258185321062,0.165860544231706,-4.24603029108638,"10733294","Or1ad6"
24.99474,79.1300333333333,2.336466696421,0.0482653774723144,0.165865749614892,-4.24605600464591,"10845130","Rbm43"
21.69506,34.6454888888889,2.336267427104,0.0482802741776775,0.165884755233108,-4.24610925317785,"10783607","Cdh24"
7.772575,20.8280777777778,2.33624080837694,0.0482822644535879,0.165884755233108,-4.24611636637712,"10887645","Adam6"
54.751125,79.6846333333333,2.33594846582627,0.0483041282536421,0.165920846890288,-4.24619449038722,"10936917","Xk"
308.17615,563.492777777778,2.3339594701965,0.0484531457370746,0.166412834555871,-4.24672614809088,"10796149","Pfkfb3"
19.439085,33.6271333333333,2.3330267204042,0.0485231870042024,0.166575368406671,-4.24697554941154,"10708695","Tenm4"
71.73135,382.508,2.33290312381857,0.0485324756322317,0.166587679840209,-4.24700860074017,"10769719","Uhmk1"
63.5161000000001,226.229777777778,2.33119934539464,0.0486607012090951,0.166949351159425,-4.24746430175928,"10901328","Polr3b"
86.61805,516.411111111111,2.33111142767334,0.0486673270667869,0.16695247685875,-4.247487821148,"10899531","Pfdn5"
15.070055,42.6443222222222,2.33061860596022,0.0487044849847118,0.16701422091965,-4.24761966692674,"10940604","Npc1l1"
66.1789500000001,704.392666666667,2.3306074475753,0.0487053266372219,0.16701422091965,-4.24762265231607,"10841912","Srsf6"
61.9412,227.085222222222,2.33056944220408,0.0487081934084828,0.16701422091965,-4.24763282058172,"10731734","Ubald1"
89.401125,119.024433333333,2.33040020612857,0.048720961056369,0.167038394120498,-4.24767810037186,"10804245","Dpysl3"
9.53091,28.9137,2.32977385330058,0.0487682440859397,0.16718088274192,-4.24784569773073,"10828841","Npbwr1l1"
18.757365,102.024166666667,2.32957628040721,0.0487831682986895,0.167212422700682,-4.24789856823424,"10721205","Fam32al1"
268.6551,754.951666666667,2.32907690125385,0.0488209106974587,0.167302531978365,-4.24803221196406,"10706705","Rras"
30.701565,51.6233,2.32859757529819,0.0488571650406473,0.167407133415139,-4.24816050236752,"10728644","Fen1"
1026.509,4476.85222222222,2.32834654207938,0.0488761629819255,0.167413322236367,-4.24822769598418,"10935928","Rpl28"
20.76535,173.836444444444,2.32808356592433,0.0488960726960535,0.167461883674385,-4.24829809017651,"10770434","Fbxo28"
41.7614,101.781222222222,2.32682622045766,0.0489913777466692,0.167689995253801,-4.24863471407313,"10733940","H2ac25"
38.6907,28.2182666666667,2.3264963764882,0.0490164102841854,0.167736372266861,-4.24872303665398,"10907913","Mmp8"
390.7796,1285.22022222222,2.32363000038896,0.0492344859881085,0.168344601317486,-4.2494908274255,"10718863","Rpl28"
533.344,2253.71777777778,2.32336507385811,0.0492546907927077,0.168374272971936,-4.24956181437114,"10836208","Rpl29"
33.56054,68.3592555555556,2.32267373881986,0.0493074550800419,0.16844957007001,-4.24974707592852,"10879928","Gja4"
257.906,1917.71888888889,2.32256541747205,0.0493157275470403,0.16844957007001,-4.24977610594806,"10805794","Got2"
88.25589,143.3176,2.32253342652133,0.0493181709518337,0.16844957007001,-4.24978467961933,"10709020","Pgm2l1"
361.3469,475.933222222222,2.31891722763878,0.0495951522933955,0.169201539075004,-4.25075420314839,"10860900","Pdk4"
10.75131,29.3466,2.31878408990128,0.0496053796200922,0.169216669806326,-4.25078991216686,"10724262","Or52s19"
121.17865,342.159777777778,2.31805258899774,0.0496616094987602,0.169304161754799,-4.25098612657866,"10849327","Fbn1"
672.7071,1317.72833333333,2.31787727092875,0.0496750955386094,0.169304161754799,-4.25103315754569,"10789275","Pkm"
672.7071,1317.72833333333,2.31787727092875,0.0496750955386094,0.169304161754799,-4.25103315754569,"10910547","Pkm"
13.118021,15.1760355555556,2.31755073413759,0.0497002235980462,0.169342469348416,-4.25112075916566,"10762254","Oas1k"
25.61401,113.928744444444,2.31736958227145,0.0497141693092668,0.169362850613165,-4.25116936024049,"10838197","Cstf3"
26.2708,35.3657111111111,2.31721598245141,0.049725997037312,0.169362850613165,-4.25121057084257,"10841800","Sack1d"
58.50165,314.159333333333,2.31717186761925,0.0497293945560254,0.169362850613165,-4.25122240703058,"10862731","Kbtbd2"
18.359855,54.2267555555556,2.31595967230637,0.0498228432174544,0.169562504864249,-4.2515476866062,"10799835","Nsun6"
44.43235,167.769111111111,2.31502785499313,0.049894796964048,0.16976486736182,-4.25179778569318,"10728525","Taf6l"
240.895,293.062444444444,2.31482117134615,0.0499107709088642,0.169782634062827,-4.25185326601581,"10715149","Slc35g1"
25.215045,47.4370666666667,2.31459280284753,0.0499284267652172,0.169808916673358,-4.25191457000543,"10741604","Wdr90"
65.72005,202.320111111111,2.31425870542065,0.049954268112864,0.169851488436826,-4.25200426146875,"10736957","Acaca"
27.8608,213.603777777778,2.31415699383834,0.0499621378315706,0.169858477203713,-4.25203156809792,"10789774","Pde12"
179.573,611.274222222222,2.31392276548852,0.0499802654769958,0.169880567265265,-4.25209445385947,"10746575","Ube2z"
