"ProbeID","GeneSymbol","logFC","P.Value","adj.P.Val"
"10740869","Tnfrsf12a",912.8845,1.84445742517124e-08,0.000538839792189526
"10750848","Nfkbiz",282.55341,6.90840436078701e-08,0.000672740416653439
"10794829","Tubb2a",298.40425,9.53790551759196e-08,0.000695501814008593
"10719616","Pvr",494.22414,1.20272758855498e-07,0.000695501814008593
"10813007","Il6st",551.559,1.64809837047449e-07,0.000695501814008593
"10711575","Dmbt1",142.81542,2.81672250120962e-07,0.000695501814008593
"10821698","Osmr",1084.2403,3.11960479695587e-07,0.000695501814008593
"10896814","Myc",480.94553,3.30539786691673e-07,0.000695501814008593
"10868017","Mdn1",161.31065,3.46848353527163e-07,0.000695501814008593
"10893918","Sbno2",245.6683,3.57329484944552e-07,0.000695501814008593
"10877907","Plin2",723.84395,3.64680420699469e-07,0.000695501814008593
"10889716",NA,456.7537,4.20318019103443e-07,0.000695501814008593
"10821959","Tars1",320.9111,4.91121517796092e-07,0.000695501814008593
"10749372","Socs3",370.28048,5.04433677254094e-07,0.000695501814008593
"10913940",NA,618.9522,5.20267797948824e-07,0.000695501814008593
"10920422","Ptpn23",148.16475,5.41166541927197e-07,0.000695501814008593
"10821924","Rai14",346.5371,5.60089204909892e-07,0.000695501814008593
"10858967","Tnfrsf1a",579.28595,5.73159133786755e-07,0.000695501814008593
"10870845","Kti12",120.5495,5.92160736849879e-07,0.000695501814008593
"10835652",NA,280.11425,6.44045406428159e-07,0.000696857129755268
"10900592","Midn",400.49595,8.39108897518469e-07,0.000875490261860877
"10737824",NA,60.925805,9.72982582427791e-07,0.000980162522863638
"10901536",NA,92.17757,1.09573052235171e-06,0.000984430071220811
"10736795","Slfn2",156.27057,1.10558470349271e-06,0.000984430071220811
"10823057","Slc7a11",112.510008,1.13757947068233e-06,0.000984430071220811
"10829780","Arid5b",188.75415,1.29835189788826e-06,0.00103223223487229
"10818998",NA,161.95765,1.49291402169896e-06,0.00109034975574784
"10852177",NA,72.97726,1.58227364849218e-06,0.00110058434207263
"10927699",NA,419.31235,1.92322673936401e-06,0.00124684883218733
"10909446","Mcam",245.87235,1.92770326255853e-06,0.00124684883218733
"10719486","Relb",58.43517,2.0015603412589e-06,0.00124684883218733
"10880293","Map3k6",114.45164,2.00595245816405e-06,0.00124684883218733
"10749886",NA,120.61324,2.05889405683604e-06,0.00125309439534184
"10801541","Eif1a",491.5604,2.13280769517721e-06,0.0012604183260902
"10908089","Taf1d",363.96625,2.17992958752963e-06,0.0012604183260902
"10747506","Stat3",787.7056,2.20036060212912e-06,0.0012604183260902
"10854357",NA,266.9179,2.42547561295476e-06,0.0013626508568627
"10853797","Tes",609.2735,2.59348400023885e-06,0.00140307484412922
"10801531",NA,139.78205,2.73316230999017e-06,0.00142703620752209
"10713045","Fosl1",345.26428,2.82383330135142e-06,0.00142703620752209
"10922826","Il1r1",219.00645,2.83316560677351e-06,0.00142703620752209
"10936753","Ddx3x",161.7665,3.00340413765898e-06,0.00148714319453507
"10840791","Srxn1",1085.1174,3.16912785963063e-06,0.00154304835485415
"10901413","Txnrd1",656.4108,3.31683143897971e-06,0.00154949956901774
"10853171","Ptpn12",368.99715,3.37738468991242e-06,0.00154949956901774
"10936365","Il13ra1",461.3825,3.39453592172026e-06,0.00154949956901774
"10776459","Pdgfra",266.6755,3.78706685322757e-06,0.00170208263154139
"10715787","Nfkb2",148.7331,4.25774426321667e-06,0.00180346638180183
"10754983","Il13ra1",497.1125,4.25957350394765e-06,0.00180346638180183
"10710166",NA,204.6886,4.81133919123594e-06,0.00197940615234032
"10752839","Adamts1",981.3089,4.88551275321785e-06,0.00197940615234032
"10718283","Dll1",55.534505,4.94614394197451e-06,0.00197940615234032
"10842475","Ptpn1",165.3822,5.01474538661015e-06,0.00197974015843823
"10882523",NA,91.6157,5.33171500065788e-06,0.00207680962705626
"10802601",NA,388.5871,5.76117942484579e-06,0.00217449174043429
"10823605","B3galnt1",142.43556,6.33345417076835e-06,0.0022806367896787
"10732657","Sh3pxd2b",132.99439,6.39723586742112e-06,0.0022806367896787
"10800491","Rpl10-ps14",203.2431,6.44130550355775e-06,0.0022806367896787
"10774100",NA,681.3565,6.56966215851111e-06,0.0022806367896787
"10768814","Ier5",186.56391,6.61628295422408e-06,0.0022806367896787
"10745931","Vmp1",104.80563,6.82246891223445e-06,0.00231757682327927
"10709844","Wee1",247.0432,7.14188721966156e-06,0.00238784277152886
"10908521","Ldlr",634.82815,7.20699206603127e-06,0.00238784277152886
"10712349","Tspan4",133.5544,7.39730561347958e-06,0.00238784277152886
"10872003","Stk40",356.78305,7.42677851799296e-06,0.00238784277152886
"10828364","Brd2",393.6702,7.5904821100234e-06,0.00238784277152886
"10887947","Cyp1b1",124.82226,7.64752892706818e-06,0.00238784277152886
"10930560",NA,1643.557,7.71284401129598e-06,0.00238784277152886
"10927728","Col5a2",138.4772,7.7649436330267e-06,0.00238784277152886
"10923270","Nabp1",530.5044,8.04746303299039e-06,0.00241246208082392
"10790002","Gnl3",143.9831,8.16171127300499e-06,0.00241246208082392
"10919226",NA,229.7454,8.25489772717329e-06,0.00241246208082392
"10869253","Ugcg",183.5802,9.02506757978278e-06,0.00252248095214212
"10824322","Lmna",260.75405,9.23648600096222e-06,0.00252248095214212
"10748336",NA,432.37395,9.25092484385984e-06,0.00252248095214212
"10826918","Nfkb1",227.4794,9.26491395914589e-06,0.00252248095214212
"10760816",NA,185.1768,9.70653787019807e-06,0.00255465583189159
"10911925",NA,91.83417,9.83323807082453e-06,0.00256489479465239
"10872291","Yars1",277.661,1.00420924030335e-05,0.00259619192444442
"10770577","Tgfb2",96.7549,1.02988034456554e-05,0.00261625429444676
"10733980",NA,546.445,1.06430795026617e-05,0.00268040452233413
"10918672",NA,513.2047,1.10402404537928e-05,0.00273734789386073
"10927195","Ptp4a1",696.7864,1.1069325360397e-05,0.00273734789386073
"10704505","Slc1a5",208.3354,1.11502840887734e-05,0.00273734789386073
"10938091",NA,81.19695,1.15364467431338e-05,0.00276759773822609
"10781630",NA,97.80996,1.1652444779962e-05,0.00276759773822609
"10733849","Lypd8l1",50.66744,1.19175365594805e-05,0.00278132935056013
"10908106",NA,171.51545,1.20597375136637e-05,0.00278132935056013
"10760144","Zkscan5",102.6455,1.20733527577321e-05,0.00278132935056013
"10801960",NA,262.64155,1.20910805614136e-05,0.00278132935056013
"10921850","Hsp90ab1",962.463499999999,1.38306522014558e-05,0.00308434101842237
"10809303",NA,36.885345,1.43386236602734e-05,0.00310287816008316
"10839168",NA,428.0163,1.45362453673194e-05,0.00310681130039975
"10736863","Ccl4",60.364875,1.50922139091047e-05,0.00314931383671846
"10923470","Ptp4a1",695.7288,1.55501254487235e-05,0.00322185365148233
"10801481",NA,135.68635,1.68332172496274e-05,0.00339608030459517
"10918706",NA,208.8765,1.69905571145471e-05,0.00339608030459517
"10870316","Mthfd2",363.1694,1.70565487159087e-05,0.00339608030459517
"10833643","Rpf2",111.0021,1.81194438114697e-05,0.00343728202278101
"10773853","Lif",172.63753,1.9214304109845e-05,0.00356632720826034
"10827691","RT1-M6-2",33.013965,1.92880022901737e-05,0.00356632720826034
"10863512","Mthfd2",381.24943,1.94591290509582e-05,0.00357533959807983
"10757599","Ywhag",450.01955,2.02268925541396e-05,0.00367023875202878
"10739223",NA,156.7901,2.09527245797089e-05,0.00371553229810786
"10781564",NA,193.9871,2.09734527681153e-05,0.00371553229810786
"10796432","Rpp38",99.64745,2.098524095255e-05,0.00371553229810786
"10759989","Medag",328.70829,2.15162845448824e-05,0.00371938897452186
"10879453","Smap2",174.4129,2.16707320379361e-05,0.0037218047418257
"10704819","Ppp1r13l",127.57761,2.28668049234941e-05,0.00386144993661825
"10939428",NA,43.7805,2.42083089221706e-05,0.00397315470141738
"10774171","Upp1",277.6907,2.44483103963649e-05,0.00399012815597433
"10700806",NA,174.9622,2.5779491439033e-05,0.0040379895025069
"10766797","Irf6",282.7221,2.59065225892698e-05,0.0040379895025069
"10852716",NA,108.7206,2.62014488408753e-05,0.0040379895025069
"10804560",NA,254.30575,2.64281306222556e-05,0.0040379895025069
"10813117","Eif1",356.62055,2.66315541756936e-05,0.0040379895025069
"10813124",NA,356.62055,2.66315541756936e-05,0.0040379895025069
"10845587","Itgb6",431.7994,2.70700345522556e-05,0.0040379895025069
"10914799","Birc3",80.727225,2.70913241080082e-05,0.0040379895025069
"10895310","Ppp1r12a",135.1552,2.84924733770334e-05,0.00422527470678504
"10709951","Mical2",164.82047,2.93784277173523e-05,0.00432608159988222
"10727084","Cars1",211.6353,2.95127614921343e-05,0.00432608159988222
"10710409",NA,707.435,2.98522227549039e-05,0.00432608159988222
"10774369","Sertad2",120.2097,3.13083050789127e-05,0.00441833585989745
"10708896","Lrrc32",164.703,3.23634510697585e-05,0.00452376009354988
"10894159",NA,63.83256,3.31294463276095e-05,0.00460877926197516
"10851952","B4galt5",471.162,3.40081727354389e-05,0.00464726248257182
"10889965","Baz1a",129.6559,3.49149910400454e-05,0.00467486761396211
"10778080",NA,121.06996,3.50447048489663e-05,0.00467486761396211
"10861395",NA,415.90465,3.58854735383254e-05,0.004765264654312
"10739915","Pgs1",159.7758,3.62474291769542e-05,0.00479154930305674
"10720424","Spred3",42.701665,3.65115409307461e-05,0.00480472142680548
"10901166","Angptl4",362.05595,3.67309368372529e-05,0.00481191743840138
"10933967",NA,48.050275,3.85671808430683e-05,0.00496344326497532
"10850970","Eif2s2",248.648,3.93305691173207e-05,0.00503456687565095
"10855599",NA,48.96476,3.9589430723913e-05,0.00503456687565095
"10757056","Micall2",58.330485,4.02050442518992e-05,0.00503456687565095
"10890535",NA,60.89974,4.10358055125409e-05,0.00503456687565095
"10781954",NA,41.94937,4.11790951499249e-05,0.00503456687565095
"10800783",NA,70.4886,4.13601714984675e-05,0.00503456687565095
"10731493","Litaf",588.5273,4.3072094009304e-05,0.00517822285756299
"10790536",NA,50.27639,4.37032704291852e-05,0.00521322077569759
"10749839","Vgll3",260.16057,4.3720103034364e-05,0.00521322077569759
"10879761","Map7d1",112.3103,4.40383313139254e-05,0.00522982036993909
"10819998",NA,168.54251,4.51101598182979e-05,0.0053055095573433
"10825702","Cttnbp2nl",142.3798,4.57328364469402e-05,0.00532286487633829
"10930564","Tpm1",1549.2428,4.6385178764742e-05,0.00534341774633551
"10897760","Atf4",912.7704,4.71940676181991e-05,0.00534341774633551
"10757119","Prkar1b",65.03806,4.73726705107448e-05,0.00534341774633551
"10887359","Trmt61a",59.996245,4.76166296354446e-05,0.00534861705662096
"10812214",NA,143.81499,4.7968017691336e-05,0.00534861705662096
"10718777",NA,161.44225,4.88273209674677e-05,0.0054237313868578
"10847957","Prrg4",253.85925,4.94670209729681e-05,0.00543340457452825
"10761253",NA,530.82325,4.94705463841873e-05,0.00543340457452825
"10788666","Rps20",1283.131,5.00863576167903e-05,0.00547546673985989
"10821769",NA,177.61175,5.2456491378302e-05,0.00567579236713228
"10832487","Derl3",40.472283,5.49961473856554e-05,0.00590682885928139
"10804177",NA,68.24132,5.59727186570537e-05,0.00598969598112515
"10804402",NA,122.1915,5.70374293018075e-05,0.00601647688322534
"10863373",NA,39.84447,5.70484578592874e-05,0.00601647688322534
"10743783",NA,240.35875,5.71078129491623e-05,0.00601647688322534
"10883726","Rock2",217.7547,5.77355447561905e-05,0.00601647688322534
"10707386","Rhoq",146.49145,5.84221979383348e-05,0.00601647688322534
"10911346",NA,124.98712,5.87405695802644e-05,0.00601647688322534
"10938209",NA,128.0147,5.87473746295921e-05,0.00601647688322534
"10837366","Slc43a3",284.3747,5.89343917956228e-05,0.00601647688322534
"10929725","Arl4c",55.907925,5.95779867196643e-05,0.00602376474975199
"10818894",NA,60.13486,6.00291812967289e-05,0.00602376474975199
"10904559",NA,89.97291,6.02617343851419e-05,0.00602376474975199
"10922553","Cnnm4",116.8579,6.04256410383051e-05,0.00602376474975199
"10812645",NA,56.42529,6.06211691800879e-05,0.00602376474975199
"10709799","Ipo7",437.0549,6.14924746096755e-05,0.00604185011951252
"10845378",NA,62.78741,6.17253354127685e-05,0.00604185011951252
"10895406","Phlda1",485.11775,6.17851900989979e-05,0.00604185011951252
"10908414","Qtrt1",42.22911,6.18372419296996e-05,0.00604185011951252
"10771406","Plac8",341.2355,6.21782046954908e-05,0.00604306914811987
"10731416",NA,56.946465,6.22634289581735e-05,0.00604306914811987
"10814365","Il7",40.692775,6.51749652688464e-05,0.00626322840580289
"10767243","Lypd1",98.59198,6.6061302401028e-05,0.00632046790140542
"10821587","Zfp131",57.4997500000001,6.68161444774768e-05,0.00633755469079548
"10784702","Ppp2r2a",227.95895,6.82701590764871e-05,0.00645451270958089
"10782247","Vcl",565.05515,6.90215009589273e-05,0.00650449719036807
"10880122",NA,63.3759,6.96548719632051e-05,0.00654307855155329
"10812148","Rn5-8s",476.0611,7.0219781532219e-05,0.00654896654379524
"10820577","F2rl1",247.30111,7.02940549989291e-05,0.00654896654379524
"10740853","Thoc6",108.70985,7.08904919045229e-05,0.0065537811091732
"10918169","Smad3",79.89975,7.26947387464229e-05,0.00665737961673354
"10937523",NA,264.8,7.31819526093981e-05,0.00666126354442563
"10717801",NA,48.11742,7.32697414600935e-05,0.00666126354442563
"10708834","Pak1",151.3182,7.36722653994145e-05,0.00666334848723993
"10912112","Bcl2a1",63.4563,7.43662059066466e-05,0.00668472104417469
"10772705","Ugdh",672.4938,7.52970935567245e-05,0.00674763586247285
"10776608",NA,102.86858,7.66726062358806e-05,0.00681963801834415
"10884931","Mgat2",178.544,7.68008799902522e-05,0.00681963801834415
"10807625","Nip7",140.97905,7.7854413501779e-05,0.00685071938566557
"10900782","Fstl3",89.01466,7.81560130883234e-05,0.00685660590499183
"10885045","Psma3",324.8509,7.90274749198966e-05,0.0068726671462588
"10908814",NA,27.632595,7.92800995512157e-05,0.0068726671462588
"10846872","Rtn4rl2",49.856695,7.97541752135792e-05,0.00689330909671451
"10831077","Ier3",508.6533,8.02521679815005e-05,0.00691589036994559
"10841412",NA,63.84207,8.11274961369467e-05,0.00695031868664153
"10936475",NA,171.35875,8.20713222320283e-05,0.00696653604289284
"10709860","Swap70",67.9797,8.2658510297814e-05,0.00696653604289284
"10797597","Iars1",269.96735,8.32245183463272e-05,0.00696653604289284
"10714338","Zfand5",286.84735,8.37668291168218e-05,0.00699189755948238
"10804889","Nars1",484.737,8.43530926532858e-05,0.00702077278852732
"10742388","Sqstm1",918.137,8.5457950213564e-05,0.00707243217433162
"10887665","Rpf2",121.71367,8.60200465784925e-05,0.00709884079306237
"10841416","Procr",106.032357,8.70008673557283e-05,0.00712414371199012
"10912598","Ryk",245.40705,8.72425316600746e-05,0.00712414371199012
"10719437","Polr1g",76.892785,8.91960842876136e-05,0.00715125040682392
"10731136",NA,58.067745,8.9314129800239e-05,0.00715125040682392
"10880493","Zfp593",102.24342,8.9412843409255e-05,0.00715125040682392
"10833929","RT1-CE14",96.1954000000001,8.97739825065433e-05,0.00715125040682392
"10863866","Cnbp",262.9281,9.01828958309269e-05,0.00715125040682392
"10931537","Ebi3",32.051293,9.08250416615043e-05,0.00715125040682392
"10750460","Ets2",247.2701,9.09170846964226e-05,0.00715125040682392
"10820010",NA,211.95295,9.10613114033854e-05,0.00715125040682392
"10761047","Serpine1",842.4774,9.20804979992683e-05,0.00718040586044102
"10901403","Nopchap1",64.84305,9.21309056961706e-05,0.00718040586044102
"10865685","Ltbr",141.1007,9.34447974912145e-05,0.00724110428092398
"10900579","Fam174c",34.85745,9.38755670661957e-05,0.00725524025468741
"10810885","Psmd7",234.5504,9.55880209123857e-05,0.00734386985249187
"10934532",NA,70.42635,9.63652907101627e-05,0.0073696743528971
"10725404",NA,135.08705,9.74232519004161e-05,0.00737523714028416
"10812150",NA,429.9542,9.81871087237976e-05,0.00737523714028416
"10836556",NA,124.4362,9.82789269293496e-05,0.00737523714028416
"10756418","Flt1",234.1542,9.83217787985666e-05,0.00737523714028416
"10824439","Efna1",89.7953,9.90679119282689e-05,0.00737523714028416
"10932570","Usp27x",35.743335,9.98246064491169e-05,0.0073811542519577
"10894618","Nfyb",51.9103,0.000101552365574803,0.0073811542519577
"10862361","Pdia4",276.5142,0.000101789781489801,0.0073811542519577
"10704956","Plaur",491.79095,0.000103343977601779,0.00745454558434165
"10745677","Ccl3",42.13735,0.000104911253485844,0.00752859801059506
"10850530","Cd93",258.69525,0.000104970532362444,0.00752859801059506
"10765100",NA,223.57105,0.000105518661890866,0.00752859801059506
"10903590",NA,49.43501,0.00010586542421438,0.00752859801059506
"10878709","Gapdh",906.940500000001,0.00011089003752188,0.00775872148475608
"10918288","Plekho2",105.96618,0.000111101830470854,0.00775872148475608
"10718001","Agpat4",91.83568,0.00011169800129532,0.00775872148475608
"10714645","Rcl1",130.5206,0.0001117083966121,0.00775872148475608
"10717409","Hnrnpa3",622.074,0.000112075733092595,0.00775872148475608
"10917703","Peak1",331.00255,0.00011340310431307,0.00781358087123121
"10736238",NA,98.57389,0.000114530951571791,0.00783364727733806
"10785895",NA,259.70562,0.000114658050713639,0.00783364727733806
"10766463","Dusp10",141.31067,0.000114860777049975,0.00783364727733806
"10835624","Ptrh1",114.71698,0.000116284311209177,0.00787759501618202
"10778386","Eif6",272.7146,0.000116489390257775,0.00787759501618202
"10787817",NA,706.2096,0.000117118871127426,0.00788536263024102
"10912218","Plscr1",145.2371,0.000117144087818327,0.00788536263024102
"10912861","Rrp9",125.41972,0.000118143251035948,0.00790651833079825
"10913835","Lrrfip2",385.96855,0.000118270298848457,0.00790651833079825
"10741598","Wdr90",33.81153,0.000118779171825269,0.00791022909129638
"10764852","Abl2",83.3122,0.00012040957243995,0.00799464829377431
"10752758","Btg3",84.91086,0.000122241519060704,0.00804043123555473
"10930411","Tgif1",444.3718,0.000122382198081873,0.00804043123555473
"10903459","Klf10",128.22177,0.000122750473439358,0.00804043123555473
"10805509",NA,59.42182,0.000123248778098376,0.00805501074578514
"10785776",NA,44.64302,0.000127142996049795,0.00825176675662292
"10800140","Snrpd1",331.06055,0.000127671615458122,0.00825176675662292
"10917358",NA,147.0855,0.000128423033881538,0.00828200995985709
"10870733","Magoh",103.12532,0.000129543080934821,0.00830013004768376
"10766756",NA,244.21385,0.000129858401080586,0.00830013004768376
"10869264","Hnrnpa3",749.2959,0.000130853984787096,0.0083284712670375
"10905605",NA,116.94376,0.000132083001534629,0.00836938127388097
"10887901","Cebpz",90.5922,0.000132642689457345,0.00836938127388097
"10907834","Casp12",63.300505,0.000133077293359729,0.00836955754051888
"10927992","Stk17b",150.74225,0.000133218465678828,0.00836955754051888
"10804541","Marchf3",111.09346,0.000134175899393046,0.00837567248903515
"10875532","Pdp1",153.96261,0.000134879608359409,0.0083941682944448
"10765534","Adamts4",92.05427,0.000135396803644274,0.00839438335057249
"10935378",NA,260.6311,0.000135625006554057,0.00839438335057249
"10795957","Gtpbp4",197.09685,0.000140008656588861,0.00852127686163953
"10860457","Sema3e",52.61991,0.000140617607428735,0.00853340563690524
"10907825","Casp4",76.86394,0.000141668437526496,0.00853340563690524
"10700926",NA,26.1885,0.000144223829522957,0.00861626780303407
"10797013",NA,310.196,0.000147192558621138,0.00873742848887818
"10932228",NA,310.196,0.000147192558621138,0.00873742848887818
"10780763",NA,111.33811,0.000147835232608051,0.00873742848887818
"10821072","Mast4",113.5438,0.000148046385363001,0.00873742848887818
"10798108","Ripk1",165.79455,0.000148770264370374,0.0087624485953954
"10766758",NA,129.1281,0.000149493903243812,0.00876800186962868
"10823933","Hnrnpa3",787.8526,0.000150714181767623,0.00876800186962868
"10934113",NA,76.23119,0.000151265589864204,0.00876800186962868
"10721050","Cebpg",154.18375,0.00015299016649189,0.00883536634930376
"10865819","Tead4",85.31682,0.000153265824276238,0.00883536634930376
"10828575","Hmga1",391.91072,0.00015467525944149,0.00883536634930376
"10803843","Etf1",367.0585,0.000156935963782279,0.00883536634930376
"10758206",NA,38.17401,0.000157313537908077,0.00883536634930376
"10804463","Lox",186.39911,0.00015772728090402,0.00883536634930376
"10703905","Rasl2-9",198.654,0.000157937815024481,0.00883536634930376
"10757715","Cldn4",1475.9429,0.000158139083809037,0.00883536634930376
"10791700",NA,233.8717,0.000158454235896886,0.00883536634930376
"10763091","Golga3",32.5461,0.000158502471547761,0.00883536634930376
"10934676","LOC681325",36.70261,0.000158828082004515,0.00883536634930376
"10718474",NA,121.4909,0.000159046473679568,0.00883536634930376
"10722303",NA,240.26785,0.000160117603865016,0.00887604493228191
"10931325","Sowahc",226.2888,0.000160637327755028,0.00887857857075816
"10721682",NA,43.655655,0.000160832023952625,0.00887857857075816
"10812954","Plk2",298.62415,0.000161096825481247,0.00887857857075816
"10756393","Slc7a1",189.17172,0.00016137896970879,0.00887857857075816
"10938647",NA,39.97186,0.000164402667769161,0.00897730754431451
"10921550","Srf",219.0787,0.000164968519533991,0.00898511339115379
"10919699","Uba5",196.51975,0.000165655698943575,0.00899528919876875
"10767184",NA,241.7723,0.000165972687849557,0.00899578126685894
"10736332",NA,100.3577,0.000168907303063934,0.00906618638645081
"10910768",NA,54.753985,0.000169857630808622,0.00906618638645081
"10939444","Morf4l2",373.52235,0.000170004511136786,0.00906618638645081
"10827989","Mt2",1944.9565,0.000171285647659734,0.00909827406405405
"10910058",NA,188.0031,0.000171815004540025,0.00909827406405405
"10934548","Pbdc1",106.12252,0.000172024917610276,0.00909827406405405
"10782065","Ipo5",567.67595,0.000173161035484071,0.00911311598738843
"10902506","Cct2",395.9981,0.000174376389297944,0.00911311598738843
"10779770","Tlr11",42.912585,0.000176408395304354,0.00918864101900591
"10770375","Wdr26",240.26735,0.000176945212926115,0.00919800258082475
"10859296","Emp1",596.1337,0.000177403003808257,0.00920352657648464
"10738947","Tlk2",74.1779500000002,0.000177874698688217,0.00920352657648464
"10755309","Polr2h",125.6496,0.000178311632857202,0.00920352657648464
"10938841","Rlim",141.00955,0.000180668490345119,0.00929234027630689
"10873706","Epha2",272.0424,0.000182237421765667,0.00934014743765297
"10735091","Cldn7",697.48245,0.000184703142637808,0.00940055332582041
"10839417",NA,33.742245,0.000185479293959572,0.00941914199782481
"10908002","Maml2",68.36965,0.000185713212526429,0.00941914199782481
"10752801",NA,139.3298,0.000186725029728785,0.00942525146717101
"10730452","Oga",304.3904,0.000187642068892269,0.00942525146717101
"10794824","Tubb2b",122.93774,0.000187985464914692,0.00942525146717101
"10822583","Fndc3b",134.75595,0.000188541076282724,0.00942525146717101
"10892339","Cdca4",65.83144,0.000188737321431336,0.00942525146717101
"10728676","Dagla",40.27109,0.000189741281771324,0.00944310358716773
"10727277","Tpcn2",50.40061,0.000190597453549694,0.0094466638487671
"10937867",NA,1075.2812,0.000194523046241077,0.00959931802852503
"10842667","Rpl24",317.3853,0.000196551211086082,0.00965383132752233
"10837038","Hnrnpa3",874.488,0.000197995683989579,0.009665109177968
"10937688",NA,30.9796,0.000199193404100328,0.009665109177968
"10843448",NA,362.3584,0.000199225086720622,0.009665109177968
"10702660","Akap12",415.19135,0.00020000194526455,0.009665109177968
"10867361",NA,38.191045,0.00020136007308992,0.009665109177968
"10708921","Map6",183.08277,0.000202497643620232,0.009665109177968
"10791820",NA,96.8926499999999,0.000202978910788489,0.009665109177968
"10702428",NA,198.3536,0.000203100363733963,0.009665109177968
"10936537","Gtpbp4",180.45685,0.000205266121522457,0.00973481245804717
"10830895","RT1-M5",93.94615,0.000208275063052168,0.00981378660000973
"10886412","Llph",79.6354000000001,0.000210840631974856,0.00987583957932533
"10776798",NA,192.9572,0.000211062151465093,0.00987583957932533
"10793878","Ubqln1",172.8873,0.00021128225292936,0.00987583957932533
"10708538",NA,34.700365,0.000213382759462333,0.00994220723274738
"10743961","Tmem88",111.47031,0.000215633374545908,0.0100244026053351
"10791531","Gapdh",823.081000000001,0.000215833136125001,0.0100244026053351
"10859277","Gprc5a",136.618392,0.000216338420435289,0.0100297658091916
"10788425",NA,103.19353,0.000216842434404329,0.0100297658091916
"10777677","Sh3bp2",162.61061,0.00021722429747428,0.0100297658091916
"10839857","Nop56",575.58735,0.000219667305838838,0.0100640076723079
"10757153",NA,606.78235,0.00021978629749204,0.0100640076723079
"10840888","Mcts2",60.9430500000001,0.000222418917422604,0.0101631837432981
"10787048",NA,172.71625,0.000226429475425971,0.0102875749534904
"10783533",NA,115.37795,0.000227770522971013,0.0103324348727875
"10753222","Runx1",203.14172,0.000228149056154212,0.0103335605061847
"10729282",NA,40.00674,0.00022959692784589,0.0103679950507309
"10884046",NA,241.9678,0.000229619114048843,0.0103679950507309
"10781166","Clu",2669.3964,0.00023355709137728,0.010441420287344
"10757545","Sh2b2",40.478965,0.000234594069692694,0.0104479855768879
"10742575","Hspa4",387.3991,0.000235217462893596,0.0104591217062002
"10817186","S100a10",2152.6244,0.000237669897919066,0.0105521100270632
"10826039","Sars1",325.31265,0.000238847826653268,0.0105722733452251
"10935660",NA,24.000669,0.000239231210478422,0.0105732232721885
"10733553","Irf1",257.54695,0.000240096656797045,0.0105794626420345
"10888662","Wdr43",229.80885,0.00024177878026048,0.0106023963718181
"10751295","Pla1a",190.25354,0.000242181029257173,0.0106023963718181
"10763184","Cldn3",125.76985,0.000242765735895815,0.0106023963718181
"10766078",NA,89.38822,0.000245836504407565,0.0106857334913038
"10874929","Rdh10",243.68555,0.000247347901682271,0.010707686728221
"10825113","Plekho1",108.4284,0.000249866945144896,0.0107505345146731
"10757615","Tmem120a",416.5466,0.000251640305621069,0.0107860806051861
"10771765",NA,28.43259,0.000252169954588284,0.0107860806051861
"10834875","Ddx31",61.30448,0.000256240200702797,0.0109304181365479
"10776968",NA,270.28005,0.000256292750856963,0.0109304181365479
"10938801",NA,36.046815,0.000259289010379523,0.0109625605079205
"10818946","Zgrf1",26.820725,0.000259297915758646,0.0109625605079205
"10847924","Tcp11l1",113.2908,0.00025973668312755,0.0109652419955033
"10756285",NA,34.40827,0.000262200921490869,0.011021493122927
"10788439",NA,167.5348,0.000264489164350842,0.0110540578645858
"10904358","Ago2",286.38465,0.00026659871912307,0.0111104350648522
"10823284","Wwtr1",240.63825,0.000269765800154734,0.0111945143263074
"10905625","Rangap1",324.20855,0.000270594366346041,0.0111987738917054
"10800760","Bin1",211.27275,0.000270783965138607,0.0111987738917054
"10878030",NA,72.93809,0.00027101845489956,0.0111987738917054
"10719593","Ceacam16",78.224355,0.000275476029940492,0.0112489116524242
"10775794","Stbd1",33.0425,0.000275684919441269,0.0112489116524242
"10858566","Clec4a2",24.347412,0.000277193990201752,0.0112784752503537
"10922783","Map4k4",237.0988,0.000280100693154963,0.0113498806130257
"10738460","Bax",84.5433,0.000280453579509043,0.0113498806130257
"10812361",NA,49.709285,0.000280798927415337,0.0113498806130257
"10826771","Gar1",139.27788,0.000283189557137288,0.0113498806130257
"10867073",NA,53.64337,0.000283588926241994,0.0113498806130257
"10860951","Asns",442.40275,0.000284060255219078,0.0113498806130257
"10745271","Psma3",263.68935,0.000284079412135325,0.0113498806130257
"10770588","Rrp15",118.76695,0.000284781781265425,0.0113498806130257
"10853785","Mdfic",142.41015,0.000285267801146144,0.0113498806130257
"10927230","Bag2",286.80145,0.000285685718518903,0.0113498806130257
"10781699","Sugt1",39.5065500000001,0.000285942087053705,0.0113498806130257
"10843852",NA,31.395905,0.000289376919126989,0.0114395904132285
"10812881",NA,121.51875,0.000290542719347499,0.0114701554094836
"10815284","Naa15",312.28605,0.00029208177464453,0.0114803081177132
"10850866",NA,77.6367999999999,0.000292790669858324,0.0114813243345518
"10776992","Stim2",107.01255,0.000294666751975473,0.0115241678242061
"10858275",NA,133.43976,0.000294807877506454,0.0115241678242061
"10820748","Utp15",51.32981,0.000295303988853819,0.0115241678242061
"10771635","Nup54",105.02325,0.000296750426844503,0.0115590226264471
"10832460","Zfp280b",45.017305,0.000300015777792456,0.0116485594601332
"10740804","Or1f45",77.39689,0.000300500506997316,0.0116485594601332
"10700568",NA,157.67525,0.000303570128452262,0.0117308171066196
"10783381","LOC290071",23.137705,0.000305022505742147,0.0117713705188257
"10906926","Rnd1",320.83365,0.000309812975317521,0.0118466966766048
"10716785","Rab32",125.1771,0.000310661654250388,0.0118564281427272
"10711268","Itgam",30.001163,0.000310879166061785,0.0118564281427272
"10704786","Gpr4",57.6957,0.00031238894021177,0.0118849135818823
"10713089","Rela",214.58095,0.000312722185396782,0.0118849135818823
"10830253","Dse",116.4329,0.000314376803336837,0.0118993563438208
"10768130",NA,74.8572,0.000314448658089602,0.0118993563438208
"10717591","Hnrnpa3",866.390500000001,0.000316136522725856,0.0119015623388056
"10715706","Pprc1",119.11646,0.000319439688682893,0.0119722795753918
"10734468",NA,241.80515,0.000322159868664053,0.0119722795753918
"10766051","Desi2",104.04685,0.000322743907414452,0.0119722795753918
"10740364","Ctps1",233.57479,0.000323114034373365,0.0119722795753918
"10716080","Dusp5",258.44878,0.000323460835780794,0.0119722795753918
"10919681","Cdv3",319.7181,0.000323582068057417,0.0119722795753918
"10810264","Ddx39a",136.3832,0.000325075622962545,0.0119722795753918
"10806083",NA,260.78705,0.0003261315307722,0.0119722795753918
"10739913",NA,46.380137,0.000334775400993647,0.0121643390107318
"10940100",NA,108.91411,0.00033711979458294,0.012219128633928
"10897584","Galr3",24.468295,0.000339258927091673,0.0122662256139309
"10804017","Diaph1",106.35015,0.000341906425967714,0.0123010521283507
"10881820","Spsb1",133.77153,0.000342515456302404,0.0123078063227779
"10766085","Kif26b",114.19349,0.000342967980959001,0.012308927021789
"10876586","Hemgn",50.085875,0.000345257542873327,0.0123154503754596
"10779654","Samd4a",74.81366,0.000346694767510732,0.0123202881085656
"10907689","Itga5",195.10412,0.000347288418964394,0.0123202881085656
"10776064","Utp3",87.7834,0.000347501793710482,0.0123202881085656
"10838282",NA,356.8933,0.000348806483130831,0.0123216839155793
"10924172",NA,356.8933,0.000348806483130831,0.0123216839155793
"10833523","Lims1",604.9639,0.000349763860652768,0.0123256953258262
"10932836",NA,113.4974,0.000352227555415564,0.0123529121295442
"10928452","Raph1",436.54885,0.000356759802194426,0.0124637807214814
"10787731","Eloc",339.231,0.000357095381114533,0.0124637807214814
"10791202","Eloc",339.231,0.000357095381114533,0.0124637807214814
"10791204","Eloc",339.231,0.000357095381114533,0.0124637807214814
"10860546","Ube2n",292.09355,0.00035981000311823,0.0124987983722901
"10940491",NA,1258.583,0.000364219691027828,0.0125901738200956
"10765036","Gas5",123.92277,0.000364637255930191,0.0125901738200956
"10718591","Myadm",287.8126,0.00036502626225854,0.0125901738200956
"10826249","Vcam1",275.7407,0.000368046953636158,0.0126495572982667
"10863262","Kcmf1",251.3618,0.000372042694426288,0.0127519530601992
"10753875",NA,59.575745,0.000372710113109819,0.0127519530601992
"10914478","Hnrnpa3",855.9501,0.000373645232406741,0.0127519530601992
"10755983",NA,108.11505,0.00037930844317373,0.0128700544237832
"10848539","Ino80",106.0233,0.00037999345468386,0.0128756813856552
"10787973",NA,144.621,0.000380685872761421,0.0128756813856552
"10785588",NA,32.7408,0.000381022018286992,0.0128756813856552
"10797918","Pak1ip1",175.29076,0.000381237228677747,0.0128756813856552
"10816487","Cct3",348.4453,0.000382570284898043,0.0128909947498479
"10724637","Cdv3",530.0396,0.000382684894944597,0.0128909947498479
"10829437","Col6a1",313.02695,0.000383387541154623,0.0128909947498479
"10756560","Pdap1",207.7283,0.00038345568691784,0.0128909947498479
"10927610",NA,118.3999,0.00038512577148246,0.0129174102044645
"10716925","Aig1",107.70135,0.000386255615050746,0.0129404490115739
"10811531","Slc7a5",329.65691,0.000387789688405047,0.0129550340718383
"10922857","Il1rl1",67.937715,0.000388086279546105,0.0129550340718383
"10940689","Ifrd1",1023.0814,0.000388464771922037,0.0129550340718383
"10733056","Ifi47",179.23615,0.000389242076886531,0.0129650343632799
"10802371",NA,109.03385,0.000389652227389598,0.0129650343632799
"10816079","Fga",219.68335,0.000390632927640564,0.012965631506483
"10820761",NA,51.22421,0.000391300218063276,0.012965631506483
"10815659","Rap2b",76.07611,0.00039292860528131,0.012965631506483
"10940479",NA,33.17534,0.000393621646341191,0.012965631506483
"10760564",NA,37.78805,0.000393912729863833,0.012965631506483
"10885299","Rhoj",165.98735,0.000394116147300207,0.012965631506483
"10873015","Luzp1",53.7933,0.000394192543735562,0.012965631506483
"10771531",NA,257.558,0.000394546888058492,0.012965631506483
"10713844","Fads3",349.62365,0.000394942003974559,0.012965631506483
"10814892",NA,755.7235,0.000395688625282241,0.012965631506483
"10806981","Smad1",120.7181,0.000396651393444662,0.0129762304681885
"10911546",NA,467.9598,0.000397823497362115,0.0129929321766147
"10768173",NA,82.3099,0.000400756380508606,0.0130375243877265
"10940577","Itgb3",75.75384,0.000403194357713631,0.0130731631145905
"10840321","Snrpb2",85.62265,0.000403880869300703,0.0130801578460507
"10795927","Gtpbp4",157.94645,0.000405201028639552,0.0130801578460507
"10716990","Abracl",105.5016,0.000406152570502192,0.0130964030846038
"10812689","Enc1",125.32925,0.000407767091295798,0.0131202481399024
"10934620",NA,129.05055,0.000412230814067844,0.013204946274318
"10893906","Cbarp",39.640605,0.000412782275857388,0.0132081285946306
"10777829","Ywhah",447.66835,0.000415581701824327,0.0132686380733288
"10894161",NA,84.120915,0.000420611290695834,0.0134007227740497
"10754010","Rmp64",247.7138,0.000420636091730116,0.0134007227740497
"10895027","Ube2n",358.3061,0.000423083976212895,0.0134426464765076
"10923670","Nop58",385.9539,0.000426081132715382,0.0135005794047149
"10815205",NA,44.65963,0.000430592995574614,0.0135992905650992
"10893482","S1pr4",20.48876,0.00043227032640493,0.0136296435044341
"10726754",NA,26.12659,0.000433870589626361,0.0136438056031696
"10925810","Ppp4r1",120.49215,0.000434628859984577,0.013644446922212
"10720520","Ube2n",344.5976,0.000434825086759067,0.013644446922212
"10749681","Alyref",515.45485,0.000436493973295964,0.0136532475171973
"10752961","Krtap16-5",58.48498,0.000436507605294114,0.0136532475171973
"10879402","Ctps1",167.32726,0.000441895750741401,0.0137922462202557
"10856543",NA,78.78871,0.000443899830810063,0.013840010306601
"10766521","Eprs1",318.2862,0.000444470045492407,0.0138430148283744
"10703377","Chd1",128.60985,0.000445547188995408,0.0138617844295121
"10766718","Batf3",30.49386,0.000446605010787679,0.0138766491927183
"10931247","Metrnl",100.42095,0.000449945343191797,0.013939239932137
"10819770","Adgrl4",509.0283,0.000452260938356084,0.0139536589280906
"10825869","Csf1",390.9263,0.000452321318713693,0.0139536589280906
"10705345","Numbl",73.629345,0.000453903627328694,0.0139877010219203
"10939178",NA,172.9787,0.000457478065011192,0.0140673593119043
"10904812","Plec",711.6647,0.000457976030841388,0.0140673593119043
"10887112",NA,122.17155,0.000460876832080526,0.0141280753120677
"10794798","Hmgb1-ps2",63.02065,0.000468692771458511,0.014220854035876
"10752515",NA,252.55135,0.000468769644145185,0.014220854035876
"10701077",NA,27.429955,0.000469431421289367,0.0142261094829332
"10845046",NA,64.722805,0.000470841376650162,0.0142540517901117
"10729269","Anxa1",1368.4996,0.000472501079975725,0.0142599654446393
"10763913","Rbbp5",47.63638,0.000474051181920357,0.0142828339174832
"10867516","Sdcbp",412.0783,0.000474533326558652,0.0142828339174832
"10919420",NA,128.97968,0.000480866301835947,0.0143983999336555
"10745933","Vmp1",302.4564,0.000485382140383137,0.0144715842388816
"10841778","Actr5",27.64965,0.000486050216561703,0.0144715842388816
"10711299","Itgax",105.93201,0.000487438861198722,0.0144715842388816
"10714667","Jak2",167.1075,0.000489974260724617,0.0145173509663377
"10930624","Rn45s",1421.7395,0.000491868463668995,0.0145410148190925
"10821117","Nln",102.69305,0.000495457901335527,0.0146016575466931
"10844587","Psmd5",111.8944,0.000496385261757291,0.0146016575466931
"10802706",NA,30.100903,0.000496738386737595,0.0146016575466931
"10927372","Ankrd39",21.79895,0.000496818224187475,0.0146016575466931
"10774310","Ppp3r1",53.47245,0.000504030603100999,0.0147542585561048
"10829674",NA,42.03741,0.000506044778968736,0.014798390563356
"10879690",NA,101.774,0.000508103406168963,0.0148437329078201
"10753600",NA,181.4117,0.000510140589425877,0.0148645817880867
"10783964","Ripk3",142.85163,0.000515572823622001,0.0149790554728282
"10829826","Rpl36al-ps5",49.038755,0.000516630392168296,0.0149790554728282
"10895679","Llph",78.2883500000001,0.000532632126974517,0.015317722639568
"10884656","Psma6",203.69205,0.000536025502072594,0.0153608457211365
"10700938",NA,287.4612,0.000536654777133536,0.0153608457211365
"10878457","Cimap2",95.965333,0.000539845578697629,0.0154014147813208
"10829678","Jpt2l1",60.10523,0.000541581873628092,0.0154211541418022
"10787856","Tll1",37.40183,0.000541727674936833,0.0154211541418022
"10881461","Rex2l1",265.0067,0.000542751428473566,0.0154211541418022
"10854961","Ephb6",45.845445,0.000543456481233995,0.0154211541418022
"10815632",NA,129.82245,0.000544013990439726,0.0154211541418022
"10940647","Fosl2",460.42915,0.000544232557000001,0.0154211541418022
"10826602",NA,225.30075,0.000551399534113416,0.0155033919483854
"10824388","Fdps",98.17795,0.000551650002647308,0.0155033919483854
"10872665","Themis2",20.70125,0.000552316724947245,0.0155033919483854
"10775900","Cxcl1",68.39168,0.000553111021374672,0.0155033919483854
"10764811","Rps17l3",160.1663,0.000553487954155231,0.0155033919483854
"10839194",NA,39.705295,0.000555431504720269,0.0155425057269137
"10871616","Hivep3",46.30306,0.000557906236034331,0.0155923300900791
"10870713","Lrp8",140.711915,0.000559665053277674,0.0155923300900791
"10741765","Hba-a3",646.3799,0.000559804118188735,0.0155923300900791
"10910204","Pstpip1",22.54124,0.000560034055382586,0.0155923300900791
"10704808","Ercc1",233.5803,0.000560236936029899,0.0155923300900791
"10853960",NA,162.92237,0.000560414410713462,0.0155923300900791
"10768080","Inava",68.12548,0.000565012082211163,0.015657023344514
"10766072","Kif26b",85.761705,0.0005675952321249,0.015685185813684
"10822786","Hnrnpa3",787.0072,0.000568047052470653,0.015685185813684
"10785598",NA,34.903027,0.00056999367285192,0.0157092407157509
"10805524",NA,53.64262,0.000570818749088277,0.0157171526256974
"10832081",NA,117.51218,0.000574644496715002,0.0157927227911873
"10890860","Actn1",1052.7126,0.000576093397557642,0.0158176621393317
"10891303","Tgfb3",83.68074,0.000577000486815695,0.0158196817855937
"10850084",NA,63.06499,0.000579275245292931,0.0158196817855937
"10750114",NA,60.43166,0.000579284998862823,0.0158196817855937
"10741861","LOC102552476",72.17889,0.000579785339086929,0.0158196817855937
"10749742","Csnk1d",357.3947,0.000581999317474657,0.0158457857042914
"10842433","LOC100911177",208.3012,0.000583468253499313,0.0158517236469005
"10776665",NA,54.36998,0.000583761247469111,0.0158517236469005
"10803141","Usp14",310.5061,0.000583845233246556,0.0158517236469005
"10744134","Eif4a1",1335.2695,0.000584940135532732,0.015866704846289
"10859567","Golt1b",116.2832,0.000586979881871677,0.0159072637003703
"10868682","Polr1e",58.19374,0.000588776155618328,0.0159263950094758
"10934772","M6pr",202.14125,0.000595462603432267,0.0160774902926712
"10702590",NA,73.80905,0.000596465438119925,0.0160803341056096
"10724319","Hbb-bs",1329.9389,0.000596668794772397,0.0160803341056096
"10876313",NA,1468.8055,0.000599068315593268,0.0161017244231707
"10911944",NA,423.0345,0.000599265681445111,0.0161017244231707
"10731341","Ctps1",241.0694,0.000599272901750711,0.0161017244231707
"10729314","Gda",389.82625,0.00059966715179057,0.0161017244231707
"10759409","Pgam5",191.31255,0.000602912157391934,0.0161739906024316
"10782485",NA,64.41237,0.000606811039882824,0.0162338623801619
"10794967","Sox4",139.10127,0.000607394707915388,0.0162346102443185
"10725043",NA,44.92412,0.00060869185540611,0.0162483049839006
"10922060",NA,36.313705,0.000613620730533899,0.0163078618204834
"10926752",NA,36.313705,0.000613620730533899,0.0163078618204834
"10716624","Raet1e",36.517487,0.00061392399628566,0.0163078618204834
"10815924",NA,174.21725,0.000616218027146797,0.0163078618204834
"10816048",NA,30.32479,0.000616549253835444,0.0163078618204834
"10928811",NA,200.58515,0.000618092273193351,0.0163116058437855
"10749070","H3f3b",403.1749,0.000620056804216861,0.016321570109131
"10853750",NA,362.643,0.000621853847361144,0.016321570109131
"10752764","C11h21orf91",64.03526,0.00062203109912331,0.016321570109131
"10940628","Fosl2",457.8617,0.000624137103727496,0.0163236717531737
"10712853","Clcf1",53.346345,0.000631343743691532,0.016427509351277
"10765364","Ildr2",78.22414,0.000631582921997476,0.016427509351277
"10833979","RT1-CE15",258.12795,0.000631819289824063,0.016427509351277
"10768301",NA,320.1826,0.000632290038584871,0.016427509351277
"10867364",NA,247.345,0.000632498961504827,0.016427509351277
"10728538","Polr2g",180.61495,0.000632605874587067,0.016427509351277
"10753582","Dcbld2",169.2316,0.000635738312093105,0.0164771114680947
"10800200","Riok3",238.8954,0.000636615048133697,0.0164771114680947
"10798471","Taf5l1",72.75765,0.000636845452279216,0.0164771114680947
"10766082","Kif26b",58.608655,0.000639053087545188,0.0164923117487148
"10731941",NA,42.10038,0.000643105396672569,0.0165239059440567
"10830382","Fyn",66.95915,0.000643964030596987,0.0165314281105979
"10887320","Eif5",411.6615,0.000645748062707614,0.0165626724354172
"10871806","Fhl3",92.2184,0.000646658507301271,0.016571475116052
"10868134","Ube2j1",301.76005,0.000650441520032346,0.0166246706616141
"10801596",NA,36.04994,0.000652029703532689,0.0166361535013135
"10732167","Zfp598",82.0410000000001,0.000655463801924912,0.0166762106752752
"10855062","Zyx",272.85135,0.00066058267361967,0.0167584785065515
"10703403","Riok2",141.8662,0.000661973232410949,0.0167681481595664
"10771040",NA,126.6737,0.000662368829196261,0.0167681481595664
"10854139","Flnc",60.12968,0.000668368973066781,0.0168907709162396
"10714264","Carnmt1",81.5165,0.000669428714198104,0.0169029303859839
"10903704",NA,174.40755,0.000670921853210378,0.0169260026076753
"10836015",NA,251.6662,0.000672663833182085,0.0169553073533921
"10731156","Cacul1",98.6831999999999,0.000673975293120921,0.0169584199632297
"10922182",NA,75.8201000000001,0.000674255266124652,0.0169584199632297
"10850988",NA,273.98985,0.000674528787474255,0.0169584199632297
"10700160",NA,177.5082,0.000677891688737112,0.0170020803047876
"10926588","Nfkbie",140.1719,0.000678575691658627,0.0170020803047876
"10902564","Mdm2",112.47805,0.000678593333175268,0.0170020803047876
"10739816",NA,18.600675,0.000687674892407157,0.0171296752452557
"10912003","Tpbg",196.50395,0.000688523295084086,0.0171296752452557
"10823597","Kpna4",151.5587,0.000689473669160448,0.0171296752452557
"10889808",NA,31.20356,0.000691439392569324,0.0171296752452557
"10903216","Rpl30",582.2257,0.00069174216457647,0.0171296752452557
"10809044","Bean1",62.117315,0.000691894871958709,0.0171296752452557
"10742571","Rpl30",535.6817,0.000692568983933125,0.0171318461444727
"10907211","Lima1",278.25875,0.000693984040704598,0.0171511019196016
"10736695",NA,75.55854,0.000695656904711003,0.0171511019196016
"10780735",NA,209.1527,0.000695695754594642,0.0171511019196016
"10906647",NA,33.14341,0.000698391677338258,0.0171631011114934
"10790886","Map1s",32.43274,0.000698732285559433,0.0171631011114934
"10820000",NA,90.70802,0.000699119953538615,0.0171631011114934
"10804856","Txnl1",239.97305,0.000701556529798616,0.0171890498726349
"10882752","Rhoq",74.1906,0.000701976873585611,0.0171890498726349
"10880691","Kdm1a",177.77445,0.00070253048360122,0.0171890498726349
"10903800",NA,44.29927,0.000705615184590856,0.0172076302586501
"10719922","Cyp2s1",319.77985,0.000706213111226989,0.0172076302586501
"10700546",NA,182.47695,0.000706234979123758,0.0172076302586501
"10880880",NA,30.71724,0.000707458112239278,0.0172099439755656
"10827515","Hnrnpa3",911.160999999999,0.000708349021667087,0.0172099439755656
"10773496","Tnip2",32.9302,0.000709053311048613,0.0172099439755656
"10737194","Rpl18",334.70315,0.000710453633002399,0.0172099439755656
"10737201","Rpl18",334.70315,0.000710453633002399,0.0172099439755656
"10737203","Rpl18",334.70315,0.000710453633002399,0.0172099439755656
"10871909","Gnl2",160.09855,0.000711181741386426,0.0172133085276413
"10751237",NA,110.32195,0.000712177603992836,0.0172231428170917
"10827696","Polr1h",176.21665,0.000714626888308656,0.0172680809884608
"10765411","Ostf1",100.118,0.000722220141570335,0.0174083656896335
"10771655","Cxcl10",377.55841,0.000725458782131253,0.0174720139003977
"10781581","Tsc22d1",969.315,0.00072724644941494,0.0175006406698584
"10883583","Hnrnpa3",858.470500000001,0.000729350893162547,0.0175224152901732
"10701917",NA,60.05461,0.000732656136390213,0.0175651666596876
"10881124","Fblim1",240.32732,0.000736065667515725,0.0175993299636173
"10827713","Trim15",35.468844,0.000736166947885956,0.0175993299636173
"10882567","Eml4",22.453065,0.00074085621575266,0.0176969529738334
"10749846",NA,52.5428,0.000744873603140664,0.0177280366949123
"10829828",NA,24.596005,0.000745191656786207,0.0177280366949123
"10924780","Ccl20",187.235172,0.000746072365889449,0.0177345468650076
"10831802","Smim40",38.64598,0.000756708007717013,0.0178876296702722
"10787517","Gdf15",557.90165,0.000763031934422174,0.0179899973106804
"10938483",NA,132.05,0.000765535925388778,0.0179899973106804
"10915778",NA,133.93286,0.000765716743598098,0.0179899973106804
"10877530",NA,61.32747,0.000766206927023623,0.0179899973106804
"10812021","Itgb1",741.6645,0.000766786329062792,0.0179899973106804
"10731168","Eif3a",309.5898,0.00076845352950187,0.0179899973106804
"10781156","Ccdc25",37.33365,0.000768754221145756,0.0179899973106804
"10833818",NA,38.294945,0.000771603286765318,0.0179901184513663
"10787794","Tma16",53.152395,0.000773335057799474,0.0179920639012072
"10861617","Rcn1",239.08005,0.000773637347644086,0.0179920639012072
"10935762","Eef1a1",989.275,0.000775381955624695,0.0179920639012072
"10740952","Prss22",290.56777,0.000777344925969082,0.0180232973549689
"10866283","Ybx3",1026.3853,0.000784015723371342,0.0181491563728767
"10863886","Tcp1",417.7976,0.000787628978754654,0.018175191931547
"10721834","Bax",50.38872,0.000791926019077506,0.0182189162957683
"10700656",NA,62.5407999999999,0.000794377566167215,0.0182569651889597
"10794204",NA,37.90873,0.000807656012467151,0.0184623339187914
"10723609","Eed",98.9305,0.000811485231533229,0.0185239068817112
"10720847","Lsr",262.5375,0.000812900051421199,0.0185239068817112
"10882730","Eif3h",333.2995,0.000813991222502522,0.0185239068817112
"10850775","Trib3",55.04466,0.000814699747367378,0.0185239068817112
"10789301","Csmd1",120.26105,0.0008147881270281,0.0185239068817112
"10876206",NA,117.78576,0.000816794378377543,0.0185550785147135
"10758020","Cct6a",304.5635,0.000818693361803732,0.0185693384097315
"10939909",NA,242.8974,0.000821407048762801,0.0186164356264984
"10832323",NA,134.1601,0.000822891066347648,0.0186211770815493
"10745303","Ksr1",99.1128,0.000825907667414258,0.0186605310099305
"10708306","Whamm",25.30523,0.000830731274833681,0.0187287253655423
"10884961","Arf6",524.6255,0.000830849184423319,0.0187287253655423
"10917034","Tagln",549.2462,0.000832854549556958,0.0187535239528488
"10935672",NA,111.4617,0.000833233178982603,0.0187535239528488
"10758711","Trafd1",75.6419500000001,0.000834435823061652,0.0187557621708737
"10930421","Myl12a",590.6366,0.000834970352850026,0.0187557621708737
"10940452","RT1-M2",491.6689,0.000836808461031901,0.0187557621708737
"10911296","Bnip2",273.54935,0.000837805771995821,0.0187557621708737
"10857456",NA,39.69407,0.000837852912262308,0.0187557621708737
"10763477","Nifk",125.6676,0.000837885447254761,0.0187557621708737
"10908896","Ets1",192.6879,0.000838898140552037,0.0187557621708737
"10762343",NA,59.389195,0.000843375206580662,0.0188338340896238
"10868935","Sec61b",219.68855,0.000846725497323439,0.0188501472961439
"10796386","Hspa14",119.18925,0.000847044247005299,0.0188501472961439
"10901204",NA,136.71159,0.00085262381653656,0.0189370293214533
"10885516","Eif2s1",511.8498,0.000854683921322128,0.0189587973253642
"10802422","Tubb6",358.695,0.000857811975681264,0.018984938679964
"10939084",NA,203.14495,0.000867652660381587,0.0191815545624938
"10703400",NA,285.51925,0.000868592192176413,0.0191815545624938
"10767098","Ralb",34.9444,0.000868665594789459,0.0191815545624938
"10713796","Ahnak",556.18975,0.000875525844499457,0.0192972345392935
"10896040",NA,315.4687,0.000877426904771216,0.0193166161235767
"10791545",NA,51.59092,0.000882642137372771,0.0194021876608037
"10865960","Clec2d2l1",17.79164,0.0008850349301246,0.0194076490226128
"10799291","Klf6",775.13175,0.000885374284503975,0.0194076490226128
"10701430",NA,19.984107,0.000885427520620831,0.0194076490226128
"10714031",NA,58.5807,0.000885954928175134,0.0194076490226128
"10857610","Bhlhe40",315.9794,0.000887174013592017,0.0194076490226128
"10850362","Rrbp1",221.84365,0.000887196694473621,0.0194076490226128
"10903013","Mars1",151.31965,0.000889036603916881,0.0194174971807819
"10799087","Heatr1",198.5422,0.000890299012571091,0.0194174971807819
"10739525","Cdr2l",39.915315,0.000890593235673895,0.0194174971807819
"10764231",NA,75.7851,0.000895034428330808,0.0194174971807819
"10900419","Dot1l",156.47175,0.00089530255023322,0.0194174971807819
"10782597",NA,72.26845,0.000900787929571051,0.0195075007965076
"10874923","Eloc",257.7414,0.000907902107296031,0.0196353092059919
"10904707","Sack1h",249.6932,0.000909596862288009,0.0196464852379169
"10700360",NA,27.519505,0.000910557783138564,0.0196464852379169
"10835942",NA,427.25115,0.000912578230103191,0.0196464852379169
"10899981",NA,49.248825,0.000914304348913034,0.0196464852379169
"10808764","Urb2",63.0015,0.000914661146257172,0.0196464852379169
"10743343","Usp22",278.51865,0.000917198370665191,0.0196464852379169
"10723224","Sec11a",128.8115,0.00091729327940435,0.0196464852379169
"10877251","Mup4l4",35.004425,0.000924193186782616,0.019724440987192
"10822938","Rpl7a",308.73125,0.000931329521657921,0.0198163588096974
"10750580","Crybg3",106.1036,0.000933158463116169,0.0198408233926316
"10741799",NA,81.66883,0.000934731416656021,0.0198598135317738
"10872098",NA,452.0913,0.000941456077525239,0.0199591421254153
"10851263","Samhd1",43.69973,0.000945080533931301,0.0199702519642101
"10719411","Vasp",407.8613,0.000945396847274788,0.0199702519642101
"10798386","C17h6orf62-ps1",140.382,0.000946102211173605,0.0199706864141804
"10900318",NA,23.805575,0.000947657687786071,0.0199890770332002
"10853238",NA,26.83239,0.00095046979172192,0.0200194841350859
"10908319","Icam1",260.72275,0.000959194600580454,0.0201451553280786
"10873325",NA,323.66005,0.00096016470600899,0.0201510429032663
"10741907","Npm1",442.00325,0.000962508765337701,0.0201857365905065
"10812013",NA,22.884975,0.000966263374196779,0.0202262720408999
"10769788","Fcgr2a",237.50005,0.000967210996136687,0.0202262720408999
"10853819","Met",428.0917,0.00097787203144679,0.0204053953762047
"10824844","Cgn",49.04869,0.000982449637167256,0.0204535009178007
"10831804",NA,241.55055,0.000983410551089872,0.0204535009178007
"10729777","Ch25h",97.12825,0.00098518937653184,0.0204535009178007
"10820004","Rpl7a",224.9615,0.000985555883076609,0.0204535009178007
"10824884","Psmb4",423.7222,0.000985778369694781,0.0204535009178007
"10839222","Eif3j",123.05175,0.000987168323865486,0.0204678037000754
"10782704","Flnb",310.07175,0.00098873249625851,0.0204795375251349
"10759585",NA,192.49558,0.00098951644369196,0.0204795375251349
"10833198","Ddx21",451.02135,0.000990519297641564,0.0204795375251349
"10773463","Nop14",132.6494,0.00101066043945618,0.0207341531448546
"10810410",NA,309.9529,0.00101163127333973,0.020739505978489
"10732712","Rpl7a",293.92075,0.00101282642787073,0.0207494468890712
"10756622","Baiap2l1",131.96395,0.00101673063357998,0.0207949101861013
"10866512","Mgp",1283.5616,0.00101789284473625,0.0207949101861013
"10908291","Ppan",149.1226,0.0010221658605873,0.0208530401195513
"10873918","Mad2l2",105.59605,0.00103016007350095,0.0209809961156684
"10725105","Rps13",488.0414,0.00103059250448361,0.0209809961156684
"10799833",NA,39.263555,0.00103558544796479,0.0210466049202779
"10906934","Fkbp11",86.20801,0.0010380055299756,0.0210675243847157
"10851753","Elmo2",180.5907,0.00103844852173583,0.0210675243847157
"10818108","Rhoc",281.72795,0.00104065169197424,0.0210975701105729
"10909597","Mpzl3",63.34965,0.00104535982453022,0.0211636465099279
"10871369","Eif2b3",171.2224,0.00105048075059033,0.0212066643085685
"10843863","Rps13",515.0566,0.0010521357115331,0.0212066643085685
"10766835","Plxna2",145.74805,0.00105257440133828,0.0212066643085685
"10767951","Shisa4",156.896,0.00105339353959802,0.0212066643085685
"10868627","Glipr2",517.41395,0.00105497133185958,0.0212066643085685
"10728830","Ccdc86",146.35295,0.00105502975417525,0.0212066643085685
"10940598","Bysl",159.71755,0.00105759945372181,0.0212066643085685
"10712986","Rin1",51.09515,0.00105764735734868,0.0212066643085685
"10933574",NA,165.767,0.00105946993748137,0.0212145104807141
"10793394",NA,144.5362,0.00107511302079987,0.0214043451100537
"10771669","Sdad1",101.59355,0.00107719337998769,0.0214043451100537
"10701399",NA,15.884615,0.00107794392903685,0.0214043451100537
"10796881",NA,32.29149,0.00107849647436158,0.0214043451100537
"10766080","Kif26b",39.405277,0.0010808602538936,0.0214221515992183
"10866970","Pthlh",28.36836,0.0010843228459488,0.0214651930842636
"10737429","Mmd",97.376,0.00108655361348986,0.0214900274882322
"10722720","Arrdc4",197.95809,0.00108746992114284,0.0214900274882322
"10932126","Rpl9",625.787,0.00109521609734486,0.0216040803969161
"10911315","Myo1e",96.2514500000001,0.00109667474992196,0.0216079247472603
"10867320",NA,229.36835,0.0010968902717939,0.0216079247472603
"10874298","Acot7",206.99875,0.00110204492480527,0.0216785993911814
"10889368",NA,29.630835,0.0011055680758809,0.0217056893607424
"10872561","Zdhhc18",244.46495,0.0011121212588826,0.0218050405751652
"10830133","Tbrg1",243.75845,0.00111624176919236,0.0218418533457371
"10916237","Tbrg1",243.75845,0.00111624176919236,0.0218418533457371
"10792035","Dusp4",50.007601,0.00112370953352903,0.0218934680269615
"10862499",NA,146.4251,0.00112431737987355,0.0218934680269615
"10740959","Kctd5",122.63995,0.00112443903758544,0.0218934680269615
"10833375","Fam184a",34.92958,0.00112473870719339,0.0218934680269615
"10940406","Rpl10",563.6465,0.00112669938462377,0.0218934680269615
"10710087",NA,26.137945,0.00112911765539633,0.0218934680269615
"10898281","Nup50",152.99005,0.00112931238841109,0.0218934680269615
"10890017",NA,104.57795,0.00113006894230867,0.0218934680269615
"10723650","Rpl7a",242.0731,0.00113015786177017,0.0218934680269615
"10739541","H3f3b",981.492499999999,0.00113268457111697,0.0218934680269615
"10888125","H3f3b",981.492499999999,0.00113268457111697,0.0218934680269615
"10871868","Yrdc",67.82266,0.00113406020108299,0.0218934680269615
"10931034","Lrg1",53.95578,0.00113520840777584,0.0218934680269615
"10925808",NA,123.0834,0.0011382794985433,0.0219351565108469
"10903166","Nab2",60.55055,0.00113963928161847,0.0219468833046816
"10767465","Il24",123.264394,0.0011439294121592,0.0219777357607608
"10774440","Cct4",442.2495,0.00114435738923359,0.0219777357607608
"10802579","Mex3c",271.40355,0.00114500286944198,0.0219777357607608
"10788427","Msr1",172.4289,0.0011462364912645,0.0219869683885759
"10821746",NA,52.4692,0.00114780265440188,0.0220025634814281
"10760568",NA,30.087635,0.00114863278065652,0.0220040380682621
"10722706",NA,56.6468,0.00115162798543584,0.0220469593489664
"10867236",NA,180.9672,0.00115796632299114,0.0221183669273203
"10741802",NA,158.44673,0.00115809138607527,0.0221183669273203
"10940528","Fam72a",20.052092,0.0011583864379681,0.0221183669273203
"10922186",NA,62.5457,0.00116035295044502,0.0221414442157419
"10767388","Cd55",237.20345,0.00116746778599959,0.0222346221313287
"10821914","Brix1",273.43625,0.00116751935200446,0.0222346221313287
"10875372","Eif1",551.5187,0.00117124595858533,0.0222794460214945
"10847714",NA,33.03339,0.00117139827100074,0.0222794460214945
"10844005","Fcnb",102.436637,0.00117514348645414,0.0223085602677858
"10905675","Desi1",331.0906,0.00117521990320129,0.0223085602677858
"10936482","Timp1",1579.76303,0.00117871341886934,0.0223170038106217
"10761517","Myl6l2",253.53195,0.00118012714594091,0.0223170038106217
"10937499","Ddx21",496.337,0.00118163510575421,0.0223170038106217
"10926258","Treml2",24.3871,0.00119030229087549,0.0223539552409467
"10749368",NA,37.45804,0.00119175203868795,0.0223539552409467
"10887981","Srsf7",160.7977,0.00119214973182019,0.0223539552409467
"10835964","Nek6",169.8793,0.00119446487614728,0.0223686518536965
"10854091","Hilpda",53.25644,0.00119958223346107,0.0224373363068314
"10852474","Ptk6",433.01217,0.00120005251456367,0.0224373363068314
"10767692","Snrpe",151.4668,0.0012025560853393,0.0224373363068314
"10751352","Krt8",899.9582,0.00120456703187511,0.0224373363068314
"10786228","Arf4",362.611,0.00120501417428005,0.0224373363068314
"10759465",NA,57.567039,0.00120571706303589,0.0224373363068314
"10867699",NA,100.97005,0.00120898926071782,0.0224535360855755
"10821050","Pik3r1",545.753,0.00120999244536734,0.0224578902788828
"10851599","Sdc4",244.515,0.0012136338226358,0.0225003463842361
"10737518","Lrrc59",526.47365,0.00121838478047961,0.0225308342701671
"10768668","Lamc1",170.07515,0.00122235085302335,0.0225725397093705
"10769301","Mettl13",38.25509,0.00122345196507039,0.0225786012050324
"10767071",NA,14.673396,0.00123280414566453,0.0226938502277527
"10809048","Cdh5",158.7522,0.00123575356744881,0.0227094918322281
"10707832","Chsy1",193.57775,0.00123960487980373,0.0227387695441778
"10723601","Hikeshi",76.87735,0.00124395887811288,0.0227387695441778
"10757489","Vgf",17.063716,0.00124464794639875,0.0227387695441778
"10762981","Rpa3",68.89747,0.00124691958683415,0.0227387695441778
"10923595","Casp8",110.2605,0.00124847419031811,0.0227404524714033
"10779607","Psmc6",215.55845,0.00124856869186455,0.0227404524714033
"10915920",NA,31.376,0.00125130260975732,0.0227477003369324
"10717941","Tcp1",260.078,0.00125234107943884,0.0227524205812975
"10901811",NA,141.92957,0.00125383361943881,0.0227599283728692
"10771649","Cxcl11",379.67515,0.00125562035601368,0.0227599283728692
"10788079","Eif3j",391.56,0.00126151679498167,0.0228056631488827
"10742352","RGD1559575",79.48825,0.0012669081181284,0.0228748169116212
"10926068","Ppid",75.5977500000001,0.00126969393883749,0.0228789040673314
"10866030","Olr1",380.61191,0.0012714820979438,0.0228789040673314
"10815536","Eif2a",164.1091,0.00127183337459253,0.0228789040673314
"10940643","Abcc2",1321.4447,0.0012777800896806,0.0229576061131174
"10816409","Nes",42.64646,0.0012810736885584,0.0229682965309727
"10889770",NA,58.18856,0.00128151993378125,0.0229682965309727
"10831090","Clic1",873.0486,0.00128367199777469,0.0229865010418809
"10852392",NA,83.19504,0.00128410932088552,0.0229865010418809
"10782755","Gapdh",654.8095,0.00128893250086763,0.0230311861974355
"10804947",NA,161.2667,0.00129090546270842,0.0230375761683347
"10803921","Ecscr",193.65503,0.00129371345218362,0.023073592669165
"10808041","Aars1",312.735,0.00129486186848194,0.0230773221106066
"10828021","Tnf",17.50482,0.00129787475506918,0.0230914208858654
"10725776",NA,19.56849,0.00130004750773488,0.0231091758459557
"10711894","Ppp2r2d",56.7996000000001,0.00130207887514949,0.0231158457346061
"10742236","Thg1l",39.519555,0.00130428704195368,0.0231210204148269
"10826814","Ostc",188.08325,0.00130830486015629,0.0231641322330945
"10770412","Enah",163.72115,0.00131674466722026,0.0232431291288052
"10746256","Utp18",69.95425,0.00131874614481441,0.0232447236998921
"10770764","Utp25",45.83451,0.00132001768392281,0.0232447236998921
"10806960","Abce1",219.40755,0.00132204426730027,0.0232663862800664
"10716576","H60bl1",35.606673,0.0013257987741255,0.0233184138394356
"10754088","Naa50",470.5349,0.001328687393064,0.0233208985093575
"10714763","Uhrf2",167.73075,0.00132913315595537,0.0233208985093575
"10759277","Pus1",61.404485,0.00133319934823944,0.0233596024748904
"10910722",NA,30.43777,0.00133334038162569,0.0233596024748904
"10732913",NA,94.92948,0.00134021304282794,0.0234093340393673
"10840180",NA,48.06122,0.00134132981449957,0.0234093340393673
"10852967","Pus7",111.54103,0.00134138512979739,0.0234093340393673
"10737838","Arhgap23",53.03572,0.0013434263024468,0.0234309588057796
"10765772","Tagln2",1230.307,0.00134581853395484,0.0234586769993775
"10914409",NA,86.6861500000001,0.00135029792766538,0.0235087030147893
"10881293","Pdpn",321.82814,0.00135169870143974,0.0235137805739458
"10932795","Acsl4",375.18785,0.00135435017744112,0.0235137805739458
"10901552",NA,134.1991,0.00135622373749225,0.0235137805739458
"10804003","Hars1",89.13975,0.00135884628407924,0.0235198325737032
"10732800",NA,63.932008,0.00136317508381014,0.0235643768629759
"10759433","Ube2n",215.30105,0.00136781125876071,0.0236305370274603
"10749533","Aatk",28.634315,0.00136978915618793,0.0236385973228162
"10875768","Rpl9",716.877,0.00137148368499837,0.0236406585805138
"10793891","Hnrnpa0",73.19365,0.00137240731709726,0.0236406585805138
"10700802",NA,144.8985,0.00137244324476455,0.0236406585805138
"10901711","Rpl9",804.704,0.00137889690167935,0.0236959376974474
"10829244","Pwp2",126.87802,0.00138077786285904,0.0237143118668807
"10912837","Dusp7",704.3854,0.00138281665840619,0.0237331441347022
"10844223","Ptges",195.487,0.00138682295224278,0.0237762005439088
"10808702","Tubb3",222.09894,0.00138944808011508,0.0238072353152386
"10782901","Cnih1",105.14785,0.0013955020084939,0.0238460376658222
"10750781","Tfg",212.08345,0.00139638274500319,0.0238460376658222
"10880056","Khdrbs1",231.49655,0.0013972758737563,0.0238460376658222
"10889091",NA,12.78365,0.00140315514153402,0.0238937655340806
"10878286","Jak1",223.038,0.00140349495640728,0.0238937655340806
"10720430","Psmd8",266.2448,0.00140576585983505,0.0239184879611073
"10721962","Emp3",248.9817,0.00140813850304852,0.0239449116577762
"10734873","Tmem107",984.637,0.00141664017144331,0.0240303881025965
"10884158","Ccdc71l",58.95145,0.00141711636435329,0.0240303881025965
"10874019","Srm",557.5267,0.0014172779729162,0.0240303881025965
"10855925","Mmrn1",41.296365,0.00141911267944497,0.0240475393371841
"10718296","Psmb1",252.9889,0.00142457977059541,0.0240750034743831
"10865342",NA,136.96715,0.00142511291383597,0.0240750034743831
"10774472","Xpo1",459.85985,0.00142567796298633,0.0240750034743831
"10716679","Sash1",156.234,0.0014282243413204,0.0240901535261745
"10767173",NA,44.96311,0.0014336244517082,0.0241255211591033
"10864276",NA,395.7125,0.00143535149141729,0.0241347007113765
"10770030","Rpl7a",211.3479,0.00143582220292916,0.0241347007113765
"10836991",NA,25.17361,0.00143748680122673,0.0241487863203206
"10850966","Eef1a1",950.3395,0.00143869700255167,0.0241552265704278
"10703465","Taf5l1",78.70325,0.00144762501818102,0.0242632916128172
"10776207",NA,38.3674,0.00145321267355635,0.0242914089432205
"10707995","Rpl7a",324.24875,0.0014542915808069,0.0242914089432205
"10805285",NA,13.189465,0.00145557091308776,0.0242988849456833
"10751216",NA,128.01705,0.00146324097240098,0.0243705840856625
"10909482","Hyou1",131.92835,0.00146507266598971,0.0243705840856625
"10873786","Rps20",1454.924,0.00147163701332288,0.02441530402683
"10783241","Hnrnpc",251.77225,0.00147173787879947,0.02441530402683
"10761463","Ran",675.3014,0.0014728743652799,0.0244202904127622
"10811420","Taf1c",27.49911,0.00147574281479106,0.0244401080449581
"10769894",NA,334.50305,0.00147912824945883,0.0244641956200776
"10934628",NA,86.70571,0.00147970951121644,0.0244641956200776
"10884738",NA,935.1118,0.0014806300504844,0.024465569171296
"10825111","Uba52l1",176.1473,0.00148540350434988,0.0245190603472005
"10920148","Sema3f",247.33702,0.0014856201087846,0.0245190603472005
"10928524","Klf7",105.976,0.00148722444496609,0.0245190603472005
"10809392","Mt1a",2029.5095,0.00149036273274105,0.0245418316959521
"10783818","Ipo4",127.19092,0.0014917673361639,0.0245418316959521
"10717798",NA,12.574055,0.00149242604661004,0.0245418316959521
"10903709","Ext1",128.51415,0.00149631162223459,0.0245442154587094
"10879876",NA,17.670385,0.00149885487552987,0.0245445986463589
"10884612",NA,32.686265,0.00149885547973931,0.0245445986463589
"10745871","Ints2",68.4306,0.00150444771527688,0.0245839163665061
"10827079","Pdlim5",205.14315,0.00150617806066132,0.0245839163665061
"10791591",NA,508.1484,0.00150694866372409,0.0245839163665061
"10895073",NA,19.4184,0.00151589197011453,0.024677280960654
"10832879",NA,139.0235,0.00151681894138368,0.024677280960654
"10771535",NA,60.7358,0.00151792152240897,0.024677280960654
"10746276","Nme1",134.3307,0.00151793913487695,0.024677280960654
"10889421",NA,56.472195,0.00153985758743965,0.0249554382489488
"10875578",NA,308.52155,0.00154017440825819,0.0249554382489488
"10821820",NA,293.2044,0.00155537591565028,0.0251181603094568
"10907364","Krt81",17.14986,0.00156207892278114,0.0251772123384687
"10700287",NA,37.066015,0.00156247983739453,0.0251772123384687
"10741600","Wdr90",21.17796,0.0015652592510193,0.0252080946853792
"10921309","Rcn1",232.8738,0.00157285434824949,0.0252736741242846
"10901216",NA,207.62415,0.00157352592120181,0.0252736741242846
"10938500",NA,136.42565,0.00157515489808612,0.0252736741242846
"10868982","Msantd3",41.242455,0.0015778875561499,0.0252998941083222
"10822520","Rpl9",600.998500000001,0.00157963749757604,0.0253010153873874
"10759162","Coro1c",484.2199,0.00158324877350119,0.0253242738171857
"10889961","Cfl2",306.7439,0.00158890866410877,0.0253481509904702
"10853453","Cdk14",367.26435,0.0015930446093826,0.0253481509904702
"10925373","Ube2f",112.0515,0.00159536858369497,0.0253713107262192
"10770759","Sertad4",38.876205,0.00159647077820136,0.0253750257423148
"10862216","Trpv5",754.11275,0.00161097019123071,0.0255390062155041
"10719212","Selenow",99.65371,0.00161460321102765,0.0255390062155041
"10728346","Fermt3",42.19777,0.00161922061978693,0.0255579266265701
"10915018","Panx1",18.03371,0.00161975084134198,0.0255579266265701
"10901960",NA,284.7263,0.00162390502395106,0.0256021378141967
"10839174","Hypk",191.18205,0.00162749450966751,0.0256194626928071
"10839771","Slc20a1",433.95995,0.0016276347900955,0.0256194626928071
"10749058","Rps18",940.221000000001,0.00163777135712743,0.0257512661071693
"10870043","Rps18",940.221000000001,0.00163777135712743,0.0257512661071693
"10866850","Kras",72.3171500000001,0.00164281745757436,0.0257889678697352
"10703818","Zfp418",41.80751,0.00164586423302588,0.0258032273690463
"10797726","Tpm3",1135.265,0.0016460846566585,0.0258032273690463
"10702626","Mthfd1l",115.66803,0.00164637556705355,0.0258032273690463
"10927204",NA,166.2291,0.00165134383635593,0.0258403443243367
"10797857","Edn1",47.64224,0.00165254752432925,0.0258403443243367
"10725819",NA,224.34335,0.00165285210431889,0.0258403443243367
"10923277",NA,53.173065,0.00165337280374823,0.0258403443243367
"10847709",NA,50.473295,0.00165645279958927,0.0258640363908076
"10887695",NA,114.75675,0.00165876706111953,0.0258795556908319
"10751196","Qtrt2",47.204515,0.0016663637599745,0.0259259741633941
"10761388","Septin14",16.525095,0.00167574421972255,0.0260141078933877
"10827347",NA,44.49727,0.00167702993608599,0.0260141078933877
"10884205","Polr1f",35.665615,0.00167764014757111,0.0260141078933877
"10796411","Mt1a",2224.845,0.00168132361209441,0.0260297763665745
"10771826","Adamts3",22.34751,0.0016845995989864,0.0260666804474516
"10752531","Sdf2l1",67.336,0.00169115839452801,0.0261266532722059
"10764722","Ncf2",18.019175,0.00169695767024517,0.0261409704058551
"10872867","Ifnlr1",48.63125,0.0016974539898647,0.0261409704058551
"10742568",NA,108.09497,0.00169977792787445,0.0261629675368409
"10714890","Fas",32.471025,0.00170439954137894,0.0261873554277408
"10713583","Wdr74",93.90165,0.00170473657035815,0.0261873554277408
"10872062","Psmb2",545.4645,0.00170894481928555,0.0262257237754636
"10894512","Prdm4",79.9868,0.0017115087994612,0.0262467286443357
"10791815",NA,120.32245,0.0017161914603541,0.0262569911383078
"10882238","Pusl1",160.5368,0.00171855284071682,0.0262720055932503
"10714353","Cemip2",150.7234,0.00172301068258002,0.0263124604116675
"10901436","Eid3",93.2702,0.0017253527711815,0.0263208646774393
"10700209",NA,130.85929,0.00172989413100061,0.0263488671235933
"10841637","Nnat",277.23531,0.00173590414555359,0.0263879523673029
"10715916","Pdcd11",103.44063,0.00173724886450591,0.0263879523673029
"10791033","Homer3",120.76465,0.00173752519223201,0.0263879523673029
"10730190","Pik3ap1",60.28385,0.00173871236563959,0.0263879523673029
"10841565","Dlgap4",41.9816800000001,0.00173878305973362,0.0263879523673029
"10792268","Plpp5",48.90935,0.00173993460952375,0.0263886632863424
"10844198","Ier5l",48.270105,0.0017406364808921,0.0263886632863424
"10820586","F2r",190.87625,0.00174795222804501,0.0264166216787566
"10853149",NA,82.31852,0.00174980022280634,0.0264166216787566
"10918708","Mapk6",248.0401,0.00175000204185039,0.0264166216787566
"10701124",NA,188.2685,0.00175020697942508,0.0264166216787566
"10882543","Eml4",286.2916,0.00175061886664177,0.0264166216787566
"10882697",NA,297.1928,0.00175250759565523,0.0264262512418155
"10721676","Rps11",631.6805,0.00175439926738956,0.0264282139104508
"10887492","Inf2",44.011935,0.00175761689847739,0.0264402781009879
"10778207",NA,490.7095,0.0017603812342929,0.0264682333394919
"10881622","Ubiad1",21.961135,0.00176386496278084,0.0264797281719832
"10823278","Tm4sf1",906.79675,0.00176819115434437,0.0265168345023741
"10805882","Csnk2a2",362.0336,0.00177031217401761,0.0265168345023741
"10842032","Ttpal",34.003225,0.00177087506380954,0.0265168345023741
"10767489","Mapkapk2",183.5701,0.00177331956980779,0.0265398349960886
"10739217","Rpl17-ps16",125.61895,0.00177801227763184,0.0265828304394762
"10885015","Frmd6",182.96915,0.00178172457402139,0.0266110949414422
"10889787",NA,16.40246,0.00179084895238036,0.0266831334784314
"10913627",NA,28.313955,0.00179195993758819,0.0266831334784314
"10803394","B4galt6",369.6504,0.00179416538256751,0.0266831334784314
"10823421",NA,43.52871,0.00179426947318736,0.0266831334784314
"10818581","Dph5",41.79948,0.00179476816886143,0.0266831334784314
"10811706","Ankrd11",118.7058,0.00180068919314009,0.0267356634663298
"10774930",NA,224.72065,0.00180135281967325,0.0267356634663298
"10772726",NA,31.73577,0.00180142546687387,0.0267356634663298
"10702342","Rnf217",36.954,0.00180680437595114,0.0267775725439661
"10716880","Stx11",39.250865,0.0018098637728698,0.0267984593312815
"10893739","Mob3a",132.15315,0.00181580182003339,0.0268716778413988
"10808896","Setsip",265.9704,0.00181749858502215,0.0268716778413988
"10820047",NA,274.3794,0.00181756813221757,0.0268716778413988
"10746246","Rps24",684.2277,0.00182653839572554,0.0269243907717427
"10751255","Arhgap31",61.29575,0.00182693885081839,0.0269243907717427
"10726972",NA,90.899775,0.00182758495585561,0.0269243907717427
"10888395",NA,13.755255,0.00183019782114342,0.0269357174543496
"10719210","Rpl9",768.4845,0.00184186998401169,0.027042272629908
"10834475","Rpl9",768.4845,0.00184186998401169,0.027042272629908
"10879694","C5h1orf122",68.53155,0.00184206621939881,0.027042272629908
"10735827","Tsr1",179.5292,0.00185480056661806,0.0271478942467729
"10917320","Layn",20.41677,0.00185487276861359,0.0271478942467729
"10729999","Noc3l",83.84915,0.00185666342674387,0.0271478942467729
"10907524","Krt8",822.379,0.00185951454296842,0.0271755166874835
"10751448","Ranbp1",1329.694,0.00186188254545836,0.0271810178279638
"10940068","Pum3",288.70835,0.0018626821966038,0.0271810178279638
"10940546","Hmga2",34.453405,0.00187108517316714,0.0272491935438209
"10799457",NA,52.58643,0.00187757174563449,0.0273164247893257
"10902375","Tbc1d15",78.0745000000001,0.00188488625092874,0.027369888632868
"10861815",NA,38.12259,0.0018849940415325,0.027369888632868
"10741770","Hbq1b",32.72802,0.00188632550158136,0.0273721181554255
"10749325","Cygb",560.59105,0.00188702149534562,0.0273721181554255
"10764221","Csrp1",897.17,0.00188981799197134,0.0273990783213155
"10892962","Ptges3",265.6338,0.00189175088619468,0.0274134972169104
"10718749","Nlrp4",16.671964,0.00189377211065387,0.0274155889200407
"10792163","Eif4ebp1",484.0354,0.00190202372667589,0.0274903843207806
"10744441","Pelp1",65.8547,0.00190318190838743,0.0274903843207806
"10723379","Tlnrd1",43.593935,0.00190500072908644,0.0274957615611217
"10843893","Surf4",269.7257,0.00190589844462489,0.0274957615611217
"10844181",NA,124.76835,0.00190885808385885,0.0275112876476825
"10859371","Strap",181.65095,0.00192202838125728,0.0276247175227408
"10715962","Slk",250.1809,0.00193066467342856,0.0276981604170783
"10862649","Nod1",35.769265,0.00193182243081751,0.0276981604170783
"10843207",NA,206.93635,0.00195212008676175,0.0278871570731823
"10708832",NA,35.047395,0.00195796830094518,0.0279570312530853
"10926849",NA,30.929395,0.00196019288281371,0.0279614623430272
"10875023","Prex2",46.40565,0.00196252175790344,0.0279659654317865
"10899824","Rpl41",1015.741,0.00196255244467787,0.0279659654317865
"10817444",NA,252.29105,0.00196433768282419,0.0279659654317865
"10911035","Ppib",372.196,0.00196819560516654,0.027993605846804
"10817751",NA,452.7083,0.00197734074779889,0.0280417634010664
"10732939","Ebf1",43.00784,0.00197864716592116,0.0280466755483847
"10718510","Rps9",261.4719,0.0019826279940833,0.0280758575953221
"10904574","Ly6m",18.885486,0.00198573930320165,0.0281062926374675
"10878938","Plk3",158.65607,0.00199626387610684,0.0282006058397414
"10780798",NA,235.93235,0.0019984124352536,0.0282173131384721
"10759495",NA,43.49521,0.00200108363650889,0.0282243631189527
"10729312",NA,24.568045,0.00200277622871189,0.0282243631189527
"10751469","Parp14",210.8838,0.00200648723330365,0.0282310955037842
"10791594",NA,15.093933,0.00200698225528253,0.0282310955037842
"10865502","Eno2",61.128095,0.00201180607074558,0.0282445928002397
"10905770",NA,21.025405,0.00201300917126652,0.0282445928002397
"10743227","Rasd1",113.76798,0.00201505512264388,0.0282445928002397
"10919214","Syncrip",459.7286,0.00201581351367494,0.0282445928002397
"10906950",NA,21.366375,0.00202144240502893,0.0282796799188831
"10763820","Rab7b",29.357674,0.00202207238511565,0.0282796799188831
"10813246",NA,188.1165,0.00202437597995505,0.0282796799188831
"10934689",NA,365.54895,0.00202505023849881,0.0282796799188831
"10899055","Tuba1c",1257.484,0.00202509380400847,0.0282796799188831
"10735110","Phf23",36.86445,0.00202786384067055,0.028301212726217
"10808063","Exosc6",19.21419,0.00202987616115359,0.0283058721584444
"10805263",NA,13.054408,0.00203389957492577,0.0283151295111515
"10752903","Cct8",236.1398,0.00203517394880282,0.0283151295111515
"10729022",NA,26.544675,0.00204200152444019,0.0283666345863033
"10788010",NA,87.03085,0.00204443576623091,0.0283712731969144
"10839307","C3h15orf48",90.52225,0.0020453685133898,0.0283712731969144
"10825634",NA,86.05313,0.00204622005291636,0.0283712731969144
"10722566","Mphosph10",81.95735,0.00205410287996687,0.028426604232758
"10752576","Pkp2",108.872,0.00205736113017566,0.0284447458859214
"10770566","Rpl7a",219.28975,0.00206524313498003,0.0284723483663179
"10908658",NA,210.20007,0.00206575624613271,0.0284723483663179
"10751445",NA,122.7152,0.00206617986364736,0.0284723483663179
"10828433","Rps18",963.4265,0.00206857528095728,0.0284784911677126
"10938422","Rpl7a",319.2975,0.00207323554286005,0.0285292054399969
"10927122",NA,273.58215,0.00207460840744156,0.0285342275603431
"10845376",NA,201.4184,0.00207617147052323,0.0285342275603431
"10885269","Snapc1",92.63065,0.00207653069738103,0.0285342275603431
"10822940",NA,99.9754,0.00207852349054898,0.0285481830055937
"10734320","Trpv2",24.896395,0.00208718071639896,0.028613278953017
"10831122","RT1-CE3",40.07553,0.00208842173023732,0.0286168632397529
"10703059",NA,221.48477,0.00209045771990016,0.02862193461052
"10897232","Hgh1",56.18802,0.00209644615029922,0.0286797082147385
"10741761",NA,16.068801,0.00210260027798858,0.02871008984464
"10821218",NA,79.4676,0.00210651341992901,0.028743429729008
"10837232","Nup35",130.0782,0.00211301049364344,0.0287688894843004
"10876838","Klf4",82.17837,0.00211311695202666,0.0287688894843004
"10831129","RT1-CE2",29.49087,0.00211527262998143,0.0287688894843004
"10854108","Calu",318.0471,0.00212154479615743,0.0288273533371829
"10884211","Tomm70",152.4066,0.00212458964072318,0.0288553053296545
"10907869","Mmp12",166.41465,0.0021263670387739,0.0288660254046193
"10834800","Olfm1",46.2512,0.00212888630134556,0.0288839413985921
"10781304","Loxl2",175.9284,0.00213575352065897,0.0289063941247818
"10887966","Hnrnpll",140.346,0.00215228184244579,0.0290801357214498
"10869915",NA,175.01457,0.00215265100114863,0.0290801357214498
"10831606","Tap1",80.54236,0.00215308870971096,0.0290801357214498
"10923334","Tmem258",138.1462,0.00215494220263197,0.02908343594883
"10788735","Rps28-ps3",191.29695,0.0021562818356711,0.02908343594883
"10811708","Ankrd11",73.4209,0.00215887087294954,0.0291044087135893
"10748236","Ftsj3",160.41865,0.00216537620020512,0.0291476397670208
"10803666","Gypc",22.891145,0.00216767359881932,0.0291558087089814
"10910641","Tle3",160.95895,0.00217446319823744,0.0291933675888367
"10834033",NA,41.69083,0.00217613114069375,0.0292023404429156
"10815706","Gmps",162.4439,0.00217764516312887,0.0292092404938691
"10835252","Ntmt1",41.76455,0.0021904447822112,0.0293026376083495
"10799502","Npm1",961.85195,0.00219804759416094,0.0293884496182232
"10795513",NA,145.2025,0.00220231400000357,0.0294071438020336
"10756079","Elavl1",198.2863,0.00220246562055348,0.0294071438020336
"10835678",NA,17.860405,0.00220927632971177,0.0294711409571688
"10824965","Mllt11",33.90731,0.00221117260011816,0.0294794812938833
"10939082",NA,42.5106,0.00221191973013597,0.0294794812938833
"10888301","Mcfd2",69.57545,0.00221670357350055,0.0295297666193548
"10786703","Eaf1",94.38265,0.00222212205206886,0.0295630632373198
"10700969",NA,269.6137,0.00222223888783304,0.0295630632373198
"10753024","Urb1",61.60644,0.00223186176549226,0.0296101769378251
"10788766","Fnta",151.6539,0.00223307701937885,0.0296128515860797
"10858185","Hnrnpf",174.0262,0.00223474674507426,0.0296215478269507
"10855546",NA,63.9121,0.00223850339360935,0.0296249612118882
"10920991",NA,93.17235,0.00224162130490296,0.0296249612118882
"10798442",NA,287.3465,0.00224176774533023,0.0296249612118882
"10783880","Tgm1",373.0909,0.00224371183145517,0.0296249612118882
"10906054","Alg12",48.4468,0.00224381737836785,0.0296249612118882
"10936877","Sytl5",60.340765,0.00224413086745768,0.0296249612118882
"10857124","Ruvbl1",49.19128,0.00224651454289144,0.0296430333586407
"10764069","Chi3l1",66.677326,0.00225297624459883,0.0297148749479505
"10778505","Grb10",81.44525,0.00225683323691981,0.0297388931814954
"10836993",NA,97.9136000000001,0.00226820413955609,0.0298483404202665
"10749716","Pycr1",36.6089,0.00227323432226186,0.0298876091316642
"10732607","Rhbdf1",92.4179000000001,0.00227551377559315,0.0299000887464918
"10760041","Pomp",142.85895,0.00229717812397016,0.0300940635487284
"10932230","Entr1",216.90735,0.00229868000942188,0.0300960887919638
"10926160",NA,211.21425,0.00229939310548583,0.0300960887919638
"10877581","Rpl41",569.791,0.00230109654343578,0.0301048967397819
"10714963","Pcgf5",31.61081,0.0023048956502423,0.030133108054635
"10775501",NA,263.15486,0.00230531582467684,0.030133108054635
"10805044",NA,163.7215,0.00230850754551624,0.030161332484218
"10834140",NA,17.32889,0.00231205304763616,0.0301890625846507
"10820008",NA,302.16205,0.0023126967229564,0.0301890625846507
"10802373",NA,112.61165,0.00231500442409732,0.0302056897032511
"10771830","Adamts3",16.742159,0.00232326967423574,0.0302721751812329
"10787579","Upf1",123.5446,0.00232532972716859,0.0302721751812329
"10700736",NA,129.88775,0.00232550566279365,0.0302721751812329
"10817705","Sec22b",142.77,0.00232823047350758,0.0302835819470393
"10737443",NA,20.389195,0.00233239302087984,0.0303242232808115
"10749630","Nploc4",278.6376,0.00233508557212191,0.0303457250462498
"10817938","Nras",369.51295,0.00234263195042058,0.0304032207017267
"10752650","C11h3orf38",100.3313,0.0023485388058088,0.0304391462444284
"10701246",NA,22.94541,0.00234972594929366,0.0304391462444284
"10819523","Gbp2",243.30485,0.00235010044255727,0.0304391462444284
"10746638","Tbkbp1",20.033425,0.00235823916797292,0.0304748165791618
"10799590","Frmd4a",68.8396500000001,0.00236174558276946,0.0304748165791618
"10867604",NA,55.00425,0.00236260495396895,0.0304748165791618
"10716644",NA,138.72065,0.00236483909033202,0.0304748165791618
"10907958",NA,160.57165,0.00237294526890646,0.0305523239690759
"10892152","Wars1",238.2444,0.00237857381172797,0.0305997532571471
"10836767",NA,119.04235,0.00237872388741634,0.0305997532571471
"10864185","Adamts9",134.28785,0.00238636191500919,0.0306575096680205
"10774343",NA,39.777205,0.00238883300281303,0.0306757658655736
"10848017",NA,215.7238,0.00239429342785835,0.0306895447761668
"10784444",NA,125.0097,0.00239506931783565,0.0306895447761668
"10940607","Crlf2",55.73206,0.00239648021166001,0.0306895447761668
"10856020",NA,12.169328,0.00239656313490146,0.0306895447761668
"10928032",NA,125.5129,0.00240073874165404,0.0307071723286695
"10818134",NA,174.1208,0.00240729401463685,0.0307629853832465
"10811875","Taf5l1",82.18465,0.00240826136686126,0.0307629853832465
"10746243","Gapdhl6",24.947915,0.00242200347199811,0.0308784681796258
"10711769","Bccip",68.03408,0.00242470069158833,0.0308784681796258
"10855674","Rpl12",1010.802,0.00243315794608782,0.0309187804423704
"10862675","Rpl12",1010.802,0.00243315794608782,0.0309187804423704
"10936480","Rpl12",1010.802,0.00243315794608782,0.0309187804423704
"10835261","Tor1b",83.3148,0.00243586188703659,0.0309396822469074
"10733045",NA,88.5159,0.00244802647935534,0.0310301704708458
"10733047",NA,88.5159,0.00244802647935534,0.0310301704708458
"10804557",NA,44.454565,0.00245623612572608,0.0310795339847654
"10846286","Nfe2l2",468.83785,0.00245754505145802,0.0310795339847654
"10772718","Rpl9",714.7915,0.00245914140900649,0.0310795339847654
"10746416","Eme1",26.388965,0.00245963861753877,0.0310795339847654
"10746780",NA,30.125565,0.0024677740087818,0.0311688499319289
"10811244","Lsm2",227.64535,0.00247425159235449,0.0311927812064724
"10784416","Ints6",47.4891500000001,0.0024750074223524,0.0311927812064724
"10729507","Pum3",286.3201,0.00248253922448398,0.0312355369455638
"10787782","Psd3",14.90203,0.00248267668883409,0.0312355369455638
"10787212","Myo9b",126.7313,0.00248453834994689,0.0312455029510755
"10803947","Hbegf",273.17729,0.00248929152837677,0.0312783495526877
"10829791","Zfp365",15.459614,0.00249625213685522,0.0313388525681515
"10711703",NA,22.97409,0.00249966494974993,0.0313624935436008
"10918869","Col12a1",439.6493,0.00250048790780187,0.0313624935436008
"10857180",NA,87.1658,0.00250181305700063,0.0313624935436008
"10930534","Rpl5",548.8772,0.00250428479733154,0.0313722881943583
"10898851","Pphln1",76.26525,0.0025076393755162,0.0314008472851823
"10880913","Mrto4",158.58005,0.00251189797375215,0.0314335703945048
"10936434",NA,29.87411,0.00251348053815168,0.0314335703945048
"10746783","Rpl23",399.0779,0.0025153867761187,0.0314391474314536
"10929572","Ncl",888.6721,0.00251763468263908,0.031445138785215
"10787603","Armc6",24.83022,0.00252521999301964,0.0315045108633636
"10879446","Exo5",29.91325,0.00252670188789145,0.0315045108633636
"10911287","Anxa2",2151.569,0.0025284780278483,0.031513206956297
"10779091","Ncl-ps1",409.3633,0.00253437838336588,0.0315644798269244
"10791900",NA,36.341455,0.00254404461456323,0.0316202455975126
"10722311",NA,130.0155,0.00254680762274756,0.0316202455975126
"10774015","Aebp1",152.53825,0.00255107457440901,0.0316597674667735
"10867389","Rgs20",12.530596,0.0025570584902916,0.0317205548770186
"10730472",NA,35.21689,0.00256203891260103,0.0317688475351131
"10770948","Gak",103.29395,0.00257488386606542,0.0318740073149301
"10819500","Gbp7",78.4480900000001,0.00258071869262259,0.0319191853879239
"10821402","Pelo",142.6995,0.00258235985940734,0.0319253925556778
"10888422",NA,42.41048,0.00258449898658786,0.0319253925556778
"10923349","Mob4",91.83095,0.0025867339035933,0.0319394946152048
"10700064",NA,24.857165,0.00258887860438186,0.0319524712921046
"10788655","Mak16",65.68617,0.00259941187535815,0.0320013999265822
"10820627",NA,30.634055,0.00260688299474625,0.0320386210261369
"10720734","Rbm42",50.60785,0.00260702736357349,0.0320386210261369
"10888366",NA,423.9925,0.00260792225645764,0.0320386210261369
"10898444",NA,331.13455,0.00261450608430372,0.0320790343329899
"10896785","Nsmce2",115.43945,0.00262060433943723,0.0321074002802431
"10769797","Fcgr2a",250.2939,0.00262201479613645,0.0321074002802431
"10876520","Exosc3",47.60965,0.00262759093496895,0.0321271946856297
"10780803","Sap18",236.73985,0.00262832872248425,0.0321271946856297
"10924876","Psmd1",346.65395,0.00263500318941686,0.0321750681561591
"10811375",NA,34.892485,0.00263614650470396,0.0321750681561591
"10826137","Eeig2",118.7858,0.00264230512922114,0.0322114319413445
"10844946","Rps17",602.9335,0.00264653532157213,0.0322283796933756
"10724351","Or51a42",14.05271,0.00264812417063699,0.0322289531420608
"10902865",NA,22.7495,0.00264878881680318,0.0322289531420608
"10705880","Nfkbid",20.74535,0.00265144494265475,0.0322478403641614
"10878432",NA,64.10075,0.00265576955181493,0.0322759755604887
"10744460","Cxcl16",764.5717,0.002656388866695,0.0322759755604887
"10815789",NA,60.245875,0.00265707267826984,0.0322759755604887
"10735455","Mybbp1a",464.94795,0.00266370590711668,0.0323206200782959
"10878642","Prpf38a",107.39045,0.00266435700290624,0.0323206200782959
"10802434","Psmg2",60.7343,0.00267762783763642,0.0324043991916779
"10735818","Mnt",15.40905,0.00268114570729565,0.0324201120417778
"10821405",NA,43.21339,0.00268418607746917,0.0324227396388208
"10736790",NA,150.93555,0.00268784297650223,0.0324339713818819
"10804411",NA,14.11687,0.00269481850357612,0.0324699913044949
"10830972",NA,371.95905,0.00269527380411447,0.0324699913044949
"10886714","Ccnk",37.6042,0.00269829622523536,0.0324796151314486
"10796923","Rpl7a",311.7095,0.00270050742342252,0.0324831962877227
"10703131","Pabpc6",74.227315,0.0027008175457958,0.0324831962877227
"10707378","Siglech",18.1394,0.00271083464613373,0.0325737319183506
"10843793","Notch1",103.2432,0.00271239415924297,0.0325737319183506
"10798475","H2bc12",36.916145,0.0027141185180124,0.0325737319183506
"10738038","Psmd3",300.6012,0.00272901063249689,0.0326475498025242
"10764661","Niban1",265.63763,0.00274027127403985,0.032742038854724
"10850087","Adra1d",87.451619,0.00274145239936084,0.032742759768981
"10840750","Sdcbp2",26.407725,0.00274994673276372,0.0328307902946299
"10871487","Tmem258",111.0268,0.00275326778242972,0.0328428105793319
"10742033","Rars1",239.3334,0.00275427207516778,0.0328428105793319
"10768639",NA,139.08611,0.00275869468855978,0.0328428105793319
"10710051","Far1",138.47055,0.00275981971596946,0.0328428105793319
"10701333",NA,160.8984,0.00275994728459847,0.0328428105793319
"10913015","Hyal3",88.26295,0.00276571817322923,0.0328613030249883
"10910770",NA,46.39224,0.00276631102771322,0.0328613030249883
"10702187",NA,615.6215,0.00276825038490095,0.0328613030249883
"10865381","Clec4e",22.413492,0.00277360810713846,0.0329115301551352
"10760677","Get4",141.85045,0.00278399691992077,0.0329983870545809
"10850160","Trmt6",78.20814,0.00278511926785244,0.0329983870545809
"10792049",NA,253.58155,0.00278544610380627,0.0329983870545809
"10932648",NA,244.866,0.00278917944349984,0.0330115205086616
"10839751","Polr1b",65.04791,0.00279162646121513,0.0330115205086616
"10826824","Rpl21",603.337000000001,0.0027919040612481,0.0330115205086616
"10874918","Ly96",186.98415,0.00279301060340772,0.0330115205086616
"10819434","Eif4e",326.6386,0.00280189760630112,0.0330859485329348
"10823548","Lxn",396.9922,0.00280616539038508,0.0331095782369587
"10867461","Lyn",148.62035,0.0028116016977333,0.0331603278149296
"10757674","Pom121",45.57877,0.00282866833357798,0.033307826157657
"10724315","Hbb-b1",1532.0599,0.00283043625973147,0.0333152155083783
"10718954","Lilrb4",59.28966,0.00283881391519802,0.0333600602246963
"10936278",NA,29.50869,0.00284308795747599,0.03338342909554
"10885029","Frmd6",72.6741,0.00284636770447057,0.0334085118997201
"10940457","Acta2",597.14445,0.00285550584990676,0.0334837417589401
"10841037",NA,37.81019,0.00285732806380263,0.0334837417589401
"10850056","Spef1",25.9489,0.00286491916271836,0.0335588405852663
"10816400","Isg20l2",51.117005,0.00286802580653998,0.0335817658966969
"10827279","Rpf1",158.9495,0.00287548331525457,0.0336421183707838
"10922768","Rpl31",156.86065,0.00288416378143413,0.0337031842843267
"10733836","Lypd8",32.308393,0.00289003440403567,0.0337447901996395
"10911538","Rsl24d1",41.69531,0.00289994675571346,0.0338199778528595
"10887118",NA,26.81824,0.00290214503060527,0.0338276117104347
"10729120",NA,35.366265,0.00290371680952599,0.0338276117104347
"10918653",NA,107.4607,0.00290407510679024,0.0338276117104347
"10788627","Nrg1",164.5223,0.00290763221385313,0.0338555470288981
"10771131",NA,54.552,0.00291519703741844,0.0339301060761523
"10734967","Rnf227",12.624005,0.00292609908288357,0.0340108807408915
"10818452","Slc25a24",490.49935,0.00292679380374482,0.0340108807408915
"10829660",NA,119.40008,0.00294071515412758,0.0341183687500727
"10804350","Trim36",16.066145,0.00295085620645593,0.0342224347818196
"10785174",NA,82.95246,0.00295898453880716,0.0342894781105562
"10789594","Col4a1",362.7238,0.00296974908279004,0.0343717241961418
"10809086",NA,112.78605,0.00297078703746578,0.0343717241961418
"10820835","Map1b",153.50095,0.00297078810143281,0.0343717241961418
"10705815","Zfp568",70.78671,0.00297239946067512,0.034376752907428
"10923177","Akap19",63.9252,0.00297664576101605,0.0343825507282732
"10919389","Rasa2",66.96705,0.00299238782776059,0.0344892876167293
"10934530",NA,523.134,0.00299275498419966,0.0344892876167293
"10725159","Rps15a",511.23825,0.00299906482941948,0.0345392460474454
"10938887",NA,74.96215,0.00299945461841477,0.0345392460474454
"10925324","Lrrfip1",262.96985,0.00300497820024074,0.0345892171559626
"10821666","C7",639.0175,0.00300977492076176,0.034617151391785
"10940529","Cebpd",424.28545,0.00301534761112897,0.0346415598369059
"10740711","Or1f21b",69.08525,0.00301593968672668,0.0346415598369059
"10749816","Or1f21b",69.08525,0.00301593968672668,0.0346415598369059
"10914537","Exosc7",35.488965,0.00301664024868517,0.0346415598369059
"10738480","Sap18",262.12635,0.00301892641331326,0.0346541910563983
"10750874",NA,13.115565,0.00302145560038738,0.034658775649149
"10821838",NA,140.92025,0.00302399400452266,0.034658775649149
"10870488",NA,29.236785,0.00302422083075105,0.034658775649149
"10760620","Eif3b",547.96145,0.00302735080061724,0.0346691596586563
"10914366","Rpl14",721.6255,0.00304168289062469,0.0347713304862057
"10786132","Rps24",544.43795,0.00304853859843224,0.0348026598728407
"10889027","Slc35f6",114.9407,0.00305117879082081,0.0348055982799841
"10877933",NA,21.00699,0.00305308280455124,0.0348137240640749
"10924084",NA,34.174905,0.00305705855364016,0.0348236506987085
"10741302","Jpt2",342.1317,0.00305842963142543,0.0348236506987085
"10716609","Raet1e",33.13191,0.00305865553851654,0.0348236506987085
"10791144","Gmip",53.14746,0.00306478931872295,0.0348655588618272
"10862749",NA,21.449665,0.00306881620654511,0.03487322139946
"10897288","Hsf1",70.3823000000001,0.00306904402745299,0.03487322139946
"10729816","Npm1",873.65255,0.00307806001438838,0.0349086876427543
"10920369",NA,22.71333,0.00308263753410615,0.0349447892172062
"10794159","Cltb",238.31885,0.00308460939341217,0.0349447892172062
"10869047",NA,930.2918,0.003084911733798,0.0349447892172062
"10808107",NA,307.4442,0.00309180310779862,0.0349957132860244
"10799983",NA,92.18394,0.00309448437342785,0.0349989417287345
"10863722","Pcbp1",96.6374499999999,0.00310192351398099,0.0350695021429723
"10845296",NA,87.2937,0.00310514082327272,0.0350709565362532
"10793458","Ctsl",1361.966,0.00310565360988865,0.0350709565362532
"10818801","Dnttip2",120.2985,0.00310883372972843,0.0350933031608526
"10757640",NA,28.182535,0.00311173060643797,0.0350953743610133
"10892950","Naca",366.97695,0.00312461506985725,0.0352170156831827
"10930259","Rab31",86.5346500000001,0.00312820640141193,0.0352303091021003
"10759147","Ssh1",49.3206,0.00313133312833091,0.0352383536252154
"10916825","Phldb1",39.53625,0.00313292307639695,0.0352426702941319
"10913023","Ifrd2",323.07165,0.00314575378434113,0.0353461734829776
"10811283","Dynlrb2",12.251632,0.00314789899532433,0.0353566786810477
"10821216",NA,81.0183,0.00315133599252678,0.0353712090732705
"10908655",NA,79.7278,0.00315603290978712,0.0354071987045012
"10701144",NA,52.83541,0.00316095583133042,0.0354488152232195
"10721925","Grwd1",72.4023,0.00316222985873165,0.0354494946634637
"10803991","Cd14",164.61652,0.00316737185527241,0.0354663094595356
"10717157","Samd3",16.410728,0.00317244648019857,0.0354959216669939
"10757082","Zfand2a",1098.8317,0.00317411486509845,0.035500992216304
"10772950","Rpsa",357.6617,0.00320174806728497,0.0356774641493508
"10892872","Dio3",19.231057,0.00320210553158068,0.0356774641493508
"10775782","Shroom3",136.46485,0.00320597499398413,0.0357069590065774
"10774470",NA,460.487,0.00321534370263847,0.0357840194014782
"10833287",NA,76.9356000000001,0.0032205649463099,0.035828478424028
"10803664","Rpl7a",371.6276,0.00322335395541961,0.0358314243299449
"10824530","Il6r",41.586265,0.00322573581117803,0.0358314243299449
"10737411","Trim25",226.2735,0.00323019256956123,0.0358672921806012
"10903346","Pabpc1",1047.3894,0.00323710361629881,0.0359303742578091
"10772621",NA,31.34921,0.00323932343060599,0.035941357653522
"10872096","Rpl7a",328.95155,0.003246261130249,0.0359909953165443
"10818440","Slc25a24",428.12548,0.00324852306076005,0.0359969907290982
"10751586","Umps",78.83895,0.00324926626112932,0.0359969907290982
"10799883",NA,91.80127,0.00325105907656958,0.0360031993415101
"10750211","Ifngr2",158.5492,0.00325881429620445,0.0360617427459534
"10750685","Col8a1",86.173375,0.00326582329861147,0.0361119461944116
"10700258",NA,281.2655,0.00327582115806004,0.0361969389762821
"10911795","Rpl12",855.655,0.00327970484939477,0.0361969389762821
"10719306",NA,61.70858,0.00328231856030463,0.0362121051437838
"10804187","Lars1",176.58425,0.00329036731875968,0.0362577726393898
"10799454",NA,56.62472,0.00329106195613378,0.0362577726393898
"10901962",NA,20.31038,0.00329918292757049,0.0363021958742163
"10922085",NA,49.06134,0.00330315698397726,0.0363191804963039
"10762021","Arpc3",408.32715,0.00330321293142601,0.0363191804963039
"10743357","Rras2",487.5619,0.00331027639026986,0.0363653674210661
"10879464",NA,407.4962,0.00331140564337245,0.0363653674210661
"10887899","Hnrnpf",479.9868,0.00331188598243845,0.0363653674210661
"10899428",NA,172.52905,0.00331416049086665,0.0363653674210661
"10827058",NA,15.30268,0.00331830840242462,0.0363743780506166
"10929867",NA,112.6686,0.00333087077448021,0.0363921266425489
"10744127","Cd68",153.2896,0.00333184298941501,0.0363921266425489
"10710771","Rps15a",563.95755,0.0033335158107572,0.0363921266425489
"10752146","Rps15a",563.95755,0.0033335158107572,0.0363921266425489
"10760208","Rps15a",563.95755,0.0033335158107572,0.0363921266425489
"10854620",NA,144.10655,0.00334018716795633,0.0364088599234594
"10745731","Aatf",112.87367,0.00334097501454431,0.0364088599234594
"10869104",NA,38.20082,0.00334212703874099,0.0364088599234594
"10882383","Htr6",32.94107,0.00334501882777316,0.0364088599234594
"10850131","Pcna",574.87705,0.00334864597815451,0.0364212001510819
"10798841","Rpl27al1",73.272495,0.00335996961910658,0.0364764594769898
"10929766",NA,545.37975,0.00336255989143574,0.0364908018003449
"10831582","Tap2",30.26424,0.00336378891108129,0.0364908018003449
"10854558","Trim24",67.3280000000001,0.00336538886368271,0.0364946066308933
"10889455","Rps7",823.7765,0.00337868134640036,0.0365844317471238
"10767266",NA,59.94,0.00338285422181624,0.0366074914606534
"10769236","Suco",67.4411000000001,0.00338389692439718,0.0366074914606534
"10882006","Kcnab2",15.226971,0.00339239966584692,0.0366514659164393
"10783145","Klhl33",56.59995,0.00339682490093638,0.0366857089301129
"10833969","RT1-CE16",19.33358,0.00340951920404583,0.036805596394818
"10729771","Ankrd22",59.575395,0.00341206877880648,0.036805596394818
"10844944",NA,17.50307,0.00342653098741185,0.0368877578052607
"10781321","Tnfrsf10b",64.21575,0.00342689719598403,0.0368877578052607
"10849863","Snrpb",157.68635,0.00343047709670953,0.0369052527642396
"10762590",NA,313.79475,0.00343104903497209,0.0369052527642396
"10777512","Hmx1",22.454975,0.00343984045216025,0.0369406900173637
"10755013","Il1rap",114.36913,0.0034512684955925,0.0370075988342734
"10893361","Npm1",923.79245,0.00345508731075351,0.0370075988342734
"10719900","Axl",487.83575,0.00345704507066866,0.0370075988342734
"10847963",NA,66.337905,0.00345940148493076,0.0370075988342734
"10736917","Ddx52",285.17355,0.00346128760400321,0.0370075988342734
"10913800",NA,26.1695,0.00346289277982877,0.0370075988342734
"10723697","Rpl21",453.5181,0.00346327865462128,0.0370075988342734
"10819300",NA,72.77568,0.00346393041682339,0.0370075988342734
"10796858","Nsun2",350.83065,0.0034657598731716,0.0370075988342734
"10817573","Rbm8a",213.87845,0.00347174029228827,0.037042885646059
"10924151","Atic",280.9014,0.0034835165678682,0.0371414062093801
"10845607","Rbms1",506.9867,0.00348486141597605,0.0371421894951931
"10749117","Trim47",91.6264,0.00348741031529633,0.037144047135216
"10744756","Emc6",457.584,0.003490349176043,0.0371600075907143
"10881619","Ubiad1",35.9059,0.00349394770014563,0.0371847679825335
"10754136","Rpl9",555.1285,0.00350242440327726,0.0372286853958124
"10753567","Cldnd1",171.53995,0.00350283895720688,0.0372286853958124
"10797631","Nol8",91.4087500000001,0.00350317163528063,0.0372286853958124
"10721723","Dkkl1",30.59804,0.00351688502467195,0.037335475797413
"10788497","Eri1",237.7591,0.00351705447369346,0.037335475797413
"10930988","Ticam1",21.27086,0.0035255678900264,0.0373715313277327
"10705797",NA,133.39285,0.00353795275213224,0.0374611825409815
"10846151",NA,176.1055,0.00353915464548193,0.0374611825409815
"10771465","Hnrnpdl",314.6608,0.0035459745282339,0.0374630373771527
"10725242","Itpripl2",113.84214,0.00354630171452637,0.0374630373771527
"10882227","Tas1r3",14.72625,0.00354718269973596,0.0374630373771527
"10768642","Lamc2",1291.85028,0.00355030625934966,0.0374630373771527
"10749352","Jmjd6",71.6325000000001,0.00356009614192796,0.0375197145347342
"10778659",NA,17.63337,0.00356942927490748,0.0375909541590292
"10815315","Eif4e",296.0455,0.00358071042087456,0.0376961708956502
"10827029","Metap1",116.1293,0.00358763705771219,0.0377057613423974
"10779548",NA,20.997975,0.0035899548358107,0.0377119527412347
"10750996","Plcxd2",18.887235,0.00360271457445044,0.037818793955442
"10908218",NA,37.1096,0.00360527109186597,0.0378221443793118
"10851384",NA,56.70555,0.00360917283676106,0.0378434967574727
"10709518",NA,15.164355,0.00361284016076509,0.0378434967574727
"10762389","Med13l",95.2382000000001,0.00363362259550906,0.0380202902955594
"10813253","C6",54.812865,0.00364276830373452,0.0381007195361466
"10874240","Klhl21",57.829805,0.00364391765537049,0.0381007195361466
"10794866","Serpinb1a",1005.03555,0.00364530424918338,0.0381015807998723
"10840732","Nsfl1c",488.0206,0.00364852838601136,0.0381216410117796
"10706509","Fv1",53.231155,0.00365228673062371,0.0381472665528928
"10835645","Rpl12",906.521499999999,0.00365376654510227,0.0381490835770614
"10774104","Ccm2",90.7700500000001,0.003670884640702,0.03830043710481
"10852270","Lama5",251.9854,0.00367315861945129,0.0383040912525929
"10847761","Cd44",975.83045,0.00367385718113799,0.0383040912525929
"10750547",NA,20.59095,0.00368794051150275,0.0383824346644251
"10877313","Mup4l4",31.928715,0.00369237830932818,0.0384012602095811
"10862666","Gars1",417.157,0.00369644725146022,0.0384025640128588
"10843357","Tubb4b",397.24595,0.00370748508372952,0.0384728001908912
"10760290","Nptx2",42.163454,0.00371268280138906,0.0384876314878743
"10753604",NA,15.28311,0.00371314863231792,0.0384876314878743
"10801174","Pcdhb5",16.08928,0.00371385750545347,0.0384876314878743
"10710513","Polr3e",98.4232999999999,0.00372094621960917,0.038520100233757
"10731193",NA,22.142195,0.00372276239153214,0.038525249913645
"10726979","Ctsd",2134.797,0.00372966537093341,0.038555712719904
"10833591","Rpl7a",448.0004,0.00373374724548083,0.0385732932168205
"10733017","Havcr1",3147.36168,0.00374073058313691,0.0385732932168205
"10840680",NA,62.30363,0.00374386245738523,0.0385732932168205
"10749869","Pkn3",264.8603,0.00374456971188139,0.0385732932168205
"10794511","Nup153",424.32895,0.00374926220838357,0.0385934041228084
"10821695","Rps15a",545.6745,0.00375390327531011,0.0386013834160189
"10905335","Card10",76.7293,0.00376815835123676,0.0387207098392651
"10757786","Eif4h",304.70495,0.00377181022078618,0.0387446075211137
"10772758",NA,65.25428,0.00377978937702702,0.0387893678350134
"10894999","Tmcc3",45.3024,0.00378015096276728,0.0387893678350134
"10889684","Bzw2",379.6762,0.00378779824523298,0.0388269255916619
"10726151","Mcmbp",316.7231,0.00379190507450739,0.0388369344991213
"10936086","Flna",741.11335,0.0037927628577392,0.0388369344991213
"10817827",NA,158.75792,0.00380100796728223,0.0389077248620123
"10886842","Mir341",20.88108,0.00380962484152316,0.0389822697443985
"10767189","Ddx18",129.3138,0.00381245719835749,0.0389911976366848
"10702656",NA,32.583495,0.003817078670861,0.039015781001351
"10858218","Cacna2d4",15.799575,0.00382284279047176,0.0390227477497952
"10869661","Prrc2c",256.62575,0.00382492100487013,0.0390227477497952
"10832865","Eloc",244.34,0.0038271947238198,0.0390227477497952
"10708053","Abhd2",441.43475,0.00383171156120118,0.0390441651722816
"10909480","H2ax",193.58755,0.00383907569208087,0.0390590454210257
"10932623","Nudt11",31.14232,0.00383930540712087,0.0390590454210257
"10937236","Nudt11",31.14232,0.00383930540712087,0.0390590454210257
"10836394","Marchf7",145.4207,0.00383997812343787,0.0390590454210257
"10758679","Mapkapk5",79.2694000000001,0.00384216824353215,0.0390590454210257
"10938048","Taf5l1",63.62685,0.00384253085986266,0.0390590454210257
"10780979","Rpl23a",655.988500000001,0.00384900322110791,0.0390870588748653
"10874691","Rps15a",426.6157,0.00385801758360156,0.0391369178963847
"10790229","Mettl6",38.58545,0.00386319090171619,0.0391369178963847
"10750993",NA,80.32561,0.00386399435018384,0.0391369178963847
"10940497","U2af1",194.0036,0.00386447849786357,0.0391369178963847
"10765173","Sele",21.038855,0.00386492805268261,0.0391369178963847
"10892184","Hsp90aa1",1926.5825,0.00386910102225484,0.0391542914325918
"10940009","LOC102547275",17.60995,0.0038706645326667,0.0391542914325918
"10845363",NA,36.705735,0.00387435320082593,0.0391780389092865
"10752334","Ranbp1",744.81235,0.00387898679568037,0.0391977586471831
"10783933","Adcy4",28.56323,0.00388700989818059,0.0392652514403347
"10923857","Eef1b2",314.07685,0.0038907547293795,0.0392722480419063
"10868193","Akirin2",98.4962500000001,0.00389173540361877,0.0392722480419063
"10790617",NA,18.210015,0.0039030168220088,0.0393188817371237
"10826859","Aimp1",394.8506,0.0039079688324071,0.0393188817371237
"10893774","Klf16",80.47045,0.00391067528464034,0.0393188817371237
"10825657",NA,19.154885,0.00392933762494876,0.0394473090636609
"10867743","Nbn",112.24645,0.00393191430050898,0.0394596167554344
"10807464","Pla2g15",45.58416,0.00393896012131663,0.0394914155382292
"10894549","Ckap4",117.0152,0.00393963150803288,0.0394914155382292
"10883461","Apob",33.901545,0.00394789199747339,0.0395520290857982
"10745583","Nle1",37.35968,0.00396190600872944,0.0396652234883557
"10873790",NA,410.32375,0.00396551743582972,0.0396877788182012
"10721480","Atf5",153.76995,0.0039710737719902,0.0397297771146993
"10804567","Synpo",149.6789,0.00397763530793772,0.0397818000294736
"10776256","Rpl9",806.685499999999,0.0039864178463964,0.039852515134877
"10842409","Ddx27",49.958025,0.00398879832458344,0.039852515134877
"10856965","Snrpg",403.8491,0.00399019674337126,0.0398528573199481
"10860617","Speer4cl3",55.382495,0.00400117092319445,0.0399351579604382
"10737056","Rpl37a",542.368,0.00403339031808887,0.0401060125094106
"10722672",NA,11.808333,0.00404081524148824,0.0401661709645585
"10730098","Aldh18a1",253.5721,0.00404703899764353,0.0402007717796143
"10703983","Hspbp1",106.98985,0.00404979076499889,0.0402007717796143
"10875951",NA,33.38985,0.00404980048426799,0.0402007717796143
"10939584","Elf4",99.00983,0.00405489785876187,0.0402376990644936
"10823044",NA,25.640763,0.00405767790594525,0.0402429388797921
"10762028",NA,38.80883,0.0040683286196057,0.0403161981998511
"10917709",NA,49.5273,0.00407389284094235,0.0403439679509457
"10932565",NA,126.28085,0.00408431421154304,0.040433465054564
"10858315","Il17ra",58.01445,0.00409086609148751,0.0404636976304644
"10801386","Tcerg1",149.4707,0.00410783476494078,0.0405700760050642
"10798130",NA,15.229745,0.00411587285448894,0.0406219964767027
"10729009","Dtx4",94.484,0.00411824315614044,0.0406316634797322
"10791085","Nr2c2ap",129.50615,0.00412096426083511,0.0406447839014305
"10773706",NA,19.850235,0.00413329554250069,0.040714655214226
"10938126","Ptges3l1",33.481385,0.00413501684194594,0.040714655214226
"10810434","Gypa",42.791705,0.00414754747940127,0.0407909061834297
"10730446","Npm3",210.3896,0.00415113863501528,0.0407909061834297
"10732058","Rnps1",347.7152,0.00415396065739333,0.0407971253368007
"10912990","Rassf1",246.8608,0.00415567412141487,0.0407971253368007
"10910220",NA,18.615785,0.00415980869985027,0.0407971253368007
"10727603","Lrfn4",92.242915,0.00416565535013031,0.040829405995446
"10873870","Rpl9",736.1725,0.00416623739550984,0.040829405995446
"10834704","Wdr5",158.9024,0.00418015102254396,0.0409259859441862
"10791989","Prag1",41.800485,0.00418899983567739,0.0409660061920905
"10881645",NA,70.67316,0.00419045243157212,0.0409660061920905
"10782984","Rpl7a",315.52555,0.00419139428041892,0.0409660061920905
"10922771","Cnot11",60.3837,0.00419612703325336,0.0409711414269598
"10741212","Tbl3",141.37305,0.00419880908275575,0.0409823690252264
"10796445","Vim",1369.224,0.00420008259264489,0.0409823690252264
"10851492","Oser1",116.0105,0.00420866766624179,0.0410473767256244
"10837537","Actg1",1628.371,0.00420955503080615,0.0410473767256244
"10700782",NA,273.604,0.00421166332973477,0.0410542317366939
"10753732","Rpl24",185.94135,0.00422873728567118,0.041179443687866
"10823593","Kpna4",51.7424000000001,0.00424074559549836,0.0412576616882987
"10823955","Fgb",242.98001,0.00424312979767269,0.0412645785316944
"10830291","Frk",308.00335,0.00425656980171627,0.0412947684454434
"10928916","Usp37",44.6128,0.00425754236180173,0.0412947684454434
"10824695","S100a9",95.703124,0.00427195380801786,0.0413658795317978
"10826418","Ptbp2",39.4586,0.0042810686384037,0.0414203309826271
"10881211","Efhd2",414.28105,0.00429206239016703,0.0414530553333335
"10823049",NA,301.3705,0.00429331721610678,0.0414530553333335
"10784219",NA,171.90095,0.00429739655722402,0.0414530553333335
"10733380","Nhp2",205.5178,0.00429921949944075,0.0414530553333335
"10919270","Morf4l1",210.4979,0.00429998316732891,0.0414530553333335
"10925839",NA,42.731475,0.00430224083558113,0.0414530553333335
"10877675",NA,18.876515,0.00430403517802695,0.0414566711806394
"10707237","Prmt3",116.0945,0.00430890085630923,0.0414641808021007
"10905192","Myh9",1293.8558,0.00431611733890959,0.0414865722105889
"10755497",NA,168.69385,0.00431861737728208,0.0414865722105889
"10768739",NA,269.60253,0.00432075495374092,0.0414865722105889
"10935323","Utp14a",76.78484,0.00432236645465651,0.0414865722105889
"10716464","Snu13",493.3284,0.00432324167436733,0.0414865722105889
"10905681","Snu13",493.3284,0.00432324167436733,0.0414865722105889
"10876076","Nol6",75.1319,0.00432418061139328,0.0414865722105889
"10926948","Tram2",42.3725000000001,0.00433550959632873,0.0415679610591229
"10796092",NA,72.94898,0.00434677615199119,0.0416486449669631
"10800386",NA,30.41112,0.00435067074806055,0.0416722935192921
"10893366","Psmc4",331.947,0.00437516948771569,0.0417973189712643
"10742031","Fbll1",23.99083,0.00438409541001256,0.0418345420786594
"10782177",NA,21.433855,0.00438608211804345,0.0418345420786594
"10725893","Mvp",271.048,0.00439062791848119,0.0418345420786594
"10736661","Psmd11",218.96385,0.00439098798617774,0.0418345420786594
"10890301","Sos2",59.7479,0.00439400515640763,0.0418345420786594
"10801104","Wdr55",104.749895,0.00439455715462596,0.0418345420786594
"10817068","S100a7a",23.80562,0.00439481788318634,0.0418345420786594
"10823508","Ccnl1",331.15865,0.00440232478907597,0.041892350615005
"10779312",NA,21.56727,0.00440966809438453,0.0419412259503342
"10921343","Rftn1",47.85914,0.00441708486973624,0.0419644609380405
"10894857","Cdk17",154.38015,0.00442629724362533,0.0420109966456369
"10781280",NA,289.8746,0.0044319604735281,0.0420510858310003
"10749612","Actg1",1621.1975,0.00443656867591379,0.0420811419799174
"10785773","Spry2",127.84707,0.0044482566798715,0.0421212110563707
"10752270","Gp1bb",61.61793,0.00445143632153062,0.0421212110563707
"10752289","Gp1bb",61.61793,0.00445143632153062,0.0421212110563707
"10752292","Gp1bb",61.61793,0.00445143632153062,0.0421212110563707
"10908452","C8h19orf38",26.919785,0.0044537396772996,0.0421212110563707
"10838743","Knl1",26.559018,0.0044589056208446,0.0421288708950046
"10770066","Ackr1",27.205225,0.00446348809022494,0.0421585325146562
"10727116","Tnfrsf22",29.719714,0.00446975676682149,0.0421768327473911
"10783868","Tinf2",92.6525,0.00448584213037191,0.0423137253058406
"10719195",NA,103.0912,0.00448716098437373,0.0423137253058406
"10888150","Zfp36l2",216.7516,0.00449813180362539,0.042403492259152
"10751896","Cldn1",639.28585,0.00450116220798939,0.0424053040773634
"10803049",NA,330.99475,0.0045032412265932,0.0424053040773634
"10779357","Psmd6",188.303,0.00450346639140364,0.0424053040773634
"10897723","Apobec3",38.078475,0.00451032995027592,0.0424499932884539
"10784805","Rpl7a",413.67535,0.0045210821851544,0.0425237910357697
"10803943","Pfdn1",83.7085999999999,0.00452492323364428,0.0425462205818101
"10756617",NA,336.61275,0.00453297002021352,0.0426081680085321
"10811452","Cotl1",55.0768,0.00454079825827971,0.0426536879595613
"10834225","Npdc1",231.2201,0.00455210538487423,0.0427123346103667
"10724311","Hbb-b1",2256.3833,0.00455282433000212,0.0427123346103667
"10797169","Rplp1",867.837,0.0045629097909286,0.0427794758126406
"10712845","Ppp1ca",145.021,0.00456766965233536,0.0427876449310889
"10887486",NA,84.455945,0.00457595195691382,0.0428193018799745
"10850015",NA,28.60635,0.0045881207115409,0.0428645214157198
"10790346",NA,72.87309,0.00459269285078757,0.0428798111035181
"10934805",NA,21.047515,0.00459459455970577,0.0428838611716435
"10762665","Pxn",93.0097500000001,0.0045968941106756,0.0428864311032695
"10792997",NA,216.90385,0.00459780592234682,0.0428864311032695
"10819994","Rpl7a",265.28035,0.00460532343153878,0.0429052355168739
"10779997","LOC290071",27.304695,0.00460716717951363,0.0429052355168739
"10780059","LOC290071",27.304695,0.00460716717951363,0.0429052355168739
"10764544",NA,29.615305,0.00461665690839042,0.0429406785798421
"10704652",NA,510.6195,0.00462262786397004,0.0429406785798421
"10754260","Polq",29.746255,0.00462559081950334,0.0429406785798421
"10940483","Ak6",159.07475,0.00463862818822047,0.0429926662089698
"10866314",NA,91.48595,0.00464052583487053,0.0429966133015882
"10940481",NA,481.1393,0.00464408877756521,0.0430159827355073
"10886131","Vash1",34.9765,0.00464797242675548,0.0430383095008668
"10923560","Bzw1",216.9901,0.00465653392745866,0.043064656079523
"10746532",NA,45.92572,0.00465716106741744,0.043064656079523
"10705553","Fbxo27",20.99479,0.00465734280547389,0.043064656079523
"10838512","Aven",39.5886,0.00467005831508129,0.0431255351992857
"10757810","Clip2",104.57402,0.00467066523816002,0.0431255351992857
"10872336","Marcksl1",350.20805,0.00467142800012031,0.0431255351992857
"10802567","Mbd2",349.754000000001,0.00467302558626686,0.0431255351992857
"10762115","Naa25",109.3709,0.004678037741731,0.04313752529301
"10753614","Tomm70",156.3985,0.00469128703187766,0.0432065760874129
"10754401","Mix23",33.772535,0.00471222772756134,0.0433433316198314
"10778295","Ddx56",87.9046,0.00472930792329338,0.0434381005982332
"10872626","Gpr3",17.903496,0.00472952907415707,0.0434381005982332
"10863698","Dusp11",135.8744,0.00475585261115629,0.0435858041994041
"10875256","Tmem68",73.9948999999999,0.0047615557653073,0.0436062978456701
"10823012",NA,105.08007,0.00476535829036397,0.043622886049917
"10830454","LOC366310",162.97155,0.00476635353841771,0.043622886049917
"10779671","Mapk1ip1l",57.4807,0.00479528578978519,0.0438327531485559
"10880497","Fam110d",18.762525,0.00480641541494965,0.0439070106104875
"10764361",NA,48.20497,0.00481296288578436,0.0439256162903168
"10935843",NA,15.730945,0.00481776924566332,0.0439386378521545
"10787071","Entr1",219.74625,0.00483266102200492,0.044022874679405
"10716655",NA,21.03975,0.00483596309071551,0.0440308388358023
"10846114","Rpl15l2",105.36145,0.00483654966194597,0.0440308388358023
"10840975","Hck",46.504295,0.00485353011485359,0.0441716600546208
"10813851",NA,28.6219,0.00485666866520044,0.0441734255743691
"10701830","Hivep2",124.9517,0.00485674823525959,0.0441734255743691
"10734043","Drc3",110.4727,0.00486396965658036,0.0442253375497475
"10809399","Mt2",1977.9725,0.00486548919812603,0.0442253893696496
"10726650","Rpl9",699.188,0.0048693914124628,0.0442470919824847
"10705485","Fbl",340.8548,0.004871364172074,0.0442512540183364
"10889657",NA,76.53723,0.00487630823703318,0.0442823962812208
"10887228",NA,19.089925,0.00488097461082682,0.0443109982227144
"10769908","Slamf7",299.36765,0.00488374197103669,0.0443223479160813
"10733750",NA,417.95595,0.00488777500299243,0.0443242617281904
"10800342",NA,27.17253,0.0048902618839084,0.0443242617281904
"10759492","Gapdh",878.4835,0.00489209607715154,0.0443242617281904
"10780491","Nop9",60.77962,0.00489318077116932,0.0443242617281904
"10781014","Pinx1",161.34535,0.00489582880540623,0.0443242617281904
"10705431",NA,11.587745,0.00489609066190424,0.0443242617281904
"10714411",NA,173.05725,0.00490025533962274,0.0443482216517159
"10764773","Rgs16",159.066882,0.00491450900255654,0.0444006414602559
"10872057","Clspn",30.192051,0.00493430835106219,0.0445322471942943
"10932740","Hnrnpa1",801.5464,0.00495089744211448,0.0446405919363989
"10794016","Pdlim7",185.10877,0.0049676770408416,0.0447228712083656
"10937624","Mid1",75.302,0.00497223703908593,0.0447501333517733
"10921270","Rps26-ps12",25.9492,0.00498237904329306,0.0448174989511021
"10902467","Rpl12",874.7655,0.00498368333016767,0.0448174989511021
"10716552","Raet1e",34.220629,0.00498432443664444,0.0448174989511021
"10730297","Zfyve27",30.26583,0.00499127954300654,0.0448497807134385
"10935700",NA,15.796395,0.00499312491090325,0.0448497807134385
"10710154","Xylt1",35.96322,0.0049988367234037,0.0448578803165055
"10713362","Sf1",121.68365,0.00500126891161117,0.044859401284559
"10704437","Slc8a2",14.242675,0.0050100583929048,0.0449244462524005
"10803676","Rps27a",413.597600000001,0.00501746868073562,0.0449673863231878
"10864441","Rybp",100.4536,0.00502101268307286,0.0449812525370409
"10935215","Mid2",57.21475,0.00503352955366332,0.0450438932072835
"10774422",NA,25.869695,0.0050361456103274,0.0450477519473683
"10899315",NA,93.0739,0.00504645254799513,0.0451061019479815
"10905917","Btf3",265.592,0.00504768779405284,0.0451061019479815
"10865956","Clec2d2",113.6397,0.00504884484733003,0.0451061019479815
"10793456","Srsf3",257.0551,0.00505379027985256,0.0451226861967031
"10915195",NA,31.44042,0.00505888901217526,0.0451476828380618
"10833568",NA,76.5297,0.00505968075620642,0.0451476828380618
"10716934",NA,10.857263,0.00506355054408623,0.0451684169755527
"10813992",NA,337.39049,0.00506631348588693,0.0451792680637059
"10940455","Krt18",1019.7199,0.00507011142680812,0.045199339402738
"10765495",NA,678.3645,0.00507348697205911,0.0452156340456788
"10933899","Rpl5",421.99565,0.00507759206575425,0.0452249732861199
"10830888","Zfp57",57.36234,0.00508464650608548,0.0452598607644062
"10732725","Lcp2",50.74794,0.00509029187188511,0.0452825172793093
"10807685",NA,71.98735,0.00509812754074193,0.0453246189821165
"10865452","Emg1",186.39875,0.00510909865540729,0.0453807260927542
"10715025","Btaf1",79.6363,0.00511223065448343,0.0453851987920337
"10734720","Pik3r5",21.057045,0.00511578034886395,0.0453851987920337
"10704129","Leng9",37.20275,0.00512187648362205,0.0454113807564596
"10840667",NA,226.38767,0.00512759637508714,0.045436537814228
"10749714","Mafg",42.93122,0.00512831147749058,0.045436537814228
"10791533",NA,28.009075,0.00513988565450687,0.0455020059123526
"10820666","Hmgcr",389.33595,0.00514185229920791,0.0455056264977461
"10873850",NA,57.60057,0.00514763608882684,0.0455154481534465
"10883799",NA,30.33789,0.00515124314852637,0.0455335604662781
"10844331","Lcn2",1949.16201,0.00515604603795311,0.0455484514523019
"10899619","Hnrnpa1",731.08685,0.00516508386486554,0.0455575096284247
"10778568","Pno1",157.8873,0.00516799781812508,0.0455575096284247
"10783465","LOC290071",30.064265,0.00516849439025997,0.0455575096284247
"10767482",NA,195.061263,0.00517263491602651,0.0455575096284247
"10700034",NA,162.5378,0.00517899752224654,0.0455995279128723
"10789087","Ikbkb",84.1137,0.00518300632726528,0.0456210746745188
"10911380","Aldh1a2",139.82534,0.00519099124685833,0.0456363581961238
"10930299",NA,48.99993,0.0051941330927791,0.0456365125330673
"10816418","Gpatch4",69.416515,0.00520399313597518,0.0456956583932608
"10861968","Zc3hav1",236.42875,0.005221974429125,0.045783532440731
"10916454",NA,33.670245,0.0052225088762584,0.045783532440731
"10816470","Mef2d",69.2553000000001,0.0052350833560129,0.0458309035548579
"10779811","Apex1",358.26285,0.00524484077180688,0.0458668786814139
"10749797","Wdr45b",104.8439,0.00524695761182908,0.0458668786814139
"10835169","Nup188",61.9899,0.00524707635434578,0.0458668786814139
"10783396","LOC290071",37.656335,0.00526659306269235,0.0459964872147965
"10782056","Rap2a",41.48064,0.00527164133815154,0.0460268171108067
"10816886","Tpm3",1266.0265,0.00527324734037146,0.0460270832989578
"10705937","Wdr62",31.367295,0.00529824323756314,0.0462314450245429
"10724993","Rras2",155.6585,0.005301848073224,0.046235280480945
"10839876","Rps12",879.59685,0.00531669657076254,0.0462956702289886
"10714846","Rps4x-ps1",185.1467,0.00532197984782583,0.0463190451927792
"10791652","Casp3",200.2001,0.0053267089747002,0.0463276201211347
"10940447","Krt7",334.91725,0.00533997314919685,0.0463877417724166
"10799076","Smokxl2",69.39159,0.0053635265714083,0.0465508215261801
"10801698","Srfbp1",26.820815,0.00537580189842278,0.046590424682061
"10770172","Cep170",88.66155,0.00537755442870826,0.046590424682061
"10855449","Gpnmb",236.02299,0.00538622898333995,0.0466248910278158
"10764839","Eef1a1-ps15",483.6175,0.00538853871767684,0.046629375029091
"10911707","Lysmd2",65.65272,0.00540188254177395,0.046689525614019
"10795921",NA,14.5392,0.00541269719762731,0.0467691617661888
"10777711","Rnf4",304.3057,0.00541491748117707,0.0467745119145793
"10805029","Ptpn2",167.31415,0.00542578907754119,0.0468378655011508
"10746654","Kpnb1",495.55335,0.00542783480911176,0.0468378655011508
"10856961","Timcc",82.9144000000001,0.00543194366467569,0.046852318340666
"10897891",NA,22.26673,0.0054336017756681,0.0468527869759055
"10871286","Prdx1",689.422,0.00545223294355303,0.0469995671917847
"10797811","Cd83",51.26473,0.00545635643815797,0.0470167867204291
"10727109","Tnfrsf26",42.63076,0.00545744929721966,0.0470167867204291
"10842121","Dbndd2",132.9249,0.00546404471370165,0.0470406650880131
"10738934","Mettl2",111.3849,0.00546478171252913,0.0470406650880131
"10773862","Ascc2",133.1194,0.0054655475613079,0.0470406650880131
"10747296","Krt17",145.227986,0.00547127526667776,0.0470665004831343
"10850442",NA,63.561195,0.00547782257908259,0.0471039012182107
"10793495","Zfp367",323.20927,0.00547884768739235,0.0471039012182107
"10904930","Bop1",94.564,0.00548584011116195,0.0471085634942638
"10834190","Man1b1",66.5143,0.00549212542333967,0.0471260660058632
"10772665","Pds5a",162.9038,0.00549291271875124,0.0471260660058632
"10841066","Mapre1",105.27865,0.00549389207562867,0.0471260660058632
"10924860",NA,125.10604,0.00549594396118217,0.0471260660058632
"10794680","Eef1e1",203.963,0.00549860020053975,0.0471282988575199
"10803653","Actg1",1736.6615,0.00549978740080287,0.0471282988575199
"10742674","Cdc42se2",79.089,0.00550104398932508,0.0471282988575199
"10777094","Pi4k2b",53.1843999999999,0.00550962918326123,0.0471880114218099
"10936705",NA,153.58325,0.00551481481871413,0.0472185815105259
"10741912",NA,30.878325,0.00551705109471581,0.0472238882745466
"10938407",NA,76.4387,0.00552159753591662,0.0472304376231005
"10702309","Tbpl1",91.3264,0.00552266635587428,0.0472304376231005
"10920632","Pdcd6ip",233.992,0.00552673535736441,0.0472514037840339
"10836945","Cdca7",128.42245,0.005537999322279,0.04730356488665
"10872575","Nudc",456.0804,0.00553897363727818,0.04730356488665
"10816394","Mrpl24",79.0053999999999,0.00553999910099155,0.04730356488665
"10755171","Dnajb11",122.21575,0.00554001210442133,0.04730356488665
"10923940","Ccnyl1",171.4946,0.00554110186099534,0.04730356488665
"10725724","Eif3c",460.085,0.00554255160563439,0.04730356488665
"10744545","Scimp",25.4488,0.00554994852270063,0.0473390353699785
"10798538","Trim27",171.20935,0.00556261181174799,0.047405525515871
"10741606","Wdr90",30.34456,0.00556657154720705,0.0474116096735005
"10940007",NA,164.0657,0.00557301161069875,0.0474343794881729
"10876688","Tex10",79.46765,0.00557411599859306,0.0474343794881729
"10939713","Rap2c",62.13817,0.0055764448473269,0.0474403785002353
"10850257",NA,325.99075,0.00558909081952421,0.0475089076074202
"10862200","Trpv6",79.263334,0.00558981577692853,0.0475089076074202
"10876224","Vcp",282.1209,0.00559192966903558,0.0475089076074202
"10908393","Ilf3",131.8146,0.00559263138433347,0.0475089076074202
"10929286","Rps2",1651.8545,0.00559747615935993,0.0475362408487038
"10802128","Rps23",1063.0365,0.00560172912565326,0.0475585337625209
"10885693","Ttc9",226.83686,0.00560526152789909,0.0475608801266465
"10745134",NA,17.538145,0.00562763374542713,0.0476952980095469
"10746538","Ngfr",30.974725,0.00563011632285141,0.0477006749100252
"10939194",NA,75.56326,0.00563153377711635,0.0477006749100252
"10746093",NA,95.8730499999999,0.00563639091010693,0.0477249472613412
"10883898","Klf11",58.73722,0.00563766663239845,0.0477249472613412
"10899053",NA,91.26475,0.0056422908886065,0.0477364280393137
"10781773",NA,55.797145,0.0056545881592732,0.0477976957936142
"10899826","Pa2g4",583.41385,0.00566262152193122,0.0477976957936142
"10708011","Aen",49.539295,0.00566860387463455,0.0478343713441865
"10834109","Il1rn",113.123045,0.00567299350781502,0.0478379813228382
"10932107","Syn1",34.270427,0.00567691718987053,0.0478379813228382
"10905248","Eif3d",444.50325,0.00567732484733918,0.0478379813228382
"10745387","Git1",309.6811,0.0056782613143415,0.0478379813228382
"10753602",NA,373.5129,0.00568207997062624,0.0478513359071419
"10873649","Rps21",138.38965,0.00568401949112746,0.0478538747590195
"10940592","Zwint",653.6975,0.00569792022480797,0.0479432723063192
"10939513",NA,53.46449,0.00570774042664431,0.0479982523960814
"10717882","Dynlt1",685.0156,0.00571320425001533,0.0480129143636973
"10760754",NA,71.579125,0.00571815580990922,0.0480305358915147
"10734188","Btf3",224.67885,0.00573706590247379,0.0481616791019739
"10830699","Ascc3",65.602,0.00574160466095607,0.0481722053569829
"10751073","C11h3orf52",28.38963,0.00574188347627389,0.0481722053569829
"10940250","Naa10",148.87145,0.00574491557005985,0.0481722053569829
"10920860","Myd88",101.0055,0.00575420888293683,0.0482276278459714
"10705849","Alkbh6",56.040215,0.00576084489443713,0.0482518821686912
"10751459","Dtx3l",81.64715,0.00576102433779677,0.0482518821686912
"10869244","Dnajc25",68.28595,0.00578305172949794,0.048393371968362
"10800410","Dsg2",140.94978,0.00578354864474419,0.048393371968362
"10880233","Ythdf2",76.271,0.0057845435378079,0.048393371968362
"10880838","Fam43b",36.33417,0.00579626063927573,0.0484775145478962
"10877229","Mup4l4",29.432645,0.00579829405947518,0.0484806418584739
"10827512",NA,668.9152,0.00580684870520267,0.0485155050099022
"10758219","Eif2b1",87.9943,0.00581280642374258,0.0485325312555632
"10802700","Rpl17",1169.8935,0.00581868956308844,0.0485677705417331
"10712171","Ifitm1",207.06745,0.00582544276900313,0.0486102499439181
"10872252","A3galt2",327.21255,0.00584237256743259,0.0487236860362477
"10825022","Ecm1",81.6132,0.0058593285179377,0.048823281039085
"10814430","Cp",181.80925,0.0058628367518918,0.0488282797842733
"10768305","Cdc73",48.4115,0.00586327122212743,0.0488282797842733
"10851251","Dsn1",65.878756,0.00586780851124524,0.0488432148716505
"10860765","Cdk6",372.71,0.00587045368572315,0.0488432148716505
"10889260","Lratd1",403.9012,0.0058817976768551,0.0488989292349587
"10886029","Tmed10",232.5082,0.00588735986095535,0.0489208907699744
"10708903","Thap12",94.7195,0.00588778845578251,0.0489208907699744
"10909123",NA,56.483395,0.00589193510929416,0.0489267516241213
"10889232",NA,34.438825,0.00589275816871805,0.0489267516241213
"10753075","Synj1",30.3619,0.00589678396260092,0.0489399564441543
"10807542","Cdh1",505.4076,0.00590950634688808,0.0490316155688691
"10822220","Cct5",773.3815,0.00591447139801153,0.0490380583853635
"10925692",NA,22.714,0.00591588133055899,0.0490380583853635
"10895144","Dusp6",456.1999,0.00592061757431557,0.0490380583853635
"10853375",NA,30.74864,0.00592453005192801,0.0490380583853635
"10892859","Pdia6",114.3516,0.00592477328921253,0.0490380583853635
"10745323","Wsb1",206.7974,0.00592644553640078,0.0490380583853635
"10716085","Rps12",855.72365,0.00592792175029151,0.0490380583853635
"10914670",NA,88.6088,0.00592874725190333,0.0490380583853635
"10703512","Zfp54",42.14352,0.00593323667957603,0.0490510507631602
"10721014","Garre1",84.35185,0.00593367609355131,0.0490510507631602
"10874981","Sulf1",32.41539,0.00594056297896625,0.0490802055620815
"10825686","Capza1",332.39155,0.00594795803400908,0.0491274091053269
"10701242",NA,342.34085,0.00595856638026306,0.0491759554585594
"10890729","Gpx2",2268.11545,0.00595888554539947,0.0491759554585594
"10815500","Eif3i",60.1517,0.0059731047616965,0.0492515615320919
"10729252","Ostf1",147.5029,0.00597553158449819,0.0492528848509944
"10775628","Anxa3",211.14125,0.00598338085630791,0.0492528848509944
"10815955",NA,36.58167,0.00598875719324272,0.0492832542657444
"10883510","Pum2",83.1398500000001,0.00599103825643664,0.0492840178461616
"10746483","Itga3",965.5562,0.00599222398129548,0.0492840178461616
"10855506","Npy",225.89323,0.00601287581913928,0.0494121390099395
"10744338","Elp5",89.50685,0.006020410288182,0.0494462373232918
"10779368","Thoc7",61.14765,0.00602237008464944,0.0494484316056629
"10764358","Zfp281",130.4615,0.00603588149941383,0.0495454459465792
"10846668",NA,32.88724,0.00604255571583763,0.0495780729929848
"10903707",NA,121.06775,0.00605792493785915,0.0496845084600273
"10860584","Dbf4",42.1685,0.00606646405790784,0.0497126734888414
"10940518","Mrps22",88.0098,0.00607658413172473,0.0497537356570084
"10910754","Rpl4",978.747,0.00608111731135398,0.0497659934170988
"10720939","Setl2",79.8547496,0.00608148820767587,0.0497659934170988
"10908220",NA,57.38528,0.00610606741692403,0.0498832923708106
"10925923",NA,42.14034,0.00612249278100693,0.0499895204316201
"10752063","Igf2bp2",90.27134,0.00613089761755993,0.0500375967957501
"10702286","Rps12",718.46265,0.00613180654921563,0.0500375967957501
"10871337","Rps20",1599.1495,0.00613754634886753,0.0500442155386222
"10720777","Gapdhs",19.121655,0.0061382908851902,0.0500442155386222
"10831267","Vars1",269.7888,0.00614425357927503,0.0500552772071782
"10929711","Dnajb3",47.76601,0.00614744605190676,0.0500625502254037
"10746271","Nme2",436.4455,0.00614998485053486,0.0500625502254037
"10779115","Anxa7",225.9175,0.00615138987004677,0.0500625502254037
"10824596","Rps27",41.92564,0.00615336864639784,0.0500625502254037
"10848956",NA,60.05878,0.0061676184177679,0.0501616938910555
"10831236","Ly6g6c",31.25312,0.00617179726981149,0.0501706067982076
"10815026","Fgf2",24.21732,0.00617978655264548,0.0502047509313084
"10858408","A2m",43.392187,0.00618704816192416,0.0502497706428836
"10932619",NA,13.626675,0.00619228353049025,0.0502783132461763
"10867049","Rpn1",278.819,0.00620506929180037,0.0502983918883027
"10799068","Smokxl2",54.238595,0.00621192145547231,0.0503381250739786
"10876337","Tln1",149.5913,0.00621458411015767,0.0503381250739786
"10940450","Larp7",138.16725,0.00622453204382773,0.0504000773637426
"10780908","Sacs",69.192315,0.00622984852440545,0.0504151786127371
"10738716","Arf2",60.3994,0.00623247004513876,0.0504224258927399
"10744904","Dph1",105.91525,0.00623709416081175,0.0504373527673065
"10920056","Mapkapk3",223.674,0.0062377680409488,0.0504373527673065
"10918392","Tpm1",1040.24985,0.00625186076782684,0.0505093640683886
"10816558","Ssr2",638.234500000001,0.00625511177958575,0.0505216575971297
"10873814",NA,49.60241,0.00625895864606416,0.0505387556346375
"10700529",NA,21.98447,0.00626460267601134,0.0505505423310605
"10906024","Cerk",24.74038,0.00626560942632882,0.0505505423310605
"10857427",NA,75.32865,0.00627228337731605,0.0505904159538683
"10773205","Wdr1",621.0295,0.00628520680321685,0.050663880086022
"10840741","Fkbp1a",533.15375,0.00628774038523453,0.050663880086022
"10788341",NA,55.91803,0.00628832851344957,0.050663880086022
"10777232","Cd38",32.399315,0.00630447489614848,0.050765967369372
"10816287","Etv3",35.38122,0.00631716714900406,0.0508333816458885
"10845635","Psmd14",236.5513,0.00632496882182599,0.0508469012550425
"10903259",NA,170.504,0.00632961594249141,0.050870261387605
"10829993","Vsir",58.3450000000001,0.00633694859715053,0.0508955567994309
"10785933","Rps7",825.0295,0.00634273042748,0.0508955567994309
"10781838","Uchl3",444.34235,0.00634408436142414,0.0508955567994309
"10852115","Uchl3",444.34235,0.00634408436142414,0.0508955567994309
"10762740","Oasl",56.17562,0.00634860263869428,0.0508955567994309
"10872572","Sfn",46.05867,0.00635047138281645,0.0508955567994309
"10871957","Csf3r",40.799625,0.00636025607015886,0.0509483193950153
"10897802","Rpl22",587.2581,0.00636328005013518,0.0509585700067569
"10758137","Scarb1",119.3486,0.00636563392732395,0.0509634501378026
"10797669",NA,111.09115,0.00637142547089934,0.0509935261479122
"10741918","Ranbp17",15.189975,0.00638038152727737,0.0510116217673457
"10807514","Rps12",890.2025,0.00638602638201842,0.0510427837822945
"10861976","Zc3hav1",141.01335,0.00639324891850088,0.0510693491013162
"10916408","Rps2",1601.962,0.0064171371576752,0.0511888557881342
"10798477","Pom121l2",9.66232,0.00641895819615834,0.0511888557881342
"10921083","Rpl7-ps3",21.00164,0.00642031742560979,0.0511888557881342
"10726734","Hras",48.27315,0.00642411838979938,0.0511888557881342
"10762495","Wsb2",97.1042,0.00643697117154137,0.0512240399577867
"10839870",NA,16.984703,0.00644080228350878,0.0512240399577867
"10914308","Rpsa",717.212,0.00644170538945808,0.0512240399577867
"10706197","Rps2",1597.627,0.00644798112635146,0.0512575022109474
"10904787",NA,31.794064,0.00645253325420661,0.0512739298955935
"10874330","Rpl22",566.2408,0.00646176400418778,0.0513213052763687
"10855525",NA,169.15015,0.0064630342339892,0.0513213052763687
"10907960",NA,110.88845,0.00647137752345714,0.051359636775408
"10872307","Sync",14.234595,0.00649018732685384,0.05147236293481
"10801683","Prr16",29.153886,0.00650809841306471,0.051577755049487
"10749509","Rbfox3",29.109255,0.0065094537847422,0.051577755049487
"10812748","Taf9",152.6646,0.00651427979177023,0.0515880102566483
"10871750","Pabpc4",670.42565,0.00651638558069061,0.0515907014510286
"10916035","Tirap",54.81965,0.0065221738365839,0.0516085553797297
"10798580","Hnrnpa1",773.72555,0.0065252685567066,0.051619061905125
"10762217","Rpl6",799.97015,0.00653121648124756,0.0516504649370077
"10886192",NA,20.383005,0.00654559797299687,0.0517150816637186
"10907671","Nfe2",12.27326,0.00654625768441266,0.0517150816637186
"10800442","Rnf138",28.50761,0.00655004444383917,0.0517310079433137
"10821822",NA,236.99885,0.00655664844680972,0.0517426280959464
"10716616","Raet1e",34.458488,0.00656014096443135,0.0517426280959464
"10830975","Gnl1",71.8877000000001,0.00656037155019461,0.0517426280959464
"10868855","Anp32b",423.54445,0.00656806427501048,0.0517893197652244
"10729852",NA,118.23805,0.00657021676504193,0.0517923131608028
"10891910","Ifi27l2a",118.06192,0.00658228927099808,0.0518734822667758
"10734975","Tp53",366.8968,0.00658699634836689,0.0518764768417346
"10794222",NA,12.540692,0.00659130169676379,0.0518885173185819
"10876208","Ccl21",109.2169,0.00659772403468041,0.0519110988282127
"10897415","Rpl7a",276.19495,0.00660085842395933,0.0519217765206106
"10914023","Osbpl10",35.81428,0.00662831035089693,0.0521096497823204
"10831492","Notch4",49.4203300000001,0.00663705933357341,0.0521334502816516
"10707121","Gtf2h1",123.41445,0.0066384759035991,0.0521334502816516
"10832163","Wdr4",25.408915,0.00664829827014261,0.0521685161600715
"10913186","Impdh2",369.21515,0.00666154385394768,0.0522163515291729
"10771004","Tmed5",117.23805,0.00667846095892473,0.0523349137483978
"10700457",NA,227.5778,0.00668301693662309,0.0523485590934847
"10924769","Agfg1",178.8629,0.00668702859481926,0.0523599178153444
"10923668","Setl1",467.0106,0.00669471740198605,0.0524060756113667
"10901920","Snrpf",44.88548,0.00670164491960888,0.0524457425047184
"10806709","Zswim4",67.17355,0.00670395991038209,0.0524457425047184
"10727846","Drap1",344.79325,0.00670790954099741,0.0524473486056431
"10932534","Plp2",1291.38605,0.00670986329571576,0.0524473486056431
"10761375","Vkorc1l1",77.2379,0.00671255687124323,0.0524473486056431
"10804476",NA,57.26,0.00672775163595829,0.0525190858882074
"10785897",NA,23.10297,0.00673065617743843,0.0525190858882074
"10822071",NA,11.69041,0.0067307269653402,0.0525190858882074
"10835777","Rps16",655.183,0.00674537147595184,0.0526011017754325
"10781686",NA,20.415655,0.00674663956844477,0.0526011017754325
"10738643","Nmt1",201.2156,0.00675271240415947,0.052606330713364
"10881922","Rps7",914.5155,0.00675572099567951,0.05261573798128
"10928242","Ppil3",108.83715,0.00676216880530551,0.052625587195409
"10762140","Rps20",1519.302,0.0067677368844257,0.052625587195409
"10915988",NA,40.16825,0.00676974533237265,0.052625587195409
"10722546",NA,65.5120000000001,0.00680571194042968,0.0527923265017736
"10812737","Smn1",60.62376,0.00680664606698229,0.0527923265017736
"10780561","Vch",35.778445,0.00680699140083364,0.0527923265017736
"10733102","Flt4",42.17601,0.00680730793223048,0.0527923265017736
"10906608","Slc38a2",299.9789,0.00681741585253096,0.0528481468014533
"10896042","Mtdh",93.7017,0.00681812368366802,0.0528481468014533
"10867008",NA,933.98045,0.00682130061139532,0.0528587469658628
"10744318","Eif5a",701.357,0.0068322946099202,0.0528940007980352
"10723233","Rps17",634.484000000001,0.00683425436940671,0.0528940007980352
"10904668","Eef1d",408.63485,0.00683490288945652,0.0528940007980352
"10744281","Kctd11",32.60077,0.00684230578524185,0.0529372672696121
"10736057","Tlcd3a",275.876125,0.00686097642818088,0.0530536170918148
"10909733","Zpr1",181.82955,0.00688304314649813,0.0531679594081958
"10723669","Pcf11",62.824,0.00689291221265462,0.0532181075025818
"10732190","Rps2",1576.779,0.00689513362013451,0.0532191370088797
"10713467","Ppp1r14b",1014.3312,0.00690384239959656,0.0532595809116435
"10720224","Samd4b",50.9968,0.00691971288670102,0.0533385910999724
"10802026","Camk2a",20.590945,0.006929304723637,0.0533700786175405
"10901263",NA,25.06804,0.00693137997137076,0.0533719911659529
"10847235","Or4c3",12.86238,0.00694362445997174,0.0534521857637983
"10834406","Rpl8",756.613,0.00695787716212016,0.053538292839039
"10802589",NA,12.76914,0.00695847531696553,0.053538292839039
"10883459","Rpl13",844.8432,0.00696768971822885,0.0535950730459025
"10822253","Ca13",21.38835,0.00696966534607455,0.0535961577836856
"10830328","Lama4",99.3612,0.00697313415584634,0.053608721376025
"10830316",NA,11.37789,0.00697735035580469,0.0536270227030987
"10756452",NA,53.5723,0.00698380044935723,0.0536502566464749
"10773461",NA,39.4271,0.0069840462116295,0.0536502566464749
"10901621","Utp20",167.35815,0.00698952799961612,0.0536782520979982
"10871494","Ebna1bp2",235.594,0.00699287356122152,0.0536838054983453
"10769771","Fcgr2b",66.70972,0.00699529506163659,0.0536838054983453
"10914673",NA,87.82939,0.0070008737354239,0.0536981380934571
"10832057","Ppil1",114.8816,0.00700572312822954,0.0537056677207619
"10749983","Cxadr",135.6555,0.00700851824980822,0.0537056677207619
"10704198","Rpl36al2",391.27525,0.00701296565017934,0.0537056677207619
"10778324","Purb",89.4164500000001,0.00701546559284216,0.0537080219678435
"10754140",NA,30.141405,0.00702183947888831,0.0537286586003779
"10822644","Prkci",301.9847,0.00702605478731267,0.0537468354429307
"10711881","Glrx3",245.9385,0.00703381116734578,0.05379208362378
"10798900",NA,140.4006,0.00703992745490705,0.0538106856796584
"10837266","Zc3h15",108.0009,0.0070639886340793,0.0539274331846121
"10914199",NA,563.75845,0.00706852480551075,0.0539274331846121
"10795602","Map3k8",40.97656,0.0070694610518637,0.0539274331846121
"10745345",NA,72.900868,0.00706996881964347,0.0539274331846121
"10734287",NA,33.094635,0.00707572583616443,0.0539431770818653
"10752098","Rpl12",705.711,0.00707862532454164,0.0539512027735871
"10775857",NA,58.93444,0.00708877617695997,0.0540144776300753
"10721865","Ppp1r15a",478.7638,0.00709394494659514,0.0540173125016686
"10905543","Rps19bp1",41.2759,0.00709469528544199,0.0540173125016686
"10708521","Ctsc",510.1325,0.00710642072138223,0.054078399310878
"10853300","Abcb1a",48.88019,0.00710849710425437,0.0540801131259602
"10894523",NA,281.2574,0.00711600890902476,0.0541231669534624
"10765090","Actg1",1736.236,0.0071194559938016,0.0541352908388652
"10852351","Cables2",52.8048,0.00713207554308683,0.0542171363298825
"10815998","Hspa8",1009.3135,0.00713527088057716,0.0542273162084238
"10706219","Rpl27a",755.27705,0.00715521041913954,0.0543364484493742
"10700880",NA,248.5292,0.0071602501217085,0.054355859124533
"10900358","Gadd45b",337.0133,0.00716776453322695,0.054355859124533
"10901923","Metap2",222.9884,0.00716918972674822,0.054355859124533
"10840721","Gins1",61.308939,0.00717182760399849,0.054355859124533
"10729554",NA,145.9205,0.00717779228517521,0.054355859124533
"10926564","Rps2",1470.0215,0.00718276760705213,0.054355859124533
"10920994","Snrpe",146.32965,0.00718552866651422,0.054355859124533
"10828827","Cdkn1a",232.34081,0.00718585003692758,0.054355859124533
"10902016",NA,16.506325,0.00719209809086249,0.0543622130986952
"10719538","Tomm40",100.68785,0.00719722692703014,0.0543869082892546
"10809090",NA,13.097338,0.00721046537917533,0.054447099437782
"10797992","Riok1",46.58954,0.00721221140242674,0.054447099437782
"10795112","Gmnn",100.636225,0.00721276587391829,0.054447099437782
"10721232","Isg20l2",34.386145,0.00721635114894676,0.054447099437782
"10874936","LOC297756",86.10664,0.0072168623430222,0.054447099437782
"10815869",NA,37.899765,0.00722021402158166,0.054447099437782
"10767028","Slc35a4",56.18685,0.00722139954350038,0.054447099437782
"10877278","Mup4l4",14.594715,0.00722196584929846,0.054447099437782
"10775584",NA,29.32546,0.00722451387888446,0.0544522570840379
"10716596","H60bl1",25.242128,0.0072362612535991,0.0545267310453041
"10891901","Ddx24",70.8834,0.00723927695240796,0.0545353885734002
"10835975","Rps20",1531.916,0.00725955778596416,0.0546599796801951
"10921288","Rps20",1531.916,0.00725955778596416,0.0546599796801951
"10799888",NA,51.99475,0.00727082645255058,0.054719132008442
"10858827","Nop2",233.65045,0.00727116007588047,0.054719132008442
"10781214","Pnma2",15.0121,0.00728366033770535,0.0547849776276324
"10933015","C11h3orf38",91.8311,0.00728839945987969,0.0548065126952189
"10797499","Ror2",16.109465,0.00731795349844065,0.0549923695236071
"10717357",NA,13.827585,0.00731876267227303,0.0549923695236071
"10716632",NA,27.397505,0.00732350802941753,0.0550115232397666
"10751687","Senp5",51.7058499999999,0.00732884399428944,0.0550115232397666
"10903400","Ubr5",73.5336000000002,0.00733213037131882,0.0550220541144896
"10762983","Rpl7a",367.7772,0.00733563087512445,0.0550226923085309
"10899378","Tamalin",37.80467,0.00733700862179364,0.0550226923085309
"10737445",NA,585.1402,0.00733786572307923,0.0550226923085309
"10798438",NA,317.19895,0.00734988140932965,0.0550421521384662
"10795196","Hist1h2af",138.87273,0.0073594580849986,0.0550674791752994
"10800493","Zfp35",26.46509,0.0073596337843004,0.0550674791752994
"10815919","Ppm1l",49.68463,0.00736274096736386,0.0550678736867813
"10769131","Cacybp",469.8322,0.00736802261629074,0.055093271746178
"10812001","Rbm34",36.99286,0.00737899952594476,0.0551471200181505
"10799987","Rps19",496.0598,0.00738960485268024,0.055182245856972
"10785019","Slc39a14",45.05982,0.00739474970824403,0.055182245856972
"10846749",NA,83.4184500000001,0.00739508859758466,0.055182245856972
"10854406","Akr1b15",1038.19526,0.00739579431459347,0.055182245856972
"10773722",NA,25.50322,0.00739916972611405,0.055182245856972
"10895391",NA,30.5315,0.00739985168325273,0.055182245856972
"10936853","Mid1ip1",238.4329,0.00740072857194145,0.055182245856972
"10759479",NA,35.464365,0.0074025885367794,0.055182245856972
"10733004","Med7",34.0182,0.00743013351597585,0.0553452117633143
"10803598",NA,11.178715,0.00744408203801885,0.0554208493013972
"10724524","Taf10",240.69105,0.00745355175695545,0.055477213000687
"10853020","Reln",42.01157,0.00746374210012885,0.0555247674339608
"10701227",NA,56.3542,0.00746613709301813,0.0555284442554562
"10842590","Rbm38",51.3532,0.00748035551808286,0.0555917339367267
"10872697","Rpl37al3",119.7506,0.00751014909795956,0.055737197517947
"10717935","Sod2",258.272,0.00751183439562643,0.055737197517947
"10767058","Tsn",140.0928,0.00751337716970434,0.055737197517947
"10824513","Cks1b",280.61255,0.00751373844138546,0.055737197517947
"10910256","Ptpn9",97.33745,0.007518403978549,0.055737197517947
"10701312",NA,397.6455,0.00751848768666797,0.055737197517947
"10883987","Eipr1",16.929385,0.00752319575760823,0.055737197517947
"10799461","Sfmbt2",12.20841,0.00752401697863409,0.055737197517947
"10882159","Vwa1",112.87316,0.00752425701663504,0.055737197517947
"10724391","Trim30d",36.827275,0.00752443045015088,0.055737197517947
"10909722",NA,164.1081,0.00752901938935427,0.055737197517947
"10814723",NA,10.629425,0.00752924373407516,0.055737197517947
"10880163",NA,151.27344,0.0075318063027689,0.055737197517947
"10863772","Rpl22",564.02815,0.00753448466017318,0.0557387781368192
"10814833","Fxr1",102.6202,0.00753751671907978,0.0557470920078979
"10798142","Serpinb6b",18.52545,0.00755402953380118,0.0558268198331565
"10750545","Rps2",1773.737,0.00757379350446895,0.0559587262113191
"10747633","Vat1",543.47095,0.00757985328924455,0.055983840382028
"10769650",NA,9.880778,0.00758102528073194,0.055983840382028
"10834483","Zmynd19",225.90215,0.00758365332924587,0.055989094859891
"10858511","Aicda",14.444345,0.00759785718729056,0.0560373137766994
"10904227","Rps19",525.3065,0.0076032776858284,0.056063138393183
"10851386","Rpl13",607.1979,0.00761500189166675,0.0561071034711608
"10782764",NA,54.32368,0.00762976209045857,0.05617486386832
"10920841","Oxsr1",89.2983999999999,0.00762996713320647,0.05617486386832
"10720965","Uba2",289.8053,0.00764528063980312,0.0562550430700754
"10927036","Ppp1r14bl",58.815475,0.00764663435446256,0.0562550430700754
"10766437","Aida",379.28725,0.00765799896841837,0.0563244667329744
"10878430","Rpl21",544.351500000001,0.00766563381269285,0.0563628665120727
"10895397","Nap1l1",777.99635,0.00766707850752985,0.0563628665120727
"10722241","Csrp3",19.839159,0.0076728498588913,0.0563771520707909
"10708015","Isg20",251.48581,0.00767507739166736,0.0563771520707909
"10830161",NA,49.81407,0.0076774839334471,0.0563771520707909
"10923127",NA,895.43265,0.00767924508966185,0.0563771520707909
"10773449",NA,16.25163,0.00768225726734959,0.0563771520707909
"10766918",NA,109.60873,0.00768310988126458,0.0563771520707909
"10721585","Prmt1",282.5965,0.00768638997391525,0.0563771520707909
"10778543","Prmt1",282.5965,0.00768638997391525,0.0563771520707909
"10778888","Gapdh",812.266000000001,0.00769976652602572,0.056461089179547
"10869666","Snapc3",113.67315,0.00770487148287897,0.0564843451695925
"10877916","Rps6",1233.85,0.00770836182264244,0.0564957557166774
"10869535","Tlr4",104.7678,0.00771293504542905,0.0565044691773938
"10795286","Hist1h2ai",174.471395,0.00771341901415235,0.0565044691773938
"10736033","Crk",114.46505,0.00773239598609978,0.0566150918140148
"10796853","Med10",101.8601,0.00773728893376227,0.0566367223530271
"10769621","Uck2",172.8635,0.00774089468857977,0.0566489222024472
"10853665",NA,253.19125,0.007757106132132,0.056753342986252
"10876420","Rps20",1518.681,0.00776063670349438,0.0567649576003717
"10767985",NA,182.9111,0.00776875053564592,0.0568100821397647
"10705058","Rps19",676.8108,0.00777676377758554,0.0568402244179094
"10932893",NA,58.85695,0.00779562159249459,0.0569452709067119
"10884334",NA,58.547295,0.00779901085502388,0.0569452709067119
"10887506","Siva1",237.75485,0.00780397342777108,0.0569534455040484
"10701088",NA,110.94236,0.00781115335623886,0.0569633135669401
"10734347",NA,19.082255,0.00782391300629415,0.0570089969623183
"10880678","Rpl11",793.8865,0.0078252234483089,0.0570089969623183
"10790352","C16h10orf71",15.10714,0.00783102555115389,0.0570358188810608
"10920659","Crtap",137.10895,0.00783350899854085,0.0570358188810608
"10752955","LOC102550973",10.825715,0.00783476214040177,0.0570358188810608
"10917676",NA,21.453025,0.00784310312942566,0.0570823156011563
"10730057","Pdlim1",431.00825,0.00784752254823961,0.0571002549749121
"10890936","Erh",331.26425,0.00785353656017984,0.0571155631239965
"10801135",NA,681.976500000001,0.00786242732215659,0.0571342637086393
"10799057","Smokxl2",43.18307,0.00786590278176877,0.0571342637086393
"10802949","Naa12",139.4549,0.00786784222974792,0.0571342637086393
"10810875","Nob1",96.231,0.00788211961871293,0.0571952912421956
"10840568","Nxt1",194.09325,0.00788692235484505,0.0572047166080033
"10768412","Prg4",64.372755,0.00789129301206825,0.0572192191746244
"10827830",NA,103.2899,0.00790591596239236,0.0573110245472284
"10826784","Sec24b",90.56585,0.00791862029586646,0.0573746461615681
"10853388",NA,56.65191,0.00792185761004295,0.0573838701264058
"10723805","Omp",16.209395,0.00792915330402043,0.0574023952959315
"10918979","Htr1b",24.281399,0.00793030969447455,0.0574023952959315
"10719289",NA,21.399181,0.00793960544498705,0.0574428277794702
"10880339","Smpdl3b",90.88585,0.00793982811574932,0.0574428277794702
"10788045",NA,56.509135,0.00794858109539779,0.0574700646507357
"10829378","Col18a1",354.49575,0.00795107918653434,0.0574700646507357
"10806311","Gapdh",707.708000000001,0.0079514616731113,0.0574700646507357
"10788508","Rpl21",589.006500000001,0.00796283541608683,0.0575095856231299
"10780226","Rem2",23.81208,0.00797367109244621,0.0575688172604862
"10809852",NA,11.753615,0.00797694845863107,0.0575688172604862
"10826235","S1pr1",51.3009,0.00798028467137686,0.0575786703851824
"10835775","Srm",134.4423,0.00799445467748307,0.0576643111159238
"10812416","Rps23",1162.6145,0.0080075626268815,0.057730166200388
"10793365","Psme2",622.19535,0.00801116224332077,0.057730166200388
"10802741","Smad2",87.82105,0.00802193602552957,0.0577703964689914
"10890243","Rpl36al1",272.9373,0.00802786241028255,0.0577842401509764
"10925004","Eif4e2",412.52725,0.00803963267859547,0.057821103739065
"10795422","Rala",483.2722,0.0080415835271731,0.057821103739065
"10886629","Rpl6",833.24505,0.0080415945947772,0.057821103739065
"10823091",NA,18.188095,0.00804832927839102,0.0578552882723709
"10836613","Ppig",65.33211,0.00805555449991087,0.0578857492216776
"10814098","Dap",777.7069,0.00806027054344269,0.0578857492216776
"10900753","Ptbp1",561.88,0.00806049249790458,0.0578857492216776
"10722734",NA,51.6527,0.00809508097747013,0.0580979449511962
"10719088","Trim28",257.78585,0.00809799520234377,0.0580979449511962
"10725027","Psma1",474.8897,0.00810325400413875,0.0581214000679866
"10781890","Scel",70.093305,0.00811071598871627,0.0581374525649885
"10764491",NA,19.639848,0.00811146219808629,0.0581374525649885
"10810447","Otud4",145.35655,0.00811397777159075,0.0581412182043788
"10772655","Rps23",1119.3925,0.00812815458714851,0.0582285208702689
"10845624",NA,59.59666,0.00814207761397342,0.0583139630827702
"10876754","Rpl29",512.6415,0.00814850714184948,0.0583457077553899
"10804872",NA,40.976425,0.00816480172710291,0.0584194263178017
"10797681","Ippk",46.36503,0.00817508693922455,0.0584585342876722
"10833808",NA,70.285525,0.00817509472492609,0.0584585342876722
"10885962","Fcf1",123.23985,0.00818021788046218,0.0584585342876722
"10802932",NA,66.40128,0.00818027275169453,0.0584585342876722
"10722247","E2f8",40.177125,0.00821232008402647,0.0586445169725616
"10829176","Rrp1b",82.696305,0.00823432075100187,0.0587585360087369
"10774102","Rpl13",599.58635,0.00823995461358638,0.058784379507036
"10916110","Chek1",91.47727,0.00825927102205375,0.0588174805636325
"10794800","Pxdc1",100.78335,0.00826065174096507,0.0588174805636325
"10763604","Gpr39",190.18871,0.00826379685960491,0.0588174805636325
"10809080",NA,30.0337,0.0082673374401818,0.0588174805636325
"10813870",NA,30.0337,0.0082673374401818,0.0588174805636325
"10853265",NA,30.0337,0.0082673374401818,0.0588174805636325
"10933737",NA,30.0337,0.0082673374401818,0.0588174805636325
"10932517","Ccdc120",38.646605,0.00826895972134051,0.0588174805636325
"10840900","Rps2",1530.303,0.00827014481476197,0.0588174805636325
"10764718","Arpc5",202.18205,0.00827035137104954,0.0588174805636325
"10826818","Rpl34",753.182,0.00827278111987286,0.0588174805636325
"10859919","Actr3b",14.26454,0.0082775516629642,0.0588313635111879
"10787841","Msmo1",150.17635,0.00828329547748321,0.058849268988131
"10914676",NA,63.11,0.0082945672215547,0.058900701704059
"10832802","Egr2",41.310985,0.00830452785483421,0.0589298473392757
"10917299","Rpl27a",686.9572,0.00830453358771699,0.0589298473392757
"10872234","Phc2",238.93585,0.0083052448974796,0.0589298473392757
"10899174","Smarcd1",96.15745,0.00831010857829568,0.0589298473392757
"10796405","Suv39h2",21.062425,0.00831290404249189,0.0589298473392757
"10713033","Eif1ad",86.51675,0.00831302705297295,0.0589298473392757
"10921384","Nfya",42.8458,0.0083155675577409,0.0589298473392757
"10703960","Garin5b",14.536175,0.00831682619907694,0.0589298473392757
"10796416","Rpl34",731.144,0.00832185190759331,0.058936868273559
"10917106","Rbm7",172.69105,0.00832474046295804,0.0589430363269162
"10806089","Rps2",1511.26,0.00833343298489151,0.0589902862177418
"10701327",NA,201.1688,0.00833750975449353,0.0590048473759143
"10854733",NA,15.467235,0.00835560764195933,0.0591042909569491
"10914911",NA,40.83836,0.00836358238146231,0.0591463799787073
"10830050","Sar1a",182.81585,0.00837085345297137,0.0591795667451148
"10908102",NA,247.8202,0.00837232660223042,0.0591795667451148
"10878954","Rps8",447.9003,0.00837755558134741,0.0591878860346997
"10755184","Rpl27a",812.2862,0.00838240076890859,0.0591934870831268
"10829470","Col6a2",170.5136,0.00839982842888141,0.059287892660387
"10703947","Ube2s",174.36485,0.0084060139606964,0.0593028958821021
"10840394",NA,121.91785,0.00840858640254303,0.0593067221544887
"10871644","Slfnl1",17.334685,0.00841253333708699,0.0593177717497575
"10889929",NA,37.885,0.00841576617915333,0.0593177717497575
"10747187",NA,9.950712,0.00841723721408056,0.0593177717497575
"10714743","Rpl7a",368.7071,0.00842921719191246,0.0593805524582905
"10850081",NA,132.50545,0.0084356125607358,0.0594096706825492
"10781240",NA,16.5157,0.00843906885496073,0.0594096706825492
"10932134",NA,149.63665,0.00844707451645187,0.0594189360228703
"10719218","Nop53",144.4337,0.00844982043749568,0.0594189360228703
"10886366","Psmc1",186.1109,0.00845704580325725,0.059433277867779
"10722816",NA,114.38235,0.00848438224402574,0.0595823901146558
"10722586","Nsmce3",28.45046,0.00849516908150449,0.0596429443303292
"10914042",NA,18.46288,0.00849890707959216,0.0596429443303292
"10759511",NA,145.40145,0.00850876102031497,0.0596429443303292
"10700299",NA,183.5758,0.00850925409706223,0.0596429443303292
"10880833","Cda",98.384405,0.00850933771372672,0.0596429443303292
"10870791","Orc1",59.794755,0.00851392189301309,0.0596607613774249
"10838762","Rad51",117.787945,0.00852884067510391,0.0597427745272627
"10715721","Nolc1",225.98875,0.00854621577979245,0.0598067597136137
"10704655",NA,66.85135,0.0085601468019642,0.0598310742140943
"10874866","Noc2l",190.29965,0.00856230213195121,0.0598310742140943
"10903367","Ywhaz",579.632500000001,0.00856272556359347,0.0598310742140943
"10779961",NA,38.85082,0.00856753478345572,0.0598355154587319
"10808680","Tcf25",130.87465,0.00857084659648315,0.0598443385443735
"10708099","Ticrr",49.87407,0.00857544114347608,0.0598621117241363
"10704411","Rps19",760.8576,0.00858087115801377,0.059873937052575
"10737125","Ptrh2",115.72295,0.00858123414935071,0.059873937052575
"10808595","Rpl13",638.1712,0.0086044323530471,0.0600056453798103
"10716634","Pcmt1",139.70695,0.00860633595911228,0.0600056453798103
"10818173","Wdr77",162.7418,0.00861006339621707,0.0600056453798103
"10709784",NA,797.1455,0.00861040784383213,0.0600056453798103
"10764316","Rpl31",692.6815,0.00863551561863346,0.0601091144347767
"10725567",NA,20.416975,0.00866031115500065,0.0602529959709905
"10847980","Rcn1",306.78775,0.0086681659570395,0.0602789336512621
"10811824","Acta1",41.713215,0.00867623167018129,0.0603084623788678
"10809497","Polr2m",118.95015,0.00867654095222775,0.0603084623788678
"10871127","Mob3c",12.984235,0.00868033239298164,0.060317719166827
"10894150","Syde1",53.0597500000001,0.00868635186838875,0.0603328555392517
"10918240","Rab11a",388.9431,0.00869765811560608,0.0603653914027943
"10779839","Rnase6",16.70633,0.00871464715575168,0.0604056103331958
"10859121","Clec1b",66.5113,0.0087147735997618,0.0604056103331958
"10770082","Mnda",65.84791,0.00871532989506471,0.0604056103331958
"10833650",NA,31.261065,0.00872724549274635,0.0604429173793212
"10900193",NA,113.47475,0.00872821833411497,0.0604429173793212
"10852144","Pmepa1",158.7111,0.00873105741564782,0.0604429173793212
"10721176","Ccne1",103.895665,0.00873716424077067,0.0604445390665153
"10834817","Ralgds",58.71617,0.00874013121049558,0.0604445390665153
"10852539","Arfrp1",60.22385,0.00874205435934932,0.0604445390665153
"10773481","Slc75a1",115.38753,0.0087434179989374,0.0604445390665153
"10887439",NA,54.38784,0.00875532727390732,0.060494528140506
"10782908","Gmfb",141.844000000001,0.00875580759365562,0.060494528140506
"10789492",NA,20.81579,0.00875714929507085,0.060494528140506
"10890532","Rpl7a",331.17705,0.00876552500970639,0.0605273880705957
"10907491","Krt76",18.394895,0.00876604980237867,0.0605273880705957
"10892937","Rps19",655.8165,0.0087901595375837,0.0606079114304862
"10701138",NA,132.66525,0.00880162208894279,0.0606726256975872
"10738428",NA,18.54756,0.00880451104145471,0.0606782225914267
"10931885","Pkn3",449.32255,0.00880661836935102,0.0606784313778822
"10881341",NA,215.91505,0.00882898878344729,0.0607858463914592
"10835154","Lrrc8a",84.5658500000001,0.00883120792411814,0.0607858463914592
"10821115",NA,13.1837434,0.00883261169068749,0.0607858463914592
"10787129","Cherp",105.72485,0.00883976499436953,0.0608207476555609
"10864274",NA,46.035855,0.00884478732903983,0.0608409741065622
"10864572","Rad18",147.81175,0.00885542477892802,0.0608888991931759
"10918209","Map2k1",141.702,0.00887192164490263,0.060984545631573
"10711364","Tgfb1i1",150.1785,0.00888180697374227,0.0610289805931769
"10745607","Slfn14",15.33023,0.00888304404448136,0.0610289805931769
"10727660","Actn3",37.888055,0.0088867420908939,0.0610289805931769
"10798702","Inhba",94.443493,0.00889883340093631,0.0610689497239731
"10739099","Map3k3",50.8665000000001,0.00890431120397051,0.0610752638483558
"10798436","H2ac1",296.6894,0.00890599639196032,0.0610752638483558
"10772574","Rtraf-ps2",11.887655,0.00890752682599766,0.0610752638483558
"10719549","Nectin2",285.77105,0.00890811594639022,0.0610752638483558
"10701359",NA,33.542215,0.00891871797972357,0.0611064478426369
"10802267",NA,433.64345,0.00892070149172248,0.0611064478426369
"10854948","Prss2",9.078374,0.00892103101420026,0.0611064478426369
"10810553","B3gnt9",46.83682,0.0089270521391916,0.0611249887803123
"10862832",NA,70.61245,0.00892792247297845,0.0611249887803123
"10929243","Farsb",252.31465,0.00893825972999775,0.0611670929379607
"10835837",NA,151.29758,0.00895562234780876,0.0612657075230885
"10872814","Rhd",18.409475,0.008960346856339,0.0612657075230885
"10816791","Shc1",323.7685,0.00896215086359687,0.0612657075230885
"10790581","Gpr15lg",15.045451,0.00896315581411927,0.0612657075230885
"10711396","Ahsp",91.94647,0.00897574397765527,0.061315865017734
"10705872","Actg1",1591.7705,0.00898106346515381,0.061315865017734
"10832278","Krtap10-10l1",26.12935,0.00898308695405975,0.061315865017734
"10756278",NA,147.23448,0.00899140683880113,0.0613527605625063
"10855557",NA,10.887222,0.00899860847444601,0.0613753803178243
"10700514",NA,107.3768,0.00901786269219829,0.061467065023304
"10747665","Etv4",24.544485,0.00902227369134209,0.0614827860085999
"10932793",NA,65.57804,0.00903627334950178,0.0615494729849254
"10783419","LOC290071",29.31152,0.00904350795594277,0.0615700399498746
"10940486","Sh3bp4",60.7902000000001,0.00904813342110622,0.0615808339310607
"10703680","Pira2",25.611605,0.00907330851604792,0.0616866732575806
"10854047","Fscn3",18.077435,0.00907724917078856,0.0616991059272725
"10741774","Hbq1b",32.18015,0.00910575833688338,0.0618640986171421
"10825074","Prpf3",64.6352,0.00911579552820577,0.0618747329370361
"10860327","Sema3c",853.6017,0.00914168183189832,0.0620072191866909
"10768560","Rnf2",137.5015,0.00915489120565791,0.0620770856601534
"10714078",NA,177.72995,0.00915835692459989,0.0620770856601534
"10919032",NA,177.72995,0.00915835692459989,0.0620770856601534
"10774274","Egfr",275.48725,0.00919091907067033,0.0622544655067385
"10770208","Adss2",137.7226,0.00920566705101605,0.0623399066361573
"10847474","Creb3l1",78.3749000000001,0.0092153100324218,0.0623762899182508
"10701357",NA,9.220595,0.00922915848205478,0.0624472339666904
"10889219","Hspa8",1125.6955,0.00923006627877625,0.0624472339666904
"10879530","Ppie",83.634,0.00924373609546561,0.0624962986097969
"10905158","Rbfox2",106.16265,0.00926485059961874,0.0626100729625866
"10840020","Cdc25b",144.03673,0.0092840281244721,0.0627251613386512
"10765186","Sell",84.755815,0.00928860916549432,0.0627416018868789
"10869886","Mtap",210.0813,0.0092954953014634,0.0627456007818749
"10841624","Src",124.53925,0.00929555615845345,0.0627456007818749
"10876281","Atosb",28.2505,0.00932701012769207,0.0628701600993069
"10878880","Nasp",94.83264,0.00933929573399213,0.0629094271553715
"10923237","Myo1b",226.575,0.00935476400997882,0.0629700635455119
"10762915","Pitpnb",187.22685,0.0093615579209422,0.0629867694846627
"10714097","Or5an1",40.209545,0.00936600639571605,0.06300218992504
"10848426",NA,19.007645,0.00938071401891281,0.0630108695290599
"10883705",NA,97.6917,0.00938111070596363,0.0630108695290599
"10778853","Rps27a",527.1426,0.00938950962801547,0.0630108695290599
"10850929","Sms",37.2344000000001,0.00938970517606012,0.0630108695290599
"10922169",NA,107.17935,0.00939005977693497,0.0630108695290599
"10821105","Mast4",53.15735,0.00939089090308456,0.0630108695290599
"10875141","Rrs1",41.626195,0.00939643715648866,0.0630108695290599
"10741356","Percc1",69.96242,0.00939749293277586,0.0630108695290599
"10767044","LOC100910714",149.16041,0.00940410625702555,0.0630407435045306
"10910910","Pin4",55.4615000000001,0.00941370661283008,0.0630694578998004
"10845605",NA,193.26815,0.00941671808616726,0.0630694578998004
"10869174","Rad23b",460.781400000001,0.00942465324607258,0.0630906802730482
"10927285","Uggt1",149.9391,0.00942532341017962,0.0630906802730482
"10848279",NA,135.48515,0.00942667280727923,0.0630906802730482
"10811226","Kars1",319.8522,0.00943036812294458,0.063094819919294
"10713606",NA,24.505785,0.0094316108231518,0.063094819919294
"10900399","Oaz1",91.5012499999998,0.00944387156568178,0.0631479203295554
"10789052","Gins4",109.08883,0.00946472591047985,0.0632439393295422
"10887831","Fez2",85.6067000000001,0.00947744581745703,0.0632855090539862
"10713452","Trmt112",737.642,0.00949182022598957,0.0633670100735967
"10821955",NA,35.96691,0.00949946106037195,0.0634035310527087
"10931808",NA,22.91609,0.00950323917344074,0.0634055687419122
"10804603","Tcof1",67.699965,0.00950627750700265,0.0634055687419122
"10787396","Rpl18a",882.8105,0.00951082220847026,0.0634170969629685
"10704035","Syt5",18.46009,0.00952904554374282,0.0635139257391975
"10779907",NA,49.325985,0.00953529532572864,0.0635348475594892
"10909470","Dpagt1",117.03385,0.00953653407778325,0.0635348475594892
"10827749","Rpp21",162.01374,0.00954666525404531,0.0635617898382085
"10759342","Noc4l",43.16902,0.00954710528548157,0.0635617898382085
"10705020","Lypd3",112.527015,0.00957555506963564,0.0636774062736667
"10932422","Rbm3",768.38585,0.00958896622284069,0.0637388075617902
"10819653","Bcl10",105.2314,0.00959429576268004,0.0637597262081289
"10749648","Mafg",35.20304,0.00960365551225916,0.0637964579364078
"10875978",NA,63.90106,0.00960419052523863,0.0637964579364078
"10882929",NA,30.59367,0.00961806680650172,0.063859591746623
"10752588",NA,39.23269,0.00964264525539604,0.0639293320726961
"10752603","Mcm4",481.29685,0.00965839186135117,0.0640078722381589
"10708560",NA,595.7639,0.00966011873410155,0.0640078722381589
"10840396","Sec23b",104.0397,0.00967020838903004,0.0640601967975337
"10770888","Actg1",1645.512,0.00968290129856728,0.0641152036573763
"10878032","Cks1b",153.35936,0.00968889676419236,0.0641403648468424
"10918718","Tmod3",235.18585,0.00969981643690573,0.0641720132987436
"10723156","Iqgap1",306.36835,0.0097033311313281,0.0641720132987436
"10860783","Golga3",33.0666,0.00970364613163661,0.0641720132987436
"10713074","Cfl1",469.554,0.00970401638958696,0.0641720132987436
"10937356","Rps26",1091.09,0.00971179737789715,0.0641985665210757
"10889726",NA,52.483725,0.00971307126799324,0.0641985665210757
"10741664",NA,140.14545,0.00971882751408592,0.0642220825597164
"10837319","Rpl7a",332.31625,0.00972272533614573,0.0642333102600998
"10843140",NA,25.2427,0.00972623528815656,0.0642354617059986
"10783353","Rps19",602.0086,0.00973166950058651,0.0642354617059986
"10938579","Rpl27",420.9185,0.00973328665845485,0.0642354617059986
"10935204","Prps1",142.86725,0.00973404494326199,0.0642354617059986
"10922843",NA,43.30645,0.00974784252223708,0.0643119854211007
"10726726","Rnh1",361.6845,0.00975626738195474,0.0643252132524386
"10822417",NA,33.550275,0.00976890010544743,0.0643637004241184
"10791661","Cenpu",74.91098,0.00978737773416549,0.0644563690545335
"10755992","Cdc45",107.687245,0.00979484912983608,0.0644910350414765
"10909044","Robo4",38.1411,0.00979958442502776,0.0645028176949596
"10749361","Srsf2",412.095,0.00981120666529406,0.064540552019793
"10711708",NA,16.60113,0.00981350338583716,0.0645411274006859
"10897535","Nol12",56.799255,0.00981904172241521,0.0645612166872099
"10822043","Cdh6",151.98755,0.00982284861089752,0.0645612166872099
"10818708","F3",523.9678,0.00983495417718098,0.0646094785995424
"10894660","Nt5dc3",112.21515,0.00985212202985305,0.0646640963783705
"10744907","Dph1",200.4843,0.00985690790461936,0.0646738886594724
"10841974","Mybl2",155.05996,0.00985804156228625,0.0646738886594724
"10890234",NA,39.064575,0.00986214291633251,0.064686269231643
"10773610",NA,45.44211,0.00987047715499114,0.0647010283647426
"10724483","Hpx",10.021905,0.009877348882025,0.0647010283647426
"10788566","Rpl21",571.673500000001,0.00987784363476948,0.0647010283647426
"10855549","Snx10",97.829145,0.00987989619823087,0.0647010283647426
"10863079","Rpia",85.03185,0.00988957102621352,0.0647270414658231
"10833031","Sgpl1",181.8009,0.00989373834291397,0.0647336331354734
"10924667",NA,62.1437,0.00989913300686707,0.0647499338277314
"10761805","Denr",50.82726,0.00990287890539822,0.0647499338277314
"10778236","Pold2",249.9756,0.00991375676970624,0.0647919643924408
"10839413","Rpl7a",341.17475,0.00991403438330845,0.0647919643924408
"10832228","Cstb",137.505,0.00992816251912119,0.0648281939726434
"10701017",NA,34.88805,0.00993875137193874,0.0648538491355413
"10745595","Slfn9",222.4084,0.00994146074444083,0.0648545176308942
"10902584","Nup107",95.078485,0.00994329377931044,0.0648545176308942
"10857762","Arpc4",400.5929,0.0099498085542666,0.0648825239072198
"10756253",NA,755.3054,0.00995875593904918,0.0648861222462146
"10756255",NA,755.3054,0.00995875593904918,0.0648861222462146
"10752414","Med15",118.1117,0.00996011448622935,0.0648861222462146
"10795231","Hist1h2bg",628.19885,0.00996079081835147,0.0648861222462146
"10740141","Hgs",70.6848,0.00996146567653428,0.0648861222462146
"10716060","Rpl8",741.541000000001,0.0099723612831853,0.0649281396315969
"10826604",NA,56.20017,0.00997479064031767,0.0649294861332978
"10799985","Rps8",448.7693,0.00999164886992369,0.064956733573779
"10738562","Rundc3a",61.414035,0.00999231740537286,0.064956733573779
"10940126",NA,17.70001,0.00999683616100553,0.0649716510806708
"10888127","Cox7a2l",160.55225,0.00999966248593636,0.0649755649164023
"10784360","Kpna3",206.62985,0.0100312911632474,0.0651520987201221
"10886491","Lyset",85.52655,0.0100376841998285,0.065179130076415
"10738118","Cdc6",133.295605,0.0100407717753581,0.065180272232009
"10884994",NA,9.33312500000001,0.0100431633614336,0.065180272232009
"10700927",NA,80.7169,0.0100516066035415,0.06519287575531
"10851554","Wfdc12",13.418045,0.0100663892362339,0.0652494996998751
"10729409","Tjp2",95.1395,0.0100765467014257,0.065286368448758
"10899749","Il23a",16.025,0.0100867666506889,0.0653380933333091
"10796074","Net1",427.7491,0.0100958249151646,0.0653617699412364
"10869659","Prrc2c",315.48415,0.0101066613101562,0.0654089507122071
"10936773",NA,46.144708,0.0101304628949901,0.0655194472026216
"10922492","Arid5a",52.238815,0.0101484159914671,0.0656065113464745
"10882802","Epcam",401.4405,0.0101694887952954,0.0657281959437519
"10902662","Irak3",58.453985,0.0101717919619135,0.0657285402290072
"10742315","Timd2",514.03315,0.0101779879592192,0.0657540336666585
"10717170","Epb41l2",101.58725,0.0102036214548162,0.0658275488070011
"10791095","Hapln4",23.146095,0.0102144463434295,0.0658617436597963
"10791497","Hmgb2",35.442305,0.0102149503841493,0.0658617436597963
"10701133",NA,117.92195,0.0102206008369784,0.0658836347862948
"10830272",NA,68.5296,0.0102423648105553,0.0659657066965526
"10873567",NA,265.555,0.0102462676117848,0.0659762975558035
"10813815",NA,15.077805,0.0102494406312121,0.0659821856765601
"10863950","Mcm2",349.4681,0.0102536606448625,0.0659906590312756
"10893858","Mex3d",27.97304,0.0102611296737772,0.0660001596669707
"10918089","Fem1b",300.6079,0.0102612694327165,0.0660001596669707
"10740379","Rps19",607.93035,0.010276658647644,0.0660555128123808
"10724001","Relt",16.128163,0.0102846231299234,0.0660653632933029
"10701262",NA,134.0574,0.0102894982879622,0.0660653632933029
"10777532","Hgfac",42.244795,0.0102987734532898,0.0661012148698819
"10761025","Pilra",27.06703,0.0102996073830253,0.0661012148698819
"10788969","Adam3a",10.074702,0.0103187770459878,0.0662047467927169
"10935882","Zfp275",50.389285,0.0103208958964879,0.0662047467927169
"10855383","Gimap9",65.60734,0.0103225378804965,0.0662047467927169
"10901036",NA,180.39646,0.0103265147987582,0.0662157162710537
"10853347","Abcb4",35.845695,0.0103400101148546,0.0662877014473034
"10875751","Tstd3",89.8015500000001,0.0103537073863961,0.0663463934165775
"10760824","Mcm7",333.2926,0.0103636387314636,0.0663794175598423
"10735806","Mettl16",38.50965,0.0103656775144794,0.0663794175598423
"10761365",NA,31.451905,0.0103726141832675,0.0664092813390265
"10797226","Tmed9",147.33405,0.010376265206751,0.0664181007340102
"10749549","Mir338",24.359505,0.0103856466879434,0.0664490324883003
"10782607",NA,27.46527,0.0103934415055188,0.0664807013125314
"10739135","Psmc5",96.1256500000001,0.0103978843237415,0.0664807013125314
"10912584","Amotl2",151.1699,0.0104019745909352,0.0664807013125314
"10772623","Bend4",18.295401,0.010410567816424,0.0664925377735312
"10785800",NA,131.4389,0.010417354757276,0.0665110122863263
"10867832",NA,19.055631,0.0104190454867867,0.0665110122863263
"10742966",NA,36.507605,0.0104203773271211,0.0665110122863263
"10910766",NA,10.341215,0.0104232104950174,0.066514563434128
"10749307","Rhbdf2",92.60537,0.0104407862194656,0.0665830063596164
"10739474",NA,23.458276,0.010443102925349,0.0665830063596164
"10746454",NA,23.236451,0.0104453316268269,0.0665830063596164
"10813721","Gapdh",1013.8515,0.0104647361418918,0.0666921469566378
"10842169",NA,92.673465,0.0104993620939134,0.0668836380749209
"10765994","Uba2",277.80035,0.0105395803072509,0.0670083349501691
"10806884",NA,18.563575,0.0105513235397843,0.0670538102874176
"10930717","Adgre4",14.906485,0.0105586336895575,0.067078817525348
"10733688","Rpl13",619.534,0.0105693643115237,0.067104353183773
"10914849","Rpl13",619.534,0.0105693643115237,0.067104353183773
"10866507","Art4",29.61384,0.0105707617358706,0.067104353183773
"10722987","Snrpe",115.4727,0.0105861041372532,0.067157968787343
"10935489","Snrpe",115.4727,0.0105861041372532,0.067157968787343
"10909783","Usp28",41.9019500000001,0.0105913500529052,0.0671766609738543
"10870902","Eps15",136.50875,0.010599262864662,0.0671976704271348
"10886406",NA,215.92081,0.0106153793114348,0.0672560596842888
"10917095","Rexo2",133.253,0.0106225306047525,0.0672721892666899
"10891311","Angel1",76.39177,0.0106322760832908,0.0673193137185216
"10916000","Fli1",57.24835,0.0106369830382333,0.0673345227473341
"10795546","Rps19",620.7153,0.0106423507796767,0.0673527067841357
"10830216","Pkib",158.362955,0.0106444665989715,0.0673527067841357
"10860103","Nup42",31.04472,0.010650650264061,0.0673735129761499
"10884896","Fau",640.267000000001,0.0106549245990752,0.0673751011336326
"10780801",NA,98.4996,0.0106671337672329,0.0674231168056994
"10806363",NA,35.228175,0.0106697713729264,0.0674252002787522
"10797588","Rpl7a",221.8221,0.0106765119167319,0.0674532048303212
"10722903","Mfge8",290.00025,0.0106827295907245,0.0674701249474583
"10895686","Styx",33.72408,0.010683809064385,0.0674701249474583
"10817845","Vtcn1",376.89167,0.0106889219949403,0.0674878251913087
"10744215","Chrnb1",69.114625,0.0106985732620572,0.0675195764263854
"10714903","Ifit3",83.43756,0.0107072570847204,0.0675597858473048
"10933210","Cldn34a",11.432971,0.0107207643385441,0.0676012107460021
"10789732",NA,121.1499,0.0107239300282585,0.0676065800270917
"10914771",NA,29.99028,0.0107460316558132,0.067693274059674
"10797695","Bicd2",40.8862999999999,0.0107469502666108,0.067693274059674
"10713876","Syt7",11.55314,0.010762677788901,0.0677586186120096
"10701689",NA,167.20815,0.0107666018894006,0.0677586186120096
"10908104",NA,167.20815,0.0107666018894006,0.0677586186120096
"10830189","Gja1",109.3464,0.0107775153317141,0.0678068859852892
"10827364",NA,80.6107000000001,0.0107866461966271,0.0678318005416485
"10870809","Cc2d1b",42.3982000000001,0.0108005638304187,0.0678408238533328
"10860801","Samd9",134.0511,0.0108035427003965,0.0678449476460409
"10822083",NA,14.428055,0.0108080573879355,0.067858712342821
"10911014",NA,45.704705,0.0108374727185198,0.067984953403229
"10717891","Ezr",186.5475,0.0108601024261464,0.0680392520432001
"10749973",NA,16.30683,0.0108627072878584,0.0680399889131634
"10811956","Sipa1l2",49.75902,0.0108733861694656,0.0680786762869201
"10717434","Rpl26",807.2845,0.0108843648458208,0.0681199212363204
"10849228",NA,248.7023,0.0108860017864138,0.0681199212363204
"10718075","Tbxt",25.07208,0.0108963815474638,0.0681642163870682
"10837050","Agps",457.92175,0.0109278397911139,0.0683133728471474
"10812589","F2rl2",43.836905,0.0109382326391078,0.0683382224805163
"10842682",NA,18.84983,0.0109433187097422,0.0683553801125526
"10717947",NA,35.27302,0.0109621145173998,0.0684288917759226
"10907815","Casp1",101.2404,0.0109651303170032,0.0684330948688171
"10817183","S100a11",2587.034,0.0109828294502381,0.0685289148994567
"10830038","Ppa1",364.2872,0.0109964964715395,0.0685817568766262
"10915561","Tmed1",14.33907,0.0110011552596889,0.068582165245869
"10836152",NA,77.56877,0.0110031015440333,0.068582165245869
"10786465","Tkt",451.174,0.0110115088731446,0.0686199275213411
"10882896","Fam98a",120.28255,0.0110301702502534,0.0687069069703421
"10811980","Pcnx2",15.247745,0.011037904107072,0.0687329071051319
"10844294","Rpl7a",452.190099999999,0.0110864067581509,0.0689836607098235
"10843028","Tpd52l2",209.2902,0.0110926322773503,0.0690077000320511
"10797442","Simc1",101.13552,0.0110979631204592,0.0690114718180279
"10827906","Tubb5",1335.1002,0.0111326448066316,0.0691693803723664
"10918191","Zwilch",134.789875,0.0111328276343831,0.0691693803723664
"10756740","Ints15",137.1674,0.0111667425919914,0.0693063985728565
"10913570","Map4",394.1993,0.0111734221727724,0.0693220644563492
"10896263","Cthrc1",30.095289,0.0111740125119788,0.0693220644563492
"10730131","Blnk",259.5544,0.0111780477812591,0.0693322431188648
"10777032","Rpl13",705.65265,0.0111868556522104,0.0693322431188648
"10830102",NA,85.7431500000001,0.0111875194790966,0.0693322431188648
"10905521","Pdgfb",107.8571,0.0112001384875101,0.0693681558656535
"10831105","Rt1-ec2",532.1485,0.0112014245255495,0.0693681558656535
"10828516","Itpr3",342.54365,0.0112028123288202,0.0693681558656535
"10906868",NA,19.13019,0.0112097272016724,0.0693769915686474
"10870098","Usp1",141.8135,0.011211363633723,0.0693769915686474
"10755670","Ccdc74a",11.10822,0.0112352030129836,0.0694509565851253
"10803977",NA,84.731487,0.0112377880442696,0.0694522403057528
"10724228","Bcl2l1",211.3602,0.0112495751566165,0.0694809912527261
"10767338","Mcm6",416.84454,0.011272261350554,0.0695673029723311
"10830279",NA,62.75983,0.0112730749733352,0.0695673029723311
"10753498","C2cd2",46.11505,0.0112772344798282,0.0695782741486168
"10841281","Chmp4bl1",345.06195,0.0112846898058488,0.0695826815801061
"10810985","Sf3b3",353.4825,0.011288648965524,0.0695826815801061
"10894427","Ube2r2",103.20735,0.0112890981066049,0.0695826815801061
"10736693",NA,138.241,0.0113006565218465,0.0695826815801061
"10701034",NA,208.99545,0.0113026240084318,0.0695826815801061
"10927283",NA,14.02594,0.0113032524015507,0.0695826815801061
"10810703","Cenpt",63.00951,0.0113034835171069,0.0695826815801061
"10709654","Or2ag20",10.395795,0.011311939240922,0.069603814015832
"10875267","Rps20",1531.635,0.0113237997641943,0.0696449444865627
"10920139","Gnat1",77.4054,0.0113369434762367,0.0696964365982278
"10887943",NA,339.3285,0.0113545514705081,0.0697657943912966
"10887945",NA,339.3285,0.0113545514705081,0.0697657943912966
"10876846",NA,60.0565500000001,0.0113682659446656,0.0698302189460602
"10700784",NA,10.544921,0.0113952650382653,0.0699372421907319
"10765497","Fcgr3a",96.33318,0.011402552388313,0.0699672685301775
"10783474","LOC290071",29.58285,0.0114087675037403,0.0699907042953104
"10802591",NA,237.32475,0.0114266719848529,0.0700708314426036
"10901253","Pwp1",66.9231900000001,0.0114290241604712,0.0700708314426036
"10701339",NA,13.551029,0.0114371487165744,0.0700846946509036
"10806677","Nacc1",333.83665,0.0114372672910128,0.0700846946509036
"10819825",NA,32.71684,0.0114474226496547,0.070100267811488
"10843918","Slc2a6",21.18113,0.0114619233082079,0.0701617610467754
"10705874","Tyrobp",176.9413,0.0114630685793202,0.0701617610467754
"10741947","Gabrp",1524.9774,0.0114656639566362,0.0701629465498892
"10770728","Dtl",238.437825,0.0114763202131891,0.0702134489441058
"10773760","Pes1",172.07975,0.0114965278466863,0.0702929184832764
"10918027","Rplp1",907.023999999999,0.0115218533059306,0.0703769116004404
"10876324","Tpm2",111.52955,0.0115223101316118,0.0703769116004404
"10825375","Wdr3",61.7295,0.011526728112393,0.0703829272937295
"10940627","Thbs1",1052.3723,0.011532931914667,0.0703829272937295
"10879986","Rbbp4",402.814,0.0115394475322135,0.0704079824991826
"10795704","Smokxl2",53.10968,0.0115450694834642,0.070427575671314
"10829274","Aire",15.757725,0.0115506732383009,0.0704323456446927
"10940466","Tuba1b",1644.3885,0.0115633571221304,0.0704853208207796
"10908776","Adamts8",21.287408,0.0115694484930407,0.0704890696412607
"10795696","Smokxl2",56.1827,0.0115720400492739,0.0704890696412607
"10821648","Rpl21",602.3835,0.0115954675007603,0.0706023317147168
"10932786","Ammecr1",51.972885,0.0116050204117994,0.0706310554813142
"10899405","Krt7",743.8457,0.0116078971500776,0.0706338486445255
"10850755","Fam110a",16.2976,0.0116193297583499,0.0706836307066941
"10831032","Ppp1r18",33.703583,0.0116227385048485,0.0706836307066941
"10775914","Pf4",69.668005,0.0116283497003478,0.0706864485412439
"10890124",NA,14.146025,0.0116390619048703,0.0707350851859537
"10700730",NA,33.011185,0.0116561642292503,0.0708140440972
"10858702","Spsb2",34.60961,0.011667678881216,0.0708500459022746
"10864756","Tmem40",160.502495,0.0116709632008075,0.0708552616268473
"10842795","Adrm1",149.82775,0.0116781286520782,0.0708738189876437
"10853663","Rpl31",638.017,0.0116847786264782,0.0708738189876437
"10808519","Ctu2",29.340395,0.0116888627089843,0.0708738189876437
"10700669",NA,71.52085,0.0116892589087892,0.0708738189876437
"10781978","Mir19a",10.942109,0.0116914468506606,0.0708738189876437
"10917486","Elmod1",23.729796,0.0116923439597382,0.0708738189876437
"10752805","Rpl7a",439.56005,0.0117035467820521,0.0709204347004503
"10877667",NA,15.08972,0.011708826328492,0.0709377130569403
"10713604",NA,109.25985,0.0117239207377333,0.0709997140199298
"10707812","Snrpa1",140.1709,0.0117322799842552,0.0710229242953331
"10901713","Gas2l3",52.2848,0.0117326156174874,0.0710229242953331
"10805214","Ska1",25.165115,0.011751589041873,0.071077517619704
"10820973","Rad17",43.57335,0.0117560335694433,0.071077517619704
"10900296","Dapk3",35.33505,0.0117603176800367,0.071077517619704
"10847825","Nat10",110.3091,0.011761098109593,0.071077517619704
"10899705",NA,46.93901,0.0117703124591017,0.0711184918676726
"10809866",NA,26.95962,0.011782309269089,0.0711615428958376
"10726045","Bcl7c",35.48815,0.0118160154621503,0.0713208834114169
"10733063","Rpl31",855.786000000001,0.0118325816843419,0.0714032003627045
"10777328","Lyar",95.66865,0.0118392601084195,0.0714169202575607
"10704242","Rps5",613.2565,0.0118434923624501,0.0714277014609034
"10732716","Kcnmb1",21.91813,0.0118466940022709,0.0714322638972843
"10893231","Mmp19",41.474995,0.0118593703646261,0.0714939425984704
"10711181","Orai3",65.65185,0.0118667903040206,0.07151403766191
"10892699",NA,33.81798,0.0118768121984716,0.0715285307474804
"10719983","Snrpa",258.3601,0.0118773499916488,0.0715285307474804
"10855613",NA,63.42771,0.0118820770527316,0.0715422504160143
"10765996","Exo1",36.73811,0.011935866028293,0.0718217075490323
"10723898",NA,157.53955,0.0119597404726916,0.071950547398932
"10779942","Tox4",71.3369499999999,0.0119822948938138,0.0720340490642242
"10759957",NA,39.96917,0.0119834832084661,0.0720340490642242
"10916123",NA,13.746101,0.0119910171290181,0.0720505175011967
"10723891","Rps3",538.5043,0.0119914022841058,0.0720505175011967
"10701389",NA,80.1864,0.0120053188122385,0.0720763221908622
"10895770",NA,16.08351,0.0120218991758046,0.0721310892516944
"10769047","Rasal2",48.6901,0.0120235317116931,0.0721310892516944
"10705511","Rps16",1079.791,0.0120243172676029,0.0721310892516944
"10897604","Micall1",57.8676,0.0120310801871635,0.0721420313193341
"10807017",NA,73.5923000000001,0.0120376160516308,0.0721632334189222
"10853324","Abcb1b",149.120325,0.0120404912654923,0.0721632334189222
"10901783","Apaf1",46.67321,0.0120514732507175,0.0722050327207673
"10881315","Prrc2c",208.55655,0.012062614290888,0.0722539907160156
"10762658","Rplp0",876.899,0.0120645911793224,0.0722539907160156
"10939325","Armcx2",26.8924,0.0120683730078041,0.072261825999178
"10778918","Rps19",728.0846,0.0120863410469152,0.0723250896046728
"10731732",NA,644.3013,0.0120864333642961,0.0723250896046728
"10816309",NA,15.16551,0.012088841395893,0.0723250896046728
"10822424","Cyp7b1",79.6568,0.0120917393559943,0.0723276153861624
"10719180","Srp72",56.7864,0.0121041073319338,0.0723633926653139
"10727588","Syt12",13.160347,0.0121092068448378,0.0723633926653139
"10709875","Adm",172.54974,0.0121094626932751,0.0723633926653139
"10731458","Zc3h7a",39.9622,0.0121107016847031,0.0723633926653139
"10919184",NA,12.24989,0.0121139284002909,0.0723633926653139
"10831957","Srpk1",285.0035,0.0121254783082824,0.0723960194764278
"10779724",NA,445.17715,0.0121361021955222,0.07242034989803
"10799261","Rpl21",619.5495,0.012141105662999,0.0724301124849607
"10863900","Rps25",827.906,0.012156982448978,0.0724952205071325
"10902614","Rap1b",408.277,0.0121654952725225,0.0725010975062483
"10939223",NA,21.841245,0.0121657633571833,0.0725010975062483
"10940654","Spp1",2809.7295,0.012173378135965,0.0725017196620565
"10829348","Krtap10-10l1",47.6544299999999,0.0121749512260854,0.0725017196620565
"10892212","Cinp",43.122315,0.0121756893063747,0.0725017196620565
"10755186","Senp2",16.0275,0.0121989819719095,0.0725679208567227
"10750808","Gng5",186.88975,0.0122180228039192,0.0726663921404103
"10790418","Mapk8",54.1353000000001,0.0122278462747529,0.072710014465832
"10834935","Med27",72.2815000000001,0.0122400513591754,0.0727677778605921
"10776287",NA,91.4197,0.0122471602777534,0.0727952269286444
"10836815","Hat1",245.85875,0.0122524189940092,0.07279686160077
"10798213","E2f3",59.814775,0.0122663753642603,0.0728353434738819
"10760196","Arpc1b",1012.75505,0.0122869864259083,0.0729429021431592
"10819633","Znhit6",96.4113,0.0122987731847379,0.072993462437095
"10890252","Pole2",65.861025,0.0123005002936201,0.072993462437095
"10763687","Ubxn4",118.1819,0.0123084294989952,0.0730206587375413
"10720829","Hamp",13.98447,0.0123166908358389,0.0730221612705269
"10937556",NA,229.19715,0.0123424265355932,0.0730987115648746
"10781029","Kif13b",60.3555,0.0123472925774311,0.0731077838178095
"10839805","Stk35",87.2958500000001,0.0123520296999222,0.0731210122904817
"10831595","Psmb8",256.78295,0.0123623079046108,0.0731669050154244
"10709788","Akip1",80.571,0.0123947707972211,0.0732687113195877
"10798794","Svil",59.07415,0.0123973021416744,0.0732687113195877
"10934500","Rps26",977.1835,0.0123978320514581,0.0732687113195877
"10700622",NA,19.0179246,0.0123995518848512,0.0732687113195877
"10754164","Tmem39a",74.5415,0.012405262923419,0.0732876341849875
"10816941","Rab13",66.9875,0.0124178177888404,0.0733368913684668
"10901251","Rps20",1545.5205,0.012418621263771,0.0733368913684668
"10806129","Mcm5",247.306505,0.0124238251462742,0.0733419147051792
"10805016","Cep76",33.398835,0.0124244929101093,0.0733419147051792
"10767095","Inhbb",51.223445,0.0124311340112881,0.0733662927284386
"10718132","Rpl24",107.94005,0.0124362713496417,0.0733817877617514
"10800924","Ctnna1",274.27635,0.0124409714198816,0.0733946969023468
"10831816","Bak1",283.52025,0.012444483740535,0.0734005951940215
"10700715",NA,16.527564,0.0124661580997734,0.0734987573616106
"10897805","Grap2",11.77468,0.0124719982151477,0.0735183526750049
"10823184","Exosc8",183.60186,0.0124760946761844,0.0735259838369551
"10931457","Uhrf1",158.458441,0.0124796317116076,0.0735259838369551
"10907415","Krt75",140.1472,0.0124808432206292,0.0735259838369551
"10752050","Tra2b",478.993,0.0124924408272883,0.0735794690178227
"10856948","Tgfa",88.888855,0.0124990716374561,0.0735922199619763
"10713789","Eef1g",752.5435,0.0124996438505965,0.0735922199619763
"10886269","Flrt2",22.39005,0.0125174066570651,0.0736620213882849
"10798556",NA,29.270245,0.0125203308095842,0.0736620213882849
"10790523",NA,40.39986,0.0125215042810328,0.0736620213882849
"10720000","Ltbp4",106.3556,0.0125266284061409,0.0736620213882849
"10731643","Ppl",538.9196,0.0125394411315131,0.0737225263063037
"10892332",NA,19.680135,0.0125482680035796,0.0737595777578621
"10700593",NA,97.9648500000001,0.0125589788058259,0.0738076859451616
"10744568","C1qbp",215.27985,0.0125898050459019,0.0739252927305615
"10886930",NA,23.635405,0.0126226859182897,0.074003440982724
"10810069","Trmt1",74.08295,0.012626401011832,0.0740103690127727
"10809428","Gnao1",46.291995,0.0126327552359996,0.0740179124477521
"10863282","Tmsb10",740.66945,0.0126572684315082,0.0741169452712129
"10772802",NA,31.47243,0.012673140983989,0.0741825679148151
"10921107","Cdcp1",69.04549,0.0126735536545095,0.0741825679148151
"10918519","Rnf111",58.8998500000001,0.0126839187892495,0.0741972747862852
"10800173","Rbbp8",121.5353,0.0126929243720269,0.0741972747862852
"10790712","Tpm4",1108.7395,0.0126936424196722,0.0741972747862852
"10791461","Hpf1",85.18265,0.0126938447108186,0.0741972747862852
"10724449","Fhip1b",46.0574,0.0126994117098848,0.0742016095534072
"10929874","Hdac4",70.36138,0.01269966617947,0.0742016095534072
"10716468","Nanos1",28.122675,0.0127073627675308,0.0742181660825717
"10733709","G3bp1",171.0662,0.0127075808429186,0.0742181660825717
"10933038",NA,16.406315,0.0127179144176026,0.0742542787832274
"10724050","Rpl7a",403.1688,0.0127209480179342,0.0742542787832274
"10720135","Psmc4",264.2606,0.0127390692535187,0.0742980972593921
"10938719","Ercc6l",48.507103,0.0127574195373453,0.0743605854676787
"10869726",NA,13.984835,0.0127631949192133,0.0743614096833569
"10798096","Psmg4",80.9956,0.0127651971507508,0.0743614096833569
"10784172","Ska3",172.807995,0.0127735861353391,0.0743690012589181
"10712196","Pkp3",30.40767,0.0127743698002832,0.0743690012589181
"10752061",NA,66.96176,0.012779893720496,0.0743728715439382
"10714832","Pten",147.4921,0.0127940424873264,0.0744291517214609
"10923620","Rps2",1096.492,0.0127981561288806,0.0744291517214609
"10795174","H2bc1",227.7825,0.0128017462903023,0.0744291517214609
"10868881","Col15a1",179.90565,0.0128023032587232,0.0744291517214609
"10736716",NA,13.42913,0.0128097403224897,0.0744491175539604
"10938019","Eif1ax",118.94185,0.0128108343240829,0.0744491175539604
"10858599","Clec4d",25.918125,0.0128245852449737,0.0744823899068371
"10928446","Wdr12",158.5529,0.0128247464553852,0.0744823899068371
"10721215",NA,14.892195,0.01283321692127,0.0744902839535032
"10700735",NA,43.70759,0.0128498227956644,0.0745422404989156
"10904189","St3gal1",92.31185,0.0128666171176029,0.0746248466296707
"10831060","Flot1",58.48595,0.0128750345185535,0.0746547498264833
"10828956","Dnah8",27.42253,0.0128816426024803,0.074656808800575
"10903864","Atad2",154.76832,0.0128823500090264,0.074656808800575
"10810865",NA,25.531165,0.0129193746182127,0.0748416835408421
"10717087",NA,28.640429,0.0129291784860429,0.0748709988438417
"10863570",NA,47.526015,0.012953543023169,0.0749801477865779
"10800590","Hspa8",1266.203,0.0129677344261673,0.0750378013277914
"10749854","Hspa8",1218.9535,0.0129708700171404,0.0750378013277914
"10747985","Plcd3",32.62796,0.0129732615480492,0.0750378013277914
"10743427","Mapk7",103.84255,0.0129908877575468,0.0751070245297785
"10925454","Or9s23b",16.836265,0.0130038199128395,0.0751561551792038
"10782666","Rpl7a",418.16675,0.0130045308561263,0.0751561551792038
"10714814","Minpp1",17.50175,0.0130486784179747,0.0753218911880484
"10902630","Cand1",230.4392,0.0130823496111244,0.0754230416657676
"10889213","Vsnl1",15.861616,0.0130834050261336,0.0754230416657676
"10788035","Lonp1",203.052,0.0130836681754814,0.0754230416657676
"10742483","Hnrnpab",984.5555,0.0130884960547032,0.0754230416657676
"10918833","Ooep",12.909985,0.0130887029148061,0.0754230416657676
"10708154","Sema4b",366.42165,0.0130988946815534,0.075462652184362
"10754880","Gapdh",996.0805,0.0131050214481036,0.0754714076932122
"10909521","Rps25",813.6605,0.0131055812702015,0.0754714076932122
"10772911",NA,215.56558,0.0131167484799397,0.0755059487867901
"10877295","Mup4l4",20.05349,0.0131437084294887,0.0756313370216824
"10884352","Rpl29",741.724000000001,0.0131552591239874,0.0756828948499741
"10865363",NA,138.0612,0.0131628818367314,0.0757111141423525
"10711997","Zfp511",86.0726500000001,0.0131688582276176,0.0757111141423525
"10873258",NA,255.73785,0.0131698384047302,0.0757111141423525
"10808536","Cdt1",83.42349,0.0131791653790864,0.07574584642625
"10927532","Txndc9",68.06655,0.0131840742690497,0.0757519931718468
"10779348",NA,22.82481,0.0131876246109707,0.0757519931718468
"10723689","Ddias",44.627495,0.0131942503188657,0.0757519931718468
"10779900","Tmem253",15.439615,0.0131957928818898,0.0757519931718468
"10794664",NA,26.1672,0.0132081614067268,0.0757932090622899
"10798536","Rpl7a",370.8644,0.0132322140079242,0.075866976343604
"10917366","Ddx10",92.0801,0.0132338085470057,0.075866976343604
"10744853","Pafah1b1",117.48815,0.0132340012133568,0.075866976343604
"10785361","Lacc1",41.2901,0.0132395712072416,0.0758721833025208
"10755357","Psmd2",570.6335,0.0132401037336979,0.0758721833025208
"10843333","Nelfb",67.9547000000001,0.0132818622750558,0.0760454423622736
"10728002","Fam89b",131.72505,0.0132956958127736,0.0760928116766039
"10828884","Pim1",104.31585,0.0133103197911982,0.076123589693721
"10837105","Plekha3",91.7549000000001,0.0133179181174417,0.076123589693721
"10939564","Apln",139.008455,0.013322252400602,0.076123589693721
"10877684",NA,147.9802,0.013323061344013,0.076123589693721
"10868243",NA,49.561325,0.0133303585542456,0.0761318289667801
"10891069",NA,17.490786,0.013334256310223,0.0761318289667801
"10904084",NA,13.190215,0.0133371825577074,0.0761318289667801
"10940559","Ptp4a2",319.3817,0.0133380153646431,0.0761318289667801
"10734915","Aloxe3",15.698158,0.0133385359922294,0.0761318289667801
"10914009",NA,15.58504,0.0133435054519344,0.0761318289667801
"10850608",NA,376.18123,0.0133453514116136,0.0761318289667801
"10808393","6430548M08Rikl",21.6391000000001,0.0133740414702719,0.0762359507341509
"10868315","Nfx1",42.5084,0.0133779290496023,0.0762432343455098
"10805100","C18h18orf54",71.04616,0.0133830216953804,0.0762573816674163
"10880277","Tent5b",18.68627,0.0133888319948989,0.0762756119147768
"10739167",NA,329.80235,0.0134073124476524,0.0763589717102483
"10727493","Rad9a",69.2511,0.0134086918899697,0.0763589717102483
"10714006","Prrc2c",304.2138,0.0134113205070872,0.0763590561867168
"10768116","Nr5a2",18.329515,0.0134271908665935,0.076429698773331
"10883282",NA,17.557945,0.0134571869858062,0.0765441087113949
"10899901","Cdk2",140.6153,0.0134572857669382,0.0765441087113949
"10836794","Dync1i2",179.3008,0.013458097707779,0.0765441087113949
"10719425","Ppm1n",43.526335,0.0134595429058135,0.0765441087113949
"10765042",NA,15.392829,0.0134827590844592,0.0766041841571407
"10740413","Rmi2",67.006245,0.0134841579951658,0.0766041841571407
"10834409",NA,18.397305,0.0135038237889761,0.0766914284936132
"10901936",NA,10.08554,0.0135064758002902,0.076691580958149
"10880436","Sh3bgrl3",1050.55075,0.0135564835011729,0.0769535941242414
"10863469",NA,356.9396,0.0135602914880863,0.0769535941242414
"10760468","Wipi2",123.1957,0.0135673456920752,0.0769645190360616
"10832294","Sumo3",152.68025,0.013567716609698,0.0769645190360616
"10930588",NA,191.68315,0.013574421636828,0.0769724017667788
"10795198","H3cl",184.7713,0.0136125656287493,0.077099164846507
"10809082",NA,69.84405,0.0136180901312414,0.0771155039918756
"10896941",NA,73.40585,0.0136354478989636,0.0771838742337382
"10928469",NA,21.852745,0.0136441593624989,0.0772182238698264
"10888801","Gpn1",48.4846999999999,0.0136647429535676,0.0773047638740362
"10877896","Haus6",57.728785,0.013669560580508,0.0773170460404572
"10833468",NA,74.38791,0.0136809058537459,0.0773429289905546
"10714572",NA,13.34858,0.0136811379081955,0.0773429289905546
"10754426","Parp9",153.53525,0.01368672696944,0.0773453846767656
"10820795","Tnpo1",226.80005,0.0136926625867965,0.0773453846767656
"10736040","Rpl7a",406.2145,0.0136939041588458,0.0773453846767656
"10917905","Cd276",354.4965,0.0136942955839021,0.0773453846767656
"10791000","Crlf1",34.185481,0.0136957511786441,0.0773453846767656
"10766226","Sde2",31.38125,0.013718364484392,0.0773868550705079
"10812464",NA,9.74085,0.0137239509949691,0.0773868550705079
"10864730","Rpl7a",354.9726,0.0137240584967724,0.0773868550705079
"10784101","Zmym5",72.9114499999999,0.0137269351329969,0.0773868550705079
"10810152","Mir23a",11.12287,0.0137297966102153,0.0773880528980957
"10919928","Parp3",238.07345,0.0137788625533842,0.077588665453366
"10892939","Prim1",359.37975,0.013783755771493,0.077588665453366
"10842525","Cass4",23.92693,0.0137925736339404,0.077588665453366
"10840622",NA,11.344375,0.0137931769858439,0.077588665453366
"10808197","Cenpn",175.2391,0.0137957742633038,0.077588665453366
"10730624","Pcgf6",76.6604,0.0137968323652581,0.077588665453366
"10860595",NA,23.37082,0.013796966520038,0.077588665453366
"10717168","Hmgb2",485.7457,0.0137972587468418,0.077588665453366
"10719074",NA,66.30895,0.0138049919154117,0.0776022770476885
"10746652",NA,66.30895,0.0138049919154117,0.0776022770476885
"10816179","Sh3d19",147.5948,0.0138114627129884,0.0776087847080676
"10844355","Cdk9",102.7113,0.0138143394913223,0.0776100219037481
"10864094","Wnt7a",30.10097675,0.0138188440777058,0.0776204020161692
"10761227","Stx1a",30.30774,0.0138360889122628,0.0776724637745666
"10763171","Stx1a",30.30774,0.0138360889122628,0.0776724637745666
"10795203","H1f1",607.95105,0.0138430602802283,0.0776966691693737
"10869646",NA,426.9285,0.0138672481289057,0.0778174773026989
"10930733","Mcu",64.40194,0.013877292246653,0.0778439354250617
"10744141",NA,49.64509,0.0138954595681464,0.0778997673226115
"10921527","Rpl7l1",160.9512,0.0138979115247981,0.0778997673226115
"10908277","Shfl",180.7192,0.0139046212077058,0.0779224254674692
"10938077","Acot9",105.76885,0.0139122092296738,0.0779350489809567
"10827846","Abcf1",139.45575,0.0139281006902992,0.077968510312755
"10874312","Gpr153",16.266486,0.0139315267964873,0.077968510312755
"10818877",NA,59.0228500000001,0.0139552622416576,0.0780592325628316
"10814717","Zmat3",21.491125,0.0139587534640857,0.0780610688552451
"10710764",NA,146.39795,0.0139777884769294,0.0780803677722991
"10772967","Dhx15",120.09515,0.0139905154771338,0.0781317579830768
"10910482","Adpgk",63.5944,0.0140101121144075,0.078211068521115
"10827452",NA,72.9266500000001,0.0140218905490161,0.0782343366672314
"10719990","Itpkc",130.12518,0.0140230229169172,0.0782343366672314
"10923381","Spats2l",42.7661,0.0140259575252263,0.0782343366672314
"10802619",NA,60.305955,0.0140272285706496,0.0782343366672314
"10905558","Rpl26",822.7275,0.0140375567587045,0.0782769962108786
"10743668","Map2k4",89.8766000000001,0.0140423097509311,0.0782885566915463
"10739986",NA,227.4722,0.0140522770975255,0.0783020370064062
"10802621","Mbd1",45.1398,0.0140527685364752,0.0783020370064062
"10701030",NA,41.38035,0.0140605395275008,0.0783200011268339
"10891080","Mideas",67.87952,0.0140613543475814,0.0783200011268339
"10808431","Irf8",35.72146,0.0140664224919404,0.0783332952115035
"10806323","Brd7",137.8151,0.014069837496318,0.0783373799537704
"10750876","Hmgb2",598.08555,0.0140735719855409,0.0783432416131082
"10869094","Nipsnap3b",77.251175,0.0140776820935471,0.078351191594758
"10916917",NA,14.479925,0.0140826317003966,0.0783599661640102
"10849436","Secisbp2l",93.10365,0.0140846232055596,0.0783599661640102
"10881931","Phf13",28.18685,0.0140919826085979,0.0783718870245938
"10769430","Gorab",17.08206,0.0140938197116383,0.0783718870245938
"10935475","Hprt1",69.1285,0.0140948139394542,0.0783718870245938
"10811246",NA,40.92234,0.0140993812473176,0.0783780083127888
"10812768",NA,24.6571,0.0141012806083391,0.0783780083127888
"10794836","Serpinb6a",150.2939,0.0141154186345337,0.0784267478108157
"10806122","Hmox1",376.72125,0.0141270706624317,0.0784475231900227
"10735662","Tax1bp3",712.96115,0.014127213647659,0.0784475231900227
"10926930","Mcm3",211.13143,0.0141430361291161,0.0785055400866423
"10718612","Rpl7a",381.2901,0.0141471539577419,0.0785134794303709
"10793052",NA,10.985955,0.01415734618215,0.078547081235573
"10725480","Palb2",22.192285,0.0141729009433385,0.0785966454363496
"10855601","Creb5",43.485935,0.0141976365318543,0.0786853864084281
"10701797","Sf3b5",180.6933,0.0141988654959876,0.0786853864084281
"10869753",NA,36.24034,0.0142088653005943,0.0786941793973185
"10795391","Stard3nl",129.37805,0.0142090689129406,0.0786941793973185
"10895665",NA,21.572465,0.0142247032943439,0.0787132172957981
"10869106","Slc44a1",859.8064,0.0142252284536611,0.0787132172957981
"10777037","Slc34a2",993.92105,0.0142262541015203,0.0787132172957981
"10839803","Rpl22l1",51.71085,0.0142315128242711,0.0787264439248554
"10899722","Hsd17b6",11.104935,0.0142340342579272,0.0787264439248554
"10890299","Rpl10a",702.5645,0.0142487131250315,0.0787696285041285
"10721323","Acp4",32.55708,0.0142681269631916,0.078815247534751
"10705213","Tgfb1",289.4709,0.0142693937584864,0.078815247534751
"10872032","Clspn",90.0693,0.0142699719168278,0.078815247534751
"10831114","RT1-CE4",98.2395500000001,0.0142731175429798,0.078815247534751
"10845124","Rnd3",186.3693,0.0142770823298798,0.0788153218414793
"10886097","Ift43",25.39227,0.0142811512445144,0.0788228891851964
"10792955",NA,276.41945,0.0142987154857067,0.0788344185011458
"10779031","Camk2g",73.5081,0.014298730365973,0.0788344185011458
"10716466","Rpl7a",396.43165,0.0142996802976673,0.0788344185011458
"10865855","Fkbp4",257.8625,0.0143032781525666,0.0788344185011458
"10871597","Foxj3",51.4418999999999,0.0143060066035056,0.0788344185011458
"10702163",NA,353.33005,0.0143102252793721,0.0788344185011458
"10770894",NA,75.92895,0.0143174839687456,0.078859535569935
"10700694",NA,37.5624000000001,0.0143210235184176,0.0788641623123568
"10701431",NA,33.79115,0.0143243691646012,0.0788677197087562
"10767371","Rps26",1040.811,0.0143593514570638,0.078982171882515
"10899868","Rps26",1040.811,0.0143593514570638,0.078982171882515
"10809870",NA,19.67836,0.0143613780050633,0.078982171882515
"10848829",NA,96.7901000000002,0.0143786626441321,0.0790623471646292
"10869527",NA,59.58388,0.0143945267682531,0.0791197939807614
"10746051",NA,115.1031,0.0144089997386965,0.0791695539526572
"10709779","Rpl27a",743.31085,0.0144333833831256,0.0792359390160977
"10779975","LOC290071",36.6829,0.0144346432341915,0.0792359390160977
"10783410","LOC290071",36.6829,0.0144346432341915,0.0792359390160977
"10824140","Fcrl2",29.614747,0.014460633789263,0.0793041027819653
"10939754","Ftl1",490.3205,0.0144651766765134,0.0793141275202071
"10785447",NA,20.079105,0.0144795002348249,0.0793777669093968
"10917748","C8h15orf39",65.316505,0.0145145378959794,0.0795399943900097
"10892279","Xrcc3",17.786955,0.014545141470944,0.0796778104129302
"10780038",NA,24.1256,0.01458117582327,0.0798153401725708
"10760811","Rpl31",936.2675,0.0146107799544029,0.0799324579752669
"10879392","Rps27a",473.11475,0.0146358262237033,0.0800418771736499
"10712648","Mrpl21",130.83695,0.01464271058808,0.0800523314238741
"10937174","Fus",235.69425,0.0146436523286501,0.0800523314238741
"10809459","Trappc2l",171.7181,0.0146574594095399,0.0801113642658263
"10766055",NA,83.5339,0.0146599354201789,0.0801113642658263
"10710106","Calcb",25.21572,0.0146701356809441,0.0801521121718908
"10919414","Zbtb38",218.2254,0.014680340343526,0.0801928688847736
"10882625",NA,10.072015,0.0146888645579362,0.0802244324538322
"10787588","Ddx49",79.9161,0.0147010098614523,0.0802715134460755
"10701092",NA,231.2265,0.0147029803672879,0.0802715134460755
"10937013","Kcnd1",10.343669,0.0147162212300146,0.0803183554806276
"10759198","Cmklr1",36.94497,0.0147198081482604,0.0803183554806276
"10861028",NA,26.75078,0.0147229481872374,0.0803204870853318
"10810736","Lcat",19.89254,0.0147292083514901,0.0803284754592373
"10818821","Gapdh",929.311500000001,0.014729911790071,0.0803284754592373
"10792999",NA,235.60125,0.0147342498481542,0.080337136070171
"10790739","Haus8",111.23874,0.0147438409926984,0.0803597200556864
"10842964","Ppdpf",387.075,0.0147500554902238,0.0803783102203688
"10804549",NA,22.97676,0.0147592961723557,0.0803836835158836
"10874245","Nol9",133.9855,0.014766117729524,0.0804058459180457
"10778438",NA,355.01245,0.0147807191222206,0.0804258173727434
"10701679","Raet1e",30.441832,0.0147807973394352,0.0804258173727434
"10867109","Nufip2",144.8313,0.0148005831113856,0.0804355440250699
"10810685","Gfod2",27.385355,0.0148023166960511,0.0804355440250699
"10865663","Tapbpl",78.772525,0.0148036562424149,0.0804355440250699
"10843450",NA,13.158295,0.0148060350366164,0.0804355440250699
"10741463","Chtf18",46.285922,0.0148073648171023,0.0804355440250699
"10742987","H2bc27",22.048325,0.0148185094725098,0.080481118373285
"10937244",NA,13.250775,0.0148236983494826,0.0804943352382501
"10940485","RT1-CE7",484.8735,0.0148298257905293,0.0805126427512587
"10705364","Sertad1",43.99491,0.0148471713754542,0.0805618990643611
"10907086","Tuba1a",520.1003,0.0148571016696735,0.0805945858479102
"10867919","Mms22l",108.883825,0.0148818205666349,0.0807049389332973
"10816024",NA,29.14952,0.014914339148014,0.0808212769189541
"10870041",NA,29.14952,0.014914339148014,0.0808212769189541
"10803728","Reep5",283.05235,0.0149190609984305,0.0808318709213928
"10916016","St3gal4",223.0903,0.0149372618738683,0.0809061645193237
"10836241",NA,79.0616999999999,0.014938312159144,0.0809061645193237
"10729267",NA,9.079655,0.0149458542747176,0.0809320086712881
"10812823","Cenpk",97.63222,0.0149585640753651,0.0809858211448697
"10850578",NA,9.69019,0.0149911121679523,0.0811469984944521
"10891495",NA,25.36216,0.0149983091060808,0.0811709155659589
"10909347","Hspa8",1237.552,0.0150155907872725,0.0812493923429114
"10716592","Raet1e",22.942246,0.0150257164720755,0.0812656348244502
"10935930","Dusp9",28.02102,0.015032501218297,0.0812656348244502
"10778673","Mix23",46.07838,0.0150482003961507,0.0813282608036537
"10713176","Fau",575.27,0.0150595525343131,0.0813366181803331
"10785479","Diaph3",48.303845,0.0150720676427338,0.0813891652707623
"10937805","Rbbp7",451.8861,0.0151173401661743,0.0815629041449132
"10740477","Rpl7a",444.8144,0.0151216295618293,0.0815629041449132
"10807583","Utp4",200.5946,0.0151231892519397,0.0815629041449132
"10931017","Sema6b",48.269285,0.0151392988455682,0.0816315017486951
"10773999","Dbnl",66.3590000000001,0.0151533286928441,0.0816506103813128
"10700463",NA,18.86444,0.0151540223689833,0.0816506103813128
"10857296","Tmem43",147.4288,0.0151667586199807,0.0816873170838727
"10714106","Fam111a",145.473845,0.0151692234949,0.0816873170838727
"10768191",NA,24.578725,0.0151954271603649,0.081798269589626
"10805301",NA,24.304435,0.0152017006404717,0.0818169643534896
"10798856","Cul2",52.45045,0.0152294548398295,0.0819512421607626
"10927275",NA,11.006155,0.0152446800267572,0.0820139518989765
"10894800",NA,20.874924,0.0152471584943179,0.0820139518989765
"10794691","Txndc5",241.11605,0.0152495305920189,0.0820139518989765
"10712687","C1h11orf24",140.62634,0.0152592745238989,0.0820361512589588
"10704380",NA,32.949615,0.0152644887476777,0.0820490845031569
"10710782","Il4r",173.7731,0.0152813293130865,0.0821196171217477
"10767921","Elf3",338.3002,0.0152865764328092,0.0821196171217477
"10811493","Emc8",82.76185,0.015287162925342,0.0821196171217477
"10785054","Polr3d",78.50245,0.015288854574012,0.0821196171217477
"10892343","Gpr132",16.52584,0.0153517419488936,0.0823968012667607
"10789059","Gpat4",190.3757,0.015359413755512,0.082407720339201
"10767597","Tmcc2",74.86694,0.0153721218290038,0.0824492033881467
"10795400","Haus6",59.55527,0.0153727942375312,0.0824492033881467
"10869541",NA,176.88395,0.0153912077520121,0.0825025217004187
"10734866","Tmem107",55.399395,0.0154073791681708,0.0825589095779421
"10788316","Zfp42",9.5014,0.0154115529052508,0.0825661299420497
"10895140","Galnt4",39.469265,0.0154232556064625,0.0826136760702593
"10868165","Srsf12",19.903055,0.0154314680813472,0.0826161681285418
"10799133","Smarca5",200.462,0.0154345530231488,0.0826161681285418
"10707416",NA,112.02676,0.0154351665509336,0.0826161681285418
"10725407","Usp31",81.62835,0.0154368936284638,0.0826161681285418
"10700163",NA,102.1485,0.0154568275208457,0.0826873757908781
"10795511","Rbbp4",420.9235,0.015474325471972,0.0827355315406643
"10868529","Creb3",122.38095,0.0154780976974667,0.0827405573895317
"10822348",NA,55.4278,0.0155236676175636,0.082923464212745
"10857673","Setd5",145.11365,0.0155403269032465,0.0829972779070278
"10818184","Prdx1",647.578,0.0155441207464524,0.0830023658356537
"10733015",NA,21.42605,0.0155510046967566,0.0830239494172233
"10924507","Des",181.10003,0.0155651764031893,0.0830692479800458
"10803586",NA,397.8245,0.0155867438354427,0.0831691569696116
"10712174","B4galnt4",122.6056,0.0155946531823457,0.0831961647313821
"10724819","Dennd5a",108.53375,0.015604393550777,0.0832310898801563
"10930821","Gtf2f1",105.1738,0.0156113359381386,0.0832395634416464
"10881468","Rex2l1",161.2445,0.0156247900963772,0.0832960981524751
"10795265","H2ac1",745.3312,0.0156354646692431,0.0833289382312073
"10741408","Ube2i",271.0594,0.0156511014435796,0.0833755064866401
"10738147",NA,12.587665,0.0156753309632373,0.0834741375792953
"10723884","Serpinh1",588.6112,0.0156813407594633,0.0834875071611195
"10815032","Afg2a",48.82525,0.0156835571746499,0.0834875071611195
"10750080","Bach1",129.8508,0.0157055459656739,0.0835588817776722
"10865372",NA,12.516024,0.015718369418069,0.0835747089769162
"10933651","Sms",38.1463,0.0157199639155252,0.0835747089769162
"10863904","Sec61a1",167.31785,0.0157349728499645,0.0836392825398224
"10812156","Rpl17",1199.585,0.0157388703372257,0.0836402152922315
"10728044","Tigd3",10.816725,0.0157560789377912,0.0836601399652183
"10743166",NA,20.925805,0.0157780083992082,0.083761355147096
"10753214","Rcan1",414.6237,0.0157871317279724,0.0837945614645686
"10938950","Rpl19",845.2685,0.0158108495740709,0.0838899672097545
"10930531","Tipin",94.99198,0.0158281947221156,0.0839515033790639
"10877307","Mup4l4",15.10438,0.0158373280905162,0.0839694560501527
"10867614","Ccne2",117.233925,0.0158473427399425,0.0839906110090829
"10914945",NA,104.00345,0.0158478130655952,0.0839906110090829
"10900495","Plk5",14.46411,0.0158507114120507,0.0839906110090829
"10827609","Dstnl1",861.7355,0.0158528181387035,0.0839906110090829
"10934952","Armcx4",21.590295,0.0158642652986608,0.0840081355649864
"10853396","Steap1",138.318385,0.0158671673846116,0.0840081355649864
"10801600",NA,32.16535,0.0158675060874145,0.0840081355649864
"10750391","Chaf1b",118.83314,0.0158835440416595,0.0840635090541231
"10725618","Xpo6",174.13735,0.0159030826024991,0.0841348899359303
"10816088","Plrg1",64.6628000000001,0.0159030896907718,0.0841348899359303
"10726682","Ifitm3",1028.4293,0.015928469952396,0.084240540669428
"10861024","Rps4x",907.2375,0.0159824376959562,0.0844419757273373
"10867368",NA,102.4193,0.0159842584299369,0.0844419757273373
"10742690","Rpl7a",324.96555,0.016000249427355,0.0845111709945304
"10874198","Tnfrsf9",19.55811,0.0160151592573644,0.0845291688905458
"10781982","Mir19b1",18.718909,0.0160194287824965,0.0845291688905458
"10859264","Ddx47",128.8245,0.0160210175993343,0.0845291688905458
"10810811","Slc7a6os",28.245395,0.0160385551908267,0.0845606120456256
"10825962","Gnai3",121.37525,0.0160472401461657,0.0845911356243385
"10768138","Ptprc",58.1225,0.0160707914366999,0.0846247371761252
"10771267","Mapk10",16.74568,0.0160709947919882,0.0846247371761252
"10768303",NA,14.690285,0.0160765559914868,0.084638764955
"10888341",NA,46.96711,0.0160796371023065,0.0846397330282489
"10731970","Pkmyt1",34.68885,0.0161065173851789,0.0847373665749813
"10708984",NA,54.7622,0.0161068869922254,0.0847373665749813
"10807177","E2f4",186.54,0.0161184690133944,0.0847677684531603
"10704372","Nsd2",123.34985,0.0161243002322562,0.0847729205075752
"10911010","Pclaf",145.20538,0.0161252522509959,0.0847729205075752
"10840007","Hspa12b",13.33909,0.0161307698962288,0.0847785089737679
"10707156","Zdhhc13",94.3424000000001,0.0161354528722399,0.0847785089737679
"10824305","Sema4a",436.13685,0.0161379232013118,0.0847785089737679
"10726672",NA,38.048,0.0161587721115595,0.0848727739063463
"10796941",NA,986.5913,0.0161698868018776,0.0849158858583594
"10764659",NA,21.446245,0.0161796091220039,0.0849516716193784
"10796094","Tasor2",39.06015,0.0161874412842269,0.0849745037784446
"10750329","Cbr3",57.59179,0.0161906653902295,0.0849745037784446
"10779673","Lgals3",1314.13785,0.0162048444176637,0.085023046842246
"10839400","Rpl32",1115.563,0.0162187544957037,0.0850519842440218
"10931511","Fsd1",17.43605,0.0162218274868112,0.0850519842440218
"10817324","Vps72",62.30181,0.016224422403492,0.0850519842440218
"10803274","Rpl7a",411.5347,0.0162244337953662,0.0850519842440218
"10791573",NA,17.68922,0.0162249164165104,0.0850519842440218
"10811476","Gins2",71.44177,0.0162317482926199,0.0850725322247214
"10810940","Ist1",119.24785,0.0162423662355512,0.0850845153181236
"10892316","Akt1",437.04755,0.016242772024686,0.0850845153181236
"10708464","Or14c40",10.849031,0.0162772735832738,0.0852041337505395
"10891364","Alkbh1",69.9033000000001,0.0162835223309556,0.085221573159537
"10868252","Gapdh",724.853000000001,0.0162951673040495,0.0852654324578032
"10890597",NA,90.2041,0.0162982554447,0.0852654324578032
"10773168","Hmgb2",516.5207,0.016306338399501,0.0852798728970679
"10806585","Junb",564.30425,0.0163327829397553,0.0853691389692017
"10844379","Cfap157",13.562045,0.0163391323613148,0.0853691389692017
"10937521",NA,328.3369,0.0163410300549836,0.0853691389692017
"10903522",NA,27.92738,0.0163414914959911,0.0853691389692017
"10706635","Nup62",143.2103,0.0163438623350019,0.0853691389692017
"10775553","Enoph1",130.3512,0.0163473523330476,0.0853721042291121
"10884763",NA,9.32554,0.0163577603261254,0.0854111903784501
"10909994","Poglut3",192.1838,0.0163659919504403,0.0854227747604472
"10753344",NA,397.7876,0.0163719384906977,0.0854227747604472
"10925462","Or9s14b",12.115565,0.0163730731091842,0.0854227747604472
"10810230","Asf1b",105.684515,0.0163740755601147,0.0854227747604472
"10718803","U2af2",276.192250000001,0.0163940994089527,0.0854787114283676
"10725384",NA,480.20025,0.0164025694286799,0.085499330792271
"10828357","Psmb9",388.07435,0.0164093380524943,0.085499330792271
"10911999","Rps20",1597.76,0.0164106533239764,0.085499330792271
"10713655","Hnrnpul2",102.6004,0.0164113535914037,0.085499330792271
"10928522",NA,871.8625,0.0164126873102983,0.085499330792271
"10737813",NA,19.14978,0.0164156644595908,0.085499593781866
"10798507","H2ac4",83.19807,0.0164358126514377,0.0855819283458457
"10705524","Paf1",77.9973500000001,0.0164373314146827,0.0855819283458457
"10874701","Ankrd65",44.8202,0.0164420369188228,0.085591173654043
"10713061","Efemp2",148.14135,0.0164497388283066,0.0856007606216867
"10841619","Manbal",82.5508500000001,0.0164625056697389,0.0856519395611312
"10769310","Prrc2c",332.13155,0.0164730676743408,0.0856916308828691
"10834590","Rpl7a",435.8893,0.0165009420334186,0.0858067308225012
"10821840","Skp2",35.793775,0.0165047584311384,0.0858067308225012
"10718881","Brsk1",30.118225,0.0165109231395933,0.0858067308225012
"10842500","Dok5",9.8377,0.0165128171658829,0.0858067308225012
"10701256",NA,19.78757,0.0165204341459969,0.0858185122004324
"10798135","Serpinb9",188.8204,0.0165374104257356,0.0858496040650411
"10761810","Kntc1",122.15791,0.016538347815802,0.0858496040650411
"10886263",NA,36.946455,0.0165395974955873,0.0858496040650411
"10700284",NA,63.1692,0.0165483127521488,0.0858623913815094
"10726860","Chid1",100.58125,0.0165514903360135,0.0858623913815094
"10902885","Tspan31",315.045,0.0165568441369455,0.0858623913815094
"10880408","Hmgn2",644.22835,0.0165576828268492,0.0858623913815094
"10893444","Sirt6",85.36515,0.0165598153028849,0.0858623913815094
"10795105","Rpl37l1",826.628,0.0165716405934114,0.0858832549753273
"10926054",NA,184.0599,0.0165980173225998,0.0859741982380198
"10834138","Nrarp",109.174301,0.0166050412142114,0.0859953331026365
"10747531","Cavin1",105.7739,0.0166137168376523,0.0860198933645082
"10879502","Cap1",382.78845,0.0166177607056756,0.0860198933645082
"10823172",NA,29.74357,0.0166186170380394,0.0860198933645082
"10763607",NA,209.67715,0.0166358248235704,0.086063216999431
"10701717","Katna1",36.062145,0.0166508822220519,0.0860715789879315
"10890572","Rpl23a",813.271000000001,0.0166519661907573,0.0860715789879315
"10787784","Hmgb2",484.52045,0.0166618479456167,0.086075904511276
"10727728","Cnih2",26.975464,0.0166618484292211,0.086075904511276
"10783805","Psme2",827.8909,0.016671735441645,0.0861083806225334
"10897052",NA,16.790675,0.0166769773931093,0.0861083806225334
"10721028","Lsm14a",103.8625,0.0166858302357165,0.0861084339350329
"10927379","Sema4c",36.80869,0.0166938230691496,0.0861344661148248
"10865420","Clstn3",16.76765,0.016717600878519,0.0862211887753383
"10767230","Actr3",363.3345,0.0167187588923745,0.0862211887753383
"10931168","Glrx-ps16",76.61511,0.0167251056095598,0.0862211887753383
"10927712","Tex30",83.7747,0.016726944330704,0.0862211887753383
"10841192","Bpifb1",37.586331,0.0167283390832689,0.0862211887753383
"10798226","Prl5a1",11.356735,0.0167364601372132,0.0862359352563308
"10779598","Rpl7a",358.85055,0.0167376292213682,0.0862359352563308
"10940605","Cchcr1",78.86737,0.0167686486715121,0.0863375576823323
"10927041","Ogfrl1",228.2008,0.0167764010764916,0.0863622521671589
"10915968","Rpl32",1166.4295,0.0168046438435279,0.0864447984504688
"10871054",NA,44.223275,0.016804935136544,0.0864447984504688
"10708065",NA,46.0559,0.0168097749532659,0.0864447984504688
"10843735","Entr1",287.06015,0.0168101903196109,0.0864447984504688
"10776938","Pgm2",128.4735,0.0168314757652497,0.0865390237602966
"10856187","C17h6orf62-ps1",131.6992,0.0168351033423753,0.0865397387293369
"10859671","Bmal2",10.991402,0.0168405016319669,0.0865397387293369
"10827870","Mrps18b",156.30915,0.0168440278973038,0.0865426364741175
"10940623","Impact",102.76205,0.0168476058951962,0.0865457989488769
"10881303","Hspa8",1140.244,0.0168643600915939,0.0865911800989819
"10703774","Or6al1",12.656685,0.0168852897458571,0.0866479632242175
"10700254",NA,49.13087,0.0169188916633726,0.0867746666175855
"10920352","Trex1",45.13995,0.0169354107845946,0.0868129578986898
"10784729","Cdca2",66.15032,0.0169407448630714,0.0868129578986898
"10837778","Psmc3",498.027,0.0169412156151308,0.0868129578986898
"10744425","Alox15",34.102079,0.0169565520969526,0.0868337846390485
"10773809","Sf3a1",65.1377,0.0169618813382471,0.0868337846390485
"10743104",NA,12.404995,0.0169623298031204,0.0868337846390485
"10754410","Kpna1",58.2463000000001,0.0169631138815311,0.0868337846390485
"10907501","Krt4",12.13937,0.0169712239179462,0.086844865219632
"10914028","Osbpl10",34.73467,0.0169789129090029,0.086868995047918
"10782162","Rpl21",485.972,0.0170043117071817,0.0869436612206714
"10707597","Atp10a",63.087955,0.0170056226901701,0.0869436612206714
"10721361","Mybpc2",45.60274,0.01700648500653,0.0869436612206714
"10901904","Elk3",226.2269,0.017008387207371,0.0869436612206714
"10940591","Sh3gl1",70.4394000000001,0.0170193144715095,0.0869842989801745
"10800601",NA,141.14715,0.0170459193669938,0.0870745739442833
"10920549",NA,62.586565,0.0170588893545861,0.0871138501261332
"10911350",NA,11.74795,0.0170595720056003,0.0871138501261332
"10893375","Or6c207",25.984815,0.0170753953831554,0.0871641797524902
"10726112",NA,298.6526,0.0170792967932966,0.087168863822391
"10700772",NA,104.19105,0.017084445866634,0.0871799129341217
"10751767","Rps26",907.2425,0.0170959403531681,0.0872233324270789
"10760954","Gnb2",252.83575,0.0171101058819431,0.0872651245172985
"10709452","Or52a20",13.586925,0.0171460955622552,0.0873902229434769
"10876295","Cd72",59.724096,0.0171465995040737,0.0873902229434769
"10798492","Hist1h2al1",321.99756,0.0171615552786171,0.0874206932710586
"10801821","Lmnb1",115.530645,0.017212288852178,0.087572240774561
"10771389","Hpse",64.198135,0.0172215585685048,0.0876041462685527
"10930338","Rpl29",528.2825,0.0172306285472494,0.0876197706491459
"10860912","Rpl29",583.7135,0.0172428346564658,0.0876361459772302
"10786454","Dcp1a",29.9157,0.01724584799148,0.0876361459772302
"10905312","Sstr3",11.32677,0.0172662923888125,0.087708559837707
"10778555","Sec61g",257.9723,0.0172691050929859,0.087708559837707
"10914811","Yap1",118.70605,0.0172891663710952,0.0877373336432476
"10801783","Rpl15",970.224,0.017289786738693,0.0877373336432476
"10846832","Zdhhc5",106.749,0.0173056511154753,0.0877675980691985
"10810562","Matcap1",10.69279,0.0173094070803235,0.0877675980691985
"10924392","Ttll4",91.56915,0.0173137765342915,0.0877675980691985
"10924326","Cnot9",104.80305,0.0173217900403049,0.0877929865089291
"10749675","Arhgdia",776.26,0.0173477249527208,0.0878637486616915
"10940594","Ctsz",199.359,0.0173497844694045,0.0878637486616915
"10720859","Fxyd5",233.97495,0.0173507895539569,0.0878637486616915
"10929995","Pask",52.76038,0.0173680934883404,0.0879208946748185
"10742230","Lsm11",27.02728,0.0173980612705386,0.0880325354827777
"10731348","Rrn3",166.00845,0.017415371736193,0.0880686636491503
"10879867","Ncdn",53.59725,0.0174340831074718,0.0881138674246845
"10850066","Cenpb",75.16174,0.0174353906911746,0.0881138674246845
"10719243","Sae1",166.1677,0.0174393914373083,0.0881138674246845
"10700344",NA,376.3595,0.0174656277940619,0.0882311690084255
"10923104","Wdr75",111.1335,0.0174725906604142,0.0882340554685164
"10818983","Tifa",20.6970764,0.0174760540771191,0.0882340554685164
"10852600","Rgs19",67.92406,0.0174782802422231,0.0882340554685164
"10876052","Bag1",70.931,0.0175201061652707,0.0883613783386333
"10928254","Orc2",117.56665,0.0175444716392077,0.0884612002878519
"10725955","Cd2bp2",62.2451000000001,0.0175675447983899,0.0885451377688156
"10772634","Phox2b",33.77683,0.0175725994830825,0.0885451377688156
"10860474",NA,18.09353,0.0175874795363286,0.0886015911664602
"10759475",NA,382.0474,0.0175948595021074,0.088611072569784
"10829639","Smarcb1",63.47975,0.0176005701855714,0.0886216920719206
"10711433","Sec23ip",62.19365,0.0176097763569573,0.0886284276480653
"10771533",NA,10.249075,0.0176110091906969,0.0886284276480653
"10739707",NA,9.68924000000001,0.0176209229911251,0.0886449518323601
"10714973","Hectd2",37.443555,0.0176209918662137,0.0886449518323601
"10903061","Shmt2",141.1825,0.0176233956405267,0.0886449518323601
"10781927","Slain1",27.501675,0.0176361825036045,0.0886939982200556
"10884816",NA,19.38645,0.0176706780233264,0.0888368934389018
"10908674","Septin7",184.69765,0.0176950967942726,0.0889137526226145
"10787033",NA,71.44425,0.0177116013056544,0.0889805808498064
"10907990",NA,16.3343,0.0177146226187066,0.0889805808498064
"10738469","Rdm1",993.52815,0.0177175340180504,0.0889805808498064
"10929983","Mab21l4",23.29541,0.0177481177663002,0.0890576283793701
"10738538","Hrob",23.73923,0.0177524789502536,0.0890642143315659
"10704486","Gng5",179.223,0.0177683926830854,0.0891287472259024
"10886364","Kcnk13",16.7958,0.017783436426388,0.0891744439776866
"10882490",NA,23.36911,0.0177870439751777,0.0891763690905856
"10709473","Or51i2",16.125489,0.0178430017799212,0.0894262230225799
"10867979","Map3k7",106.05005,0.0178488224547103,0.0894400513193664
"10757768","Limk1",110.26655,0.0178858866971454,0.0895998505740373
"10882201","Atad3a",74.54385,0.0178868463253161,0.0895998505740373
"10725823","Ppp4c",363.72185,0.0179039165969545,0.0896546142378175
"10707175","Rpl7a",473.88985,0.0179141829397049,0.0896906495973502
"10737019","Ube2i",310.28165,0.0179305014925433,0.0897457640779157
"10780082","Tcrva8",35.511065,0.017940551181455,0.0897457640779157
"10780085",NA,35.511065,0.017940551181455,0.0897457640779157
"10783518","Tcrva8",35.511065,0.017940551181455,0.0897457640779157
"10856797","Dysf",164.2871,0.0179532176043059,0.0897783805361509
"10890236",NA,94.1703,0.0179797069650899,0.0898646979090056
"10714348","Abhd17b",104.62835,0.0180012956115802,0.089880468955748
"10856053","Serbp1",839.132,0.0180388284071967,0.0900523467340813
"10818087","Rplp0l1",31.271065,0.0180472104386955,0.0900634106177058
"10842239","Mmp9",20.008566,0.0180755228478343,0.0901611762416786
"10798501","H2bc14",55.421485,0.0180825540047929,0.0901627807980919
"10827665",NA,20.844815,0.0180870201690065,0.0901696599347025
"10840817","Tbc1d20",139.3264,0.0180927961858988,0.0901830656500335
"10710886","Bola2",356.01165,0.0181097367152786,0.0902367130138407
"10915785",NA,172.7635,0.0181375995007854,0.0903447283573647
"10791248",NA,34.887165,0.0181693605950407,0.0904285709835273
"10900306","Eef2",815.3955,0.0181699086627407,0.0904285709835273
"10796347","Mcm10",120.97047,0.0181973487162361,0.0905027926526191
"10872531","Rps20",1584.601,0.0182033591817441,0.0905027926526191
"10900411","Sf3a2",59.30605,0.0182044094876222,0.0905027926526191
"10725701","Atxn2l",217.7339,0.0182150102298311,0.0905296544495212
"10774964",NA,60.536,0.0182322334532776,0.0905536327956566
"10776976","Ube2i",244.7782,0.01823723881829,0.0905630961817992
"10880429","Cd52",44.536795,0.018241053422333,0.0905666442352204
"10794116","Hk3",8.203357,0.018245378706531,0.0905727261737632
"10896605","Mtbp",40.561905,0.0182518259179784,0.0905893378130855
"10705329","Coq8b",48.27675,0.0182571076513422,0.0905968547328742
"10876103","Ubap2",336.0706,0.0182595427078511,0.0905968547328742
"10867848","Ccnc",100.88455,0.0182789619424248,0.0906624098787775
"10822852","Ccna2",231.791585,0.0183120452759848,0.090792975868854
"10779546","Glrx-ps16",83.07585,0.0183128962159179,0.090792975868854
"10836923","Map3k20",112.25685,0.0183146096664324,0.090792975868854
"10815120","Plk4",161.11393,0.0183382567493951,0.0908639471975627
"10803520","Slc39a6",87.83599,0.0183527483335321,0.0909049151942705
"10718539","Prpf31",61.524245,0.0183687991334096,0.0909689943860702
"10798457","Hist1h2ah",432.2388,0.0183823892314938,0.0910054429772682
"10885593",NA,51.53925,0.0184002956390622,0.0910662807479324
"10867099","Rpl7",320.7705,0.0184009124137415,0.0910662807479324
"10741422","Cacna1h",19.425085,0.0184079640712969,0.0910733952994755
"10896335","Rpl7a",372.21835,0.0184428903866404,0.0911967839802495
"10766795",NA,200.3861,0.0184759140836203,0.0913446190622581
"10725768","Il27",58.96057,0.0184864567718047,0.0913503633510661
"10844747","Rbm18",49.7162000000001,0.018491040069613,0.091357558700097
"10907529","Spryd3",68.0206,0.0185010703301108,0.0913762077132469
"10836517",NA,102.61165,0.0185256187772886,0.0914519206968209
"10802338",NA,35.36172,0.0185342120269575,0.0914625794181649
"10863410","Reg3g",12.0320626,0.0185424568787106,0.0914878120680037
"10856043","Mad2l1",125.696225,0.0185579500515963,0.0915333366211944
"10777692","Sh3bp2",16.48054,0.0185632303851576,0.0915439251303166
"10844733","Lhx6",8.859275,0.0185803555022497,0.0915931321476219
"10911997",NA,53.217385,0.0185819380733231,0.0915931321476219
"10929122","Tuba4a",517.133,0.0185826143026958,0.0915931321476219
"10878428","Rpl32",1138.986,0.018589685952502,0.0916004550095231
"10860188","Psmc2",153.3262,0.0185910614185637,0.0916004550095231
"10894234","Ftl1",288.4211,0.018600333889108,0.0916004550095231
"10833944","RT1-Cl",389.0405,0.0186215391773166,0.0916760889111517
"10770744",NA,56.44305,0.0186245494518959,0.0916760889111517
"10700015",NA,92.32833,0.0186325847486645,0.0917001905066519
"10940465","Fdps",184.3346,0.0186489166194678,0.0917277249332372
"10705539","Gmfg",43.6136,0.018651253447714,0.0917277249332372
"10817531","H2ac1",640.9982,0.018657707878755,0.0917277249332372
"10825146","H2ac1",640.9982,0.018657707878755,0.0917277249332372
"10877858",NA,13.051211,0.018658718360595,0.0917277249332372
"10769231","Faslg",7.60455000000001,0.0186648624592611,0.0917277249332372
"10759483",NA,428.03195,0.0186703145693708,0.0917277249332372
"10711711",NA,60.94549,0.0186713891963997,0.0917277249332372
"10753172","Donson",71.0489,0.0186741959773195,0.0917277249332372
"10823970","Tlr2",29.9122,0.0186758577361161,0.0917277249332372
"10756721","Rac1",338.304000000001,0.0186799473276784,0.0917323888436371
"10878936","Btbd19",80.3828,0.0186862852023694,0.0917338938627984
"10798199","Mboat1",211.51145,0.0186865339350145,0.0917338938627984
"10745249","Vma12",22.41235,0.018710190587175,0.0917943280828543
"10938101","Prkx",84.4883500000001,0.0187241139222329,0.0917943280828543
"10863430","Hk2",116.32601,0.0187253636856122,0.0917943280828543
"10713116","Kcnk7",7.661242,0.0187258645700865,0.0917943280828543
"10754991","Gapdh",637.408500000001,0.0187280362235042,0.0917943280828543
"10793918",NA,30.93627,0.0187293348286173,0.0917943280828543
"10842143","Wfdc2",953.0493,0.018745919289062,0.0918556333630756
"10879915","Rpl37a",577.7079,0.018762566076726,0.0919217852365376
"10906643","Amigo2",29.962895,0.0188069588950866,0.092123825815067
"10707788",NA,9.08714,0.0188145044370722,0.0921453365674146
"10802040","Pdgfrb",218.63635,0.0188204789970239,0.0921591474051385
"10779620","Styx",40.34495,0.0188321964538938,0.0922010704213262
"10770159","Chml",56.474445,0.0188497781328869,0.09225622690135
"10813472","Nup155",162.93995,0.0188666705462979,0.0922616192399642
"10719728","Atp1a3",14.364508,0.0188965506944622,0.0923702239496492
"10731413",NA,73.4688,0.0189066556382919,0.092395289029284
"10782852","Fermt2",128.8996,0.0189133725645868,0.0924097343783638
"10736193",NA,14.288018,0.0189262764326101,0.0924181649226631
"10701381",NA,89.9727,0.0189271541292631,0.0924181649226631
"10783430","Tcrva8",31.97483,0.0189314626936685,0.0924237552026789
"10802710",NA,21.217235,0.0189646911057009,0.0925196424446207
"10733942","H3f4",93.7693300000001,0.0189683211199238,0.0925196424446207
"10931692","Glrx-ps16",89.42338,0.01897327233127,0.0925196424446207
"10748021","Map3k14",24.75604,0.019020417858447,0.0927185862367215
"10932236","Acp1",161.42365,0.019055541718873,0.0928433281813136
"10798497","H2bc1",802.61355,0.0190995536563521,0.0930203400197732
"10711017","Itgal",78.80155,0.019101424651832,0.0930203400197732
"10776641",NA,13.34995,0.0191203100512121,0.0930538386323537
"10772861",NA,23.816955,0.0191203359781133,0.0930538386323537
"10737163",NA,142.970995,0.0191206494600599,0.0930538386323537
"10782801",NA,18.287785,0.0191210444755946,0.0930538386323537
"10731729","Rpl37a",527.2122,0.0191316302929255,0.0930898479975894
"10739395","Rpl38-ps9",518.436,0.0191579083698023,0.0931582504687568
"10702829","Synj2",34.865975,0.019167305261043,0.0931591023210382
"10805765",NA,56.3644,0.0191681852554173,0.0931591023210382
"10898661",NA,132.61343,0.0191784547008386,0.0931935089205422
"10763021","Pole",189.141595,0.0191833788363107,0.0932019340302648
"10701608",NA,19.178235,0.0192053596972296,0.0932932122040017
"10742876","Gemin5",49.25976,0.0192288612623193,0.0933918458715536
"10926390","Dnph1",24.87684,0.0192460695650236,0.093459886348504
"10784579","Scara3",19.328112,0.0192561234403026,0.0934776321344302
"10919375","Rpl31",807.567999999999,0.0192918175483031,0.0936197936638085
"10782927","Wdhd1",86.881675,0.0193368372534674,0.0938071012160075
"10940413","Emd",97.69895,0.0193432891546485,0.0938111133624648
"10898052","Mei1",18.00065,0.0193821153720941,0.0939575154760857
"10886599","Serpina3a",13.97633,0.0193897167761665,0.0939575154760857
"10716430","Kcnk18",11.772665,0.0194125208894516,0.0940328186444191
"10745347","Utp6",69.22035,0.0194248076077872,0.0940328186444191
"10795415","Tgif2",20.22449,0.0194252091640676,0.0940328186444191
"10841589","Tgif2",20.22449,0.0194252091640676,0.0940328186444191
"10875311","Bpnt2",36.3012,0.0194296827929103,0.0940388921656859
"10899496","Slc61a1",155.52895,0.0194430781578189,0.0940881373699723
"10751709","Acap2",95.796,0.0194683475784732,0.0941636268472707
"10702880","Tmem181",103.11705,0.0194793209533693,0.094186872231407
"10728930",NA,16.380627,0.0194807453571819,0.094186872231407
"10905827","Ttll12",157.3457,0.0194996918944974,0.0942347604747078
"10798505",NA,332.28575,0.0195056341682261,0.0942347604747078
"10868506","Ptma",888.922,0.0195348303664127,0.0943146718245049
"10920988",NA,30.643185,0.0195359346371899,0.0943146718245049
"10721394","Pold1",133.77526,0.019538317035733,0.0943146718245049
"10824070","Rpl7a",250.3358,0.019556296368863,0.0943858652106333
"10876461","Or13c7c",9.417496,0.0195843144409949,0.0944586696515147
"10765744","Pigm",61.2271000000001,0.0195961522663358,0.0944664021660287
"10741028","Ccnf",54.57274,0.0196020856414892,0.0944664021660287
"10760203","Arpc1a",146.8887,0.0196304955430509,0.0945863186100812
"10898573","Ncaph2",188.3304,0.0196364218156169,0.0945863186100812
"10836067","Rpl37l1",796.726999999999,0.019636681809069,0.0945863186100812
"10748857","Cd300c2",31.378688,0.0196779301045181,0.0947537580473696
"10778718",NA,43.022,0.019715516054076,0.0949021969896083
"10891612",NA,108.8576,0.019721751144106,0.0949021969896083
"10876045","B4galt1",104.97575,0.0197473413801257,0.0950096889128773
"10705184",NA,16.591195,0.0197580929117512,0.0950144734689548
"10926965","Rpl10a",824.2695,0.0197614917790686,0.0950151778857325
"10835912",NA,16.986075,0.0197797403306885,0.0950488655298395
"10865777","Tigar",18.202975,0.0197811733528503,0.0950488655298395
"10715200","Hells",50.446105,0.0197847626538765,0.0950488655298395
"10866012","Clec1a",51.5582,0.0197878329054037,0.0950488655298395
"10856928","Add2",13.782915,0.0197880194479525,0.0950488655298395
"10932912","Alas2",160.50983,0.0198247684357124,0.0951940803880512
"10863898",NA,49.180685,0.0198409949611607,0.0952563396541246
"10701510",NA,10.337572,0.0198661547365875,0.0953614598216675
"10892702","Rpl32",1150.984,0.0198941104085483,0.0954486026400608
"10910762",NA,101.36245,0.0199170110825446,0.0955114185432465
"10897419","Ncf4",41.5123,0.0199308502040016,0.095538528919096
"10753470","C2cd2",29.9445,0.0199324753119015,0.095538528919096
"10851486","Jph2",21.858455,0.0199384191216209,0.0955513412432795
"10830970",NA,76.38925,0.0199500268077347,0.0955912880369298
"10812118","Zfp296",14.32425,0.0199707501377509,0.0956748925097169
"10898245","Parvg",23.34001,0.0199813447052177,0.0957099531428479
"10785063","Bmp1",118.5302,0.0199942813689011,0.0957486966780745
"10848652",NA,9.73263500000001,0.0199992656647365,0.0957486966780745
"10736557","Atad5",70.888205,0.0200200168662693,0.0958166403556998
"10700473",NA,48.719975,0.0200512110319464,0.0959030908787299
"10787960","Hmgn2",763.2625,0.0200769903351126,0.0959817519365917
"10736867","Wfdc17",13.214765,0.0200902019833458,0.0960259779984635
"10823052","Pcdh18",40.5242,0.0200952473742024,0.0960259779984635
"10928976",NA,46.43415,0.0200966259150615,0.0960259779984635
"10817046","S100a16",279.20185,0.0201218158134583,0.0961306176900033
"10871444","Slc6a9",107.33619,0.0201523152468505,0.0962291169698416
"10799552","Ucma",85.336254,0.0201631824527584,0.0962652740929699
"10799084",NA,188.92593,0.0201782198670175,0.096321326012263
"10810896","Dhx38",23.020905,0.0202304486327021,0.0965390928382489
"10915751","Anln",201.97113,0.0202398420374856,0.0965539916115177
"10842341","Tp53rkb",20.33819,0.0203222324837485,0.096866323997427
"10796677","Rpl37l1",746.4405,0.020332838684029,0.0969010684037884
"10880343","Fgr",50.830675,0.020336175439602,0.0969011628270317
"10805382","Adnp2",36.2839700000001,0.0203568240949582,0.0969679209375689
"10784307","Nup58",186.217,0.0203705458294691,0.0970131013150518
"10707935","Rgma",29.098025,0.0203752954411249,0.0970131013150518
"10765965","Wdr64",9.051433,0.0203762712969521,0.0970131013150518
"10894606","Slc41a2",47.68111,0.0203986970690521,0.0970724188921266
"10915192",NA,10.80141,0.0204172152196411,0.0971288919437543
"10808012",NA,22.073425,0.0204433081800359,0.0972371874261754
"10904082",NA,119.7954,0.0204603593873415,0.0972831635222011
"10897096","Gsdmd",41.69106,0.0204662943454319,0.0972831635222011
"10882399","Crim1",185.8883,0.0204765874540317,0.0973162560406834
"10853110","Dnajc2",164.6399,0.0204823518128927,0.0973278181297734
"10889190","Kcns3",15.26464,0.0204951570695302,0.0973728278792089
"10716603",NA,31.419566,0.0205053640038366,0.0974054803265176
"10878123",NA,47.989925,0.0205163342022447,0.0974417472580681
"10851023","Ggt7",13.58887,0.0205332239542399,0.0975061125811384
"10722347","Gabra5",8.760146,0.0205400979645216,0.0975229029636817
"10850949","E2f1",127.910555,0.0205474325667474,0.0975418743914461
"10831359","Nelfe",44.48135,0.0205638884921591,0.0976041329666834
"10797007",NA,11.815957,0.0205927435157683,0.0976779254314606
"10905439","Csnk1e",169.3739,0.0205928097053593,0.0976779254314606
"10835406","Abl1",108.0418,0.0206029389922163,0.0977101070971762
"10893035","Timeless",128.82101,0.0206273317009372,0.0978099120777763
"10872522","Srsf4",39.6442000000001,0.0206381384491208,0.0978452737183731
"10798455","H3c10",1348.16495,0.0206483936339716,0.0978780093498049
"10881671","Pgd",378.24255,0.0206625434915121,0.0978974287319224
"10797763","Rpl27",748.263500000001,0.0207054853978404,0.0980533586825883
"10886858",NA,43.87225,0.0207093440435791,0.0980533586825883
"10739958",NA,88.9927000000001,0.0207108763122109,0.0980533586825883
"10700112",NA,25.046005,0.020736507547214,0.0981206798966845
"10718152",NA,34.55362,0.0207372431940105,0.0981206798966845
"10808407","Gse1",30.85652,0.0207544282760882,0.0981372343846069
"10716884","Ltv1",85.1005500000001,0.0207563246631873,0.0981372343846069
"10701606",NA,17.25702,0.0207568279339524,0.0981372343846069
"10929298","Fam124b",7.268915,0.0207608625429563,0.0981404269142275
"10807484","Prmt7",101.20105,0.0207668525573437,0.0981450793327846
"10938155","Prrg1",81.9513,0.0207956754221917,0.0981770912166808
"10701336",NA,354.4708,0.0208014463724922,0.0981770912166808
"10700775",NA,15.093945,0.0208017860109893,0.0981770912166808
"10700989",NA,66.8719,0.0208055853947584,0.0981770912166808
"10869499","Pappa",125.59345,0.0208098160857625,0.0981811962418387
"10712134","Psmd13",151.2902,0.0208347675052915,0.0982671775750057
"10892613",NA,14.113901,0.0208439213500191,0.0982786181922947
"10839790","Sirpa",298.10625,0.0208543273633799,0.0983118153289948
"10915003",NA,12.00662,0.0208712956511484,0.0983441985730079
"10833894",NA,422.0734,0.02087712357351,0.0983458381168462
"10798218","Rpl37l1",787.499,0.0208884079312183,0.0983586329505364
"10834204","Sapcd2",26.525995,0.0208911931764934,0.0983586329505364
"10905316","Rac2",68.6878,0.0209046994077605,0.0984063629549333
"10770666","Smyd2",202.6028,0.0209617692587592,0.0985512768670787
"10872101","Sfpq",167.8643,0.0209736711206131,0.098588065666547
"10938346","Pola1",146.554865,0.0210427123882301,0.0988245994209202
"10724708","Lmo1",101.95731,0.0210448029037489,0.0988245994209202
"10938201",NA,15.369843,0.0210449509320903,0.0988245994209202
"10723131","Blm",53.18859,0.021047670897411,0.0988245994209202
"10791264","Sh2d4a",474.89285,0.0210719215028531,0.0989066701131669
"10852934","Kcnh2",18.171543,0.021085447950241,0.0989542612720227
"10929606","Nppc",17.241872,0.0210918026549051,0.0989681854738834
"10763869","Elk4",53.3248000000001,0.021096403903637,0.0989738788567289
"10855462","Malsu1",45.0727,0.0211074949111341,0.0990100122565623
"10727643","Rbm14",70.5616,0.0211313323565838,0.0991059148282611
"10822175",NA,283.12415,0.0211425670731568,0.0991426893218624
"10735699","Trpv3",19.114315,0.0211618082407664,0.0992169902015325
"10722529","Prrc2c",209.41885,0.0211684680187858,0.0992322889442887
"10792421","Plat",458.1696,0.0211755199551898,0.0992335001557449
"10819318","Ddit4l",61.6891000000001,0.0211800182485154,0.0992386612850249
"10744718","Spns2",133.2713,0.0211943727946985,0.0992740751682417
"10720161","Timm50",190.77695,0.0212035336418973,0.0992798269745749
"10844062",NA,176.9692,0.0212066185770003,0.0992798269745749
"10934891","Cenpi",66.21026,0.0212265289479592,0.0992798269745749
"10795701","Smokxl2",53.18553,0.0212295844153546,0.0992798269745749
"10799073","Smokxl2",53.18553,0.0212295844153546,0.0992798269745749
"10831035","Nrm",111.10644,0.0212456901716978,0.0993392433860402
"10829165","Pknox1",33.15741,0.0212705140914505,0.0994234877868215
"10886402",NA,11.21781,0.0212785519159466,0.0994451472840286
"10700228",NA,6.9248417,0.0212934872806607,0.0994990302970604
"10868238",NA,422.3635,0.0212994012447556,0.0995107481151912
"10703308","4930488N24Rikl",117.3629,0.0213111897818041,0.0995482305519671
"10921030","Cck",25.32814,0.0213304552269254,0.0996080433183181
"10900949","Brd4",176.1266,0.0213386541577543,0.0996144842704753
"10839197","Golm2",147.5427,0.0213628076399806,0.0996532950530488
"10741899",NA,10.74709,0.0213788664070285,0.0996826439403653
"10893211",NA,25.305765,0.0213800462615362,0.0996826439403653
"10801859","Prrc1",28.29955,0.0213805520274639,0.0996826439403653
"10754883","Meltf",30.762489,0.0214079533531079,0.0997626334754658
"10836755","Gorasp2",193.2095,0.0214135817192327,0.0997729467855924
"10833939","RT1-CE11",23.54421,0.0214628943856009,0.0999230273435768
"10833586","Rpl13a",636.52,0.021500155648194,0.100064608428603
"10808312","Necab2",11.21971,0.0215258490135269,0.100152277923423
"10886852",NA,15.144034,0.0215353966299316,0.10015762420021
"10795528","Tbce",48.97715,0.0215370033149979,0.10015762420021
"10728060","Pola2",163.786205,0.0215372833307907,0.10015762420021
"10828154","Hspa1a",3029.2712,0.0215473272802418,0.100188384396782
"10731385","Parn",80.1316,0.0215643566893355,0.100247000220439
"10770471","Disp1",56.14943,0.0215667966175621,0.100247000220439
"10909758","Rps21",473.6655,0.0216225047462576,0.100457991993825
"10769422","Prrx1",217.5714,0.0216329346133481,0.100474491541232
"10907198","Cers5",225.93475,0.0216562476459275,0.100550797636384
"10816008","Ppid",60.5270000000001,0.0216618311381733,0.100560739690227
"10810727","Psmb10",262.27675,0.0217018984382524,0.100676790178701
"10810867","Nqo1",294.90465,0.0217040605376005,0.100676790178701
"10735317","Gp1ba",16.923153,0.0217179050747002,0.100725016487108
"10845380",NA,134.258065,0.0217225043869831,0.100730356057353
"10807174","Nol3",36.401845,0.021753003957405,0.100790421374715
"10842469","Cebpb",99.34725,0.0217557074210488,0.100790421374715
"10934635","P2ry10",8.283855,0.0217601365480566,0.100792869686844
"10826238","Slc30a7",106.61345,0.0217754325374152,0.100824464094751
"10818317","Psma5",111.8863,0.0217799739820463,0.100824464094751
"10793280","Ice1",47.8423,0.0217866601843935,0.100824464094751
"10778482","Fignl1",22.338007,0.0217876648808846,0.100824464094751
"10829703","Tfam",33.60115,0.0217993250534842,0.100862445694091
"10812146","Rpl17",1259.748,0.0218028116549557,0.10086260327599
"10733531","Kif3a",15.112135,0.0218169679136152,0.1008863188048
"10854446","Cald1",220.3301,0.0218182981518699,0.1008863188048
"10732714","Rpl29",489.3375,0.0218287712511291,0.100918772484647
"10713823",NA,10.645363,0.0218376643190272,0.100943912249377
"10792751","Tfdp1",203.5818,0.0218451516956293,0.100962547324176
"10889064","Selenoi",181.88515,0.0218523754803803,0.100979958444136
"10741612","Wdr90",46.093345,0.0218669627098667,0.101015409330494
"10703128","Snrpd3",186.55245,0.021894184621779,0.101125171468878
"10795668",NA,79.0340500000001,0.0219100839547622,0.101160564066408
"10859774","Resf1",128.4743,0.0219262862750424,0.101209437073643
"10869331","Bspry",182.26295,0.0219336011945636,0.10122720778799
"10872601","Tmem222",22.6345,0.0219393994162005,0.101237974181785
"10924248","Arpc2",696.904500000001,0.0219676830893164,0.101323942057445
"10802513","Gapdh",779.1275,0.0219692285817045,0.101323942057445
"10703424",NA,21.813805,0.0219719029552241,0.101323942057445
"10785565","Dis3",94.48645,0.0219776828894274,0.101334600368013
"10736702","Ccl7",50.240746,0.0219961068766209,0.101401076887001
"10722000",NA,9.76441000000001,0.0219990424217776,0.101401076887001
"10753206",NA,169.80395,0.0220294669302407,0.101525295298951
"10911947","Ttk",51.9736,0.0220613672965356,0.101622601470089
"10702196",NA,873.7225,0.0220644951435879,0.101622601470089
"10837621","Cpne8",92.1505800000001,0.0220814481786066,0.101652604331833
"10765195","Selp",112.119782,0.022093935868005,0.101687358835421
"10892274","Bag5",29.13165,0.0220959592622459,0.101687358835421
"10888388",NA,38.82442,0.0221123455976281,0.101730718785686
"10706246","Cdc42se2-ps1",27.6210000000001,0.0221371275403135,0.101812664351813
"10913590","Map4",26.906805,0.0221914915803408,0.102010953557038
"10887516","Cep170b",171.72935,0.0221976746596503,0.102010953557038
"10800726","Map3k2",149.76255,0.0221977008202263,0.102010953557038
"10823595","Kpna4",172.94125,0.0222318059576695,0.102122105493873
"10754176","Cd80",16.87717,0.0222388197812921,0.102122295332417
"10805724","Cmtm2a",16.77976,0.0222478280384344,0.102122295332417
"10770439",NA,40.11201,0.0222517520521524,0.102122295332417
"10875957",NA,15.30651,0.0222533898845131,0.102122295332417
"10831898","Tcp11",28.768585,0.0222581190731107,0.102127955175413
"10784199","Micu2",104.89165,0.0222887708018352,0.102252536150254
"10727537","Grk2",101.07395,0.0223007215804956,0.102291298516659
"10700925",NA,51.49899,0.0223074474050928,0.102306086105554
"10735771","Olr1520",34.54,0.0223331499555311,0.102407886171854
"10764837","Tor1aip2",84.2509000000001,0.0223451072956067,0.102438370832661
"10761128","Hspb1",1472.196,0.0223468110261022,0.102438370832661
"10857310","Lsm3",278.3602,0.0223765020029112,0.102513494372951
"10877860","Psip1",123.1457,0.0223829427191578,0.102523563593207
"10772805",NA,31.69135,0.0224064239949544,0.102598945233322
"10924245","Cxcr2",37.286706,0.0224414691132878,0.102743312752796
"10826576",NA,18.91112,0.0224492234053757,0.102762709583931
"10884926","Lrr1",27.81176,0.0224552168718355,0.102765825974147
"10745850","Brip1",86.51716,0.02245693958441,0.102765825974147
"10769441","Firrm",42.447665,0.0224664016307082,0.102793023843306
"10812158","Rpl7a",343.20805,0.0224756850509274,0.102819396034731
"10782771","Galnt12",17.01483,0.0225150089068669,0.102934815368578
"10885251","Hif1a",326.58,0.0225409469672942,0.103021155303901
"10940502",NA,25.021035,0.0225522606394662,0.103056740547687
"10892050","Syne3",30.8727,0.0225676138268917,0.103094647433747
"10908037","Sesn3",229.05755,0.0225799704263532,0.103133116728283
"10939437","Bex1",48.92246,0.0226069242408493,0.103199864938346
"10886994",NA,52.041825,0.022609139076057,0.103199864938346
"10761245",NA,57.43525,0.0226163475085403,0.103199864938346
"10811287","Cdyl2",30.561865,0.0226189065242771,0.103199864938346
"10759752","Rfc3",88.381715,0.022629579551128,0.103232438633144
"10775532","Mrps18c",79.1111500000001,0.0226580893817929,0.10334635803274
"10860076","Nos3",88.602445,0.022682569047383,0.103430978711835
"10805967","Ccdc102a",20.619675,0.0226837228933637,0.103430978711835
"10906479","Prickle1",39.33336,0.0226953740602697,0.103451811171278
"10824123","Kirrel1",121.35865,0.0227167420576672,0.103533058108064
"10924805","Sp140",48.01316,0.0227366570082975,0.103607658374732
"10814630","Slc2a2",265.91665,0.0227736326855502,0.10373922822778
"10794969","Rpl29",704.487,0.0227831146983469,0.10373922822778
"10829196","Rrp1",78.91485,0.0227832850109344,0.10373922822778
"10917969","Arih1",126.6562,0.0227902328239984,0.103754692491864
"10739814",NA,9.529494,0.022809222974782,0.103808792644537
"10775080","Dr1",58.1702000000001,0.0228279634750476,0.103868087233453
"10792436","Dkk4",18.758705,0.0228293622279044,0.103868087233453
"10770541","Gapdh",944.784500000001,0.0228468386394265,0.103931414514514
"10796134","Rbm17",119.90395,0.0228647603394465,0.103964374872621
"10795295","hist1h2ail2",126.680355,0.0228806404524606,0.10400420572245
"10795267","Prss16",10.305978,0.022896983424254,0.104046115065509
"10905817","Gapdh",923.770500000001,0.0229065800186262,0.104053536135598
"10725556","Nsmce1",85.2999000000002,0.0229112826011828,0.104053536135598
"10800392","Dsg3",8.792017,0.0229152032958656,0.104053536135598
"10804781",NA,23.781815,0.0229199871648037,0.104053536135598
"10798459","H2bc3",191.76957,0.0229527900897847,0.10417789901405
"10936755","Ddx3x",156.1929,0.0229545127662574,0.10417789901405
"10934056","Msn",330.1305,0.0229607641466957,0.104178048514251
"10929713","Hjurp",66.396043,0.0229638311363468,0.104178048514251
"10794168","Nop16",244.7713,0.0229728565274804,0.104196402824687
"10899566","Prr13",336.1686,0.0229826304453996,0.104223452860316
"10832273","Krtap10-10l1",33.25325,0.0229932366705077,0.104224114211359
"10918374","Rab8b",137.8257,0.0230043284985506,0.104244072895382
"10927803",NA,55.91769,0.0230163084185055,0.104247819246236
"10872478","Snrnp40",156.91645,0.0230401639596723,0.104303046877802
"10880251","Gpn2",46.8872000000001,0.0230427830680267,0.104303046877802
"10781496","Lcp1",310.47575,0.0230998750560135,0.104512892966761
"10842465","Snai1",32.880905,0.0231123223434961,0.104553017179141
"10937802",NA,31.76632,0.0231334011926997,0.104615972514478
"10914025","Osbpl10",46.77463,0.023151369491022,0.10466071355624
"10896222",NA,78.2266,0.0231567979465901,0.10466071355624
"10701305",NA,9.989935,0.0231715021267762,0.10466071355624
"10810045","Farsa",85.61365,0.023171853044747,0.10466071355624
"10735731","Or1e21",11.74762,0.0231745065758935,0.10466071355624
"10730242",NA,20.321415,0.0231751340341955,0.10466071355624
"10746534","Nxph3",11.199975,0.0231812102395878,0.104668800462597
"10887056","Mir323",9.18067000000001,0.0231844940026517,0.104668800462597
"10828737","Rpl10a",783.1925,0.0232063299728558,0.104751193421973
"10846149","Rpl7a",426.4129,0.023216059961001,0.104762739527446
"10822717","Gnb4",23.8846,0.0232204383229494,0.104766314311451
"10732811","Nudcd2",32.8998,0.0232265853359199,0.104777866584862
"10791293","Naf1",23.76347,0.0232422186056936,0.104832202307663
"10934794","Isg20l2",30.966955,0.0232601862325025,0.104862429492027
"10931498","Chaf1a",101.54409,0.0232638885186752,0.104862429492027
"10838745","Knl1",83.03243,0.0232642907562207,0.104862429492027
"10864170","Trh",10.329415,0.0232712972425017,0.104862429492027
"10844353","Fpgs",80.5825500000001,0.023292544027321,0.104917059691992
"10917707","Peak1",262.3684,0.0232942048686516,0.104917059691992
"10783403",NA,18.346925,0.0232969455131769,0.104917059691992
"10816033",NA,22.106655,0.0233081994702878,0.104951562781286
"10877217","Mup4l4",21.365465,0.0233153514761321,0.104967587921671
"10905530","Rpl3",801.082,0.0233211317484757,0.104977433420642
"10765462","Sms",40.63815,0.0233323619445139,0.10501180432091
"10769887","Ptma",907.447,0.0233432206062413,0.105044492728086
"10808223","Bco1",13.91206,0.0233481545440445,0.105050513914942
"10727977","Ehbp1l1",52.11847,0.023369670862096,0.105131130977098
"10865782","Ccnd2",126.1126,0.0233816019287652,0.105168609506843
"10724464","Cavin3",338.77155,0.0233888305381614,0.105184928470112
"10890238","Rps29",748.989500000001,0.0234116828549063,0.105255294386462
"10861524","Tnpo3",100.75715,0.0234162790615422,0.105259759425126
"10752521",NA,11.727225,0.0234248479746536,0.105278682262051
"10864554",NA,20.82106,0.0234358674502678,0.105278682262051
"10862726","Rpl7a",481.7432,0.0234385072031348,0.105278682262051
"10882750","Rpl7a",481.7432,0.0234385072031348,0.105278682262051
"10747139","Krtap3-3",29.2985,0.0234457624091804,0.105278896867783
"10747141","Krtap3-3",29.2985,0.0234457624091804,0.105278896867783
"10930342","Themis3",11.4324465,0.023460331898713,0.105295765261792
"10838043","Syt13",35.60995,0.0234904180942963,0.10535284587511
"10923208","Hmgb1",232.0524,0.0234915804947443,0.10535284587511
"10936582","Uba1",209.539,0.023498959129186,0.10535284587511
"10785297","Esco2",184.061415,0.0235021173046823,0.10535284587511
"10903206","Esco2",184.061415,0.0235021173046823,0.10535284587511
"10852740","Rpl10a",787.332000000001,0.023502965314573,0.10535284587511
"10733643","Rapgef6",61.2633,0.023516319477433,0.10535284587511
"10864446","Shq1",44.872595,0.0235163246372147,0.10535284587511
"10748314","Ern1",61.61575,0.0235273140456459,0.105385917284499
"10935626",NA,21.91179,0.0235315072831481,0.105388541126765
"10940671","Slc41a3",33.339835,0.0235396589900239,0.105408889904132
"10737663","Gngt2",31.84837,0.0235563142078531,0.105467304715436
"10881424","Tnfrsf1b",46.17845,0.0235770744161311,0.105524209589231
"10818958","Zgrf1",26.169865,0.0235798603477271,0.105524209589231
"10737871","Rpl21",470.89,0.0235902279045625,0.105554436820936
"10725927","Kif22",54.81,0.023593869242522,0.105554562948091
"10875005",NA,14.684295,0.0236163718387335,0.105581510896798
"10728440","Cdca5",71.43588,0.0236178853186719,0.105581510896798
"10708466",NA,32.627235,0.0236179630899766,0.105581510896798
"10806456","C19h16orf87",126.50005,0.023689846601889,0.105810202961648
"10930595",NA,601.1597,0.0236908515633648,0.105810202961648
"10837752","Celf1",154.4866,0.0237083271916918,0.105872068263235
"10726408","Mki67",275.63441,0.0237132194877883,0.105877731028007
"10878910","Rps26",945.2105,0.0237245961724036,0.105912339942023
"10822386","Pkia",20.879655,0.0237309877171664,0.105913541629226
"10714745","Il33",728.3296,0.0237477906530477,0.105951123417553
"10824790",NA,13.02083,0.0237585330379411,0.105965346179506
"10841592","Rab5if",372.4525,0.0237618601636867,0.105965346179506
"10878272","Itgb3bp",22.09041,0.0237730952940039,0.10599390909713
"10862747",NA,23.367755,0.0237802990886214,0.10599390909713
"10843308","Arrdc1",221.1536,0.0238069212521312,0.106052973080171
"10850525","Thbd",88.3881700000001,0.0238411640551789,0.106156952706599
"10741016","Tedc2",19.39355,0.0238474585398318,0.106168798199123
"10744494","Pfn1",1086.978,0.0238537230064372,0.106173049645231
"10775873","Ereg",10.735871,0.023855682134295,0.106173049645231
"10862522","Hnrnpa2b1",149.61725,0.0238805376640126,0.106267483216522
"10726574","Tubgcp2",128.041,0.0239069843490775,0.106368967525731
"10776912","Rpl29",749.291500000001,0.0239320689796249,0.106464361682772
"10934517",NA,29.37097,0.023951223447684,0.106517132257671
"10835332",NA,17.634435,0.0239948802649381,0.106678805670355
"10794810","Rpl7a",442.4355,0.0239996320046298,0.106683695889114
"10932746","Dcx",9.432445,0.0240185291453734,0.106735216071332
"10771978","Ugt2b7",285.845155,0.0240375812617399,0.106803634825927
"10758517","Camkk2",82.80327,0.0240438976141552,0.10681545390814
"10903261",NA,16.03945,0.0240996409834207,0.107014274462632
"10725155","Ybx1-ps20",623.1745,0.0241147134258073,0.107064929790507
"10940313",NA,33.1469,0.0241273297425345,0.107066403476356
"10742016","Spdl1",59.4316,0.0241306219308031,0.107066403476356
"10822950","Ankrd50",57.00175,0.0241313238469926,0.107066403476356
"10756690",NA,33.582195,0.0241333698532143,0.107066403476356
"10820478","Tent2",174.6873,0.0241375357702291,0.10706862587177
"10936895","H2al3",12.090768,0.0242069079561368,0.107327456219545
"10902313","Glipr1",42.37466,0.0242358736936714,0.107390689229018
"10885235","Prkch",148.7605,0.0242436689861325,0.107392304780413
"10827833","RT1-T24-4",31.00851,0.0242567176623216,0.107392304780413
"10864769","Rpl32",1077.379,0.0242591831536912,0.107392304780413
"10907341","Krt80",59.15204,0.0242611541595337,0.107392304780413
"10902249","Nav3",47.22113,0.0242936137548173,0.10748645325533
"10834447","Egfl7",197.8334,0.0242986626596668,0.10748645325533
"10888398","Ppp1cb-ps7",104.61681,0.0242997209121916,0.10748645325533
"10909368","Gapdh",987.906000000001,0.0243202116000093,0.107536046871904
"10929590",NA,18.060095,0.0243346889273626,0.1075837775914
"10791618","Rwdd4",68.16025,0.0243681966829852,0.107693090370541
"10707348",NA,11.576645,0.0243747646144237,0.107693090370541
"10868871","Galnt12",56.63658,0.0243814768983839,0.107693090370541
"10924918","Ptma",926.447,0.0243993332940415,0.107755422955726
"10808547","Trappc2l",156.80065,0.0244366599653104,0.107866938519361
"10827792","RT1-O1",9.246136,0.0244534293291129,0.107896463437654
"10931196","Vav1",22.96995,0.0245009308536663,0.108046763393076
"10739225","Psmd12",130.2111,0.0245018263525572,0.108046763393076
"10895499","Tspan8",834.35005,0.0245022868309417,0.108046763393076
"10901842","Nedd1",35.58296,0.0245641761551509,0.108270646076732
"10859581","Cmas",78.70255,0.0245736205796257,0.108295934773448
"10770396","Lbr",90.13285,0.0245827756495206,0.108303605462991
"10877268","Mup4l4",11.50005,0.0245877268910147,0.108309085252428
"10940622","Kctd10",157.53215,0.0246008232199268,0.108342480549545
"10824914","Psmd4",117.5574,0.024602725267532,0.108342480549545
"10817065","S100a6",885.54499,0.0246084078435795,0.108351172078724
"10838670","Pak6",112.67057,0.0246487896036883,0.108494103808016
"10747640","Brca1",107.926105,0.0246489387799776,0.108494103808016
"10893139","Ankrd52",158.6349,0.0246557251722262,0.108494103808016
"10900201","Mfsd12",101.858,0.024699137608351,0.10865240266381
"10879039","B4galt2",64.22395,0.024704057171421,0.1086576823556
"10908160",NA,15.095055,0.0247129039473159,0.108663477230237
"10757704","Bud23",128.93785,0.0247337378435069,0.108712386327972
"10722718","Arrdc4",52.64603,0.0247351007024723,0.108712386327972
"10772512",NA,389.2915,0.0247779310854927,0.108808578826341
"10784140","Xpo4",167.78245,0.0247867834630416,0.108808578826341
"10775429","Ptpn13",327.43165,0.0248062845051394,0.108877823848129
"10770443","Capn2",394.1428,0.0248212617411941,0.108921272827151
"10789371",NA,11.920315,0.0248265813215398,0.108921272827151
"10863857","Isy1",26.262925,0.0248320674173432,0.108925528157697
"10886414","Cpsf2",53.14675,0.024905410453201,0.109198058078916
"10702955","Acat2",47.6739,0.0249127691035097,0.109213931060914
"10890164",NA,218.0046,0.0249383952100324,0.109309869117162
"10825142","H2ac20",24.819805,0.0249563149444595,0.109372004918608
"10938895","Rpl19",803.676,0.0249861540199574,0.109469931544547
"10818097","Ppm1j",12.466615,0.0250238614695249,0.10956940781935
"10899499","Espl1",28.711794,0.0250317025034183,0.109587315590418
"10760712","Dnaaf5",47.2012,0.0250444012310884,0.109626481505097
"10759447","Rn5s",388.9736,0.0250825446344515,0.109727681783598
"10759457",NA,388.9736,0.0250825446344515,0.109727681783598
"10883763","Nol10",58.131305,0.0251043650081854,0.109773824180382
"10799505","Rpl21",541.571,0.025154599043506,0.109894789360996
"10700852",NA,82.0015500000003,0.0251690548855294,0.109921935554458
"10784566","Esco2",168.90836,0.0251758633119352,0.109921935554458
"10886185","Slirp",147.0064,0.0251892926295037,0.109964135516784
"10914607","Cxcr6",9.456195,0.0252031420784416,0.109985648050097
"10862867","Gadd45a",356.438,0.0252043884345556,0.109985648050097
"10880610","Rcan3",72.4511000000001,0.0252173265618619,0.110016488941413
"10753146","Gart",134.1624,0.0252201145492106,0.110016488941413
"10856320","Polr1a",45.62386,0.0252296994066318,0.110041868985569
"10874911","Gdap1",11.29262,0.0252364320968987,0.110054803295835
"10930488","Ndc80",61.651675,0.0252966150935036,0.110196361802919
"10712633","Lto1",17.409825,0.0252990688920442,0.110196361802919
"10928848",NA,10.11467,0.0253157610686979,0.110252630271458
"10939118","Hdx",9.784464,0.0253596338255022,0.110377881790558
"10900710","Wdr18",121.5754,0.0253707565714785,0.110409843956379
"10815888","Smc4",291.3838,0.0254127250198564,0.110503170230938
"10873203","Ece1",72.5140500000001,0.0254134164639066,0.110503170230938
"10774766","Rtn4",248.5698,0.0254148969939642,0.110503170230938
"10876291","Tmsb4x",497.94475,0.0254645871485432,0.110686274208829
"10700206",NA,12.217965,0.0254791373190026,0.110732658117675
"10772784",NA,25.18627,0.025482839067746,0.110732658117675
"10809167","Katnb1",38.25488,0.025495290744414,0.110770289084966
"10887593","Mta1",152.9434,0.0255380396108497,0.110923028425715
"10935878","Zfp275",76.92959,0.0255678159732182,0.111015338444147
"10928852",NA,12.144465,0.0255821851078712,0.111032232319321
"10706474","LOC103691133",7.72078500000001,0.025591010900689,0.111037545292251
"10788437","Gnb1",757.530500000001,0.0255981455259412,0.111052008226143
"10903790","Dscc1",52.2974525,0.0256044761403922,0.111062979356409
"10909137",NA,10.930005,0.0256090561320899,0.11106635478665
"10724724","Trim66",15.803505,0.0256278489718898,0.111131361119903
"10923835","Nrp2",79.2220500000001,0.0256387583527371,0.111162167782259
"10795289","Hist1h3b",60.1864,0.0256431113350975,0.111164542891162
"10793096","Rhoa",626.337,0.0256523914144659,0.111188273409823
"10869525",NA,80.29555,0.0256603381945632,0.111206218664289
"10883903","Rrm2",449.48575,0.0256713586940393,0.111237477438099
"10859080","Clec2d",13.27709,0.0256815541368136,0.111265152388087
"10915492","Fdx2",140.9568,0.0256880080523881,0.111276611394197
"10915538","Cdc37",216.57795,0.02569724199029,0.111300107858315
"10887821",NA,227.03742,0.0257210312755892,0.111382839421525
"10700180",NA,412.17435,0.0257239685622315,0.111382839421525
"10740037",NA,93.6812500000001,0.0257410827206081,0.111423913261201
"10774890","Gpr75",12.486212,0.025770393322182,0.111517741151566
"10830155","Nus1",54.0327000000001,0.0258050466461457,0.111651160059316
"10930226",NA,12.01107,0.0258104348761961,0.111657936394668
"10891322","Irf2bpl",37.0940000000001,0.0258275409388223,0.111708576518162
"10728700","Lrrc10b",17.169994,0.0258297882652215,0.111708576518162
"10739788","Galr2",18.011475,0.0258978243322723,0.111916503331537
"10860996","Rpa3",57.99075,0.0258997274977418,0.111916503331537
"10881669",NA,37.690825,0.0259006755136115,0.111916503331537
"10724208","Rhog",66.4279000000001,0.02590085161308,0.111916503331537
"10937507",NA,10.775864,0.0259122251535965,0.111933362106557
"10920697","Cmtm7",101.9756,0.0259162477335782,0.111933362106557
"10738177","Fkbp10",94.588485,0.0259250107202777,0.111938111614276
"10935791","Hmgb3",95.44335,0.0259332610443588,0.111957187549859
"10784968","Pdlim2",27.03305,0.0259453354555091,0.111992654070159
"10898743","Muc19",12.694095,0.0259552585044509,0.111998822825815
"10701445",NA,47.08904,0.0259651932552321,0.111998822825815
"10816760","Krtcap2",150.1044,0.0259706688140973,0.111998822825815
"10807841","Cmtr2",33.620895,0.0259740677102238,0.111998822825815
"10925415",NA,19.031929,0.0259774088953146,0.111998822825815
"10734817","Rpl26",814.063,0.0260186087758961,0.112146756941655
"10871582","Ppih",98.9264,0.0260239899191673,0.112149998745914
"10733829","Sh3bp5l",43.26019,0.0260363823673133,0.112186854642875
"10913553","Cdc25a",83.0234,0.0260667161589582,0.112267882333452
"10836964",NA,33.08941,0.0260848263793489,0.112329321616495
"10759461",NA,537.4885,0.0261073853986266,0.112404025676661
"10790214","Rps24l3",19.744305,0.0261098691805922,0.112404025676661
"10913354","Col7a1",37.147376,0.0261336142533479,0.112464424459658
"10769954","Pea15",441.8787,0.0261354479926274,0.112464424459658
"10929261","Hdac1l",156.9277,0.0261418309499377,0.112473058986401
"10851231","Mtcl2",35.15139,0.026152049924108,0.112486158198306
"10758106","Dhx37",34.47595,0.0261689259848282,0.112527466187791
"10905773","Nfam1",26.61717,0.0261767563820399,0.112527466187791
"10800024","Smokxl2",40.71379,0.0261770610054161,0.112527466187791
"10905179","Apol9a",48.02431,0.0262253012387693,0.11270725933332
"10833466","Pkib",15.930545,0.0262266019356441,0.11270725933332
"10830276",NA,26.475205,0.0262576555114706,0.112798133619654
"10701131",NA,24.26418,0.0262593313735628,0.112798133619654
"10935038","Bex4",64.862404,0.026271716430432,0.112834743281188
"10816540",NA,24.532192,0.0262823703070507,0.112863908003848
"10801381",NA,12.14566,0.0263114636265903,0.112955635325086
"10841586","Tgif2",23.495105,0.026334095477003,0.113019577679619
"10781829","Klf5",93.32381,0.0263508546995024,0.113055279834349
"10792132",NA,43.24015,0.0263540239498841,0.113055279834349
"10714952","Rpp30",89.7106,0.0264038196693383,0.113207241969507
"10890020",NA,38.28574,0.0264051715679797,0.113207241969507
"10827043","Rap1gds1",37.54905,0.0264057631247858,0.113207241969507
"10818253",NA,71.57949,0.0264063650460023,0.113207241969507
"10866410","Gpr19",53.937535,0.0264088229623532,0.113207241969507
"10716168","Acsl5",473.7341,0.0264149488895928,0.113216889210764
"10889339","Adam17",118.1694,0.0264422425733125,0.113317247254914
"10749209","Srp68",72.5049500000001,0.0264629210553615,0.11338923081715
"10885697","Rpl21",496.8555,0.0264984906427141,0.113491702922775
"10857667","Thumpd3",62.5938000000001,0.0265368257046101,0.113605924111149
"10761965","Orai1",59.39845,0.0265415926774549,0.113609683293651
"10924217","Rpl37a",629.821,0.0265851179861849,0.113779319784413
"10700306",NA,12.203515,0.0265908477921458,0.113783688750644
"10779202","Rtraf",184.81455,0.0265939284859791,0.113783688750644
"10895409","Krr1",74.57115,0.0266006652309887,0.113795846252468
"10827448",NA,134.1878,0.0266059276971981,0.113801694252701
"10700749",NA,135.343,0.0266257415032942,0.113869771962705
"10700959",NA,142.96975,0.0266335541168453,0.11388651199788
"10900537","Dazap1",137.06005,0.0266561797649078,0.113949902787828
"10860852","Tfpi2",77.075245,0.0266826601568074,0.114035420895499
"10831425","Atf6b",119.9923,0.0266887449253581,0.114039051374786
"10719021","Ttyh1",15.851195,0.0266953658094537,0.114050660537786
"10800237","Lama3",336.315184,0.0267092722911188,0.114093388026429
"10879483","Rlf",21.71195,0.0267164881211847,0.114107526896534
"10701666",NA,10.337655,0.0267401783755207,0.114170562150137
"10700279",NA,390.5205,0.0267546952995083,0.114170562150137
"10770197","Akt3",376.76235,0.0268192490824852,0.114368751166537
"10896935","Ccn4",22.134995,0.0268451369478913,0.114435606969532
"10745074","Unc119",35.214275,0.0268481430194143,0.114435606969532
"10705004","Phldb3",31.950995,0.0268553960987973,0.114441992313283
"10874070","Dffa",31.17005,0.0268854275523334,0.114544389749726
"10715252",NA,18.92199,0.0268933454417525,0.114561416409355
"10832306","Itgb2",73.77555,0.0269023452700023,0.114583046321307
"10776237","Rpl23a",800.157,0.0269315931027604,0.114674181737945
"10705928","Wdr62",17.50728,0.0269570202791665,0.114749000500593
"10818892","Tram1l1",9.82635,0.026977096655072,0.114763954421484
"10811832","Nup133",141.01335,0.0269772227339386,0.114763954421484
"10929562",NA,32.52222,0.0269801752230696,0.114763954421484
"10729548",NA,60.89772,0.027009242235696,0.114870869511373
"10940495","Copb2",153.7676,0.0270723392444124,0.115088957899631
"10908482","Smarca4",204.868,0.0270875115608687,0.115119953846264
"10734853","Aurkb",113.820405,0.0271011119692543,0.115161001464698
"10816566","Arhgef2",72.9934000000001,0.0271200178543216,0.115224578475298
"10901823","Tmpo",297.30545,0.0271370111581338,0.115280012210807
"10937564","Rpl21",437.108500000001,0.0271437646745183,0.115291936784149
"10750193","Il10rb",164.8164,0.0271961913382185,0.115470507305016
"10790603","Eloa2l",81.441935,0.0271976318703492,0.115470507305016
"10888872","Cad",227.1058,0.0271976641598485,0.115470507305016
"10815806","Mlf1",10.83479,0.027213721915583,0.115521893641651
"10874641","Gnb1",816.272000000001,0.0272431243619518,0.115564402819439
"10930076","Dtymk",55.6434000000001,0.0272463418496925,0.115564402819439
"10924286","Slc11a1",80.9282199999999,0.0272474706175223,0.115564402819439
"10834731","Col5a1",179.2313,0.0272727979926219,0.115655032741538
"10885116","RGD1559545",94.88624,0.0273067972719915,0.115678846798978
"10848174",NA,46.52607,0.0273070394000574,0.115678846798978
"10815785","Ptx3",140.282564,0.0273167174196643,0.115678846798978
"10781525",NA,17.206215,0.0273198434216305,0.115678846798978
"10883880","Grhl1",32.18677,0.0273219703879288,0.115678846798978
"10889627",NA,19.922725,0.0273350860480325,0.115717606695729
"10868007","Casp8ap2",55.1685,0.02736430321435,0.115824507983776
"10811102","Mlkl",74.1645000000001,0.0273866205387895,0.115902177664812
"10762247","Oas1b",22.022255,0.0274033968258363,0.115941262879072
"10722097","Tph1",11.5655,0.0274187022305242,0.115941262879072
"10836588","Dhrs9",20.92896,0.0274196681464884,0.115941262879072
"10814644","Eif5a2",41.427805,0.0274299210738808,0.115967831295565
"10838079","Rpl21",525.244499999999,0.0274403104980703,0.115994969019046
"10921762","Mad2l1bp",24.550175,0.0274575128060667,0.116050893969391
"10745049",NA,12.103705,0.0274620070370654,0.116053099028038
"10810144","Rrm2",324.733085,0.0274807082686097,0.116095734204383
"10834162","Tprn",22.4399,0.0274840178598451,0.116095734204383
"10903545","Eif3e",202.714,0.0274942437853753,0.116122139358964
"10873993","Exosc10",150.64925,0.0275085892629618,0.11616593332295
"10835292","Ncs1",160.22765,0.0275292890960742,0.116236544537175
"10928684","Bard1",72.087185,0.0275393845738332,0.116261279216635
"10904612","Top1mt",25.04531,0.0275486700969213,0.116261279216635
"10852649",NA,29.289055,0.0275767864882461,0.116324257664675
"10767987","Nav1",194.58185,0.0276065339825772,0.116398963805265
"10827659",NA,8.64251000000001,0.0276093037934916,0.116398963805265
"10745378","Abhd15",17.463315,0.0276155684991543,0.116398963805265
"10804508","Hspa8",998.653500000001,0.0276362974525845,0.116469531705107
"10723332","Hdgfl3",74.05735,0.0276470372033237,0.116476892674478
"10783667","Ppp1r3e",9.94521000000002,0.0276500051584002,0.116476892674478
"10884804","Entr1",218.046000000001,0.0277138572389039,0.116678574056397
"10926821",NA,28.585205,0.0277291532241933,0.116726150186107
"10882920","Memo1",53.47692,0.0277378496295369,0.116745935611193
"10912282",NA,177.1,0.0277446042269095,0.116757543630789
"10875610","Otud6b",78.90385,0.027762599945403,0.116816447472995
"10841287","Raly",289.60125,0.027793197534929,0.116928351495596
"10821383","Snx18",97.1370999999999,0.0277996371691292,0.11693860334902
"10813330","Rpl37l1",768.073,0.0278081985486255,0.116943001682941
"10940516","Birc5",141.378605,0.0278244225973558,0.116943001682941
"10824550","Atp8b2",49.60842,0.0278247006468858,0.116943001682941
"10827663","Or2h2c",9.962538,0.0278333562359636,0.11696255308939
"10892007","Dicer1",78.7023499999999,0.0278492809187111,0.116995814316829
"10812656","Fam169a",55.359855,0.0278841690017783,0.117125537486405
"10842436","Rpl38-ps9",549.1825,0.0278926174483107,0.117144181445507
"10765489","Rpl29",573.9205,0.0279201689395723,0.117214258648335
"10772002",NA,12.031713,0.0279213399717178,0.117214258648335
"10732966","Adam19",76.619145,0.0279325826526122,0.117244607703077
"10866486",NA,240.9197,0.0279572602994665,0.117314478941197
"10866503",NA,240.9197,0.0279572602994665,0.117314478941197
"10778552",NA,39.273905,0.0279643238529207,0.117327266557407
"10700738",NA,52.5267,0.0279983234401661,0.117419325435115
"10835396","Exosc2",86.22139,0.0280153754157249,0.117473974077076
"10751671","Pak2",226.7911,0.0280299774240022,0.117518335313548
"10766289","Cnih4",173.0404,0.0280412089463436,0.117527936789015
"10925264","Sh3bp4",54.63215,0.0280566459715203,0.117560091847141
"10847064",NA,39.314425,0.0280607257092148,0.117560091847141
"10915427","Eif3g",350.4083,0.0280640816232614,0.117560091847141
"10937558","Tsr2",60.5953,0.0280804863683685,0.117595087265699
"10940587","Prss21",23.92915,0.028094341184107,0.117619387124176
"10906533","Twf1",225.8334,0.0281175250122815,0.117682718582921
"10922051","Cenpq",46.76875,0.0282353238104364,0.118059112573587
"10738409","Rpl27",743.9395,0.0282363802510191,0.118059112573587
"10937360","Cdk11b",58.4776,0.0282552032137012,0.118077738453722
"10775271","Lrrc8c",24.88964,0.0282563657674392,0.118077738453722
"10821367","Gpx8",52.2607,0.0282740872637097,0.118134894925918
"10809730","Heatr3",32.33949,0.0282797228283202,0.118141544788581
"10814194","Rbis",82.68875,0.0283173058503926,0.118264728107701
"10749778","Ogfod3",48.13465,0.0283344499845363,0.118319414215015
"10872671","Xkr8",54.978505,0.0283409957244032,0.118329834084996
"10811883","Pgbd5",40.973146,0.0283508857655428,0.118354212168415
"10790954","Lsm4",245.4438,0.028373969548473,0.118418087964403
"10808235","Gan",20.296815,0.0283936942724937,0.118482128906818
"10869614",NA,19.4379,0.0284240040206142,0.118553461025665
"10862338","Ezh2",269.13225,0.028427021102375,0.118553461025665
"10827129","Hs2st1",68.7317000000001,0.0284517950361396,0.118639843018239
"10913078","Traip",25.48521,0.0284616834783347,0.118664138880558
"10861305","Rpl21",411.496,0.0284911981284899,0.118770242883234
"10809856","Orc6",38.062905,0.0285285680944764,0.118862458330328
"10754580","Muc13",21.557152,0.0285412123871485,0.118862458330328
"10934980",NA,148.41345,0.0285499373623574,0.118862458330328
"10701517",NA,231.1748,0.028558647907736,0.118881781130892
"10932377",NA,11.55302,0.0285705014758839,0.118914180099227
"10852492","Helz2",16.38951,0.0285954473914963,0.118967160366729
"10827756",NA,10.205701,0.0286191181047167,0.119048685221585
"10830034","Npffr1",20.82499,0.0286537412553015,0.119175739896409
"10849735","Mtln",127.6353,0.0287302615858006,0.11942599060438
"10752523","Ccdc116",7.858865,0.0288088766231273,0.11965903440529
"10774372","Rps28",798.505000000001,0.0288636661943549,0.119844108044611
"10736232","Rpl23a",837.626999999999,0.0288798271362194,0.119894169384327
"10710575","Hs3st2",7.179101,0.0288973470643449,0.119949857507498
"10887719","Ncapg2",53.69463,0.028935536437263,0.120079823800782
"10880583","Clic4",221.6885,0.0289368781939311,0.120079823800782
"10918485",NA,9.184255,0.0289456765104426,0.12008451193864
"10928832","Marchf4",13.482545,0.0289798712686848,0.120196790620005
"10774339",NA,15.980565,0.0290551357802743,0.120416617489705
"10798488","H2bc1",769.52215,0.0290766600793783,0.120488730150207
"10804117","Pcdh1",125.40265,0.0290930539646134,0.120508210665814
"10906373","Cpne8",97.98407,0.0290945873198037,0.120508210665814
"10765668",NA,170.92775,0.0291425801189509,0.120558347681148
"10790978","Ell",72.0176500000001,0.0291429811502796,0.120558347681148
"10765600","F11r",162.7747,0.0291526363316389,0.12058121446871
"10780268","Ngdn",40.54516,0.0291914640976441,0.120705574010941
"10748962","Jpt1",227.8197,0.0291950977600229,0.120705574010941
"10933957","Rpl32",1026.1175,0.0292033198493789,0.1207224828187
"10858645","Zfp42",8.18814,0.0292279638564414,0.120773088557578
"10930089",NA,10.652961,0.0292381799762677,0.120787100355913
"10877446","Rpl31",900.4215,0.0292472824952463,0.120787100355913
"10875650",NA,9.144083,0.0292478930621526,0.120787100355913
"10716939","Adgrg6",171.65595,0.029329093301843,0.121083730807295
"10799657","Nmt2",42.79982,0.0293474212605592,0.121112525032628
"10802114","Csnk1a1",210.62015,0.0293926435069906,0.121241587789327
"10925600","Septin2",462.3369,0.0294078513445233,0.121249724482781
"10743437","Epn2",102.45755,0.02940897678633,0.121249724482781
"10774359","Rpl38-ps9",614.43,0.0294263211673485,0.121249724482781
"10790525","Rpl38-ps9",614.43,0.0294263211673485,0.121249724482781
"10825236","Rpl38-ps9",614.43,0.0294263211673485,0.121249724482781
"10910458","Rpl38-ps9",614.43,0.0294263211673485,0.121249724482781
"10940441","Rrm1",334.46655,0.0294627438438419,0.12136556664608
"10844883","Rpl35",601.5965,0.0294797764365576,0.121418608320541
"10848293","Arhgap11a",74.539775,0.0295526977095576,0.121701791779957
"10859814","Ube3c",133.6105,0.029580057620318,0.121797294336853
"10933476",NA,8.81798000000001,0.0296568157538155,0.122034470040115
"10840076","Prnp",106.42377,0.0296595097228882,0.122034470040115
"10753982","Ccdc80",163.92245,0.0296701088100312,0.122034470040115
"10799063","Smokxl2",53.41582,0.0296704536963143,0.122034470040115
"10736053","Rpl37l1",737.967500000001,0.0297066717757256,0.122129286413741
"10779331","Rpl15",164.4373,0.0297170518373675,0.122138893058862
"10859805",NA,8.62785999999999,0.029717370160279,0.122138893058862
"10745107","Spag5",25.96517,0.0297327532051084,0.122173022120618
"10813107","Esm1",245.9412,0.0297426486308356,0.122191216017611
"10739721","Itgb4",181.229865,0.0297999168242112,0.12239206665296
"10723240","Cpeb1",11.166818,0.029813459408779,0.122430475564812
"10814394",NA,7.990215,0.0298541139580062,0.122545747529745
"10837393","Ssrp1",193.7792,0.0299316373790754,0.122780632491717
"10927281","Rps14",605.033,0.0299319502620558,0.122780632491717
"10741778","Hbb-b1",2616.3545,0.0299324767590061,0.122780632491717
"10926384","Tbcc",46.91085,0.0299356012423351,0.122780632491717
"10754676","Lmln",22.510925,0.0299365525172349,0.122780632491717
"10838823","Chac1",172.44343,0.0299503167783523,0.122808821823008
"10889221",NA,36.23566,0.0299834518630752,0.122921212844215
"10818291","Gstm5",49.87721,0.0300276830584914,0.123085271905538
"10814650","Rpl22l1",56.33765,0.0300516481307603,0.123148947747515
"10747278","Krt14",199.46908,0.0300584775951409,0.123159658410161
"10766809","Lamb3",376.838568,0.030117204023488,0.123365675594809
"10871151","Rad54l",47.668365,0.0301356014319955,0.123423729179071
"10878969","Kif2c",40.578855,0.0301470910463238,0.123453478809546
"10700449",NA,144.3178,0.0301616853481454,0.123495932131846
"10740891","Paqr4",69.48879,0.0301869963515923,0.123570136163163
"10704941","Smg9",45.15253,0.0302146113562188,0.123643319254878
"10704565","Ptgir",14.2355,0.0302199150936673,0.123647703017703
"10840347","Dstnl1",812.645,0.0302339487083862,0.123670481317109
"10732671",NA,37.78622,0.0302679491852857,0.123758106177041
"10837279",NA,138.008,0.0302880286666097,0.123822343893973
"10723196","Crtc3",43.223325,0.0303024194357768,0.123846513905538
"10806925",NA,18.179835,0.0303290580533048,0.123903384417458
"10866672","Recql",85.41745,0.0303710042539592,0.124049844663612
"10779981",NA,12.761425,0.0303791662223752,0.124049844663612
"10780017",NA,12.761425,0.0303791662223752,0.124049844663612
"10879919","Zmym1",10.65587,0.0303818935636389,0.124049844663612
"10718614","Vom2r27",12.257875,0.030402486997206,0.124116581209667
"10772408","Tec",107.53245,0.0304068292381131,0.124116963722542
"10867239",NA,19.96956,0.0304226933107632,0.12416437026832
"10897529","Lgals1",745.6788,0.0304368137985802,0.124204648458126
"10865905",NA,11.992135,0.0304452214946045,0.124221606249075
"10754296","Hcls1",35.08012,0.0304497379348665,0.124222684545341
"10780012","LOC290071",10.719165,0.0304627989418329,0.124258616069074
"10880361","Rpa2",137.0187,0.0304931261630725,0.12436495710289
"10791335",NA,8.68092500000001,0.0305178186711662,0.124448290711816
"10839154","Pdia3",481.259,0.0305264574746545,0.124466144963651
"10858328",NA,27.219726,0.0306141906296941,0.124720095298859
"10861676","Rpl38-ps9",504.0555,0.0306195981331184,0.124720095298859
"10701663",NA,11.991911,0.030623936159173,0.124720095298859
"10723810","Acer3",179.3942,0.0306318605049242,0.124720095298859
"10724682",NA,26.593955,0.030634955851735,0.124720095298859
"10900821","Cdc34",146.891,0.0306384592842354,0.124720095298859
"10848733","Ehd4",427.2725,0.0306506244628003,0.124733420114241
"10772863","Arap2",53.78344,0.0306517841788231,0.124733420114241
"10923385","Sgo2",46.192275,0.0306709634455446,0.124776706043467
"10803110","Cd226",32.369635,0.0306797952583216,0.124785542821821
"10776888","Fam114a1l1",78.71925,0.0306816784448943,0.124785542821821
"10887627","Tedc1",42.65972,0.0306901232273282,0.124802513914695
"10749928","Tent5b",18.9758,0.0306946619499452,0.124803598358483
"10720982","Pdcd2l",36.63184,0.0306990599495425,0.124804110404388
"10859047","Foxm1",101.00642,0.0307116325597183,0.124820483249807
"10876270","Stoml2",73.2113,0.0307212948906443,0.124828378818648
"10811994","Tomm20",111.8048,0.030730636691159,0.124829092100878
"10889513","Acp1",195.5396,0.0307353789956399,0.124829092100878
"10810040","Syce2",43.02447,0.0307393882581542,0.124829092100878
"10824031","Fhdc1",49.442215,0.0307549694536859,0.124875007313409
"10755448","Ap2m1",142.332700000001,0.030782819524757,0.12497071839859
"10793241",NA,118.7301,0.0307957425235227,0.125005811043795
"10811820","Ccsap",23.565095,0.0308249276301334,0.125106895774759
"10704969","Zfp428",10.405355,0.0308663347471334,0.125214467179162
"10700558",NA,16.041035,0.0308685764573262,0.125214467179162
"10918031","Kif23",116.30724,0.0308775400064139,0.125233437976867
"10720474","C1h19orf33",283.5591,0.0308849651838295,0.125235220184513
"10938962","Rps21",451.99475,0.0308865530714525,0.125235220184513
"10781288",NA,33.40309,0.0309260386188081,0.125343131549647
"10776679","Gapdh",713.542500000001,0.0309447528300461,0.125369009294034
"10791520",NA,103.58665,0.0309452976661627,0.125369009294034
"10882840","Foxn2",41.21371,0.0309534650593874,0.125384709961861
"10934038","Gspt2",21.123085,0.0309676490289001,0.125424754418555
"10856616","Mogs",24.7238,0.0309719373716525,0.125424754418555
"10913153","Amigo3",15.21929,0.0310783487682291,0.125785935288868
"10781220","Ebf2",17.284894,0.0311526259800106,0.126016728798121
"10923855","Rpl37l1",747.429,0.0311647419600498,0.12603221519794
"10812407",NA,23.75091,0.0311650825833476,0.12603221519794
"10869737",NA,71.049025,0.0311934825568987,0.126098085061589
"10903971",NA,32.41565,0.0311943198719827,0.126098085061589
"10781568","Nufip1",68.2895800000001,0.0312198084999762,0.126183658760142
"10782318","Pofut4",75.8338500000001,0.0312567761351351,0.126234307915405
"10773553","Haus3",73.94415,0.0312582660183488,0.126234307915405
"10768021","Pkp1",126.060645,0.0312695751179405,0.12624507566273
"10801432",NA,13.481675,0.0312796075616916,0.126264318561851
"10733134","Scgb3a1",14.8562,0.0312829854778762,0.126264318561851
"10805700","Dync1li2",98.8059,0.0312904717200369,0.126266708209764
"10806937","Smarca5",110.30585,0.0312922217922466,0.126266708209764
"10759593",NA,19.07774,0.0313157483774697,0.126344189076011
"10917984",NA,14.31219,0.0313209974156612,0.126347917495323
"10940563","Dkc1",92.58085,0.031354986572851,0.126432653932266
"10724131","Il18bp",39.217175,0.0313872049738506,0.126520894706872
"10922257","Eif4g2",374.680000000001,0.0313970382972187,0.126532359886184
"10826870","Gstcd",46.689895,0.0314201329326629,0.126573050674961
"10824517","Chrnb2",15.185075,0.0314344860071805,0.126613411583313
"10752993","Hunk",11.779198,0.0314619291336109,0.126706478868115
"10924709","Rhbdd1",54.9027,0.0314757605311608,0.126738151913625
"10813664","Rad1",56.03423,0.0315153451938742,0.126834664731925
"10743723","Adprm",17.57473,0.0315173823305456,0.126834664731925
"10783583","Ajuba",63.6002,0.0315198078302793,0.126834664731925
"10913815",NA,68.0061500000001,0.031541170080737,0.126885670991277
"10754120","Lsamp",19.358995,0.0315806234746632,0.126991924871137
"10777731","Nsd2",119.90895,0.0315851642661879,0.126992704221361
"10762593","Rab35",103.92065,0.0315975141903185,0.127024876779409
"10750290","Smim11",72.01825,0.0316208922826122,0.127083883222483
"10840867","Hm13",194.0657,0.0316294698030329,0.127094750705713
"10912877","Iqcf1",12.63454,0.0316322972677906,0.127094750705713
"10726824","Slc25a22",89.24143,0.0316494958980617,0.127128352092886
"10753877","Morc1",7.833555,0.0316580739190679,0.127128352092886
"10750029","Gabpa",52.2471,0.0316624183551666,0.127128352092886
"10775769","Septin11",244.07255,0.0316733338765916,0.127152248529239
"10858152",NA,23.64915,0.0316814272966499,0.127152248529239
"10865379",NA,56.9840000000001,0.0316929374405945,0.127180971756803
"10863615","Exoc6b",60.56375,0.0317160919122599,0.127215014335724
"10724170","Nup98",110.7595,0.0317175445875453,0.127215014335724
"10724923","Eif4g2",353.223,0.0317250085229715,0.127215014335724
"10735449","Ggt6",32.632065,0.0317264843574756,0.127215014335724
"10745288","Lgals5",45.86675,0.0317275482457069,0.127215014335724
"10853816","Cav1",315.61385,0.0317614886530979,0.127311875642232
"10840272","Gapdh",831.690499999999,0.0317647792687146,0.127311875642232
"10792676","Cln8",61.2709499999999,0.0317734166815567,0.127319789824531
"10725832","Aldoa",473.1375,0.0317754702406606,0.127319789824531
"10912640",NA,140.1194,0.031803100660747,0.127395555012075
"10742344",NA,11.307047,0.031821995461045,0.127436295462504
"10742346",NA,11.307047,0.031821995461045,0.127436295462504
"10785543","Ppial4g",10.839965,0.0318351889279164,0.127471656981929
"10915437","Dnmt1",284.91635,0.0318885238571879,0.127632735438264
"10817155",NA,8.0961995,0.0318950228064336,0.127641259762623
"10820308","Atp6ap1l",10.564666,0.0319047462303388,0.127662684066993
"10777182","Ncapg",50.52624,0.0319335236676922,0.127760334213635
"10803673",NA,9.18091500000001,0.0319565015620393,0.12782630362207
"10742348","Irgm",32.376415,0.0319587636631616,0.12782630362207
"10815474","Dclk1",52.90567,0.0319711964872461,0.127858526239344
"10798780","Zeb1",51.6538,0.0320099127951242,0.127969205677272
"10902714","Tbk1",21.93345,0.0320120132501371,0.127969205677272
"10933166",NA,10.35322,0.0320496990360008,0.128087676430133
"10780023",NA,15.85605,0.0320504181113259,0.128087676430133
"10884818",NA,17.295605,0.0320601043893217,0.128108861938127
"10801262","Rell2",12.689005,0.0320834889315415,0.128167242670047
"10901178","Rps28",825.212,0.0320992692367468,0.128212749724135
"10704312","Lig1",260.0322,0.0321178153563832,0.128251757493354
"10782063","Rpl21",578.0325,0.0321402219886287,0.128304187373148
"10918318","Snx22",15.5955,0.0321454378012229,0.128304187373148
"10939615",NA,14.41852,0.0321551319870415,0.128313075518294
"10856884","Cct7",164.3699,0.0321768716944794,0.128327782451298
"10855020","Casp2",58.9946,0.0321787610678026,0.128327782451298
"10825226","Rhno1",46.2378600000001,0.0322104043443022,0.128390173103214
"10877640",NA,18.370755,0.0322140059165661,0.128390173103214
"10880562",NA,24.623645,0.0322366220364301,0.128446974864564
"10878009",NA,123.9578,0.0322370514036757,0.128446974864564
"10854494","Nup205",223.2123,0.032272894990531,0.128537198943882
"10923336",NA,163.0298,0.0322981956613207,0.12858537585852
"10937734","Pir",101.31875,0.0323131676184031,0.128627453168555
"10925060","Inpp5d",23.72562,0.0323541166659695,0.12871853612548
"10883530","Sdc1",543.34979,0.0323580793217474,0.12871853612548
"10829418","Pcbp3",20.084235,0.0323938169459014,0.128808080612163
"10875817","Fut9",47.01976,0.0324301616730683,0.128895860155029
"10727178","Cttn",530.29595,0.0324328937138589,0.128895860155029
"10805591",NA,8.342047,0.0324379531683362,0.128895860155029
"10749330","St6galnac2",210.63905,0.0324814246501498,0.129033497379586
"10793965","Macroh2a1",321.3073,0.032494463704669,0.129054237422885
"10829840",NA,62.88486,0.0324954806080216,0.129054237422885
"10737532","Col1a1",341.1272,0.032537381662638,0.129132871606073
"10931543","Uxs1",208.99045,0.0325835312270084,0.129210133380705
"10747029","Smarce1",128.85185,0.0325906986738681,0.129210133380705
"10845676","Gcg",11.104445,0.0325949258301082,0.129210133380705
"10828442","Pfdn6",88.17835,0.0326038626902286,0.129210133380705
"10804221","Gpr151",10.08991,0.0326234188838492,0.129261008365099
"10913803","Lrrc2",14.00899,0.0326271881866312,0.129261008365099
"10845945",NA,100.2658,0.032647137407281,0.129322504707296
"10935523",NA,8.727255,0.0326664952944426,0.12937591906059
"10795260",NA,334.114175,0.0326739074015551,0.12937591906059
"10903684",NA,66.9676000000001,0.0328264977275185,0.129832632654315
"10736135",NA,57.8412,0.0328371946194685,0.129832632654315
"10788043","Rpl7a",417.70135,0.032838136601723,0.129832632654315
"10712578","Rpl21",628.196,0.0328877824474968,0.129974521095761
"10714780","Chchd4",25.41044,0.0328918201704991,0.129974521095761
"10923617","Chchd4",25.41044,0.0328918201704991,0.129974521095761
"10929128","Ptprn",244.4478,0.0329234409156784,0.13005858790003
"10730254","Entpd7",45.92859,0.03292645019883,0.13005858790003
"10938504","Las1l",38.70037,0.0329337182671911,0.130069710079454
"10721890","Spaca4",16.57079,0.0329384950785642,0.130070991514622
"10934173","Efnb1",56.54065,0.0329480566627932,0.130071026076619
"10867497","Fam110b",26.08856,0.0329583213309114,0.130078951548399
"10877286","Mup4l4",15.98909,0.0329787569335033,0.130124446928061
"10837138","Itga4",25.470845,0.0329912190645105,0.130137172640127
"10743096",NA,52.2982,0.0329953459897796,0.130137172640127
"10908682","Eepd1",42.96886,0.0330248328776131,0.130223499990298
"10933947",NA,51.545,0.0330290458556982,0.130223499990298
"10880777","Cdc42",538.164499999999,0.0330306063848877,0.130223499990298
"10849823","Ckap2l",57.7146,0.0330367522848697,0.130230155343433
"10712340","Cd151",489.43395,0.0330547899291108,0.13026610454459
"10938722","Rps4x",1029.4865,0.0330622267166926,0.130277838049832
"10930569","Cox7a2",583.2795,0.0330741934573172,0.130291992029445
"10907601","Sp7",9.57417500000002,0.0330763504627121,0.130291992029445
"10777744","Nsd2",61.3163,0.033079198496693,0.130291992029445
"10865752","Rad51ap1",49.56304,0.0331077616729545,0.130369342163862
"10940459",NA,41.20735,0.0331479508893011,0.130485527829973
"10940506",NA,8.759257,0.033150667062164,0.130485527829973
"10905689","Tnfrsf13c",16.320435,0.0331573663393276,0.130494314998938
"10707299",NA,217.60045,0.033169783925994,0.130525601779902
"10762848","Ung",137.34385,0.0332347072261026,0.13074585737993
"10881892","Camta1",9.95078,0.0332492061295871,0.130785284484954
"10881740","Ube4b",64.6626500000002,0.0332770712865382,0.130842040452884
"10828026","Lst1",12.603115,0.0332994042143837,0.130912231828691
"10866300",NA,10.107955,0.0333383035066033,0.131006621215788
"10933699","Prdx4",83.07561,0.033341351021407,0.131006621215788
"10911419","Mns1",17.871074,0.0333562915268637,0.131030079422589
"10812162","Erap1",209.91965,0.0333890117691353,0.131122139948357
"10784227","Phf11",44.29924,0.0333910726379823,0.131122139948357
"10736914",NA,382.22025,0.0334048412527891,0.131133121730183
"10819360","Trmt10a",29.845195,0.0334094552282383,0.131133121730183
"10700857",NA,31.57285,0.0334148611484023,0.131136721331196
"10875771","Klhl32",10.99352,0.0334340567000531,0.131177987819368
"10827407","Rpl29",480.161,0.0334343567229074,0.131177987819368
"10787967","LOC100912321",10.57889,0.0334600671722627,0.131255802649807
"10930580",NA,568.2595,0.0334631758107675,0.131255802649807
"10846817","Selenoh",57.3925500000001,0.033493069594216,0.13135542154993
"10815534","Tsc22d2",168.98835,0.0335111304923555,0.131408612913245
"10701684","H60bl1",37.846258,0.0335271527187724,0.13143786358232
"10905091","Recql4",33.3488,0.0335283352022526,0.13143786358232
"10843483","Traf2",27.8342,0.0335320872622382,0.13143786358232
"10747011","Tns4",51.566265,0.033549266790152,0.131487561042058
"10867642","Rad54b",20.801815,0.0335714536346526,0.131521583275143
"10756178","Fcer2",148.1165429,0.0335769216708838,0.131525367349584
"10788483",NA,17.921485,0.0335908086843644,0.131562124266661
"10701261",NA,259.2043,0.033605753087618,0.131596778191005
"10940624","Rwdd1",111.5219,0.0336131703587759,0.131596778191005
"10776291","Rpl39",806.956500000001,0.0336575694129488,0.131693403898801
"10803301","Rpl39",806.956500000001,0.0336575694129488,0.131693403898801
"10775731","Cxcl13",315.54767,0.0336603904604761,0.131693403898801
"10718459","Mob1a",422.4923,0.0337045126965433,0.131799097574234
"10871519","Ubb",392.71,0.0337054514266139,0.131799097574234
"10831041","Mdc1",67.995205,0.0337344829493588,0.131842031422417
"10802007","Rps14",667.7105,0.0337432353300669,0.131858597770542
"10746445",NA,20.31994,0.0337651593827693,0.131908981841164
"10739984",NA,205.0805,0.0337734760508129,0.131923830638915
"10916669","Cbl",71.264,0.0337809224463449,0.131930750458673
"10878047","Plaa",142.9604,0.0337842795981834,0.131930750458673
"10754813","Pcyt1a",54.82645,0.033790937029811,0.131939111786808
"10769715","Uap1",55.832,0.033815786680888,0.132018494199581
"10748776","Vcf1",66.4071500000001,0.0339075070313152,0.132341203795971
"10790600",NA,11.22079,0.0339431893898039,0.132427395143393
"10915933","Adamts15",17.64388,0.0339777153653722,0.132531183259995
"10776426","Srd5a3",62.669355,0.0339834015814549,0.132531183259995
"10747746","Lsm12",155.9865,0.0340163405804543,0.132606535057031
"10758883","Rfc5",66.05015,0.0340490593741686,0.132668114855674
"10818920","Camk2d",216.96235,0.0340503020876238,0.132668114855674
"10838733","Knl1",105.916865,0.034056781116229,0.132675663892454
"10835630","Niban2",346.78935,0.0341095195599696,0.132827979795382
"10741756","Hba-a1",2712.842,0.0341329252628815,0.132901409920008
"10878034",NA,202.62715,0.0341406116781516,0.132913623342953
"10702815","Zdhhc14",52.33131,0.0341843148689119,0.133048304633679
"10889959",NA,27.169085,0.034206954225561,0.133118683994344
"10813230",NA,8.56513,0.0342434538553379,0.133156477782819
"10713983","Prpf19",184.2104,0.0342440137462285,0.133156477782819
"10779551",NA,14.65497,0.0342780473670609,0.133271077426313
"10841487",NA,22.42384,0.0342943300736989,0.133316641220631
"10886854",NA,32.76855,0.0343234874902931,0.13341223570269
"10928682",NA,17.285385,0.0343378315201322,0.133450234139835
"10843331","Tor4a",31.65402,0.0344248844629423,0.133735182805904
"10807795","Phlpp2",60.4928,0.0344587279324839,0.133831065915924
"10730575","Actr1a",58.7414000000001,0.034475124245291,0.133876947986432
"10817504","Sf3b4",93.84185,0.0345056820653323,0.133916336312278
"10832790","Rtkn2",18.854488,0.0345098707090033,0.133916336312278
"10808601","Rpl13",230.23685,0.0345127711403828,0.133916336312278
"10805895","Cfap20",38.9981999999999,0.0345415710462173,0.133979684860983
"10734198","Map2k3",218.5351,0.0345428556983955,0.133979684860983
"10837794","Spi1",34.70451,0.0345680846167678,0.13405974034173
"10862520",NA,9.9878,0.0345899349434445,0.134126673671063
"10903583","Rpl5",266.259,0.0346023407747169,0.134139169770777
"10887512","Zbtb42",21.27204,0.0346137839406914,0.134147928368713
"10910336","Rpp25",91.2203,0.0346438891310041,0.134228989001745
"10780070",NA,13.92915,0.03465304091146,0.134246643308234
"10779829",NA,19.033425,0.0346808676200166,0.134322426374704
"10842805","Rps21",411.5523,0.0346817985261994,0.134322426374704
"10707177","Nav2",118.1384,0.0346927233129263,0.134346927208885
"10767767","Btg2",389.24045,0.0347132347853836,0.134408540890682
"10743855",NA,46.745,0.0348039234980884,0.134670439877239
"10812899","Rpl23a",842.098,0.0348184383777713,0.134695787494372
"10932321","Bcor",29.4105,0.0348243062553909,0.134695787494372
"10823427",NA,29.48931,0.0348715527211659,0.134842824777782
"10817535","H3c15",890.3144,0.0349455903587926,0.135057610364039
"10825144","H3c15",890.3144,0.0349455903587926,0.135057610364039
"10796955","Habp4",96.73375,0.0349681489237594,0.135126918341099
"10844363",NA,15.981885,0.0350036163736165,0.13524608500712
"10894409","Ube2r2",103.35555,0.0350164982317135,0.135277966059413
"10917986","Tmem202",8.804499,0.0350252958663178,0.135294062334868
"10901469","Hsp90b1",367.608,0.0350480707401506,0.135340691375977
"10920561","Ccrl2",11.336645,0.0350512655216897,0.135340691375977
"10822025","Ftl1",338.3515,0.0350816427313732,0.135440083355932
"10843664","Qsox2",26.72928,0.0351093401078382,0.135488101240983
"10940673","Fubp1",320.618,0.0351398273517548,0.135557231777917
"10712309","Rplp2",964.5215,0.0353083928148383,0.136117628357441
"10932582",NA,28.17392,0.0353352892181645,0.136177350802778
"10727483","Tbc1d10c",7.58899900000001,0.0353353399271013,0.136177350802778
"10746293","Abcc3",145.70555,0.0353378687080118,0.136177350802778
"10706963","Rpl18",557.6805,0.0353579659001254,0.136236826141686
"10772556","Gnpda2",34.92456,0.0353776069509154,0.136258699804927
"10822080",NA,13.842921,0.0353916277853011,0.136258699804927
"10704755","Snrpd2",67.35345,0.0354044715156854,0.136290187226147
"10751988","Kng2",61.182852,0.0354278859369822,0.136362353064954
"10775231","Cdc7",35.6157725,0.0354425097435555,0.136400669167202
"10704370","Srp72",60.8278500000001,0.0354633973307943,0.136463078190441
"10905871","Efcab6",7.496726,0.0354827522328709,0.136502233448356
"10700977",NA,8.7182575,0.0354829178067645,0.136502233448356
"10730792","Itprip",54.12149,0.0355682403885045,0.136758433102102
"10706289",NA,18.894365,0.0355989580437162,0.136806971651681
"10732001","Prss32",9.2221618,0.0355995960325899,0.136806971651681
"10912076",NA,20.97098,0.0356119949819919,0.136831802474775
"10818846","Fabp2",8.761875,0.0356201087773213,0.136831802474775
"10745848","Rpl21",594.827500000001,0.0357283911800233,0.137211676079033
"10908861",NA,1270.163636,0.035739309098417,0.137235564668921
"10715107","Cep55",52.1768485,0.0357656464359634,0.137300603808178
"10816067","Fgg",25.2402575,0.0358214596141255,0.137496796894897
"10936048","G6pd",706.7778,0.0358471236439229,0.137541091428101
"10737422",NA,203.396,0.0358761495918025,0.137633993990024
"10722218",NA,13.645555,0.0358807591643739,0.137633993990024
"10819145","Cenpe",53.099015,0.0358916516242292,0.137657701266933
"10776214",NA,7.472625,0.0359119647312881,0.137701026144822
"10709166","Arap1",41.90335,0.0359123748270487,0.137701026144822
"10798463",NA,257.5506,0.0359301068368555,0.13773286197768
"10723807","B3gnt6",15.44654,0.0359516580248874,0.137797394061803
"10883094","Ppm1g",109.468,0.0359763527149125,0.13787395621323
"10782917","Rpl39",712.0275,0.0360185535200386,0.137963291272376
"10829688","Rpl39",712.0275,0.0360185535200386,0.137963291272376
"10895022","Rpl39",712.0275,0.0360185535200386,0.137963291272376
"10937820","Rpl39",712.0275,0.0360185535200386,0.137963291272376
"10858707","Cdca3",50.25955,0.0360340516518214,0.137988341698131
"10718504","Lilrc2",10.838095,0.0360345402483414,0.137988341698131
"10926920",NA,13.38114,0.0360454528618839,0.138012039306301
"10738383","Psme3",185.8461,0.0360852527141151,0.138128219705209
"10801603",NA,102.11885,0.0361138063227747,0.138219407561056
"10932610",NA,28.929845,0.0361466926069924,0.138327151928304
"10874086","Ctnnbip1",23.54485,0.0361680761511699,0.138390854836972
"10895797","Cdk4",803.322,0.0361928481145973,0.138436729709446
"10751923",NA,69.04051,0.036194281560921,0.138436729709446
"10827149","Clca5",20.6645415,0.0362095496773972,0.138458872287367
"10714900","Ifit2",79.46358,0.0362598737835921,0.138555564180962
"10776809","Rplp2",913.3795,0.0362641421304927,0.138555564180962
"10800012","Smokxl2",53.79991,0.0362683397875561,0.138555564180962
"10819347",NA,7.245193,0.0362693763347238,0.138555564180962
"10816153","Tmem154",40.83857,0.0362727786286027,0.138555564180962
"10795673","Fzd8",79.8585,0.0362878001247459,0.138594821917156
"10904543","Cyp11b2",9.54868,0.0363002177456825,0.138606007217667
"10828904","Rnf8",19.03816,0.0363193000349352,0.138643788198553
"10910575",NA,6.680967,0.0363196039940962,0.138643788198553
"10781146","Pbk",59.247095,0.0363498052161988,0.138734299241341
"10866819","Bcat1",239.29661,0.0363537288520083,0.138734299241341
"10892330",NA,16.121217,0.0364133868436143,0.138911032025248
"10798255",NA,8.571753,0.0364254732037352,0.13891521458174
"10782954",NA,7.212212,0.0364280677642245,0.13891521458174
"10775479",NA,9.30597,0.0364287485079315,0.13891521458174
"10909903","Alg9",94.7839000000001,0.0364509035157655,0.138929693652529
"10882812","Msh2",51.6387,0.0364526327175997,0.138929693652529
"10899703","Ralbp1",31.73453,0.0364563233908497,0.138929693652529
"10883856",NA,12.931165,0.0364805023919721,0.138943621798452
"10886876",NA,111.81364,0.0364876044048449,0.138943621798452
"10886938",NA,111.81364,0.0364876044048449,0.138943621798452
"10866943","Tm7sf3",73.19975,0.0364885146312632,0.138943621798452
"10841223",NA,35.78885,0.0364983264904697,0.138962871118543
"10900119",NA,16.86845,0.0365210706070164,0.138983483446868
"10758104",NA,63.89235,0.0365227699877321,0.138983483446868
"10708745","Gab2",45.1232999999999,0.0365327838994001,0.139003483828741
"10885608","Cwc22",32.8651,0.0365557560275585,0.139072777261244
"10824373","Dap3",59.71275,0.0365698461161326,0.139108266202695
"10710026","Ckap2",51.72398,0.0365855332387153,0.139149820080176
"10703274","4930488N24Rikl",138.6273,0.0365922099310437,0.139157097230605
"10700818",NA,233.30645,0.0366266293166527,0.139233617287793
"10810064","Lyl1",15.60059,0.036646997399629,0.139274799275759
"10775866","Areg",26.11952,0.0366552613816676,0.139288086108746
"10775719","Mrpl1",44.02615,0.0366731855775455,0.139301838962738
"10768364",NA,189.6954,0.0366805190181618,0.139311581200803
"10932636","Pcbp2",100.699,0.0366911912309215,0.139333999820634
"10837648","Nup160",79.04115,0.0367073863949999,0.139359270454
"10737636","Slc35b1",136.0775,0.036727983034931,0.139407831000174
"10837342","Ube2l6",32.146535,0.0367344931553138,0.139407831000174
"10701483",NA,37.41201,0.0367894807015503,0.139553884994195
"10856924","Figla",6.719101,0.0368176157009947,0.13961446327737
"10902765","Srgap1",46.66473,0.0368624860279733,0.139748227412099
"10717132",NA,79.39715,0.0368695034256768,0.139748227412099
"10895861","Ddit3",159.21795,0.0368720249501081,0.139748227412099
"10765469","Sh2d1b",63.582475,0.0369300947185295,0.139895719282563
"10702519","Trip13",46.59591,0.036942775503821,0.139903920053042
"10865552","Gnb3",46.803695,0.0369464166974783,0.139903920053042
"10901940","Vezt",67.11405,0.0369470337666036,0.139903920053042
"10750333","Dop1b",48.936555,0.0369562042530746,0.139903920053042
"10739568","Nup85",130.34265,0.0369768817739331,0.139939024044094
"10851791","Ocstamp",9.640153,0.0369798475258577,0.139939024044094
"10776435","Rpl21",572.672,0.0370323469978766,0.140119542183133
"10727429","Gstp1",907.2735,0.0370538644902102,0.140133668745847
"10935381",NA,21.115045,0.0370552677162205,0.140133668745847
"10935247",NA,9.139732,0.037063538082407,0.140146803202102
"10894421","Olr1096",12.913235,0.0370755795606021,0.140148529252971
"10894424","Olr1096",12.913235,0.0370755795606021,0.140148529252971
"10866422","Gsg1",9.445475,0.0370783864789558,0.140148529252971
"10726244","C1h10orf88",34.18296,0.037113819379053,0.140264310393228
"10923474",NA,10.623735,0.0371904133053194,0.140499254403414
"10933755","Tbl1x",207.00085,0.0371984780687918,0.140511551370789
"10758854","Rnft2",10.68008,0.0372310771353347,0.140600348012034
"10909272","Or10d4b",47.168485,0.0372376698977912,0.140600348012034
"10858597",NA,13.168025,0.0372460496085826,0.140600348012034
"10720196","Plekhg2",34.339235,0.0372623997750892,0.140606195838202
"10781775","Rplp2",961.323999999999,0.0372796764924009,0.140618265855262
"10701120",NA,150.3194,0.0372875804240734,0.140629921831769
"10894582","Aldh1l2",14.966991,0.0372981456211457,0.140651610452582
"10787275","Ankle1",34.770485,0.0373241458800284,0.140713330460595
"10873821","Pramef25",7.715592,0.0373343530878402,0.140732325370807
"10701264",NA,10.039722,0.0373469433141271,0.140732325370807
"10917594",NA,17.78607,0.0373556727279795,0.140732325370807
"10893168",NA,26.757375,0.0373640119309067,0.140732325370807
"10733061","Fam98b-ps1",101.1914,0.0373655998145988,0.140732325370807
"10838594","Fam98b-ps1",101.1914,0.0373655998145988,0.140732325370807
"10785178","Rpl21",492.196,0.0373677225953771,0.140732325370807
"10720504","Sipa1l3",112.1736,0.0373829354674504,0.140759234287366
"10756526","Rpl29",486.189,0.0373846230819353,0.140759234287366
"10809370","Nup93",115.87165,0.0373893221766946,0.140759234287366
"10898947",NA,7.59961,0.0374348580381167,0.140894349745625
"10799880",NA,12.170625,0.0374675983203581,0.140980775812153
"10868191","Csgalnact2",32.4183500000001,0.0374771241513378,0.140980775812153
"10821207","Kif2a",41.43332,0.0374840876295837,0.140988816275352
"10932016","Septin6",35.435245,0.0375135950816706,0.141073233538873
"10776419","Tmem165",121.67885,0.0375161892025571,0.141073233538873
"10842577","Rae1",100.7151,0.0375245413142543,0.14108648004564
"10732926","Rnf145",63.8737,0.0375462006081549,0.141149749654695
"10807517","Rpl28l1",26.332015,0.0376015229392613,0.141266832709308
"10765491","Ftl1",302.8885,0.0376112219913989,0.141285102128935
"10802648",NA,131.11445,0.0376372756276332,0.141364794315464
"10775136","Ube2d2b",39.33715,0.0376650391602834,0.141432706173331
"10891850","Itpk1",51.44278,0.0376901742318146,0.141508899885392
"10883971",NA,6.990137,0.0377042620295666,0.141528078554328
"10913487","Shisa5",251.70025,0.0377103851241932,0.141528078554328
"10769218","Prdx6",152.2127,0.0377146604896778,0.141528078554328
"10889036","Kcnk3",21.02059,0.037722926705751,0.14154091713098
"10810441","Anapc10",54.8101,0.0378030434161992,0.1418012286175
"10867173","Tram1",217.48,0.0378068655337067,0.1418012286175
"10856871","Smyd5",50.24403,0.0378619910212363,0.141920440794816
"10830624","Cd24",1543.331,0.0378656068954213,0.141920440794816
"10935854","Zfp185",99.34929,0.0378720747164856,0.141920440794816
"10791288",NA,256.3461,0.0378746179141247,0.141920440794816
"10766170","Parp1",135.19335,0.03787751341402,0.141920440794816
"10718572","Prkcg",11.620435,0.0378873810183038,0.141939208652055
"10703301","4930488N24Rikl",157.30205,0.0379130267453122,0.141962466462132
"10934526","Zcchc13",9.39754500000001,0.0379414400189037,0.142045405556596
"10880911","Rpl21",525.092999999999,0.0379488966042488,0.142045405556596
"10784470","Gata4",9.510905,0.0380403081960446,0.142329605998879
"10809824","Gpt2",23.351645,0.0380738761953485,0.142400488947755
"10931163","Dlgap5l2",62.21064,0.0381182464559741,0.142491437780432
"10732821","Rpl32",934.315,0.0381225808753287,0.142491437780432
"10899979","Or6c35f",8.570873,0.0381412626729708,0.142524795053488
"10816834","Adar",94.71545,0.0381468706477819,0.142527520028686
"10865630","Ncapd2",62.91171,0.0381617529641714,0.142546662970886
"10700366",NA,146.13185,0.0381904790068812,0.142599265555602
"10790948","Jund",229.58535,0.0382455901082382,0.142777444427782
"10937827","Hspa8",1126.5495,0.0382479728928535,0.142777444427782
"10794942","E2f3",30.710395,0.0382650945619478,0.142823108794269
"10729552",NA,138.92355,0.0382833148949051,0.142872861693888
"10737920","Rpl19",899.378500000001,0.0382996258492823,0.142906050839843
"10821165","Cwc27",51.5809,0.03836828167271,0.143080288586488
"10791604","Dctd",355.7354,0.0383885849144985,0.143130941139788
"10917240","Nkapd1",55.7568,0.0383916634069753,0.143130941139788
"10926277","Trem1",32.5149924,0.0384218709226478,0.143207009075559
"10889415","Sox11",44.16757,0.0384464240619726,0.143280243978373
"10842833","Mrgbp",24.802875,0.0384829255140013,0.143379694677469
"10741884",NA,38.3266,0.0385703503199274,0.1436122485827
"10816387","Hdgf",575.6158,0.0385718542839909,0.1436122485827
"10719671","Zfp575",9.26375700000001,0.0385915770143019,0.143619659986728
"10840910","Tpx2",126.633155,0.0386246445361928,0.143722223622163
"10885450","Fntb",32.0491,0.0386320924096022,0.143722223622163
"10700351",NA,79.47755,0.0386338954646691,0.143722223622163
"10940420","Or7r1",17.68057,0.0386600522933254,0.143782911228162
"10861565","Zc3hc1",22.07765,0.0386985983262761,0.143882114467749
"10819281","Ppp3ca",109.7433,0.0386987949128998,0.143882114467749
"10803531","Tpgs2",175.0746,0.0387300810152722,0.143951728597985
"10784355","Ebpl",77.8192000000001,0.0387716698514316,0.144051324308753
"10770710","Atf3",769.59095,0.0387999540147858,0.144119752903745
"10725919","Maz",143.37135,0.038819945489723,0.144175678557941
"10713419","Nrxn2",11.04748,0.038840534903295,0.144233810431532
"10703375","Rpl35a",530.1405,0.0388610111088185,0.144291507185184
"10794732",NA,16.279405,0.0388836162554839,0.144357093059818
"10940271","Hcfc1",217.21305,0.0389047209307173,0.144417092410416
"10700121",NA,16.323455,0.0389147198642734,0.14443585644961
"10725989","Dctpp1",111.16227,0.0389897659010857,0.14465926098988
"10882761","Kpna2",266.7239,0.0390256095263181,0.14477386116849
"10700607",NA,140.9127,0.0390472372908196,0.144817314994795
"10907178","Racgap1",46.74525,0.0391200551979208,0.145068963258703
"10933231","Wwc3",67.3269,0.039128335430262,0.14508125285692
"10932238","Cask",61.01745,0.0391530521459937,0.145117643414496
"10826130","Prpf38b",48.0444999999999,0.0391763810199479,0.14514886431411
"10776026","Dck",70.898255,0.0391829300783732,0.145154719668982
"10906802","Senp1",90.4332000000001,0.0391896288267667,0.145161128001162
"10760189","Bud31",95.18255,0.0392383809446294,0.145319099745796
"10787808","Gapdh",934.053499999999,0.039307999059011,0.145520017813207
"10701490",NA,36.12136,0.0393114253639292,0.145520017813207
"10780360","Pck2",42.7994,0.0394512398055181,0.145971747597924
"10771891",NA,53.3891,0.0394576594720543,0.145971747597924
"10806640","Calr",292.2935,0.0394618111059839,0.145971747597924
"10752769","Hspa8",1025.089,0.0394648245328965,0.145971747597924
"10767959","Ipo9",162.0164,0.0395283252673548,0.146137749223045
"10766561","Rpl21",495.777,0.0395953502231687,0.146364502939866
"10773331","Bloc1s4",13.870995,0.0396416330689432,0.146482502969404
"10735735","Or1e1",23.069315,0.039652185261606,0.146495715870606
"10901219","Smokl3",15.246685,0.039655237937453,0.146495715870606
"10842849",NA,22.50193,0.0397359485344998,0.146756763651944
"10859766","Etfbkmt",38.55398,0.039767291055389,0.146821735278117
"10938817",NA,57.1594,0.0397686174866754,0.146821735278117
"10721268","Siglec8",21.302845,0.0398078234538737,0.146947909322904
"10717517","Tert",15.328795,0.0398217611500941,0.146980787143253
"10811596","Piezo1",178.11729,0.0398331586348474,0.147004282005866
"10880564","Maco1",46.407,0.0398396909859099,0.147009818423945
"10921951","Cd2ap",758.1005,0.0398846242370855,0.147157036178608
"10913545","Nme6",93.44965,0.039910082690441,0.147213782287695
"10871415",NA,84.25126,0.0399768479966984,0.147420810540347
"10705618","Hnrnpl",280.9947,0.0399853434151013,0.147420810540347
"10710627","Plk1",89.11162,0.0399857431798219,0.147420810540347
"10780433","Irf9",54.44929,0.0399982668618899,0.147420810540347
"10827438","Rabggtb",189.79735,0.0400878454724184,0.147701641774654
"10932453","Suv39h1",95.7082,0.0401138633987323,0.147778865741559
"10860184",NA,10.32913,0.0401542543717433,0.147871724091278
"10743743","Usp43",25.096555,0.0401776833673023,0.147902071811035
"10822936",NA,26.095905,0.0402314011224022,0.148060015334723
"10914571","Limd1",70.4370999999999,0.0402394955645505,0.148060015334723
"10848486","Ccdc9b",31.402755,0.0402438904565517,0.148060015334723
"10701270",NA,12.1835385,0.0402902296417103,0.148185668985638
"10801996","Rbm22",60.2840500000001,0.0403026182030699,0.148193919217682
"10877130","Ptgr1",255.619,0.0403183495977818,0.148203154591844
"10761255","Rfc2",98.6281000000001,0.0403217218226841,0.148203154591844
"10879726","Zc3h12a",44.3469000000001,0.0403254219158818,0.148203154591844
"10862541","Hoxa1",8.91066,0.0403308351316038,0.148204404721343
"10817365","Cdc42se1",142.2878,0.0403581770962624,0.148267578683377
"10798257","Prl3d4",10.86789,0.0404007352754526,0.148367954787816
"10734291","Adora2b",10.463122,0.0404561175334942,0.148515332699611
"10829761","Cdk1",137.185125,0.0404629603770305,0.148521789729183
"10773201",NA,42.90256,0.0404913717628911,0.148553450917411
"10899603","Hoxc8",20.888775,0.0404915550094473,0.148553450917411
"10748382","Kpna2",240.3353,0.0404930200238696,0.148553450917411
"10784378","Spryd7",121.48465,0.0404970111284404,0.148553450917411
"10898456","Creld2",76.50325,0.0405027750629747,0.148555941078436
"10907849","Dcun1d5",63.28135,0.0405107340583591,0.148566480640334
"10726093","Prss36",18.587925,0.0405428533658809,0.148665610421846
"10754154",NA,27.53874,0.0405834511273797,0.14879580085784
"10700954",NA,71.61345,0.0406319151561953,0.148948094481379
"10779990","LOC290071",7.1228,0.0406351856307452,0.148948094481379
"10920996",NA,16.232255,0.0407076342607467,0.149082716220817
"10936645","Jade3",66.9365500000001,0.0407248709660021,0.149127147204912
"10859799","Il6",34.324261,0.0407605502890227,0.149239092134792
"10864507",NA,15.31767,0.040780459841541,0.149293277419897
"10928902","Tmbim1",389.22295,0.0409043358258901,0.1496320788935
"10809937","Wdr83os",160.6343,0.0409139811802998,0.1496320788935
"10857838","Fancd2",80.8487,0.0409403025805357,0.149709600649364
"10897854","Adsl",79.49895,0.0409923051042177,0.14987320137733
"10940494","Milr1",10.427945,0.0410194033743194,0.149917946846538
"10738944",NA,18.2332,0.0410221821561167,0.149917946846538
"10838741","Knl1",54.251965,0.0410229365061691,0.149917946846538
"10731915","Zfp597",15.980935,0.0410684892637267,0.150065646698
"10701233",NA,18.64142,0.0410810748275488,0.150092861432217
"10922735","Pdcl3",192.01905,0.041098556240473,0.150137954484079
"10809643","Rps3a",659.652499999999,0.0411192451413479,0.15018825727999
"10813336","Prkaa1",101.54535,0.0411277489641925,0.15018825727999
"10884682",NA,26.245785,0.0411467734791752,0.150238950183805
"10939168",NA,30.92745,0.0412021885260245,0.150388439878706
"10881576","Draxin",8.155289,0.0412460221387454,0.150486580967444
"10922025","C9h6orf141",141.15787,0.0412862631390191,0.150553827926072
"10922064","C9h6orf141",141.15787,0.0412862631390191,0.150553827926072
"10791166","Atp13a1",121.4923,0.0413013970909276,0.150577688083659
"10726878",NA,8.75369,0.041309289004162,0.150587667702469
"10937584","Tspyl2",30.5324900000001,0.0413315542143072,0.150650034287807
"10746968",NA,12.442065,0.0413619351262776,0.150704361783372
"10768583","Tsen15",42.66945,0.0413911150980759,0.150791873858984
"10739886","Septin9",369.7015,0.0414813320353156,0.151082861747876
"10905324","Elfn2",7.561835,0.0414957209175637,0.151116428681838
"10700985",NA,16.387615,0.0415262199665396,0.151171294833334
"10746022","Prr11",21.57985,0.041526310708479,0.151171294833334
"10848416","Fsip1",36.1056725,0.0415407561423778,0.151195180684766
"10731444","Rsl1d1",225.4275,0.0415432229532628,0.151195180684766
"10711251","Fus",145.04665,0.0415859957337324,0.151295367119722
"10733039","Rack1",996.646000000001,0.0415883225197776,0.151295367119722
"10849707","Mall",86.57234,0.0415966450573563,0.151295367119722
"10893543","Tektip1",16.91997,0.0416087394149745,0.151301816708298
"10804714","Pcyox1l",117.83225,0.0416087764576732,0.151301816708298
"10741608","Wdr90",24.136615,0.0416583722066332,0.151425617225903
"10705712","Rasgrp4",9.377465,0.0417288295796707,0.15162871093467
"10729913","Myof",353.32845,0.0417298157018808,0.15162871093467
"10836277","Gpd2",141.56785,0.0417640124450276,0.151697013874588
"10921444","Tomm6",185.53405,0.041764191230003,0.151697013874588
"10865531","Usp5",105.8953,0.0417836897814904,0.151733708087004
"10794756","Rpp40",49.46295,0.0417864299154884,0.151733708087004
"10701453",NA,7.727987,0.0418084115652214,0.151763287210037
"10761758","Hip1r",35.01405,0.041816125909169,0.151772431644982
"10760088","Rpl21",643.4075,0.0418451296037977,0.151858834316192
"10736420","Taok1",46.2446000000001,0.0418626714358353,0.151903624807663
"10872662",NA,8.886845,0.0418729746142649,0.151922141130295
"10932267","Rpl21",569.3675,0.0418782839611906,0.151922536649972
"10752941","Cldn17",40.86931,0.0418847037776409,0.151926960039732
"10719646",NA,37.03119,0.0419488049695789,0.152103767108811
"10851280","Rbl1",146.451075,0.0420045349044618,0.152267090544602
"10913640","Scap",112.5371,0.0420222224027479,0.152293547647732
"10904018","Cyrib",131.3093,0.0420916931528343,0.152517315621357
"10895932","Stat6",191.98855,0.0421190721748587,0.152587620847758
"10700831",NA,15.099065,0.0421491926205507,0.152662367941457
"10774892",NA,25.062635,0.042156513934761,0.152662367941457
"10905785","Rrp7a",64.02695,0.0421591160891374,0.152662367941457
"10814767","Actl6a",181.0115,0.0421624231864367,0.152662367941457
"10746916","Ormdl3",27.101665,0.0421658330567406,0.152662367941457
"10856004","Qrfprl",9.20447500000001,0.0421831892383557,0.152706281339445
"10839232","B2m",407.824999999999,0.0421947117744279,0.152710147395706
"10848315","Actc1",22.608895,0.0422466791451113,0.152865068028651
"10820006",NA,13.39081,0.0422620242921679,0.152896938411318
"10701408",NA,324.832,0.0424149323577903,0.153374159413354
"10871813","Sf3a3",144.9062,0.0424203816478031,0.15337487988353
"10799999","Mastl",56.03961,0.0424693545652746,0.153532108573857
"10721812","Ruvbl2",182.1717,0.0424743787736672,0.153532108573857
"10802324","Sec11c",28.7761,0.0424945421676275,0.153580416799596
"10777398",NA,11.708965,0.0425015295150698,0.153580416799596
"10862014","Parp12",83.18615,0.0425063676530999,0.153580416799596
"10726550","Adam8",69.48151,0.0425389669998376,0.153640966722748
"10837387","Prg3",7.886745,0.0425473828054165,0.153640966722748
"10816050","Map9",21.033275,0.042555505641185,0.153640966722748
"10875418",NA,8.671358,0.0425579118496773,0.153640966722748
"10822707","Kcnmb3",18.677325,0.0425623448924213,0.153640966722748
"10733906","Or5af1",10.82384,0.0425775179107143,0.153668576006206
"10753839","Cip2a",29.357815,0.0425805135472799,0.153668576006206
"10822368","Psmb6",144.8755,0.0425955477904123,0.153684755708361
"10859090","Clec2gl1",53.305795,0.0426017168569908,0.153684755708361
"10835604","Sh2d3c",76.91485,0.0426060394496481,0.153684755708361
"10758448","Psmd9",56.52655,0.0426131064100391,0.153691270452208
"10800882","Wnt8a",8.203941,0.0426951593416467,0.153930196841524
"10886014","Eif2b2",71.28295,0.0427269526873025,0.154016313017125
"10755323","Eif4g1",229.17345,0.0427295891354761,0.154016313017125
"10889560","Bcap29",99.25785,0.0427590815335147,0.154085342587122
"10728213","Ccdc88b",8.082083,0.0427691578642689,0.154101896626388
"10869533",NA,22.475775,0.0427788616307764,0.154117852223641
"10702214","Arg1",9.57062500000002,0.0427974562862655,0.154144666963826
"10867223",NA,13.517019,0.042804506920103,0.154144666963826
"10863471","Dok1",25.702355,0.0428074102511644,0.154144666963826
"10801980","Ifgga2l2",26.11694,0.0428814589031803,0.154354231197327
"10736163","Flot2",244.42135,0.0428900845323604,0.154366259643757
"10899248","Atf1",112.77095,0.0429149862452207,0.15440222547084
"10779570","Dlgap5l2",49.247075,0.0429163861021144,0.15440222547084
"10719204","Ehd2",182.03005,0.0429550647494841,0.154485936426373
"10894414","Smokl3",15.64164,0.0429910381618216,0.154577254013472
"10921175","Thyn1",50.5305,0.0430130787295815,0.154618442476436
"10831762","Tapbp",120.0072,0.043041380737127,0.154682113034128
"10700311",NA,12.485625,0.0430588837006642,0.154725981356852
"10820362","Msh3",26.558465,0.0430706068110924,0.154737605543641
"10890190","Mis18bp1",73.44944,0.0430727119970181,0.154737605543641
"10700716",NA,316.03315,0.0431028875942645,0.154807936830445
"10893436","LOC100360470",9.181615,0.04311663118899,0.154820547029388
"10756799","Actb",1008.5745,0.0431169976939515,0.154820547029388
"10783442","Tcrva8",13.74437,0.0431451292389178,0.154878004884074
"10833927","Rpl21",472.935999999999,0.0431580319967361,0.154878004884074
"10733721",NA,8.45862999999999,0.0431595070090109,0.154878004884074
"10724567","Mrpl17",322.05895,0.0431954391837822,0.154968876374188
"10817539","H2bc18",501.0554,0.0432084292819389,0.154977415965938
"10880727","C1qb",94.6859500000001,0.0432204151275922,0.154991184978983
"10745256","Tnfaip1",106.04,0.0432272689054085,0.154991184978983
"10793953","Cxcl14",34.133216,0.0432990280909685,0.155188051361741
"10716148",NA,17.18014,0.0433327169486724,0.155289743981663
"10861226","Fam3c",304.64815,0.0433788887454103,0.155374911349735
"10747292","Krt16",34.500448,0.043383373775416,0.155374911349735
"10872929","Srsf10",142.6168,0.0433873062046299,0.155374911349735
"10783553","Prmt5",178.4266,0.0434107702642401,0.155416941482783
"10738173","Gast",11.634205,0.0434179753920916,0.155423689879251
"10914316",NA,651.250700000001,0.0434765727067457,0.155598197036278
"10705751",NA,18.14376,0.0434898360514357,0.155605162758266
"10713520","Atl3",167.3563,0.0434899758308087,0.155605162758266
"10818358","Psrc1",18.265177,0.043513987274733,0.155616657964107
"10732803","Rpl30",197.0816,0.0435147415677406,0.155616657964107
"10903223","Rpl30",197.0816,0.0435147415677406,0.155616657964107
"10866517","Erp27",38.13791,0.0435198225360016,0.155616657964107
"10828326","Btnl5",8.039815,0.0435407487159288,0.155653381422803
"10796543","Arl5b",101.63585,0.0436097272718675,0.155842761164567
"10777448","Psapl1",10.61136,0.0436984077820775,0.156083296851157
"10701802","Plagl1",107.65195,0.0437610454491702,0.156226424074545
"10782753",NA,8.33656999999999,0.0437749444269689,0.156226424074545
"10928427","Rpl21",614.8505,0.0437752766311627,0.156226424074545
"10871693",NA,26.3103,0.0437759124897045,0.156226424074545
"10733902","Or2t45",19.66068,0.0438197743646382,0.156344759194985
"10870134","LOC102556219",7.757884,0.0438402203655152,0.156379511325783
"10710411",NA,12.006325,0.0438629658960676,0.156392413119602
"10755063",NA,18.136865,0.0438651699888711,0.156392413119602
"10836010","Arpc5l",113.04205,0.0438652506709804,0.156392413119602
"10863653",NA,65.49415,0.0439172575545684,0.156558726320825
"10712477","Lsp1",163.27885,0.0440128541981522,0.156826019297432
"10890769","Plek2",64.907275,0.0440137102834137,0.156826019297432
"10838647","Bub1b",37.1840375,0.0440716869436617,0.156975160006356
"10910733","Lctl",9.468,0.0440984163430969,0.157051217243354
"10810286","Gipc1",211.7744,0.0441468278129938,0.157115722498228
"10726964","Krtap5-8",34.041935,0.0441516345963833,0.157115722498228
"10923292",NA,15.434105,0.0441541754539074,0.157115722498228
"10927875","Stat4",8.11335999999999,0.0441842219881037,0.157203490580984
"10718026",NA,11.38068,0.0442210276780254,0.15729612840446
"10812154",NA,9.88281,0.0442458239369317,0.157326862280127
"10758991","Rnf10",165.2279,0.0442746922981834,0.157410351807123
"10775061",NA,10.43184,0.044293271667045,0.157457244886962
"10853634",NA,35.412455,0.0443024391786848,0.157464806760744
"10785930",NA,136.0911,0.04430617894069,0.157464806760744
"10779535","Dlgap5l2",48.510075,0.0443368780914399,0.15747812237852
"10779560","Dlgap5l2",48.510075,0.0443368780914399,0.15747812237852
"10779565","Dlgap5l2",48.510075,0.0443368780914399,0.15747812237852
"10779575","Dlgap5l2",48.510075,0.0443368780914399,0.15747812237852
"10782792","Dlgap5l2",48.510075,0.0443368780914399,0.15747812237852
"10921249",NA,22.35728,0.044342481718216,0.157478879274977
"10914937","Endod1",214.2611,0.0443572436518624,0.157504940340657
"10701506",NA,18.708965,0.0443762591190917,0.157541382173429
"10920643","Fbxl2",8.002488,0.0444159192869939,0.15766302139128
"10701194",NA,75.2551500000001,0.044470462732687,0.157821726975176
"10864048","Nup210",81.395025,0.0444714334380656,0.157821726975176
"10884570",NA,15.616,0.0444831007009919,0.157843957716358
"10772582","Atp8a1",143.33305,0.0444901630531531,0.15784984496415
"10879978","Nhsl3",66.10875,0.044525902120105,0.157957462603127
"10879339","Or10ak7b",43.14527,0.0445449031234531,0.157986499920913
"10856220",NA,34.2368,0.0446538782786615,0.158291601062622
"10869050","Smc2",236.6706,0.0446991123656651,0.1583848138112
"10889135","Mfsd2b",7.770595,0.0447005815661444,0.1583848138112
"10762007","Rpl21",525.072500000001,0.0447083104446767,0.158392988276835
"10775542","Cops4",40.7972499999999,0.0447284029458337,0.158406541842597
"10903825","Has2",24.339519,0.0447403662762316,0.158429704290161
"10778806","Vrk2",72.890285,0.044747793662685,0.158436800880097
"10700505",NA,32.97681,0.0448031404081247,0.158575108296941
"10729061","Or9i14",11.69765,0.044829143966387,0.158647923904789
"10761435","Mmp17",10.371125,0.0448442517958561,0.158682167146819
"10855135",NA,47.95961,0.0448629481762807,0.158729025109596
"10816801","Pygo2",29.9059,0.0448683606953871,0.158729025109596
"10837134",NA,119.5714,0.0449828206328483,0.159076155667356
"10770495",NA,11.73472,0.0449918219110129,0.159088729763778
"10835779","Dab2ip",59.0534,0.0450410290064734,0.159221146307086
"10727905","Kat5",64.25075,0.0450499285034085,0.159221146307086
"10870010",NA,117.07735,0.0450510712457853,0.159221146307086
"10838331","Kif18a",53.968285,0.0450627512916624,0.159237043843909
"10898862","Irak4",73.73341,0.0451103948806935,0.15937296844172
"10923522","Rpl21",457.395,0.045130368994622,0.159406527843859
"10747113","Krt23",11.51216,0.0451329265350574,0.159406527843859
"10708214","Prc1",98.195495,0.0451573835698656,0.159429897727989
"10909614",NA,6.458198,0.0451588676994622,0.159429897727989
"10801781",NA,15.820635,0.0451592525398476,0.159429897727989
"10762600","Gcn1",82.4329999999999,0.0451871633796196,0.159509157923176
"10731608",NA,42.73278,0.0452236539423905,0.159618681439289
"10758986","Dynll1",355.3675,0.0452358243929957,0.159642350062452
"10726929","Dusp8",75.583955,0.0452730733072995,0.159735212995102
"10771475","Hnrnpd",251.42845,0.0452841006160293,0.159752973226868
"10920461","Nradd",40.91473,0.0452934111206688,0.159752973226868
"10930845","Mllt1",115.80365,0.0453048609054245,0.159770184269806
"10774894","Rpl41",831.429000000001,0.0453116608479625,0.159774877490932
"10790811","Bst2",132.2235,0.0453455001040248,0.159855609996257
"10727922","Rpl29",711.313,0.0453634537074249,0.159899606251051
"10812412","Tmem167a",102.2582,0.0453844942520414,0.1599544715984
"10816607","Rit1",35.782,0.0454709064983351,0.160199559669937
"10807975","Vac14",156.6419,0.0454808918547722,0.160199559669937
"10736067","Mrm3",59.2886,0.0454814523140431,0.160199559669937
"10788180","Primpol",145.32782,0.0455046146507771,0.160261821869536
"10764270","Kif21b",16.43739,0.0455156675323379,0.160269049139046
"10908265","Pin1",68.5019000000001,0.0455176388275028,0.160269049139046
"10910617","Rpl21",505.044999999999,0.0455388520065557,0.16029362925129
"10908990","Pus3",18.58962,0.0455549435518785,0.16029362925129
"10858158","Or6d14",7.775126,0.0456250869494059,0.160502703207984
"10877005","Txn1",618.731,0.0456349257497302,0.160507912455167
"10799940","Gapdh",705.309,0.0456707181949357,0.160609952296854
"10804821","Piezo2",19.34193,0.0456804303975682,0.160609952296854
"10776904","Klf3",113.73585,0.04574566216703,0.160814378680442
"10740018",NA,131.01705,0.0457495824335303,0.160814378680442
"10739796","Sphk1",123.20622,0.0457686011838955,0.160831114689704
"10927209","Zfp622",46.1296,0.0457708594348669,0.160831114689704
"10876315","Arhgef39",16.89964,0.0457936560979128,0.160891866415445
"10760375",NA,34.60535,0.045812168315425,0.160898645772855
"10782564","Atxn7",34.4786,0.0458176160123359,0.160898645772855
"10780006","LOC290071",17.93406,0.0458407258576,0.160902434843677
"10783492","LOC290071",17.93406,0.0458407258576,0.160902434843677
"10754694","Rpl35a",555.758,0.0458745734280099,0.160971115151447
"10750144","Tiam1",81.923805,0.0458768229188384,0.160971115151447
"10918670","Rpl29",662.739,0.0459010060499619,0.161036626725542
"10727759","Pacs1",98.9348,0.0459136939976711,0.161061798324683
"10765971","Wdr64",6.337475,0.0459275525205894,0.161091069676612
"10701509",NA,27.33721,0.0459763952507262,0.161168724776397
"10767032",NA,59.21121,0.0459772763841478,0.161168724776397
"10812886","Dimt1",45.20715,0.0459831131517917,0.161169846144744
"10725806","Coro1a",86.46475,0.0460049576814803,0.161207728644208
"10756366",NA,30.211595,0.0460295392797627,0.161255181738696
"10940477","Kng1",198.426805,0.0460436998852531,0.161266112989783
"10755260","Ephb3",15.64493,0.0460977283937677,0.161416641171704
"10739998",NA,58.84012,0.0461173709017423,0.16146454976367
"10764700","Edem3",62.75935,0.0461740312179447,0.161528936414925
"10888299","Edem3",62.75935,0.0461740312179447,0.161528936414925
"10863724","Tma7",240.7728,0.0462055284630665,0.16160042003113
"10743265","Flii",175.7648,0.0462206708152746,0.161634028872089
"10733865","Trim58",7.98995000000001,0.0462349108312337,0.161661845862963
"10905696","Cenpm",51.057015,0.0462442643011053,0.161661845862963
"10871997","Rps14",655.800000000001,0.0462452264625448,0.161661845862963
"10919382",NA,15.44503,0.0462764141404452,0.161743337824652
"10706750","Tead2",48.61567,0.0462796686327067,0.161743337824652
"10820012",NA,22.049035,0.0462890599406888,0.161743337824652
"10927678","Arpc5l",136.535,0.0463095986313247,0.161743337824652
"10700398",NA,75.8901500000001,0.0463121557510513,0.161743337824652
"10902282","Nav3",61.90368,0.04631319279205,0.161743337824652
"10820865","Bdp1",67.23275,0.0463239031826818,0.161743337824652
"10780444",NA,14.941815,0.0463460094861331,0.161801185603238
"10720510","Sipa1l3",74.9659,0.0463686121282032,0.161841413944245
"10792114",NA,25.121305,0.046374482871007,0.161842568700705
"10891719","Ppp4r3a",65.6124500000001,0.0463837738237612,0.161855657965523
"10850619","Mcl1",41.8424500000001,0.0463998631947669,0.161873131522799
"10816433","Iqgap3",53.274965,0.0464107214866141,0.161873628348356
"10834549","Nsmf",22.9315,0.0464550139986867,0.16200749420528
"10819322","H2az1",286.18105,0.0464680499600498,0.162014275156092
"10733306","Or1x2c",6.799438,0.0464889534845032,0.162062006984711
"10895337","Pawr",69.0717500000001,0.0465355058314415,0.162172046684926
"10879319","Rpl21",480.2425,0.046545871699635,0.16218882345338
"10761741","Arl6ip4",54.2341,0.0465694214576941,0.162251529930242
"10724138","Il18bp",34.2692,0.0465880582617677,0.162278812776378
"10753458",NA,60.4737500000001,0.0465883618386896,0.162278812776378
"10901555","Dram1",74.3287,0.0466820058207301,0.1625274839765
"10926433","Rrp36",15.4702,0.0466885112656463,0.162530763598021
"10718111","Cep43",11.439745,0.0467248204721339,0.162594358631071
"10916256","Or8a1b",8.45088,0.0467273157547222,0.162594358631071
"10714694","Cd274",25.192445,0.0467290420711465,0.162594358631071
"10834691","Dbh",9.71193,0.0467604398384364,0.162664859423682
"10723943","Pold3",131.2279,0.0467685193900459,0.162673595125706
"10811768","Fanca",75.346015,0.0468046759367288,0.162779976525666
"10916276",NA,59.97868,0.0468747260688701,0.162984794974526
"10935263","Gapdh",557.837,0.04689479105039,0.163035157175544
"10750371","Ifitm3-ps2",58.03151,0.0469010634962098,0.163035864079814
"10701599",NA,71.35275,0.0469061558701595,0.163035864079814
"10779162","Dnajc9",69.54079,0.0469402271658557,0.163114783391886
"10899552","Sp1",53.5092500000001,0.0469464055175366,0.163114783391886
"10715301","Ccnj",21.3926,0.0469637266304701,0.163115404729461
"10738341","Ramp2",111.44658,0.0470311237035232,0.163275965285173
"10890338","Acp1",153.9499,0.0470828923092616,0.163435734772357
"10858406",NA,21.367245,0.0470883336612216,0.163435734772357
"10889174","Gdf7",6.87316,0.0470963972257796,0.16344430370087
"10764400",NA,28.329965,0.0471165770973031,0.163475496831427
"10700866",NA,252.64915,0.0471352420792696,0.163503196886436
"10913203","Mir425",15.757825,0.0471406264261954,0.163503196886436
"10750688","Cmss1",75.747535,0.0471418652548859,0.163503196886436
"10705420","Rpl28",1118.833,0.0471469477158669,0.163503196886436
"10728280","Plcb3",60.6821,0.0471981413601606,0.163632025702264
"10743123","Wnt3a",6.48045000000002,0.0472171226223082,0.163633278847938
"10700812",NA,15.508735,0.0472191697407216,0.163633278847938
"10728006","Znrd2",139.7109,0.047219764965435,0.163633278847938
"10889728","Arl4a",26.33413,0.0472364545636858,0.163633368196611
"10745490","Crlf3",57.14535,0.0472389533614171,0.163633368196611
"10806375","Siah1",14.1426,0.0472619113679373,0.163682670948353
"10799968","Prtfdc1",45.7760650000001,0.0472715374406535,0.163682670948353
"10897405","Apol3l1",54.41598,0.04728620189082,0.163714043853806
"10908829",NA,28.56225,0.0473883144269379,0.163970415452868
"10937313",NA,66.34088,0.047396606706715,0.163979685969916
"10834411","Gpsm1",24.174875,0.0474396642944893,0.164109218792091
"10708152",NA,148.6291,0.0475182155596886,0.164342032598644
"10856707","Mob1a",343.7398,0.0475334637385771,0.164375308908474
"10737957","Stard3",25.6115500000001,0.047547433663351,0.164383117654778
"10870678","Ndc1",116.4382,0.0475526024269368,0.164383117654778
"10934558","LOC103690877",7.591525,0.0475959115609287,0.164474445273358
"10885193","Ppm1a",64.1168,0.047608929961913,0.164490718209974
"10835894","Elob",135.8028,0.0476118817410672,0.164490718209974
"10859086","Clec2dl1",132.915555,0.047623012840766,0.164491527175324
"10827835","RT1-T24-1",46.6142500000001,0.0476233770400797,0.164491527175324
"10731591","Carhsp1",150.21325,0.0477076295851193,0.164743580460955
"10851587","Matn4",11.17829,0.0477211881320421,0.164770924251209
"10827531","Srsf11",58.7834499999998,0.0477631814842244,0.164857465014193
"10895828","Rps26l1",18.171435,0.0477794902292001,0.164894273780963
"10701619",NA,9.654025,0.0477968364626682,0.164934653959413
"10882882","Uap1",114.8707,0.0478423413768301,0.165031312078068
"10880331","Wasf2",106.88415,0.0478528959247252,0.165031312078068
"10882317","Isg15",122.06255,0.0479027380035774,0.165183025027917
"10750089",NA,12.77354,0.0479205144740521,0.165205323323691
"10839767","Chchd5",165.8087,0.0479840237909837,0.165346222107785
"10747918","Eftud2",220.9459,0.0480099633099141,0.165416094838522
"10865198",NA,9.91196500000002,0.0480198118350411,0.165430516857181
"10749061","Galk1",52.5671,0.0480329749055863,0.165436428814397
"10798828","Jcad",49.31895,0.0480357605417261,0.165436428814397
"10781958",NA,17.29733,0.0480529122242033,0.165457141592911
"10779909","Rpgrip1",11.14102,0.0480624476281647,0.165457141592911
"10704912",NA,105.6563,0.0480810260265131,0.165457141592911
"10768332","Rgs2",173.21008,0.0480817830021389,0.165457141592911
"10791274",NA,45.78152,0.0480885512728433,0.165457141592911
"10742324","Surf6",30.66167,0.0480898401199907,0.165457141592911
"10723896",NA,212.13955,0.0481219748438902,0.165528714599012
"10726371",NA,117.618295,0.0481573710276087,0.165611469947094
"10908235",NA,8.007486,0.0481974905852912,0.165710426027857
"10820754","Btf3",208.441,0.0482294849303314,0.165800914656943
"10924588","Tmem198",11.035565,0.0482399035327509,0.165817218708764
"10733294","Or1ad6",8.3722,0.048258185321062,0.165860544231706
"10845130","Rbm43",24.99474,0.0482653774723144,0.165865749614892
"10783607","Cdh24",21.69506,0.0482802741776775,0.165884755233108
"10887645","Adam6",7.772575,0.0482822644535879,0.165884755233108
"10936917","Xk",54.751125,0.0483041282536421,0.165920846890288
"10796149","Pfkfb3",308.17615,0.0484531457370746,0.166412834555871
"10708695","Tenm4",19.439085,0.0485231870042024,0.166575368406671
"10769719","Uhmk1",71.73135,0.0485324756322317,0.166587679840209
"10819988",NA,11.86479,0.0485922532290032,0.166750537924291
"10901328","Polr3b",63.5161000000001,0.0486607012090951,0.166949351159425
"10899531","Pfdn5",86.61805,0.0486673270667869,0.16695247685875
"10940604","Npc1l1",15.070055,0.0487044849847118,0.16701422091965
"10841912","Srsf6",66.1789500000001,0.0487053266372219,0.16701422091965
"10731734","Ubald1",61.9412,0.0487081934084828,0.16701422091965
"10804245","Dpysl3",89.401125,0.048720961056369,0.167038394120498
"10828841","Npbwr1l1",9.53091,0.0487682440859397,0.16718088274192
"10721205","Fam32al1",18.757365,0.0487831682986895,0.167212422700682
"10706705","Rras",268.6551,0.0488209106974587,0.167302531978365
"10728644","Fen1",30.701565,0.0488571650406473,0.167407133415139
"10849305",NA,50.2829,0.048869133133229,0.167413322236367
"10935928","Rpl28",1026.509,0.0488761629819255,0.167413322236367
"10770434","Fbxo28",20.76535,0.0488960726960535,0.167461883674385
"10885417",NA,136.5844,0.0489703139862084,0.167657184201698
"10808893",NA,22.380465,0.0489770771953213,0.167660690553564
"10733940","H2ac25",41.7614,0.0489913777466692,0.167689995253801
"10907913","Mmp8",38.6907,0.0490164102841854,0.167736372266861
"10703398",NA,14.01243,0.0491372316911996,0.168090759558162
"10742866",NA,12.49719,0.0492330680445135,0.168344601317486
"10718863","Rpl28",390.7796,0.0492344859881085,0.168344601317486
"10836208","Rpl29",533.344,0.0492546907927077,0.168374272971936
"10879928","Gja4",33.56054,0.0493074550800419,0.16844957007001
"10805794","Got2",257.906,0.0493157275470403,0.16844957007001
"10709020","Pgm2l1",88.25589,0.0493181709518337,0.16844957007001
"10710152",NA,33.26224,0.0494989804329878,0.168972097963228
"10784719",NA,47.08035,0.0495341456179343,0.169032885186583
"10860900","Pdk4",361.3469,0.0495951522933955,0.169201539075004
"10724262","Or52s19",10.75131,0.0496053796200922,0.169216669806326
"10849327","Fbn1",121.17865,0.0496616094987602,0.169304161754799
"10789275","Pkm",672.7071,0.0496750955386094,0.169304161754799
"10910547","Pkm",672.7071,0.0496750955386094,0.169304161754799
"10934817",NA,29.89904,0.049683185415345,0.169304161754799
"10762254","Oas1k",13.118021,0.0497002235980462,0.169342469348416
"10838197","Cstf3",25.61401,0.0497141693092668,0.169362850613165
"10700409",NA,42.30495,0.0497251776410577,0.169362850613165
"10841800","Sack1d",26.2708,0.049725997037312,0.169362850613165
"10862731","Kbtbd2",58.50165,0.0497293945560254,0.169362850613165
"10799835","Nsun6",18.359855,0.0498228432174544,0.169562504864249
"10728525","Taf6l",44.43235,0.049894796964048,0.16976486736182
"10715149","Slc35g1",240.895,0.0499107709088642,0.169782634062827
"10741604","Wdr90",25.215045,0.0499284267652172,0.169808916673358
"10736957","Acaca",65.72005,0.049954268112864,0.169851488436826
"10789774","Pde12",27.8608,0.0499621378315706,0.169858477203713
"10836169",NA,112.1085,0.0499728696925219,0.16987519376278
"10746575","Ube2z",179.573,0.0499802654769958,0.169880567265265
